bus_name,phase_code,nominal_voltage_kv,voltage_type,geometry,in_service
p1uhs0_69,ABC,39.8371685740842,line-to-ground,POINT(-97.7125800450079 30.4201283433809),1
sb2_p1uhs0_1247_bus_2_5,ABC,7.19955785679463,line-to-ground,POINT(-97.7125151492953 30.4190773974515),1
p1udt22170-p1uhs0_1247x,ABC,7.19955785679463,line-to-ground,POINT(-97.712438972456 30.4188856814345),1
sb2_p1uhs0_1247_bus_2_6,ABC,7.19955785679463,line-to-ground,POINT(-97.7121217291461 30.4190735168906),1
p1udt12703-p1uhs0_1247x,ABC,7.19955785679463,line-to-ground,POINT(-97.7120455530877 30.4188818006661),1
sb2_p1uhs0_1247_bus_2_4,ABC,7.19955785679463,line-to-ground,POINT(-97.7128692274949 30.4190808889432),1
p1udt2142-p1uhs0_1247x,ABC,7.19955785679463,line-to-ground,POINT(-97.7127930499529 30.418889173113),1
sb2_p1uhs0_1247_node_2_18,ABC,39.8371685740842,line-to-ground,POINT(-97.7123294908891 30.419732007525),1
sb2_p1uhs0_1247_node_2_10,ABC,39.8371685740842,line-to-ground,POINT(-97.7123302744762 30.4196723387843),1
sb2_p1uhs0_1247_node_2_13,ABC,7.19955785679463,line-to-ground,POINT(-97.7124923443999 30.4193158784485),1
sb2_p1uhs0_1247_node_2_16,ABC,7.19955785679463,line-to-ground,POINT(-97.7124942247361 30.4191726734514),1
sb2_p1uhs0_1247_bus_2_2,ABC,7.19955785679463,line-to-ground,POINT(-97.7127855303579 30.419461993174),1
sb2_p1uhs0_1247_node_2_11,ABC,7.19955785679463,line-to-ground,POINT(-97.7123312147777 30.4196007362946),1
sb2_p1uhs0_1247_node_2_15,ABC,7.19955785679463,line-to-ground,POINT(-97.7127302770897 30.4191750012636),1
sb2_p1uhs0_1247_node_2_12,ABC,7.19955785679463,line-to-ground,POINT(-97.7127283970981 30.4193182062739),1
sb2_p1uhs0_1247_node_2_17,ABC,7.19955785679463,line-to-ground,POINT(-97.7121008042079 30.4191687928165),1
sb2_p1uhs0_1247_node_2_6,ABC,39.8371685740842,line-to-ground,POINT(-97.7125831787822 30.4198896684055),1
sb2_p1uhs0_1247_bus_2_1,ABC,39.8371685740842,line-to-ground,POINT(-97.7127024592069 30.419795362312),1
sb2_p1uhs0_1247_node_2_5,ABC,39.8371685740842,line-to-ground,POINT(-97.7125812985221 30.4200328733918),1
sb2_p1uhs0_1247_node_2_14,ABC,7.19955785679463,line-to-ground,POINT(-97.7120989232976 30.4193119977915),1
p1udt276lv,S1S2,0.120088855991442,line-to-ground,POINT(-97.715336295716 30.4318279364664),1
p1ulv29391,S1S2,0.120088855991442,line-to-ground,POINT(-97.7153232961152 30.4319940990806),1
p1udm971,S1S2,0.120088855991442,line-to-ground,POINT(-97.7152944280775 30.4318133568663),1
p1ulv279,S1S2,0.120088855991442,line-to-ground,POINT(-97.7153897832107 30.4316879747914),1
p1udt277lv,S1S2,0.120088855991442,line-to-ground,POINT(-97.7130057356135 30.4343110330936),1
p1ulv280,S1S2,0.120088855991442,line-to-ground,POINT(-97.7127261705092 30.4341909782781),1
p1udt285lv,S1S2,0.120088855991442,line-to-ground,POINT(-97.7289361456559 30.420154458386),1
p1ulv288,S1S2,0.120088855991442,line-to-ground,POINT(-97.7288513394196 30.4205772006008),1
p1ulv44605,S1S2,0.120088855991442,line-to-ground,POINT(-97.7288651411506 30.4203156696885),1
p1ulv63844,S1S2,0.120088855991442,line-to-ground,POINT(-97.7289206992307 30.4200455223939),1
p1udm995,S1S2,0.120088855991442,line-to-ground,POINT(-97.728988245137 30.4202560987926),1
p1ulv54648,S1S2,0.120088855991442,line-to-ground,POINT(-97.7290766134652 30.4200650862636),1
p1udm1017,S1S2,0.120088855991442,line-to-ground,POINT(-97.7285820595719 30.4276936748843),1
p1ulv295,S1S2,0.120088855991442,line-to-ground,POINT(-97.7285377253104 30.4279007704502),1
p1ulv65105,S1S2,0.120088855991442,line-to-ground,POINT(-97.728594108495 30.4275674712064),1
p1udt292lv,S1S2,0.120088855991442,line-to-ground,POINT(-97.7284405450703 30.4276826240513),1
p1udm1018,S1S2,0.120088855991442,line-to-ground,POINT(-97.7283952524431 30.42764674047),1
p1ulv42645,S1S2,0.120088855991442,line-to-ground,POINT(-97.7284071845645 30.4275295586064),1
p1ulv57055,S1S2,0.120088855991442,line-to-ground,POINT(-97.7283619137112 30.4278088284355),1
p1udm1038,S1S2,0.120088855991442,line-to-ground,POINT(-97.7137711495034 30.4264928863672),1
p1ulv301,S1S2,0.120088855991442,line-to-ground,POINT(-97.7139079063152 30.4263859589955),1
p1udt298lv,S1S2,0.120088855991442,line-to-ground,POINT(-97.7137926878313 30.4265190628764),1
p1udm1039,S1S2,0.120088855991442,line-to-ground,POINT(-97.7138842445811 30.4266022756416),1
p1ulv32558,S1S2,0.120088855991442,line-to-ground,POINT(-97.7137479609486 30.4266731160131),1
p1ulv34519,S1S2,0.120088855991442,line-to-ground,POINT(-97.7137888927607 30.4267276567984),1
p1udt301lv,S1S2,0.120088855991442,line-to-ground,POINT(-97.7270018974224 30.4141883323594),1
p1ulv28182,S1S2,0.120088855991442,line-to-ground,POINT(-97.7271878392629 30.4139832668022),1
p1udm1049,S1S2,0.120088855991442,line-to-ground,POINT(-97.7271327488581 30.4142173263456),1
p1ulv304,S1S2,0.120088855991442,line-to-ground,POINT(-97.7270728019644 30.4143007845526),1
p1ulv38275,S1S2,0.120088855991442,line-to-ground,POINT(-97.7272324532009 30.4140316525985),1
p1udm1052,S1S2,0.120088855991442,line-to-ground,POINT(-97.7269672548358 30.4141345062846),1
p1ulv42059,S1S2,0.120088855991442,line-to-ground,POINT(-97.7270954442571 30.4138831136163),1
p1udm1054,S1S2,0.120088855991442,line-to-ground,POINT(-97.7252645422069 30.4153811049131),1
p1ulv39557,S1S2,0.120088855991442,line-to-ground,POINT(-97.7250458282958 30.4153879922022),1
p1udt302lv,S1S2,0.120088855991442,line-to-ground,POINT(-97.7251645195541 30.4155405449292),1
p1udm1055,S1S2,0.120088855991442,line-to-ground,POINT(-97.7252093290579 30.4156241852393),1
p1ulv63225,S1S2,0.120088855991442,line-to-ground,POINT(-97.7250435998488 30.4155594063278),1
p1udm1053,S1S2,0.120088855991442,line-to-ground,POINT(-97.72518745481 30.4157051781254),1
p1ulv305,S1S2,0.120088855991442,line-to-ground,POINT(-97.7249902627261 30.415658137807),1
p1udm1056,S1S2,0.120088855991442,line-to-ground,POINT(-97.72710710515 30.4161931013669),1
p1ulv306,S1S2,0.120088855991442,line-to-ground,POINT(-97.7272418426591 30.4162395296812),1
p1udt303lv,S1S2,0.120088855991442,line-to-ground,POINT(-97.7271720047262 30.4160246189586),1
p1udm1058,S1S2,0.120088855991442,line-to-ground,POINT(-97.7271617285269 30.4159951291481),1
p1ulv56462,S1S2,0.120088855991442,line-to-ground,POINT(-97.7273488642381 30.4160149993523),1
p1udm1057,S1S2,0.120088855991442,line-to-ground,POINT(-97.7271524900413 30.4159048096343),1
p1ulv5344,S1S2,0.120088855991442,line-to-ground,POINT(-97.7270100863532 30.415924303233),1
p1udt305lv,S1S2,0.120088855991442,line-to-ground,POINT(-97.7287646402316 30.4185914065184),1
p1ulv308,S1S2,0.120088855991442,line-to-ground,POINT(-97.7286770623904 30.418761892129),1
p1ulv10395,S1S2,0.120088855991442,line-to-ground,POINT(-97.7285353034227 30.4184537314952),1
p1ulv38944,S1S2,0.120088855991442,line-to-ground,POINT(-97.7285116764465 30.4186700520236),1
p1udm1066,S1S2,0.120088855991442,line-to-ground,POINT(-97.728824903877 30.4186009187754),1
p1ulv47139,S1S2,0.120088855991442,line-to-ground,POINT(-97.7288020961862 30.4187540867356),1
p1udm1067,S1S2,0.120088855991442,line-to-ground,POINT(-97.7267865591214 30.4200337485694),1
p1ulv309,S1S2,0.120088855991442,line-to-ground,POINT(-97.72664128968 30.4199962399266),1
p1ulv43982,S1S2,0.120088855991442,line-to-ground,POINT(-97.7268903063455 30.4200618291879),1
p1udm1070,S1S2,0.120088855991442,line-to-ground,POINT(-97.7266378919891 30.4202578719891),1
p1ulv31937,S1S2,0.120088855991442,line-to-ground,POINT(-97.7264934425107 30.4201572106117),1
p1ulv65096,S1S2,0.120088855991442,line-to-ground,POINT(-97.7267315809726 30.4202587858124),1
p1udt306lv,S1S2,0.120088855991442,line-to-ground,POINT(-97.7267782555402 30.4199671074111),1
p1udm1069,S1S2,0.120088855991442,line-to-ground,POINT(-97.7270307881117 30.4196661897966),1
p1ulv22406,S1S2,0.120088855991442,line-to-ground,POINT(-97.7271690929306 30.4197154891714),1
p1udm1068,S1S2,0.120088855991442,line-to-ground,POINT(-97.7270733643712 30.4195944214365),1
p1ulv9780,S1S2,0.120088855991442,line-to-ground,POINT(-97.7272081064765 30.4196408498944),1
p1udm1073,S1S2,0.120088855991442,line-to-ground,POINT(-97.7228737730006 30.4174961760729),1
p1ulv310,S1S2,0.120088855991442,line-to-ground,POINT(-97.7227080423297 30.4174313941679),1
p1udt307lv,S1S2,0.120088855991442,line-to-ground,POINT(-97.7228694086662 30.4175611925298),1
p1udm1074,S1S2,0.120088855991442,line-to-ground,POINT(-97.7227779717081 30.41765765169),1
p1ulv44632,S1S2,0.120088855991442,line-to-ground,POINT(-97.7225703674377 30.4176105058108),1
p1udt308lv,S1S2,0.120088855991442,line-to-ground,POINT(-97.7144648411901 30.4180453082229),1
p1ulv43987,S1S2,0.120088855991442,line-to-ground,POINT(-97.7143838338633 30.4178820392228),1
p1udm1075,S1S2,0.120088855991442,line-to-ground,POINT(-97.7145070931388 30.4180095738527),1
p1ulv311,S1S2,0.120088855991442,line-to-ground,POINT(-97.7144775201281 30.4178829617742),1
p1ulv58858,S1S2,0.120088855991442,line-to-ground,POINT(-97.7145470758324 30.418136288422),1
p1udm1076,S1S2,0.120088855991442,line-to-ground,POINT(-97.7145800785927 30.4180012695768),1
p1ulv2240,S1S2,0.120088855991442,line-to-ground,POINT(-97.7146303527332 30.418137108373),1
p1udm1077,S1S2,0.120088855991442,line-to-ground,POINT(-97.7142668443506 30.4180703684145),1
p1ulv37671,S1S2,0.120088855991442,line-to-ground,POINT(-97.7142165707499 30.4179345294924),1
p1udm1079,S1S2,0.120088855991442,line-to-ground,POINT(-97.7141046666874 30.4185289399618),1
p1ulv47747,S1S2,0.120088855991442,line-to-ground,POINT(-97.7141476066324 30.418430110802),1
p1udt309lv,S1S2,0.120088855991442,line-to-ground,POINT(-97.7151692927242 30.4180540829287),1
p1ulv24992,S1S2,0.120088855991442,line-to-ground,POINT(-97.7150357365739 30.4181862136592),1
p1udm1081,S1S2,0.120088855991442,line-to-ground,POINT(-97.7152137639484 30.418106759513),1
p1ulv312,S1S2,0.120088855991442,line-to-ground,POINT(-97.7152679395743 30.4179448800779),1
p1ulv28192,S1S2,0.120088855991442,line-to-ground,POINT(-97.7151807620136 30.4182417785403),1
p1udm1084,S1S2,0.120088855991442,line-to-ground,POINT(-97.7150376280884 30.4180418655457),1
p1ulv34544,S1S2,0.120088855991442,line-to-ground,POINT(-97.7151125049257 30.4178892128515),1
p1udt310lv,S1S2,0.120088855991442,line-to-ground,POINT(-97.714484552949 30.4186324436386),1
p1ulv7933,S1S2,0.120088855991442,line-to-ground,POINT(-97.7143822971313 30.4187933389348),1
p1ulv30050,S1S2,0.120088855991442,line-to-ground,POINT(-97.7145520452512 30.4185513916518),1
p1udm1085,S1S2,0.120088855991442,line-to-ground,POINT(-97.7143843079357 30.4186399691178),1
p1ulv313,S1S2,0.120088855991442,line-to-ground,POINT(-97.7144692410966 30.4185144846228),1
p1ulv13519,S1S2,0.120088855991442,line-to-ground,POINT(-97.7143197207547 30.4188017455995),1
p1udt311lv,S1S2,0.120088855991442,line-to-ground,POINT(-97.7143357862114 30.4194779732954),1
p1ulv31945,S1S2,0.120088855991442,line-to-ground,POINT(-97.7143301306606 30.419595864906),1
p1udm1089,S1S2,0.120088855991442,line-to-ground,POINT(-97.7144771684533 30.4194980608052),1
p1ulv314,S1S2,0.120088855991442,line-to-ground,POINT(-97.7145102901133 30.4193540202676),1
p1udm1090,S1S2,0.120088855991442,line-to-ground,POINT(-97.7142803294519 30.4194239390039),1
p1ulv2863,S1S2,0.120088855991442,line-to-ground,POINT(-97.7143342708357 30.4192801035592),1
p1udm3238,S1S2,0.120088855991442,line-to-ground,POINT(-97.7140938521017 30.4304661442506),1
p1ulv905,S1S2,0.120088855991442,line-to-ground,POINT(-97.7141513630697 30.4303251805247),1
p1udm3239,S1S2,0.120088855991442,line-to-ground,POINT(-97.7137103057102 30.4303360442704),1
p1ulv38249,S1S2,0.120088855991442,line-to-ground,POINT(-97.7137081745119 30.4304984355071),1
p1udt889lv,S1S2,0.120088855991442,line-to-ground,POINT(-97.7141836983404 30.4304585167923),1
p1udm3241,S1S2,0.120088855991442,line-to-ground,POINT(-97.7142594800252 30.4305399591735),1
p1ulv61920,S1S2,0.120088855991442,line-to-ground,POINT(-97.7141951207611 30.4306836916015),1
p1udm3240,S1S2,0.120088855991442,line-to-ground,POINT(-97.7144249898691 30.4306227956302),1
p1ulv58834,S1S2,0.120088855991442,line-to-ground,POINT(-97.7144997596796 30.4304791656155),1
p1udt890lv,S1S2,0.120088855991442,line-to-ground,POINT(-97.7159847630895 30.4321017588288),1
p1ulv19861,S1S2,0.120088855991442,line-to-ground,POINT(-97.7160209572532 30.431991941455),1
p1udm3242,S1S2,0.120088855991442,line-to-ground,POINT(-97.7160291226543 30.432163456961),1
p1ulv906,S1S2,0.120088855991442,line-to-ground,POINT(-97.7159648829967 30.43229816853),1
p1ulv37031,S1S2,0.120088855991442,line-to-ground,POINT(-97.7161069813989 30.4320587841645),1
p1udm3244,S1S2,0.120088855991442,line-to-ground,POINT(-97.7158533159361 30.4320714982691),1
p1ulv35148,S1S2,0.120088855991442,line-to-ground,POINT(-97.7158100165431 30.4321973928878),1
p1udm3246,S1S2,0.120088855991442,line-to-ground,POINT(-97.7156669802397 30.4319884586393),1
p1ulv61921,S1S2,0.120088855991442,line-to-ground,POINT(-97.7156164775768 30.4321441871414),1
p1udm3247,S1S2,0.120088855991442,line-to-ground,POINT(-97.7172710168461 30.4327441115129),1
p1ulv907,S1S2,0.120088855991442,line-to-ground,POINT(-97.7171749544329 30.4329236254477),1
p1ulv46519,S1S2,0.120088855991442,line-to-ground,POINT(-97.7173765454723 30.432636873771),1
p1udt891lv,S1S2,0.120088855991442,line-to-ground,POINT(-97.7173711581167 30.4327456059841),1
p1udm3248,S1S2,0.120088855991442,line-to-ground,POINT(-97.7174469442177 30.4328270466129),1
p1ulv3498,S1S2,0.120088855991442,line-to-ground,POINT(-97.7175213572903 30.4327104800725),1
p1ulv62572,S1S2,0.120088855991442,line-to-ground,POINT(-97.7174032922655 30.4329800070299),1
p1udm3251,S1S2,0.120088855991442,line-to-ground,POINT(-97.7150107327618 30.4359791438231),1
p1ulv908,S1S2,0.120088855991442,line-to-ground,POINT(-97.7154035316451 30.4361995603719),1
p1udt892lv,S1S2,0.120088855991442,line-to-ground,POINT(-97.7152778952309 30.4357319690817),1
p1udm3252,S1S2,0.120088855991442,line-to-ground,POINT(-97.7153680820357 30.4356311748912),1
p1ulv41411,S1S2,0.120088855991442,line-to-ground,POINT(-97.7151538896655 30.4353850420477),1
p1udm3279,S1S2,0.120088855991442,line-to-ground,POINT(-97.7262233507126 30.4209125022138),1
p1ulv917,S1S2,0.120088855991442,line-to-ground,POINT(-97.7260370265242 30.4208294776063),1
p1udm3280,S1S2,0.120088855991442,line-to-ground,POINT(-97.726265928129 30.4208407341626),1
p1ulv19225,S1S2,0.120088855991442,line-to-ground,POINT(-97.7263689728923 30.4209229459711),1
p1udt901lv,S1S2,0.120088855991442,line-to-ground,POINT(-97.7262219210037 30.4210117993015),1
p1udm3281,S1S2,0.120088855991442,line-to-ground,POINT(-97.7261591328378 30.4210472196367),1
p1ulv20523,S1S2,0.120088855991442,line-to-ground,POINT(-97.7259856088008 30.4210573853485),1
p1udt912lv,S1S2,0.120088855991442,line-to-ground,POINT(-97.7171999485651 30.4291541944005),1
p1ulv928,S1S2,0.120088855991442,line-to-ground,POINT(-97.7171181972479 30.4293048817732),1
p1udm3317,S1S2,0.120088855991442,line-to-ground,POINT(-97.7170683868243 30.4291329569031),1
p1ulv11004,S1S2,0.120088855991442,line-to-ground,POINT(-97.7169940941936 30.4292405015612),1
p1udt917lv,S1S2,0.120088855991442,line-to-ground,POINT(-97.7262966831263 30.4160204724417),1
p1ulv65117,S1S2,0.120088855991442,line-to-ground,POINT(-97.7264876926984 30.415790051252),1
p1udm3333,S1S2,0.120088855991442,line-to-ground,POINT(-97.7261427758828 30.4158949616326),1
p1ulv933,S1S2,0.120088855991442,line-to-ground,POINT(-97.7262488621228 30.4157426066541),1
p1udm3334,S1S2,0.120088855991442,line-to-ground,POINT(-97.726411780582 30.4160239072719),1
p1ulv50184,S1S2,0.120088855991442,line-to-ground,POINT(-97.7263690883281 30.4161046972848),1
p1ulv62596,S1S2,0.120088855991442,line-to-ground,POINT(-97.7265285102843 30.4158536100039),1
p1udm3337,S1S2,0.120088855991442,line-to-ground,POINT(-97.7238035923901 30.4156465434977),1
p1ulv934,S1S2,0.120088855991442,line-to-ground,POINT(-97.7236570390862 30.4157082714284),1
p1udm3338,S1S2,0.120088855991442,line-to-ground,POINT(-97.7237420753331 30.4155737586418),1
p1ulv12278,S1S2,0.120088855991442,line-to-ground,POINT(-97.7238540726704 30.4154908108298),1
p1udm3341,S1S2,0.120088855991442,line-to-ground,POINT(-97.7239162173732 30.4157920113852),1
p1ulv50832,S1S2,0.120088855991442,line-to-ground,POINT(-97.7237799559175 30.4158628629826),1
p1udt918lv,S1S2,0.120088855991442,line-to-ground,POINT(-97.723979824572 30.4156934394845),1
p1udm3339,S1S2,0.120088855991442,line-to-ground,POINT(-97.7240226590312 30.4156125929325),1
p1ulv24367,S1S2,0.120088855991442,line-to-ground,POINT(-97.7240495031292 30.4156731797266),1
p1udm3340,S1S2,0.120088855991442,line-to-ground,POINT(-97.7242120231193 30.4154610535313),1
p1ulv49578,S1S2,0.120088855991442,line-to-ground,POINT(-97.7240782272206 30.4153424478128),1
p1udm3343,S1S2,0.120088855991442,line-to-ground,POINT(-97.7254662287005 30.4174854192062),1
p1ulv24368,S1S2,0.120088855991442,line-to-ground,POINT(-97.7256031947696 30.4173604351227),1
p1ulv32574,S1S2,0.120088855991442,line-to-ground,POINT(-97.7254130081383 30.4175751290175),1
p1udm3345,S1S2,0.120088855991442,line-to-ground,POINT(-97.7255593287485 30.4175314427706),1
p1ulv42061,S1S2,0.120088855991442,line-to-ground,POINT(-97.7254648216087 30.4175936807427),1
p1udt919lv,S1S2,0.120088855991442,line-to-ground,POINT(-97.7253353734959 30.4174564234535),1
p1udm3346,S1S2,0.120088855991442,line-to-ground,POINT(-97.7252903211759 30.4174024953178),1
p1ulv54645,S1S2,0.120088855991442,line-to-ground,POINT(-97.7252369832249 30.4175012268492),1
p1udm3342,S1S2,0.120088855991442,line-to-ground,POINT(-97.7252181578072 30.4173476530635),1
p1ulv935,S1S2,0.120088855991442,line-to-ground,POINT(-97.7253449489586 30.4172045240186),1
p1udm3347,S1S2,0.120088855991442,line-to-ground,POINT(-97.7255175989104 30.4167370166747),1
p1ulv65118,S1S2,0.120088855991442,line-to-ground,POINT(-97.7256205216008 30.4168282507801),1
p1udt921lv,S1S2,0.120088855991442,line-to-ground,POINT(-97.7274464429627 30.4189522072841),1
p1ulv937,S1S2,0.120088855991442,line-to-ground,POINT(-97.7273225091004 30.4188479464768),1
p1udm3351,S1S2,0.120088855991442,line-to-ground,POINT(-97.7275835720973 30.4187873306359),1
p1ulv939,S1S2,0.120088855991442,line-to-ground,POINT(-97.7276972597725 30.4188515992494),1
p1ulv18577,S1S2,0.120088855991442,line-to-ground,POINT(-97.7274392407994 30.4186776485168),1
p1udm3354,S1S2,0.120088855991442,line-to-ground,POINT(-97.7276261475529 30.4187155620636),1
p1ulv40199,S1S2,0.120088855991442,line-to-ground,POINT(-97.727739835176 30.4187798306392),1
p1udm3353,S1S2,0.120088855991442,line-to-ground,POINT(-97.7272541956607 30.4192984275211),1
p1ulv37662,S1S2,0.120088855991442,line-to-ground,POINT(-97.7271097469002 30.4191977668335),1
p1udm3355,S1S2,0.120088855991442,line-to-ground,POINT(-97.7248847543273 30.4189685259003),1
p1ulv938,S1S2,0.120088855991442,line-to-ground,POINT(-97.7249869315268 30.41884036661),1
p1ulv52759,S1S2,0.120088855991442,line-to-ground,POINT(-97.7247793662975 30.4190667487962),1
p1udm3357,S1S2,0.120088855991442,line-to-ground,POINT(-97.7250709566992 30.4190605738387),1
p1ulv51436,S1S2,0.120088855991442,line-to-ground,POINT(-97.7251460535576 30.4188898714049),1
p1udt922lv,S1S2,0.120088855991442,line-to-ground,POINT(-97.7248430922154 30.4189591547683),1
p1udm3356,S1S2,0.120088855991442,line-to-ground,POINT(-97.7245329353979 30.4188026762399),1
p1ulv26902,S1S2,0.120088855991442,line-to-ground,POINT(-97.7244689514352 30.4189193492683),1
p1udt923lv,S1S2,0.120088855991442,line-to-ground,POINT(-97.7276896121083 30.4199722679846),1
p1ulv940,S1S2,0.120088855991442,line-to-ground,POINT(-97.7277262565276 30.4198263594667),1
p1udm3360,S1S2,0.120088855991442,line-to-ground,POINT(-97.7275367719128 30.4199869255807),1
p1ulv22405,S1S2,0.120088855991442,line-to-ground,POINT(-97.72751794255 30.4198333520678),1
p1udm3361,S1S2,0.120088855991442,line-to-ground,POINT(-97.725766744464 30.4199967295499),1
p1ulv941,S1S2,0.120088855991442,line-to-ground,POINT(-97.725628674523 30.4199293851161),1
p1udt924lv,S1S2,0.120088855991442,line-to-ground,POINT(-97.7258143774038 30.4198521781045),1
p1udm3362,S1S2,0.120088855991442,line-to-ground,POINT(-97.725877994068 30.4194474162109),1
p1ulv52761,S1S2,0.120088855991442,line-to-ground,POINT(-97.7258138939961 30.4195731117141),1
p1udm3367,S1S2,0.120088855991442,line-to-ground,POINT(-97.716596315367 30.4166766903817),1
p1ulv943,S1S2,0.120088855991442,line-to-ground,POINT(-97.7165322055154 30.4168023810904),1
p1ulv28191,S1S2,0.120088855991442,line-to-ground,POINT(-97.7166707164402 30.4165601237229),1
p1ulv60075,S1S2,0.120088855991442,line-to-ground,POINT(-97.7165524341027 30.4168476945798),1
p1udt926lv,S1S2,0.120088855991442,line-to-ground,POINT(-97.7166310710673 30.4167214972868),1
p1udm3368,S1S2,0.120088855991442,line-to-ground,POINT(-97.7168349067626 30.4167421960966),1
p1ulv19247,S1S2,0.120088855991442,line-to-ground,POINT(-97.7168574963923 30.4166070742331),1
p1ulv21811,S1S2,0.120088855991442,line-to-ground,POINT(-97.7167498601365 30.4168767040599),1
p1udm3372,S1S2,0.120088855991442,line-to-ground,POINT(-97.7148354794466 30.4199617575005),1
p1ulv944,S1S2,0.120088855991442,line-to-ground,POINT(-97.7146070550374 30.4199143939802),1
p1udt927lv,S1S2,0.120088855991442,line-to-ground,POINT(-97.7147966572426 30.4200599780242),1
p1udm3374,S1S2,0.120088855991442,line-to-ground,POINT(-97.714854288889 30.4201153322727),1
p1ulv38293,S1S2,0.120088855991442,line-to-ground,POINT(-97.7146598279933 30.4201342997359),1
p1udm3373,S1S2,0.120088855991442,line-to-ground,POINT(-97.7148637527516 30.4201876087803),1
p1ulv31946,S1S2,0.120088855991442,line-to-ground,POINT(-97.7150101997874 30.4201349128684),1
p1udt1523lv,S1S2,0.120088855991442,line-to-ground,POINT(-97.718299462541 30.4297315995371),1
p1ulv38918,S1S2,0.120088855991442,line-to-ground,POINT(-97.7182253112377 30.4298390875525),1
p1udm5574,S1S2,0.120088855991442,line-to-ground,POINT(-97.7183514213783 30.429750096838),1
p1ulv1579,S1S2,0.120088855991442,line-to-ground,POINT(-97.7182771296342 30.4298576422435),1
p1ulv49573,S1S2,0.120088855991442,line-to-ground,POINT(-97.7184161278473 30.4295792968885),1
p1ulv57648,S1S2,0.120088855991442,line-to-ground,POINT(-97.7184680641054 30.4295888297482),1
p1udm5577,S1S2,0.120088855991442,line-to-ground,POINT(-97.7181756166051 30.4296581413032),1
p1ulv50157,S1S2,0.120088855991442,line-to-ground,POINT(-97.7181010887602 30.4297837301102),1
p1udt1530lv,S1S2,0.120088855991442,line-to-ground,POINT(-97.7284087058715 30.4233881054182),1
p1ulv1586,S1S2,0.120088855991442,line-to-ground,POINT(-97.7285660527355 30.4233083728934),1
p1udm5598,S1S2,0.120088855991442,line-to-ground,POINT(-97.7283767965389 30.4234508963976),1
p1ulv38928,S1S2,0.120088855991442,line-to-ground,POINT(-97.7285333010464 30.423425352071),1
p1udm5599,S1S2,0.120088855991442,line-to-ground,POINT(-97.7283583164504 30.4232702576384),1
p1ulv61932,S1S2,0.120088855991442,line-to-ground,POINT(-97.7281915189725 30.4232866785406),1
p1udt1533lv,S1S2,0.120088855991442,line-to-ground,POINT(-97.729372420944 30.4253464440088),1
p1ulv40180,S1S2,0.120088855991442,line-to-ground,POINT(-97.7292671706447 30.4254446129958),1
p1udm5607,S1S2,0.120088855991442,line-to-ground,POINT(-97.7291656391508 30.4252451199668),1
p1ulv1590,S1S2,0.120088855991442,line-to-ground,POINT(-97.7290802504351 30.4254067014552),1
p1udm5608,S1S2,0.120088855991442,line-to-ground,POINT(-97.7290104184983 30.425171425205),1
p1ulv32553,S1S2,0.120088855991442,line-to-ground,POINT(-97.7290638741345 30.4250636704584),1
p1udm5609,S1S2,0.120088855991442,line-to-ground,POINT(-97.7294139693044 30.4253648355732),1
p1ulv37645,S1S2,0.120088855991442,line-to-ground,POINT(-97.7293048987085 30.4254692129452),1
p1ulv38930,S1S2,0.120088855991442,line-to-ground,POINT(-97.7294572480406 30.4252389357292),1
p1udm5612,S1S2,0.120088855991442,line-to-ground,POINT(-97.7294967851343 30.4254017334076),1
p1ulv41423,S1S2,0.120088855991442,line-to-ground,POINT(-97.7295817055089 30.4252762388209),1
p1udt1534lv,S1S2,0.120088855991442,line-to-ground,POINT(-97.7279328803282 30.4274881959844),1
p1ulv6656,S1S2,0.120088855991442,line-to-ground,POINT(-97.7277292033261 30.4276222042044),1
p1udm5613,S1S2,0.120088855991442,line-to-ground,POINT(-97.7280532219503 30.4275261098334),1
p1ulv1591,S1S2,0.120088855991442,line-to-ground,POINT(-97.7279268890464 30.427633153864),1
p1ulv58842,S1S2,0.120088855991442,line-to-ground,POINT(-97.7281276183712 30.427409536679),1
p1udm5616,S1S2,0.120088855991442,line-to-ground,POINT(-97.7279094630035 30.4273713190485),1
p1ulv65106,S1S2,0.120088855991442,line-to-ground,POINT(-97.7277318965327 30.4274147030604),1
p1udm5619,S1S2,0.120088855991442,line-to-ground,POINT(-97.7143570935476 30.4270671021209),1
p1ulv31275,S1S2,0.120088855991442,line-to-ground,POINT(-97.7144911293932 30.4271676742331),1
p1udm5618,S1S2,0.120088855991442,line-to-ground,POINT(-97.7142870595633 30.4268498625118),1
p1ulv1594,S1S2,0.120088855991442,line-to-ground,POINT(-97.7142335868623 30.4269576106848),1
p1udt1536lv,S1S2,0.120088855991442,line-to-ground,POINT(-97.71429952059 30.4271993789471),1
p1udm5620,S1S2,0.120088855991442,line-to-ground,POINT(-97.7141977399902 30.4273091509588),1
p1ulv34521,S1S2,0.120088855991442,line-to-ground,POINT(-97.7143950678218 30.4273471862817),1
p1ulv62594,S1S2,0.120088855991442,line-to-ground,POINT(-97.7140634675649 30.4272266220326),1
p1udm5621,S1S2,0.120088855991442,line-to-ground,POINT(-97.7141020327907 30.4274615975458),1
p1ulv59464,S1S2,0.120088855991442,line-to-ground,POINT(-97.7142778296703 30.4275535583763),1
p1udt1537lv,S1S2,0.120088855991442,line-to-ground,POINT(-97.7174761261552 30.4284237395334),1
p1ulv50176,S1S2,0.120088855991442,line-to-ground,POINT(-97.7174923733344 30.4285596573578),1
p1udm5623,S1S2,0.120088855991442,line-to-ground,POINT(-97.7177010600606 30.4285256160617),1
p1ulv1595,S1S2,0.120088855991442,line-to-ground,POINT(-97.7178069375506 30.428391312503),1
p1ulv42056,S1S2,0.120088855991442,line-to-ground,POINT(-97.7176443814996 30.428603429304),1
p1udm5624,S1S2,0.120088855991442,line-to-ground,POINT(-97.7172561142704 30.42831371711),1
p1ulv28174,S1S2,0.120088855991442,line-to-ground,POINT(-97.717191879002 30.428448429481),1
p1udm5639,S1S2,0.120088855991442,line-to-ground,POINT(-97.7279843133145 30.4151820580951),1
p1ulv9145,S1S2,0.120088855991442,line-to-ground,POINT(-97.7281922664044 30.4152021298858),1
p1udm5638,S1S2,0.120088855991442,line-to-ground,POINT(-97.7279813879243 30.4154076032614),1
p1ulv5343,S1S2,0.120088855991442,line-to-ground,POINT(-97.7282005698432 30.4153646238199),1
p1udt1541lv,S1S2,0.120088855991442,line-to-ground,POINT(-97.7279539752346 30.4151404481069),1
p1udm5640,S1S2,0.120088855991442,line-to-ground,POINT(-97.7280389342937 30.414984085413),1
p1ulv65116,S1S2,0.120088855991442,line-to-ground,POINT(-97.7278386477344 30.4148980913225),1
p1udm5637,S1S2,0.120088855991442,line-to-ground,POINT(-97.7280813906601 30.4149213384026),1
p1ulv1599,S1S2,0.120088855991442,line-to-ground,POINT(-97.7282266532671 30.4149588452731),1
p1udt1542lv,S1S2,0.120088855991442,line-to-ground,POINT(-97.7280027683091 30.4153537326271),1
p1ulv19881,S1S2,0.120088855991442,line-to-ground,POINT(-97.7277677579422 30.4153000824837),1
p1udm5641,S1S2,0.120088855991442,line-to-ground,POINT(-97.7279729678321 30.4152541311314),1
p1ulv1600,S1S2,0.120088855991442,line-to-ground,POINT(-97.7277334355012 30.4152608200992),1
p1udt1543lv,S1S2,0.120088855991442,line-to-ground,POINT(-97.727491807107 30.416548097017),1
p1ulv1602,S1S2,0.120088855991442,line-to-ground,POINT(-97.7274765776277 30.4166027356221),1
p1udm5643,S1S2,0.120088855991442,line-to-ground,POINT(-97.7272916653795 30.4164114513214),1
p1ulv1601,S1S2,0.120088855991442,line-to-ground,POINT(-97.7272593831485 30.4164923431124),1
p1udm5645,S1S2,0.120088855991442,line-to-ground,POINT(-97.7277055866903 30.4166049675813),1
p1ulv9147,S1S2,0.120088855991442,line-to-ground,POINT(-97.7277692141241 30.4165153581863),1
p1udt1546lv,S1S2,0.120088855991442,line-to-ground,POINT(-97.7280392420681 30.4181602238421),1
p1ulv17941,S1S2,0.120088855991442,line-to-ground,POINT(-97.7281534208457 30.418197369272),1
p1udm5658,S1S2,0.120088855991442,line-to-ground,POINT(-97.7279556370444 30.418195442282),1
p1ulv7922,S1S2,0.120088855991442,line-to-ground,POINT(-97.727821949909 30.4180678184123),1
p1udm5660,S1S2,0.120088855991442,line-to-ground,POINT(-97.7279026523856 30.4182671095481),1
p1ulv33250,S1S2,0.120088855991442,line-to-ground,POINT(-97.7280268664038 30.4183224574985),1
p1udm5657,S1S2,0.120088855991442,line-to-ground,POINT(-97.7278600773362 30.4183388782267),1
p1ulv1605,S1S2,0.120088855991442,line-to-ground,POINT(-97.7280666327955 30.418467212027),1
p1udm5661,S1S2,0.120088855991442,line-to-ground,POINT(-97.7282300327566 30.4179093814217),1
p1ulv58850,S1S2,0.120088855991442,line-to-ground,POINT(-97.7282985186649 30.4179703730297),1
p1udt1548lv,S1S2,0.120088855991442,line-to-ground,POINT(-97.7278794546326 30.4200444617148),1
p1ulv45895,S1S2,0.120088855991442,line-to-ground,POINT(-97.7278367851048 30.4201342165727),1
p1udm5667,S1S2,0.120088855991442,line-to-ground,POINT(-97.7277344422344 30.4199978751065),1
p1ulv1607,S1S2,0.120088855991442,line-to-ground,POINT(-97.7277432132602 30.4201242817467),1
p1udm5668,S1S2,0.120088855991442,line-to-ground,POINT(-97.7274327903865 30.4199768890692),1
p1ulv5352,S1S2,0.120088855991442,line-to-ground,POINT(-97.7274311511481 30.4201031942434),1
p1udm5670,S1S2,0.120088855991442,line-to-ground,POINT(-97.7279317614842 30.420035889734),1
p1ulv32579,S1S2,0.120088855991442,line-to-ground,POINT(-97.7279967954911 30.4198380187279),1
p1udm5669,S1S2,0.120088855991442,line-to-ground,POINT(-97.728035743139 30.4200459258511),1
p1ulv29415,S1S2,0.120088855991442,line-to-ground,POINT(-97.7280546903759 30.4201904775084),1
p1ulv61317,S1S2,0.120088855991442,line-to-ground,POINT(-97.728038200819 30.4198564680425),1
p1udt1549lv,S1S2,0.120088855991442,line-to-ground,POINT(-97.7221361474246 30.4127429908665),1
p1ulv1608,S1S2,0.120088855991442,line-to-ground,POINT(-97.7218621407855 30.4128394636557),1
p1ulv5353,S1S2,0.120088855991442,line-to-ground,POINT(-97.7219547644806 30.4129215768037),1
p1ulv21192,S1S2,0.120088855991442,line-to-ground,POINT(-97.7222045826368 30.4129240219469),1
p1udm5676,S1S2,0.120088855991442,line-to-ground,POINT(-97.7220941967388 30.4126071386855),1
p1ulv54649,S1S2,0.120088855991442,line-to-ground,POINT(-97.7219284747612 30.4125423559937),1
p1udm5690,S1S2,0.120088855991442,line-to-ground,POINT(-97.7195661957925 30.4164622326435),1
p1ulv1613,S1S2,0.120088855991442,line-to-ground,POINT(-97.7194109964453 30.4163885269708),1
p1udt1554lv,S1S2,0.120088855991442,line-to-ground,POINT(-97.7195202347664 30.4164893609506),1
p1udm5691,S1S2,0.120088855991442,line-to-ground,POINT(-97.7194600985536 30.4166145818558),1
p1ulv43338,S1S2,0.120088855991442,line-to-ground,POINT(-97.7193154263354 30.4165319563922),1
p1ulv48370,S1S2,0.120088855991442,line-to-ground,POINT(-97.7195740137607 30.4166608137917),1
p1udt1555lv,S1S2,0.120088855991442,line-to-ground,POINT(-97.717122402222 30.4167455317504),1
p1ulv1614,S1S2,0.120088855991442,line-to-ground,POINT(-97.7171030746062 30.4169343129813),1
p1udm5694,S1S2,0.120088855991442,line-to-ground,POINT(-97.7171984122763 30.4168089288253),1
p1ulv45899,S1S2,0.120088855991442,line-to-ground,POINT(-97.7172525838578 30.4166470484206),1
p1udm5695,S1S2,0.120088855991442,line-to-ground,POINT(-97.7170219232074 30.4167711028508),1
p1ulv49584,S1S2,0.120088855991442,line-to-ground,POINT(-97.7170549220521 30.4166360832415),1
p1udm5697,S1S2,0.120088855991442,line-to-ground,POINT(-97.7196306247413 30.4179065333),1
p1ulv12285,S1S2,0.120088855991442,line-to-ground,POINT(-97.7197156684338 30.4177720233929),1
p1udt1556lv,S1S2,0.120088855991442,line-to-ground,POINT(-97.7194169653502 30.417840627801),1
p1udm5698,S1S2,0.120088855991442,line-to-ground,POINT(-97.7193824436081 30.4177777780516),1
p1ulv46548,S1S2,0.120088855991442,line-to-ground,POINT(-97.7194330498847 30.4176130256016),1
p1udm5696,S1S2,0.120088855991442,line-to-ground,POINT(-97.7192996381606 30.4177408740494),1
p1ulv1615,S1S2,0.120088855991442,line-to-ground,POINT(-97.7193845643293 30.4176153861366),1
p1udt1557lv,S1S2,0.120088855991442,line-to-ground,POINT(-97.7213480759046 30.417952755322),1
p1ulv1616,S1S2,0.120088855991442,line-to-ground,POINT(-97.7214818891788 30.4180509973178),1
p1ulv21814,S1S2,0.120088855991442,line-to-ground,POINT(-97.7212474418394 30.4179432620609),1
p1udm5700,S1S2,0.120088855991442,line-to-ground,POINT(-97.7212307638875 30.4181477899903),1
p1ulv4134,S1S2,0.120088855991442,line-to-ground,POINT(-97.7213968476092 30.4181855084324),1
p1udm5702,S1S2,0.120088855991442,line-to-ground,POINT(-97.7214221369172 30.4178428847007),1
p1ulv60077,S1S2,0.120088855991442,line-to-ground,POINT(-97.7215878673617 30.4179076682301),1
p1udm5703,S1S2,0.120088855991442,line-to-ground,POINT(-97.7139073535018 30.4192849213904),1
p1ulv1617,S1S2,0.120088855991442,line-to-ground,POINT(-97.7139717050594 30.4191411886569),1
p1udt1558lv,S1S2,0.120088855991442,line-to-ground,POINT(-97.7138055968909 30.4192922391507),1
p1udm5704,S1S2,0.120088855991442,line-to-ground,POINT(-97.7137209251088 30.4192109013188),1
p1ulv25633,S1S2,0.120088855991442,line-to-ground,POINT(-97.7136255806353 30.4193362826951),1
p1ulv63237,S1S2,0.120088855991442,line-to-ground,POINT(-97.7137850402049 30.4190852121847),1
p1udt1559lv,S1S2,0.120088855991442,line-to-ground,POINT(-97.7080969001969 30.4245966882253),1
p1ulv4762,S1S2,0.120088855991442,line-to-ground,POINT(-97.7078808277765 30.4247023140702),1
p1ulv37674,S1S2,0.120088855991442,line-to-ground,POINT(-97.7079229445262 30.4246666393673),1
p1udm5706,S1S2,0.120088855991442,line-to-ground,POINT(-97.7080990870441 30.424731543079),1
p1ulv1618,S1S2,0.120088855991442,line-to-ground,POINT(-97.70824494993 30.4247239637127),1
p1udm5708,S1S2,0.120088855991442,line-to-ground,POINT(-97.708144889145 30.4244161948698),1
p1ulv20545,S1S2,0.120088855991442,line-to-ground,POINT(-97.7079580991071 30.4243692316379),1
p1udt1560lv,S1S2,0.120088855991442,line-to-ground,POINT(-97.7093154098025 30.4264797727281),1
p1ulv1619,S1S2,0.120088855991442,line-to-ground,POINT(-97.7092315842216 30.4264931893159),1
p1udt1561lv,S1S2,0.120088855991442,line-to-ground,POINT(-97.7109827358734 30.4274482266641),1
p1ulv55862,S1S2,0.120088855991442,line-to-ground,POINT(-97.7109769568307 30.4275751395895),1
p1udm5711,S1S2,0.120088855991442,line-to-ground,POINT(-97.7108654064301 30.4273484653899),1
p1ulv1620,S1S2,0.120088855991442,line-to-ground,POINT(-97.7107495848681 30.4274465733532),1
p1ulv23712,S1S2,0.120088855991442,line-to-ground,POINT(-97.7109056218938 30.4271836142162),1
p1udm5712,S1S2,0.120088855991442,line-to-ground,POINT(-97.7111241287235 30.427468318093),1
p1ulv5365,S1S2,0.120088855991442,line-to-ground,POINT(-97.7110288911973 30.4275846753614),1
p1udm5715,S1S2,0.120088855991442,line-to-ground,POINT(-97.7111859991677 30.427514043521),1
p1ulv61329,S1S2,0.120088855991442,line-to-ground,POINT(-97.7113020576045 30.4273978916992),1
p1udt1562lv,S1S2,0.120088855991442,line-to-ground,POINT(-97.7093520078682 30.4284072933286),1
p1ulv1621,S1S2,0.120088855991442,line-to-ground,POINT(-97.7090709411546 30.4284134779473),1
p1ulv54034,S1S2,0.120088855991442,line-to-ground,POINT(-97.7093915341064 30.4285790604736),1
p1ulv58262,S1S2,0.120088855991442,line-to-ground,POINT(-97.7091140096365 30.4283056291383),1
p1udm5719,S1S2,0.120088855991442,line-to-ground,POINT(-97.7091830079626 30.4278100521519),1
p1ulv61958,S1S2,0.120088855991442,line-to-ground,POINT(-97.7090876490249 30.4279354296443),1
p1udt1563lv,S1S2,0.120088855991442,line-to-ground,POINT(-97.7074863029795 30.4293864356991),1
p1ulv20547,S1S2,0.120088855991442,line-to-ground,POINT(-97.707351335552 30.4293258171547),1
p1ulv21819,S1S2,0.120088855991442,line-to-ground,POINT(-97.7076515825942 30.4294551108634),1
p1udm5721,S1S2,0.120088855991442,line-to-ground,POINT(-97.7076549132525 30.429202502834),1
p1ulv2869,S1S2,0.120088855991442,line-to-ground,POINT(-97.7074895307795 30.4291106362917),1
p1udm5720,S1S2,0.120088855991442,line-to-ground,POINT(-97.7077881122152 30.4293662336947),1
p1ulv1622,S1S2,0.120088855991442,line-to-ground,POINT(-97.7078279769708 30.4292284488403),1
p1udm5722,S1S2,0.120088855991442,line-to-ground,POINT(-97.707442296139 30.4295342444982),1
p1ulv9129,S1S2,0.120088855991442,line-to-ground,POINT(-97.7071167055042 30.4297475691624),1
p1udm7573,S1S2,0.120088855991442,line-to-ground,POINT(-97.7185615006121 30.4319988641276),1
p1ulv2201,S1S2,0.120088855991442,line-to-ground,POINT(-97.718705604758 30.432126599624),1
p1udm7577,S1S2,0.120088855991442,line-to-ground,POINT(-97.7183702075052 30.4322947417838),1
p1ulv56439,S1S2,0.120088855991442,line-to-ground,POINT(-97.7185146657152 30.4323954122422),1
p1udt2090lv,S1S2,0.120088855991442,line-to-ground,POINT(-97.7185735510626 30.4319048750386),1
p1udm7576,S1S2,0.120088855991442,line-to-ground,POINT(-97.7187100867482 30.431783773088),1
p1ulv36420,S1S2,0.120088855991442,line-to-ground,POINT(-97.7188650736103 30.4318755236095),1
p1udm7574,S1S2,0.120088855991442,line-to-ground,POINT(-97.7185768659785 30.4316200528177),1
p1ulv14723,S1S2,0.120088855991442,line-to-ground,POINT(-97.7184916900456 30.4317635830666),1
p1ulv27522,S1S2,0.120088855991442,line-to-ground,POINT(-97.7186720988571 30.4315036899665),1
p1udt2091lv,S1S2,0.120088855991442,line-to-ground,POINT(-97.7152106475715 30.4326336750266),1
p1ulv2202,S1S2,0.120088855991442,line-to-ground,POINT(-97.7150742602077 30.4327225026246),1
p1udm7579,S1S2,0.120088855991442,line-to-ground,POINT(-97.7149632862619 30.432450722977),1
p1ulv21782,S1S2,0.120088855991442,line-to-ground,POINT(-97.7150993406965 30.4323979250778),1
p1udm7580,S1S2,0.120088855991442,line-to-ground,POINT(-97.7152521961402 30.4326520710922),1
p1ulv60040,S1S2,0.120088855991442,line-to-ground,POINT(-97.71529561473 30.4325171549555),1
p1udt2092lv,S1S2,0.120088855991442,line-to-ground,POINT(-97.7109066920721 30.4308165025164),1
p1ulv8512,S1S2,0.120088855991442,line-to-ground,POINT(-97.7111889380165 30.4309760297806),1
p1ulv38923,S1S2,0.120088855991442,line-to-ground,POINT(-97.7111238982235 30.4309269223853),1
p1udm7581,S1S2,0.120088855991442,line-to-ground,POINT(-97.7109359049054 30.4306966572575),1
p1ulv2203,S1S2,0.120088855991442,line-to-ground,POINT(-97.7111196204968 30.4307046583652),1
p1udm7586,S1S2,0.120088855991442,line-to-ground,POINT(-97.7109680869261 30.4306247919212),1
p1ulv65091,S1S2,0.120088855991442,line-to-ground,POINT(-97.7108749819237 30.430578757878),1
p1udm7584,S1S2,0.120088855991442,line-to-ground,POINT(-97.7108091937102 30.4308307491873),1
p1ulv50820,S1S2,0.120088855991442,line-to-ground,POINT(-97.7107033040832 30.4309650466685),1
p1ulv62574,S1S2,0.120088855991442,line-to-ground,POINT(-97.7108892774016 30.4310751583957),1
p1udt2103lv,S1S2,0.120088855991442,line-to-ground,POINT(-97.7298117034671 30.426324488284),1
p1ulv2215,S1S2,0.120088855991442,line-to-ground,POINT(-97.7295196532285 30.4263251315373),1
p1udm7623,S1S2,0.120088855991442,line-to-ground,POINT(-97.7298713345806 30.4262264656294),1
p1ulv8516,S1S2,0.120088855991442,line-to-ground,POINT(-97.7295908347865 30.4261786212481),1
p1udt2104lv,S1S2,0.120088855991442,line-to-ground,POINT(-97.7298698617763 30.4264971239764),1
p1ulv2216,S1S2,0.120088855991442,line-to-ground,POINT(-97.7295765658883 30.4264762392266),1
p1udt2106lv,S1S2,0.120088855991442,line-to-ground,POINT(-97.7135662670189 30.4235826544691),1
p1ulv2219,S1S2,0.120088855991442,line-to-ground,POINT(-97.7136102863597 30.4236761535064),1
p1udm7636,S1S2,0.120088855991442,line-to-ground,POINT(-97.717412488429 30.4275031917219),1
p1ulv2221,S1S2,0.120088855991442,line-to-ground,POINT(-97.7173381974722 30.4276107366482),1
p1ulv9770,S1S2,0.120088855991442,line-to-ground,POINT(-97.7175009885163 30.427380576663),1
p1udt2108lv,S1S2,0.120088855991442,line-to-ground,POINT(-97.7175168124461 30.4275065375749),1
p1udm7638,S1S2,0.120088855991442,line-to-ground,POINT(-97.7175884066877 30.4275861264303),1
p1ulv10999,S1S2,0.120088855991442,line-to-ground,POINT(-97.7174826478569 30.4277114080917),1
p1ulv48992,S1S2,0.120088855991442,line-to-ground,POINT(-97.7175452297375 30.4277030000768),1
p1udt2109lv,S1S2,0.120088855991442,line-to-ground,POINT(-97.7244910872823 30.4110904888002),1
p1ulv2222,S1S2,0.120088855991442,line-to-ground,POINT(-97.7244974646681 30.4111238067473),1
p1udt2110lv,S1S2,0.120088855991442,line-to-ground,POINT(-97.729866774 30.4115850173129),1
p1ulv2223,S1S2,0.120088855991442,line-to-ground,POINT(-97.7299593455208 30.4113935995974),1
p1udm7642,S1S2,0.120088855991442,line-to-ground,POINT(-97.729705324284 30.4117159548431),1
p1ulv56460,S1S2,0.120088855991442,line-to-ground,POINT(-97.7296429871748 30.4117063253937),1
p1ulv56461,S1S2,0.120088855991442,line-to-ground,POINT(-97.7297988883886 30.411725888053),1
p1udt2111lv,S1S2,0.120088855991442,line-to-ground,POINT(-97.723973697661 30.4131307902357),1
p1ulv24978,S1S2,0.120088855991442,line-to-ground,POINT(-97.7240334144409 30.4131855268879),1
p1udm7644,S1S2,0.120088855991442,line-to-ground,POINT(-97.7238875693045 30.4131931244375),1
p1ulv2224,S1S2,0.120088855991442,line-to-ground,POINT(-97.7237009094443 30.4131371622577),1
p1udm7646,S1S2,0.120088855991442,line-to-ground,POINT(-97.7239729550505 30.413031545992),1
p1ulv30665,S1S2,0.120088855991442,line-to-ground,POINT(-97.7237760037303 30.4129664603998),1
p1udt2112lv,S1S2,0.120088855991442,line-to-ground,POINT(-97.7254168151263 30.4146085171143),1
p1ulv64485,S1S2,0.120088855991442,line-to-ground,POINT(-97.7251701822655 30.4146312793627),1
p1udm7648,S1S2,0.120088855991442,line-to-ground,POINT(-97.7253796577195 30.4145340722086),1
p1ulv7302,S1S2,0.120088855991442,line-to-ground,POINT(-97.7255562636831 30.4145628650732),1
p1udm7647,S1S2,0.120088855991442,line-to-ground,POINT(-97.7253911222463 30.414452977643),1
p1ulv2225,S1S2,0.120088855991442,line-to-ground,POINT(-97.7252109541439 30.4144213136418),1
p1udm7649,S1S2,0.120088855991442,line-to-ground,POINT(-97.7253566113471 30.4147052831303),1
p1ulv36440,S1S2,0.120088855991442,line-to-ground,POINT(-97.7251590693479 30.4146853085083),1
p1ulv57651,S1S2,0.120088855991442,line-to-ground,POINT(-97.7255433924306 30.4147522212424),1
p1udt2114lv,S1S2,0.120088855991442,line-to-ground,POINT(-97.7251991155845 30.4169058533797),1
p1ulv2227,S1S2,0.120088855991442,line-to-ground,POINT(-97.725233023926 30.4170049265205),1
p1ulv2859,S1S2,0.120088855991442,line-to-ground,POINT(-97.7250377059317 30.4168135374995),1
p1udt2116lv,S1S2,0.120088855991442,line-to-ground,POINT(-97.7219989689287 30.4136799209944),1
p1ulv2229,S1S2,0.120088855991442,line-to-ground,POINT(-97.7220508618969 30.4135360773003),1
p1ulv19242,S1S2,0.120088855991442,line-to-ground,POINT(-97.7219224250859 30.4138055082469),1
p1udm7663,S1S2,0.120088855991442,line-to-ground,POINT(-97.7218727305781 30.4136245630089),1
p1ulv6026,S1S2,0.120088855991442,line-to-ground,POINT(-97.7219473581635 30.4134899494683),1
p1udm7662,S1S2,0.120088855991442,line-to-ground,POINT(-97.7217383145872 30.413653789732),1
p1ulv3532,S1S2,0.120088855991442,line-to-ground,POINT(-97.7217156524575 30.4136952087169),1
p1udm7665,S1S2,0.120088855991442,line-to-ground,POINT(-97.7220486283811 30.4137074912742),1
p1ulv54025,S1S2,0.120088855991442,line-to-ground,POINT(-97.7219639442556 30.4138149376125),1
p1udt2118lv,S1S2,0.120088855991442,line-to-ground,POINT(-97.7228137434997 30.4144271408746),1
p1ulv47739,S1S2,0.120088855991442,line-to-ground,POINT(-97.7230505658585 30.4143128085077),1
p1udm7671,S1S2,0.120088855991442,line-to-ground,POINT(-97.7229130136518 30.4144828989481),1
p1ulv2232,S1S2,0.120088855991442,line-to-ground,POINT(-97.7228078636754 30.41456307682),1
p1udm7670,S1S2,0.120088855991442,line-to-ground,POINT(-97.7229745294248 30.4145556841696),1
p1ulv2231,S1S2,0.120088855991442,line-to-ground,POINT(-97.723121198838 30.414484935167),1
p1udm7672,S1S2,0.120088855991442,line-to-ground,POINT(-97.7227492853448 30.4142647467856),1
p1ulv47141,S1S2,0.120088855991442,line-to-ground,POINT(-97.7228860151565 30.414157809044),1
p1udm7674,S1S2,0.120088855991442,line-to-ground,POINT(-97.7228108008626 30.4143375320792),1
p1ulv48366,S1S2,0.120088855991442,line-to-ground,POINT(-97.7226747757124 30.4143903389945),1
p1udm7675,S1S2,0.120088855991442,line-to-ground,POINT(-97.7230073102917 30.4160357666596),1
p1ulv2234,S1S2,0.120088855991442,line-to-ground,POINT(-97.722871635317 30.4160615083393),1
p1ulv45897,S1S2,0.120088855991442,line-to-ground,POINT(-97.7231955021468 30.4159744466986),1
p1udm7677,S1S2,0.120088855991442,line-to-ground,POINT(-97.723058417635 30.4161084500374),1
p1ulv34540,S1S2,0.120088855991442,line-to-ground,POINT(-97.7232157336966 30.416019759244),1
p1udt2119lv,S1S2,0.120088855991442,line-to-ground,POINT(-97.7229632300665 30.4159185476044),1
p1udm7676,S1S2,0.120088855991442,line-to-ground,POINT(-97.7229050958286 30.4158903998482),1
p1ulv25632,S1S2,0.120088855991442,line-to-ground,POINT(-97.7227797129469 30.4159252650492),1
p1ulv42655,S1S2,0.120088855991442,line-to-ground,POINT(-97.7230724686549 30.4158288764075),1
p1udt2120lv,S1S2,0.120088855991442,line-to-ground,POINT(-97.7196667075708 30.4162550415928),1
p1ulv26246,S1S2,0.120088855991442,line-to-ground,POINT(-97.7196436556927 30.4161110980065),1
p1udm7680,S1S2,0.120088855991442,line-to-ground,POINT(-97.7196618832565 30.4163097812485),1
p1ulv2235,S1S2,0.120088855991442,line-to-ground,POINT(-97.7197788894114 30.4163949711729),1
p1ulv64496,S1S2,0.120088855991442,line-to-ground,POINT(-97.71946516415 30.4162266455265),1
p1udm7681,S1S2,0.120088855991442,line-to-ground,POINT(-97.7197880920467 30.4162117666547),1
p1ulv13514,S1S2,0.120088855991442,line-to-ground,POINT(-97.7197898586455 30.4160764400052),1
p1udm7682,S1S2,0.120088855991442,line-to-ground,POINT(-97.719850313089 30.4162304226346),1
p1ulv24376,S1S2,0.120088855991442,line-to-ground,POINT(-97.7199145361086 30.4160957083759),1
p1udt2121lv,S1S2,0.120088855991442,line-to-ground,POINT(-97.7213163663767 30.4168678823536),1
p1ulv24991,S1S2,0.120088855991442,line-to-ground,POINT(-97.7213631505326 30.4167776009375),1
p1udm7685,S1S2,0.120088855991442,line-to-ground,POINT(-97.7213713764378 30.417005059419),1
p1ulv2236,S1S2,0.120088855991442,line-to-ground,POINT(-97.7212758748065 30.4170835258606),1
p1ulv36452,S1S2,0.120088855991442,line-to-ground,POINT(-97.7213276871754 30.4171020791997),1
p1udm7690,S1S2,0.120088855991442,line-to-ground,POINT(-97.7216250283376 30.4175128276718),1
p1ulv60076,S1S2,0.120088855991442,line-to-ground,POINT(-97.7215109420321 30.4174196765696),1
p1udm7687,S1S2,0.120088855991442,line-to-ground,POINT(-97.7212162411428 30.4168663913677),1
p1ulv36449,S1S2,0.120088855991442,line-to-ground,POINT(-97.7211314356122 30.4169828587916),1
p1udm7689,S1S2,0.120088855991442,line-to-ground,POINT(-97.721123026217 30.4168293865575),1
p1ulv50841,S1S2,0.120088855991442,line-to-ground,POINT(-97.7211975397756 30.4167037953898),1
p1udt2122lv,S1S2,0.120088855991442,line-to-ground,POINT(-97.7150251018566 30.4167694949247),1
p1ulv59483,S1S2,0.120088855991442,line-to-ground,POINT(-97.7148237511243 30.4168848263499),1
p1udm7691,S1S2,0.120088855991442,line-to-ground,POINT(-97.7150946340575 30.4168694468067),1
p1ulv2237,S1S2,0.120088855991442,line-to-ground,POINT(-97.7149575375003 30.417003441267),1
p1udm7693,S1S2,0.120088855991442,line-to-ground,POINT(-97.7151562635192 30.4169332138044),1
p1ulv19892,S1S2,0.120088855991442,line-to-ground,POINT(-97.7152411941493 30.4168077287043),1
p1udm7692,S1S2,0.120088855991442,line-to-ground,POINT(-97.7149408563065 30.4166874747958),1
p1ulv7306,S1S2,0.120088855991442,line-to-ground,POINT(-97.7147940597501 30.416767236078),1
p1ulv22408,S1S2,0.120088855991442,line-to-ground,POINT(-97.7150876526279 30.4166077133406),1
p1udm7695,S1S2,0.120088855991442,line-to-ground,POINT(-97.7148190168335 30.4164516794792),1
p1ulv50840,S1S2,0.120088855991442,line-to-ground,POINT(-97.71466252058 30.4164772076038),1
p1udm7697,S1S2,0.120088855991442,line-to-ground,POINT(-97.7208117360328 30.417548171413),1
p1ulv2238,S1S2,0.120088855991442,line-to-ground,POINT(-97.7209068343369 30.4174408279988),1
p1ulv9154,S1S2,0.120088855991442,line-to-ground,POINT(-97.7207062279321 30.417655412746),1
p1ulv39561,S1S2,0.120088855991442,line-to-ground,POINT(-97.7208343204359 30.4174130487263),1
p1udt2123lv,S1S2,0.120088855991442,line-to-ground,POINT(-97.7208858852256 30.417638424581),1
p1udm7698,S1S2,0.120088855991442,line-to-ground,POINT(-97.720987522127 30.4176401230136),1
p1ulv6029,S1S2,0.120088855991442,line-to-ground,POINT(-97.7208854588087 30.4177592573044),1
p1ulv10405,S1S2,0.120088855991442,line-to-ground,POINT(-97.7209234171457 30.4177658160039),1
p1udm7699,S1S2,0.120088855991442,line-to-ground,POINT(-97.7211634262109 30.4177230526062),1
p1ulv7931,S1S2,0.120088855991442,line-to-ground,POINT(-97.7212174742223 30.4175701921851),1
p1udm7703,S1S2,0.120088855991442,line-to-ground,POINT(-97.7162015985006 30.4174036664064),1
p1ulv2239,S1S2,0.120088855991442,line-to-ground,POINT(-97.7161167866481 30.417520130379),1
p1ulv14149,S1S2,0.120088855991442,line-to-ground,POINT(-97.7161476609644 30.4175475027713),1
p1ulv17285,S1S2,0.120088855991442,line-to-ground,POINT(-97.7162864101485 30.417287202371),1
p1udt2124lv,S1S2,0.120088855991442,line-to-ground,POINT(-97.7163359554 30.4174682067529),1
p1udm7704,S1S2,0.120088855991442,line-to-ground,POINT(-97.7163880255173 30.41747768291),1
p1ulv3536,S1S2,0.120088855991442,line-to-ground,POINT(-97.7164386366074 30.4173129317532),1
p1ulv42660,S1S2,0.120088855991442,line-to-ground,POINT(-97.7163237967407 30.4176123952411),1
p1udm7709,S1S2,0.120088855991442,line-to-ground,POINT(-97.7224516969391 30.4187281883331),1
p1ulv47749,S1S2,0.120088855991442,line-to-ground,POINT(-97.7223671262487 30.4188266129592),1
p1ulv51444,S1S2,0.120088855991442,line-to-ground,POINT(-97.7225788464733 30.4185579968217),1
p1udt2125lv,S1S2,0.120088855991442,line-to-ground,POINT(-97.7222362529367 30.4186059017266),1
p1udm7711,S1S2,0.120088855991442,line-to-ground,POINT(-97.7222253872886 30.4185184460373),1
p1ulv57658,S1S2,0.120088855991442,line-to-ground,POINT(-97.722059655375 30.4184536632819),1
p1udm7708,S1S2,0.120088855991442,line-to-ground,POINT(-97.7223314824886 30.4183660945568),1
p1ulv2241,S1S2,0.120088855991442,line-to-ground,POINT(-97.7224450485297 30.4184393894199),1
p1udt2674lv,S1S2,0.120088855991442,line-to-ground,POINT(-97.7193789254952 30.4305242937525),1
p1ulv2840,S1S2,0.120088855991442,line-to-ground,POINT(-97.7195560294705 30.4305170084164),1
p1udt2675lv,S1S2,0.120088855991442,line-to-ground,POINT(-97.7151420554587 30.4320483510009),1
p1ulv2841,S1S2,0.120088855991442,line-to-ground,POINT(-97.7149797302761 30.4319907168779),1
p1udt2676lv,S1S2,0.120088855991442,line-to-ground,POINT(-97.7142274119386 30.4340523877446),1
p1ulv2842,S1S2,0.120088855991442,line-to-ground,POINT(-97.7144970282542 30.4338627266946),1
p1udt2681lv,S1S2,0.120088855991442,line-to-ground,POINT(-97.7283737762593 30.4240006167099),1
p1ulv43968,S1S2,0.120088855991442,line-to-ground,POINT(-97.7285885085035 30.4239853118684),1
p1udm9595,S1S2,0.120088855991442,line-to-ground,POINT(-97.7284127037388 30.4238933700662),1
p1ulv2848,S1S2,0.120088855991442,line-to-ground,POINT(-97.7282559643918 30.4239369578156),1
p1udm9596,S1S2,0.120088855991442,line-to-ground,POINT(-97.7284313010173 30.4240649870109),1
p1ulv36426,S1S2,0.120088855991442,line-to-ground,POINT(-97.7285978657961 30.424066609434),1
p1ulv38929,S1S2,0.120088855991442,line-to-ground,POINT(-97.7282746784303 30.4240995529784),1
p1udt2682lv,S1S2,0.120088855991442,line-to-ground,POINT(-97.7291865536926 30.427807934338),1
p1ulv15981,S1S2,0.120088855991442,line-to-ground,POINT(-97.7291962900291 30.4276996564492),1
p1udm9599,S1S2,0.120088855991442,line-to-ground,POINT(-97.7292359444838 30.427853432369),1
p1ulv2849,S1S2,0.120088855991442,line-to-ground,POINT(-97.7292030749017 30.4279794334082),1
p1udm9602,S1S2,0.120088855991442,line-to-ground,POINT(-97.7290491367049 30.4278064988743),1
p1ulv45232,S1S2,0.120088855991442,line-to-ground,POINT(-97.7290161499229 30.4279415216538),1
p1udm9600,S1S2,0.120088855991442,line-to-ground,POINT(-97.7289557913783 30.4277785211321),1
p1ulv13501,S1S2,0.120088855991442,line-to-ground,POINT(-97.7290197762654 30.4276618460711),1
p1udt2687lv,S1S2,0.120088855991442,line-to-ground,POINT(-97.7169155905889 30.4272727940907),1
p1ulv47732,S1S2,0.120088855991442,line-to-ground,POINT(-97.7169803201285 30.4271109592079),1
p1udm9618,S1S2,0.120088855991442,line-to-ground,POINT(-97.7167813381938 30.4271992322889),1
p1ulv2854,S1S2,0.120088855991442,line-to-ground,POINT(-97.71684569123 30.4270554983365),1
p1ulv9769,S1S2,0.120088855991442,line-to-ground,POINT(-97.7167175755043 30.4272978574496),1
p1udm9621,S1S2,0.120088855991442,line-to-ground,POINT(-97.7169676659434 30.4272822701534),1
p1ulv63218,S1S2,0.120088855991442,line-to-ground,POINT(-97.716872789665 30.4273715666413),1
p1udt2689lv,S1S2,0.120088855991442,line-to-ground,POINT(-97.7280415260752 30.4159038018383),1
p1ulv10391,S1S2,0.120088855991442,line-to-ground,POINT(-97.7279232558713 30.415876230072),1
p1ulv36441,S1S2,0.120088855991442,line-to-ground,POINT(-97.7282981122659 30.4158708589925),1
p1udm9627,S1S2,0.120088855991442,line-to-ground,POINT(-97.7281189288836 30.4160405494907),1
p1ulv2858,S1S2,0.120088855991442,line-to-ground,POINT(-97.7283278197219 30.4159884466621),1
p1udm9629,S1S2,0.120088855991442,line-to-ground,POINT(-97.7280699239357 30.4158054754775),1
p1ulv27549,S1S2,0.120088855991442,line-to-ground,POINT(-97.7278717938794 30.415830613914),1
p1udm9631,S1S2,0.120088855991442,line-to-ground,POINT(-97.7280501582006 30.4157240763954),1
p1ulv52753,S1S2,0.120088855991442,line-to-ground,POINT(-97.7282485219911 30.4156808940662),1
p1udm9634,S1S2,0.120088855991442,line-to-ground,POINT(-97.7222508833033 30.4149636592042),1
p1ulv2861,S1S2,0.120088855991442,line-to-ground,POINT(-97.7221456147239 30.4150528582933),1
p1udt2691lv,S1S2,0.120088855991442,line-to-ground,POINT(-97.7219818606728 30.4153314767577),1
p1udm9635,S1S2,0.120088855991442,line-to-ground,POINT(-97.7218811490922 30.415375095252),1
p1ulv12884,S1S2,0.120088855991442,line-to-ground,POINT(-97.7217959929352 30.415518628547),1
p1ulv60692,S1S2,0.120088855991442,line-to-ground,POINT(-97.7218481573375 30.4155101163089),1
p1udm9642,S1S2,0.120088855991442,line-to-ground,POINT(-97.7086011576917 30.4245560531239),1
p1ulv2865,S1S2,0.120088855991442,line-to-ground,POINT(-97.7086755744364 30.4244394916055),1
p1ulv8540,S1S2,0.120088855991442,line-to-ground,POINT(-97.7085056825001 30.4246904520466),1
p1udt2694lv,S1S2,0.120088855991442,line-to-ground,POINT(-97.7087160071071 30.4245504871797),1
p1udm9644,S1S2,0.120088855991442,line-to-ground,POINT(-97.7087770628452 30.4246389993802),1
p1ulv61325,S1S2,0.120088855991442,line-to-ground,POINT(-97.7088518359082 30.4244953725798),1
p1udm9650,S1S2,0.120088855991442,line-to-ground,POINT(-97.7119689061569 30.4281533747363),1
p1ulv19256,S1S2,0.120088855991442,line-to-ground,POINT(-97.7121158408331 30.4280645955902),1
p1ulv63857,S1S2,0.120088855991442,line-to-ground,POINT(-97.7118840795906 30.4282698353597),1
p1udt2696lv,S1S2,0.120088855991442,line-to-ground,POINT(-97.7118656965883 30.4281110420172),1
p1udm9652,S1S2,0.120088855991442,line-to-ground,POINT(-97.7118351088117 30.42803475662),1
p1ulv65134,S1S2,0.120088855991442,line-to-ground,POINT(-97.711708876688 30.428132762685),1
p1udm9649,S1S2,0.120088855991442,line-to-ground,POINT(-97.7117734748664 30.4279709880213),1
p1ulv2867,S1S2,0.120088855991442,line-to-ground,POINT(-97.7118892960782 30.4278728791453),1
p1udm9653,S1S2,0.120088855991442,line-to-ground,POINT(-97.7082292217973 30.4282878527114),1
p1ulv2868,S1S2,0.120088855991442,line-to-ground,POINT(-97.7084057275847 30.4283256910098),1
p1ulv45251,S1S2,0.120088855991442,line-to-ground,POINT(-97.7080740131064 30.4282141333945),1
p1udm9654,S1S2,0.120088855991442,line-to-ground,POINT(-97.7082135796969 30.4286847052935),1
p1ulv12890,S1S2,0.120088855991442,line-to-ground,POINT(-97.708256887028 30.4285588133655),1
p1udt2697lv,S1S2,0.120088855991442,line-to-ground,POINT(-97.708326303394 30.4281896591076),1
p1udm9655,S1S2,0.120088855991442,line-to-ground,POINT(-97.7083780619823 30.428054730368),1
p1ulv19255,S1S2,0.120088855991442,line-to-ground,POINT(-97.7082226157486 30.4279990546713),1
p1udm9657,S1S2,0.120088855991442,line-to-ground,POINT(-97.708431185052 30.4279740499744),1
p1ulv53382,S1S2,0.120088855991442,line-to-ground,POINT(-97.7085866313747 30.4280297254251),1
p1udt3260lv,S1S2,0.120088855991442,line-to-ground,POINT(-97.7172324780814 30.4301091026323),1
p1ulv7283,S1S2,0.120088855991442,line-to-ground,POINT(-97.7170859213438 30.4301797867039),1
p1udm11523,S1S2,0.120088855991442,line-to-ground,POINT(-97.7170981035452 30.4300445628177),1
p1ulv3496,S1S2,0.120088855991442,line-to-ground,POINT(-97.7172349800373 30.4299286103056),1
p1udm11528,S1S2,0.120088855991442,line-to-ground,POINT(-97.71664285963 30.4298235375865),1
p1ulv57067,S1S2,0.120088855991442,line-to-ground,POINT(-97.7167800906655 30.4296805203129),1
p1udm11526,S1S2,0.120088855991442,line-to-ground,POINT(-97.7172844368986 30.430127600357),1
p1ulv13487,S1S2,0.120088855991442,line-to-ground,POINT(-97.7172445849149 30.4302653884526),1
p1ulv15966,S1S2,0.120088855991442,line-to-ground,POINT(-97.7173698491784 30.429966027373),1
p1udm11524,S1S2,0.120088855991442,line-to-ground,POINT(-97.7173775446659 30.4301736299042),1
p1ulv5997,S1S2,0.120088855991442,line-to-ground,POINT(-97.7174937172941 30.4300484507527),1
p1udm11529,S1S2,0.120088855991442,line-to-ground,POINT(-97.7155548100374 30.4302188654993),1
p1ulv3497,S1S2,0.120088855991442,line-to-ground,POINT(-97.71560851967 30.4300930733617),1
p1udm11530,S1S2,0.120088855991442,line-to-ground,POINT(-97.715648035251 30.4302558745167),1
p1ulv14722,S1S2,0.120088855991442,line-to-ground,POINT(-97.715691333897 30.4301299798967),1
p1udt3261lv,S1S2,0.120088855991442,line-to-ground,POINT(-97.7155103669451 30.4301437451771),1
p1udm11531,S1S2,0.120088855991442,line-to-ground,POINT(-97.7152133790732 30.4300530927436),1
p1ulv41408,S1S2,0.120088855991442,line-to-ground,POINT(-97.7152670890398 30.4299273007534),1
p1udt3266lv,S1S2,0.120088855991442,line-to-ground,POINT(-97.7252061770371 30.4200273331292),1
p1ulv3504,S1S2,0.120088855991442,line-to-ground,POINT(-97.7250768787857 30.420206544549),1
p1ulv63843,S1S2,0.120088855991442,line-to-ground,POINT(-97.7252892985857 30.4198837932001),1
p1udm11549,S1S2,0.120088855991442,line-to-ground,POINT(-97.7250695188708 30.4199718763502),1
p1ulv59474,S1S2,0.120088855991442,line-to-ground,POINT(-97.7252068409004 30.4198198274709),1
p1udm11547,S1S2,0.120088855991442,line-to-ground,POINT(-97.7249868266366 30.4199259540645),1
p1ulv14753,S1S2,0.120088855991442,line-to-ground,POINT(-97.7248702065164 30.4200872278469),1
p1ulv45243,S1S2,0.120088855991442,line-to-ground,POINT(-97.7250518664507 30.4197280846894),1
p1udm11551,S1S2,0.120088855991442,line-to-ground,POINT(-97.725348942923 30.4201009260433),1
p1ulv64470,S1S2,0.120088855991442,line-to-ground,POINT(-97.7252642565451 30.4202083743658),1
p1udt3267lv,S1S2,0.120088855991442,line-to-ground,POINT(-97.7264256937205 30.4205829485348),1
p1ulv22387,S1S2,0.120088855991442,line-to-ground,POINT(-97.7264971733602 30.4206715544413),1
p1udm11552,S1S2,0.120088855991442,line-to-ground,POINT(-97.7263614927028 30.4206972995743),1
p1ulv3505,S1S2,0.120088855991442,line-to-ground,POINT(-97.7261962230473 30.4205964347372),1
p1udm11553,S1S2,0.120088855991442,line-to-ground,POINT(-97.726489224164 30.4204819952127),1
p1ulv6650,S1S2,0.120088855991442,line-to-ground,POINT(-97.7263237203416 30.4203991741282),1
p1udm11555,S1S2,0.120088855991442,line-to-ground,POINT(-97.7272518155815 30.4218879876682),1
p1ulv3506,S1S2,0.120088855991442,line-to-ground,POINT(-97.7271780081817 30.421959451536),1
p1ulv35801,S1S2,0.120088855991442,line-to-ground,POINT(-97.727306208061 30.4217080592302),1
p1ulv37642,S1S2,0.120088855991442,line-to-ground,POINT(-97.7271981256068 30.4220137853057),1
p1udt3268lv,S1S2,0.120088855991442,line-to-ground,POINT(-97.7273417703563 30.4218713290929),1
p1udm11558,S1S2,0.120088855991442,line-to-ground,POINT(-97.7274176739949 30.4219437422647),1
p1ulv48341,S1S2,0.120088855991442,line-to-ground,POINT(-97.7274720662074 30.4217638137512),1
p1ulv57640,S1S2,0.120088855991442,line-to-ground,POINT(-97.7275342923344 30.4217824661945),1
p1udt3269lv,S1S2,0.120088855991442,line-to-ground,POINT(-97.7292013159647 30.4229902432902),1
p1ulv9764,S1S2,0.120088855991442,line-to-ground,POINT(-97.7290690179585 30.4230606285135),1
p1udm11560,S1S2,0.120088855991442,line-to-ground,POINT(-97.7292541796934 30.42323386696),1
p1ulv3507,S1S2,0.120088855991442,line-to-ground,POINT(-97.7290770891221 30.42324116586),1
p1udm11562,S1S2,0.120088855991442,line-to-ground,POINT(-97.7291742893243 30.4229714240127),1
p1ulv53351,S1S2,0.120088855991442,line-to-ground,POINT(-97.7293524317328 30.4228829287583),1
p1udt3270lv,S1S2,0.120088855991442,line-to-ground,POINT(-97.7293579437219 30.4245617591719),1
p1ulv3508,S1S2,0.120088855991442,line-to-ground,POINT(-97.7295380714488 30.4246261627011),1
p1ulv49565,S1S2,0.120088855991442,line-to-ground,POINT(-97.7292049398819 30.4246229199879),1
p1udm11564,S1S2,0.120088855991442,line-to-ground,POINT(-97.729359107439 30.4247778106897),1
p1ulv47122,S1S2,0.120088855991442,line-to-ground,POINT(-97.729210150119 30.4247464556873),1
p1ulv50169,S1S2,0.120088855991442,line-to-ground,POINT(-97.7295673150033 30.4247798372484),1
p1udm11567,S1S2,0.120088855991442,line-to-ground,POINT(-97.7293415608485 30.4245249976582),1
p1ulv54014,S1S2,0.120088855991442,line-to-ground,POINT(-97.729519238323 30.4244725894693),1
p1udm11568,S1S2,0.120088855991442,line-to-ground,POINT(-97.7293323198418 30.424434678334),1
p1ulv62580,S1S2,0.120088855991442,line-to-ground,POINT(-97.7291966345714 30.4244604262732),1
p1udm11572,S1S2,0.120088855991442,line-to-ground,POINT(-97.7286755217117 30.427712631097),1
p1ulv3510,S1S2,0.120088855991442,line-to-ground,POINT(-97.7287186855326 30.4275957533906),1
p1udt3272lv,S1S2,0.120088855991442,line-to-ground,POINT(-97.7287758923501 30.4276960730915),1
p1udm11573,S1S2,0.120088855991442,line-to-ground,POINT(-97.7288623291142 30.427759565117),1
p1ulv36428,S1S2,0.120088855991442,line-to-ground,POINT(-97.7288292250982 30.4279036096355),1
p1ulv62584,S1S2,0.120088855991442,line-to-ground,POINT(-97.72887449468 30.4276243396118),1
p1udt3277lv,S1S2,0.120088855991442,line-to-ground,POINT(-97.7166466869317 30.4271348068203),1
p1ulv54019,S1S2,0.120088855991442,line-to-ground,POINT(-97.7166700107957 30.4269545191642),1
p1udm11591,S1S2,0.120088855991442,line-to-ground,POINT(-97.7166986440738 30.4271533047381),1
p1ulv3515,S1S2,0.120088855991442,line-to-ground,POINT(-97.7168045213523 30.427019001962),1
p1udt3278lv,S1S2,0.120088855991442,line-to-ground,POINT(-97.717184613083 30.4274017590739),1
p1ulv3516,S1S2,0.120088855991442,line-to-ground,POINT(-97.7172596348084 30.4272490481118),1
p1ulv56456,S1S2,0.120088855991442,line-to-ground,POINT(-97.7170382965954 30.4274543997327),1
p1udm11594,S1S2,0.120088855991442,line-to-ground,POINT(-97.7172262779276 30.4274111327205),1
p1ulv42647,S1S2,0.120088855991442,line-to-ground,POINT(-97.7171796560915 30.4275161133483),1
p1udt3280lv,S1S2,0.120088855991442,line-to-ground,POINT(-97.7236757775072 30.412510693916),1
p1ulv3518,S1S2,0.120088855991442,line-to-ground,POINT(-97.723551230335 30.412639437187),1
p1ulv9775,S1S2,0.120088855991442,line-to-ground,POINT(-97.7237528765204 30.4123436512742),1
p1udt3281lv,S1S2,0.120088855991442,line-to-ground,POINT(-97.7254190150162 30.4134239849369),1
p1ulv3519,S1S2,0.120088855991442,line-to-ground,POINT(-97.7255743173018 30.4131735078522),1
p1udt3284lv,S1S2,0.120088855991442,line-to-ground,POINT(-97.7243660791027 30.4147745033605),1
p1ulv40193,S1S2,0.120088855991442,line-to-ground,POINT(-97.724221998801 30.414694201065),1
p1udm11607,S1S2,0.120088855991442,line-to-ground,POINT(-97.7243764952786 30.4148220318308),1
p1ulv3522,S1S2,0.120088855991442,line-to-ground,POINT(-97.7241996545355 30.4148112809558),1
p1ulv41430,S1S2,0.120088855991442,line-to-ground,POINT(-97.7245223428255 30.4148144338048),1
p1udm11608,S1S2,0.120088855991442,line-to-ground,POINT(-97.7244007168101 30.4145606031844),1
p1ulv19238,S1S2,0.120088855991442,line-to-ground,POINT(-97.7245770878325 30.4146074409579),1
p1udt3285lv,S1S2,0.120088855991442,line-to-ground,POINT(-97.7242937004429 30.415100284646),1
p1ulv38276,S1S2,0.120088855991442,line-to-ground,POINT(-97.7244870081837 30.4151298915441),1
p1udm11611,S1S2,0.120088855991442,line-to-ground,POINT(-97.7243302814279 30.4151734749851),1
p1ulv3523,S1S2,0.120088855991442,line-to-ground,POINT(-97.7241534400598 30.4151627240301),1
p1ulv15990,S1S2,0.120088855991442,line-to-ground,POINT(-97.7244865388378 30.4151659787224),1
p1udm11615,S1S2,0.120088855991442,line-to-ground,POINT(-97.7243176423935 30.4153447873591),1
p1ulv58847,S1S2,0.120088855991442,line-to-ground,POINT(-97.7244215012688 30.4153638480044),1
p1udm11614,S1S2,0.120088855991442,line-to-ground,POINT(-97.7240383876547 30.414403672649),1
p1ulv52751,S1S2,0.120088855991442,line-to-ground,POINT(-97.7239331212673 30.4144928732505),1
p1udt3286lv,S1S2,0.120088855991442,line-to-ground,POINT(-97.7270867854489 30.4154338714603),1
p1ulv3524,S1S2,0.120088855991442,line-to-ground,POINT(-97.7272934324892 30.4154730822998),1
p1ulv16658,S1S2,0.120088855991442,line-to-ground,POINT(-97.7269395135441 30.4154696317374),1
p1udm11619,S1S2,0.120088855991442,line-to-ground,POINT(-97.7271084055592 30.4152908195817),1
p1ulv23066,S1S2,0.120088855991442,line-to-ground,POINT(-97.7268687560215 30.4153065287615),1
p1ulv54021,S1S2,0.120088855991442,line-to-ground,POINT(-97.7272857159521 30.4152654793321),1
p1udm11621,S1S2,0.120088855991442,line-to-ground,POINT(-97.7271350669711 30.4156429743742),1
p1ulv64487,S1S2,0.120088855991442,line-to-ground,POINT(-97.7273119096832 30.4156537213229),1
p1udm11618,S1S2,0.120088855991442,line-to-ground,POINT(-97.727144305425 30.4157332938917),1
p1ulv22398,S1S2,0.120088855991442,line-to-ground,POINT(-97.7269883985194 30.4157137279077),1
p1udt3288lv,S1S2,0.120088855991442,line-to-ground,POINT(-97.7272657840329 30.4176225942011),1
p1ulv47138,S1S2,0.120088855991442,line-to-ground,POINT(-97.7270679005266 30.4176093211822),1
p1udm11626,S1S2,0.120088855991442,line-to-ground,POINT(-97.7272015860487 30.4177369457873),1
p1ulv3526,S1S2,0.120088855991442,line-to-ground,POINT(-97.7273770275439 30.4178559543628),1
p1ulv31284,S1S2,0.120088855991442,line-to-ground,POINT(-97.7270360861366 30.4176541256867),1
p1udm11628,S1S2,0.120088855991442,line-to-ground,POINT(-97.7273397211924 30.4175217418221),1
p1ulv32573,S1S2,0.120088855991442,line-to-ground,POINT(-97.7271530510279 30.4174657843248),1
p1udt3292lv,S1S2,0.120088855991442,line-to-ground,POINT(-97.7285413889658 30.4200874536414),1
p1ulv36445,S1S2,0.120088855991442,line-to-ground,POINT(-97.7285330241386 30.4199577045627),1
p1udm11640,S1S2,0.120088855991442,line-to-ground,POINT(-97.7286278190489 30.4201509456997),1
p1ulv3530,S1S2,0.120088855991442,line-to-ground,POINT(-97.728640334528 30.4199886546376),1
p1udm11642,S1S2,0.120088855991442,line-to-ground,POINT(-97.7284304992595 30.4201129321109),1
p1ulv40201,S1S2,0.120088855991442,line-to-ground,POINT(-97.7284638347804 30.4199508438639),1
p1udt3295lv,S1S2,0.120088855991442,line-to-ground,POINT(-97.7184887774873 30.4160456882144),1
p1ulv3534,S1S2,0.120088855991442,line-to-ground,POINT(-97.7186030677791 30.4160738200643),1
p1ulv47143,S1S2,0.120088855991442,line-to-ground,POINT(-97.7183337201079 30.4159719239377),1
p1udm11650,S1S2,0.120088855991442,line-to-ground,POINT(-97.7184587507844 30.4159641283711),1
p1ulv47741,S1S2,0.120088855991442,line-to-ground,POINT(-97.7186355926767 30.4159748870634),1
p1udm11651,S1S2,0.120088855991442,line-to-ground,POINT(-97.7180609530043 30.416131658621),1
p1ulv55249,S1S2,0.120088855991442,line-to-ground,POINT(-97.7181389141636 30.4160179621641),1
p1udm11654,S1S2,0.120088855991442,line-to-ground,POINT(-97.7230843856849 30.4181117957966),1
p1ulv3537,S1S2,0.120088855991442,line-to-ground,POINT(-97.7231794821337 30.4180044506803),1
p1ulv7307,S1S2,0.120088855991442,line-to-ground,POINT(-97.7230308101641 30.4182285699122),1
p1udt3297lv,S1S2,0.120088855991442,line-to-ground,POINT(-97.723042841611 30.4180934023186),1
p1udm11657,S1S2,0.120088855991442,line-to-ground,POINT(-97.7229084791928 30.4180288687314),1
p1ulv40204,S1S2,0.120088855991442,line-to-ground,POINT(-97.7230038107172 30.417903480174),1
p1ulv58859,S1S2,0.120088855991442,line-to-ground,POINT(-97.7228444938671 30.4181455409363),1
p1udm11655,S1S2,0.120088855991442,line-to-ground,POINT(-97.7227248661389 30.4177383385454),1
p1ulv5359,S1S2,0.120088855991442,line-to-ground,POINT(-97.7228280221661 30.4178115312251),1
p1udm11659,S1S2,0.120088855991442,line-to-ground,POINT(-97.7160650184202 30.4198836267517),1
p1ulv3538,S1S2,0.120088855991442,line-to-ground,POINT(-97.7159411640772 30.4198012022931),1
p1ulv65128,S1S2,0.120088855991442,line-to-ground,POINT(-97.7161888729733 30.4199660510977),1
p1udt3298lv,S1S2,0.120088855991442,line-to-ground,POINT(-97.7161615673907 30.4198214004583),1
p1udm11660,S1S2,0.120088855991442,line-to-ground,POINT(-97.7161500687347 30.4197491193967),1
p1ulv38951,S1S2,0.120088855991442,line-to-ground,POINT(-97.7162948609077 30.4198227266294),1
p1udm11661,S1S2,0.120088855991442,line-to-ground,POINT(-97.7162243546822 30.419641574887),1
p1ulv50845,S1S2,0.120088855991442,line-to-ground,POINT(-97.7161107921396 30.4195682747177),1
p1udt3300lv,S1S2,0.120088855991442,line-to-ground,POINT(-97.7089980146301 30.4247758789616),1
p1ulv26250,S1S2,0.120088855991442,line-to-ground,POINT(-97.709079079758 30.4246329636374),1
p1udm11666,S1S2,0.120088855991442,line-to-ground,POINT(-97.7091288740647 30.424804891204),1
p1ulv24993,S1S2,0.120088855991442,line-to-ground,POINT(-97.7091929988961 30.4246792047055),1
p1udm11665,S1S2,0.120088855991442,line-to-ground,POINT(-97.7092220916043 30.4248419046241),1
p1ulv3540,S1S2,0.120088855991442,line-to-ground,POINT(-97.709178430953 30.4249948622058),1
p1udm11668,S1S2,0.120088855991442,line-to-ground,POINT(-97.7089529683029 30.4247219454068),1
p1ulv35826,S1S2,0.120088855991442,line-to-ground,POINT(-97.708867903716 30.4248564475637),1
p1udm11677,S1S2,0.120088855991442,line-to-ground,POINT(-97.7113202694411 30.427596575346),1
p1ulv3543,S1S2,0.120088855991442,line-to-ground,POINT(-97.7114292424757 30.4275012353854),1
p1ulv29428,S1S2,0.120088855991442,line-to-ground,POINT(-97.7112252692432 30.4276948892979),1
p1udt3303lv,S1S2,0.120088855991442,line-to-ground,POINT(-97.7114955675496 30.4277156624001),1
p1udm11679,S1S2,0.120088855991442,line-to-ground,POINT(-97.711577925718 30.4277976227611),1
p1ulv35828,S1S2,0.120088855991442,line-to-ground,POINT(-97.7116939840522 30.4276814705919),1
p1ulv55863,S1S2,0.120088855991442,line-to-ground,POINT(-97.711420461754 30.4278953202576),1
p1udt3767lv,S1S2,0.120088855991442,line-to-ground,POINT(-97.718247211192 30.4305843258592),1
p1ulv62571,S1S2,0.120088855991442,line-to-ground,POINT(-97.7182069005794 30.4307259880748),1
p1udm13296,S1S2,0.120088855991442,line-to-ground,POINT(-97.7181950506496 30.4305606231986),1
p1ulv4097,S1S2,0.120088855991442,line-to-ground,POINT(-97.71830104776 30.4304172975718),1
p1udm13298,S1S2,0.120088855991442,line-to-ground,POINT(-97.7180112969508 30.4306145800395),1
p1ulv30642,S1S2,0.120088855991442,line-to-ground,POINT(-97.7181664135912 30.430361837939),1
p1udm13297,S1S2,0.120088855991442,line-to-ground,POINT(-97.7183813859567 30.4306436592198),1
p1ulv15967,S1S2,0.120088855991442,line-to-ground,POINT(-97.7183380904806 30.4307695548151),1
p1ulv60663,S1S2,0.120088855991442,line-to-ground,POINT(-97.7184354461549 30.4304908005736),1
p1ulv61297,S1S2,0.120088855991442,line-to-ground,POINT(-97.7184767360306 30.4305182747216),1
p1udm13302,S1S2,0.120088855991442,line-to-ground,POINT(-97.7158343676916 30.4303389141003),1
p1ulv4098,S1S2,0.120088855991442,line-to-ground,POINT(-97.7157701290618 30.4304736256367),1
p1ulv4724,S1S2,0.120088855991442,line-to-ground,POINT(-97.7158984879415 30.4302132242679),1
p1udt3768lv,S1S2,0.120088855991442,line-to-ground,POINT(-97.7157009258164 30.4302733363265),1
p1udm13304,S1S2,0.120088855991442,line-to-ground,POINT(-97.7151957541899 30.4306033164506),1
p1ulv35147,S1S2,0.120088855991442,line-to-ground,POINT(-97.7153094467432 30.4306675959014),1
p1udt3769lv,S1S2,0.120088855991442,line-to-ground,POINT(-97.7157360873433 30.4351804096993),1
p1ulv4099,S1S2,0.120088855991442,line-to-ground,POINT(-97.7154600790537 30.4350632317727),1
p1udt3770lv,S1S2,0.120088855991442,line-to-ground,POINT(-97.7148616877193 30.4360666340715),1
p1ulv4100,S1S2,0.120088855991442,line-to-ground,POINT(-97.7146578065372 30.4358944622772),1
p1udt3773lv,S1S2,0.120088855991442,line-to-ground,POINT(-97.7101953704428 30.4304913478687),1
p1ulv12260,S1S2,0.120088855991442,line-to-ground,POINT(-97.7102212311574 30.4304098870695),1
p1udm13312,S1S2,0.120088855991442,line-to-ground,POINT(-97.7103642534451 30.4306188269369),1
p1ulv4104,S1S2,0.120088855991442,line-to-ground,POINT(-97.7102793040482 30.4307443080809),1
p1ulv57044,S1S2,0.120088855991442,line-to-ground,POINT(-97.7104282621032 30.4305021617281),1
p1udm13314,S1S2,0.120088855991442,line-to-ground,POINT(-97.7100952317947 30.4304898479594),1
p1ulv14726,S1S2,0.120088855991442,line-to-ground,POINT(-97.7099926666132 30.4306450596265),1
p1ulv45224,S1S2,0.120088855991442,line-to-ground,POINT(-97.7100306290579 30.430651621604),1
p1udm13354,S1S2,0.120088855991442,line-to-ground,POINT(-97.7136121584819 30.4259138534966),1
p1ulv4118,S1S2,0.120088855991442,line-to-ground,POINT(-97.7136838477115 30.4260047890581),1
p1udt3785lv,S1S2,0.120088855991442,line-to-ground,POINT(-97.7134192611893 30.4260297604309),1
p1udm13355,S1S2,0.120088855991442,line-to-ground,POINT(-97.7132770114973 30.4260639396007),1
p1ulv26896,S1S2,0.120088855991442,line-to-ground,POINT(-97.7131304361908 30.4261256549794),1
p1udt3786lv,S1S2,0.120088855991442,line-to-ground,POINT(-97.7184963289013 30.4266618049643),1
p1ulv4119,S1S2,0.120088855991442,line-to-ground,POINT(-97.7183715325377 30.4266193434273),1
p1ulv33245,S1S2,0.120088855991442,line-to-ground,POINT(-97.7184136464484 30.4265836652632),1
p1udm13358,S1S2,0.120088855991442,line-to-ground,POINT(-97.7184841612699 30.4267648158934),1
p1ulv47731,S1S2,0.120088855991442,line-to-ground,POINT(-97.7186079084873 30.4268562599236),1
p1udt3788lv,S1S2,0.120088855991442,line-to-ground,POINT(-97.7242005005144 30.4160763994338),1
p1ulv19883,S1S2,0.120088855991442,line-to-ground,POINT(-97.7242778472091 30.416003073124),1
p1udm13361,S1S2,0.120088855991442,line-to-ground,POINT(-97.7242747958389 30.4162376397286),1
p1ulv4122,S1S2,0.120088855991442,line-to-ground,POINT(-97.7241485913349 30.4163356587873),1
p1ulv55850,S1S2,0.120088855991442,line-to-ground,POINT(-97.7244110574877 30.4161667876233),1
p1udm13364,S1S2,0.120088855991442,line-to-ground,POINT(-97.724090242802 30.4160192857033),1
p1ulv24981,S1S2,0.120088855991442,line-to-ground,POINT(-97.7239848572827 30.4161175080685),1
p1udm13363,S1S2,0.120088855991442,line-to-ground,POINT(-97.7240392521038 30.4159375809162),1
p1ulv23696,S1S2,0.120088855991442,line-to-ground,POINT(-97.723892463706 30.4160173526832),1
p1udt3790lv,S1S2,0.120088855991442,line-to-ground,POINT(-97.7244050146893 30.4174209757881),1
p1ulv22401,S1S2,0.120088855991442,line-to-ground,POINT(-97.7241988416011 30.4172745354244),1
p1udm13369,S1S2,0.120088855991442,line-to-ground,POINT(-97.7244477322615 30.4173491509203),1
p1ulv14141,S1S2,0.120088855991442,line-to-ground,POINT(-97.7243562759522 30.4171768215045),1
p1udm13372,S1S2,0.120088855991442,line-to-ground,POINT(-97.7245210686215 30.417313775672),1
p1ulv36443,S1S2,0.120088855991442,line-to-ground,POINT(-97.7245612988054 30.4174224439648),1
p1udm13371,S1S2,0.120088855991442,line-to-ground,POINT(-97.7242902977141 30.4174468649427),1
p1ulv30670,S1S2,0.120088855991442,line-to-ground,POINT(-97.7244007711905 30.4174812000159),1
p1udm13368,S1S2,0.120088855991442,line-to-ground,POINT(-97.7241640916227 30.4175448839547),1
p1ulv4124,S1S2,0.120088855991442,line-to-ground,POINT(-97.7240714617973 30.4174627722539),1
p1udt3791lv,S1S2,0.120088855991442,line-to-ground,POINT(-97.7266504358677 30.4185217117149),1
p1ulv4125,S1S2,0.120088855991442,line-to-ground,POINT(-97.7268916738413 30.4186300312746),1
p1udm13374,S1S2,0.120088855991442,line-to-ground,POINT(-97.726787059765 30.4183915784589),1
p1ulv9149,S1S2,0.120088855991442,line-to-ground,POINT(-97.7269736143203 30.4184565583149),1
p1udm13375,S1S2,0.120088855991442,line-to-ground,POINT(-97.7265957019867 30.418696492034),1
p1ulv34532,S1S2,0.120088855991442,line-to-ground,POINT(-97.7267161188679 30.4187670139314),1
p1ulv47736,S1S2,0.120088855991442,line-to-ground,POINT(-97.7264507861053 30.4186319178397),1
p1udt3793lv,S1S2,0.120088855991442,line-to-ground,POINT(-97.7287548659487 30.4193360420661),1
p1ulv32578,S1S2,0.120088855991442,line-to-ground,POINT(-97.7286261825106 30.4194742091198),1
p1udm13380,S1S2,0.120088855991442,line-to-ground,POINT(-97.7285920747688 30.4193626691834),1
p1ulv4127,S1S2,0.120088855991442,line-to-ground,POINT(-97.7285629047682 30.4195367534523),1
p1udm13382,S1S2,0.120088855991442,line-to-ground,POINT(-97.7287524044058 30.419435060637),1
p1ulv56465,S1S2,0.120088855991442,line-to-ground,POINT(-97.7288236180687 30.4195032005783),1
p1udt3794lv,S1S2,0.120088855991442,line-to-ground,POINT(-97.7291822575304 30.4202639700626),1
p1ulv4128,S1S2,0.120088855991442,line-to-ground,POINT(-97.7292325277687 30.4200846499487),1
p1udm13385,S1S2,0.120088855991442,line-to-ground,POINT(-97.7290267984701 30.4202054494106),1
p1ulv60046,S1S2,0.120088855991442,line-to-ground,POINT(-97.7290210557991 30.4203352336356),1
p1udm13386,S1S2,0.120088855991442,line-to-ground,POINT(-97.7293239952981 30.4202569761933),1
p1ulv63210,S1S2,0.120088855991442,line-to-ground,POINT(-97.7292807188335 30.4203828761444),1
p1udm13384,S1S2,0.120088855991442,line-to-ground,POINT(-97.7296236614759 30.4204313285868),1
p1ulv43962,S1S2,0.120088855991442,line-to-ground,POINT(-97.7294572197094 30.420420685842),1
p1udt3795lv,S1S2,0.120088855991442,line-to-ground,POINT(-97.7233736692284 30.415115131517),1
p1ulv35817,S1S2,0.120088855991442,line-to-ground,POINT(-97.723571574114 30.4150758301523),1
p1ulv62608,S1S2,0.120088855991442,line-to-ground,POINT(-97.723316308882 30.415214865146),1
p1udm13387,S1S2,0.120088855991442,line-to-ground,POINT(-97.7231893655249 30.4148465193925),1
p1ulv4129,S1S2,0.120088855991442,line-to-ground,POINT(-97.7233464445268 30.4147758719455),1
p1udm13388,S1S2,0.120088855991442,line-to-ground,POINT(-97.7234657194186 30.4152101392904),1
p1ulv18580,S1S2,0.120088855991442,line-to-ground,POINT(-97.7233294584798 30.4152809904374),1
p1ulv22397,S1S2,0.120088855991442,line-to-ground,POINT(-97.7236023324172 30.4151122226202),1
p1udt3796lv,S1S2,0.120088855991442,line-to-ground,POINT(-97.7181586051159 30.4153469732179),1
p1ulv60070,S1S2,0.120088855991442,line-to-ground,POINT(-97.7182400025186 30.4151769860787),1
p1udm13394,S1S2,0.120088855991442,line-to-ground,POINT(-97.7183002181872 30.4153490129061),1
p1ulv30049,S1S2,0.120088855991442,line-to-ground,POINT(-97.718225584162 30.4154836241406),1
p1udm13396,S1S2,0.120088855991442,line-to-ground,POINT(-97.7186845384057 30.4154159457687),1
p1ulv45247,S1S2,0.120088855991442,line-to-ground,POINT(-97.7187388245655 30.4152450428472),1
p1udm13395,S1S2,0.120088855991442,line-to-ground,POINT(-97.7181029125886 30.4153109840675),1
p1ulv41436,S1S2,0.120088855991442,line-to-ground,POINT(-97.718059270493 30.4154639453568),1
p1udm13392,S1S2,0.120088855991442,line-to-ground,POINT(-97.7179989372546 30.4153009402028),1
p1ulv4130,S1S2,0.120088855991442,line-to-ground,POINT(-97.7180633979805 30.4151481833478),1
p1udm13393,S1S2,0.120088855991442,line-to-ground,POINT(-97.7179054892115 30.4152819767059),1
p1ulv24987,S1S2,0.120088855991442,line-to-ground,POINT(-97.7178825475584 30.4154441641402),1
p1udt3797lv,S1S2,0.120088855991442,line-to-ground,POINT(-97.7209014383723 30.41497686495),1
p1ulv4131,S1S2,0.120088855991442,line-to-ground,POINT(-97.7208646808944 30.4150854294263),1
p1ulv57655,S1S2,0.120088855991442,line-to-ground,POINT(-97.7210344065706 30.4148434729379),1
p1udm13399,S1S2,0.120088855991442,line-to-ground,POINT(-97.7208563896366 30.414922935366),1
p1ulv7927,S1S2,0.120088855991442,line-to-ground,POINT(-97.7208026957089 30.4150487303785),1
p1udt3799lv,S1S2,0.120088855991442,line-to-ground,POINT(-97.7178032304617 30.4175187172891),1
p1ulv19893,S1S2,0.120088855991442,line-to-ground,POINT(-97.7178153139798 30.4174014791829),1
p1ulv57077,S1S2,0.120088855991442,line-to-ground,POINT(-97.71769833155 30.417589811669),1
p1udm13403,S1S2,0.120088855991442,line-to-ground,POINT(-97.7178303239173 30.4170497324568),1
p1ulv4133,S1S2,0.120088855991442,line-to-ground,POINT(-97.7179857589197 30.4171053964598),1
p1udt3801lv,S1S2,0.120088855991442,line-to-ground,POINT(-97.7099239471982 30.4295761931733),1
p1ulv4136,S1S2,0.120088855991442,line-to-ground,POINT(-97.7100364850831 30.4294155426817),1
p1udm13411,S1S2,0.120088855991442,line-to-ground,POINT(-97.7098790169922 30.4295132381757),1
p1ulv23075,S1S2,0.120088855991442,line-to-ground,POINT(-97.7099430254463 30.4293965731814),1
p1udm13412,S1S2,0.120088855991442,line-to-ground,POINT(-97.7101480357091 30.4296422175324),1
p1ulv49556,S1S2,0.120088855991442,line-to-ground,POINT(-97.7100215623562 30.4297582652803),1
p1udt3802lv,S1S2,0.120088855991442,line-to-ground,POINT(-97.7104912033618 30.429861455252),1
p1ulv47114,S1S2,0.120088855991442,line-to-ground,POINT(-97.7104563245414 30.4299520422849),1
p1udm13414,S1S2,0.120088855991442,line-to-ground,POINT(-97.7104066443181 30.4297710934902),1
p1ulv15369,S1S2,0.120088855991442,line-to-ground,POINT(-97.7104498306972 30.4296542225124),1
p1udm13413,S1S2,0.120088855991442,line-to-ground,POINT(-97.7103239512161 30.429725161941),1
p1ulv4137,S1S2,0.120088855991442,line-to-ground,POINT(-97.7103878405951 30.4296175184456),1
p1ulv54010,S1S2,0.120088855991442,line-to-ground,POINT(-97.7102288291837 30.429832496772),1
p1udm13415,S1S2,0.120088855991442,line-to-ground,POINT(-97.710758357886 30.4299460031288),1
p1ulv23669,S1S2,0.120088855991442,line-to-ground,POINT(-97.7106839391405 30.43006256569),1
p1udt3803lv,S1S2,0.120088855991442,line-to-ground,POINT(-97.7089776062162 30.4299555286908),1
p1ulv4138,S1S2,0.120088855991442,line-to-ground,POINT(-97.7089905341811 30.4297751399311),1
p1ulv63206,S1S2,0.120088855991442,line-to-ground,POINT(-97.7088723309888 30.4300536804343),1
p1udm15098,S1S2,0.120088855991442,line-to-ground,POINT(-97.7163828378564 30.4305969506592),1
p1ulv4725,S1S2,0.120088855991442,line-to-ground,POINT(-97.7164158429565 30.430461931649),1
p1ulv5998,S1S2,0.120088855991442,line-to-ground,POINT(-97.7163288925842 30.430740786615),1
p1udt4289lv,S1S2,0.120088855991442,line-to-ground,POINT(-97.7162810695796 30.430604270006),1
p1udm15100,S1S2,0.120088855991442,line-to-ground,POINT(-97.7161965044388 30.4305139118346),1
p1ulv13488,S1S2,0.120088855991442,line-to-ground,POINT(-97.7161220915867 30.4306304776604),1
p1udm15101,S1S2,0.120088855991442,line-to-ground,POINT(-97.7161033969412 30.4304678814537),1
p1ulv49555,S1S2,0.120088855991442,line-to-ground,POINT(-97.7161985133458 30.4303605421838),1
p1udt4290lv,S1S2,0.120088855991442,line-to-ground,POINT(-97.7180701339462 30.4313856256705),1
p1ulv39541,S1S2,0.120088855991442,line-to-ground,POINT(-97.718036670977 30.4315245189374),1
p1udm15103,S1S2,0.120088855991442,line-to-ground,POINT(-97.7182974191281 30.4314909881643),1
p1ulv8507,S1S2,0.120088855991442,line-to-ground,POINT(-97.7183821231915 30.4313835450402),1
p1udm15104,S1S2,0.120088855991442,line-to-ground,POINT(-97.7183905286699 30.43153701703),1
p1ulv26220,S1S2,0.120088855991442,line-to-ground,POINT(-97.7182640622425 30.4316530729433),1
p1udm15106,S1S2,0.120088855991442,line-to-ground,POINT(-97.7180283840609 30.431362025191),1
p1ulv50159,S1S2,0.120088855991442,line-to-ground,POINT(-97.7181130882958 30.4312545822447),1
p1udm15102,S1S2,0.120088855991442,line-to-ground,POINT(-97.717935156847 30.4313250178244),1
p1ulv4726,S1S2,0.120088855991442,line-to-ground,POINT(-97.7178605093272 30.4314596281664),1
p1udt4291lv,S1S2,0.120088855991442,line-to-ground,POINT(-97.7167053558729 30.4325213517107),1
p1ulv4727,S1S2,0.120088855991442,line-to-ground,POINT(-97.7167207604059 30.4326214045055),1
p1udm15109,S1S2,0.120088855991442,line-to-ground,POINT(-97.7165776033927 30.4324214929381),1
p1ulv15968,S1S2,0.120088855991442,line-to-ground,POINT(-97.7165235391457 30.432574350657),1
p1udm15110,S1S2,0.120088855991442,line-to-ground,POINT(-97.7162154590044 30.4322464960899),1
p1ulv17916,S1S2,0.120088855991442,line-to-ground,POINT(-97.716150628618 30.4324263164611),1
p1udm15112,S1S2,0.120088855991442,line-to-ground,POINT(-97.7168363462623 30.4325413348092),1
p1ulv48975,S1S2,0.120088855991442,line-to-ground,POINT(-97.716914322593 30.432427639777),1
p1udm15108,S1S2,0.120088855991442,line-to-ground,POINT(-97.716929574171 30.4325783429754),1
p1ulv10986,S1S2,0.120088855991442,line-to-ground,POINT(-97.7168446312239 30.432703828549),1
p1udm15111,S1S2,0.120088855991442,line-to-ground,POINT(-97.7170122728861 30.4326242704768),1
p1ulv38252,S1S2,0.120088855991442,line-to-ground,POINT(-97.7170866863031 30.4325077041911),1
p1udt4292lv,S1S2,0.120088855991442,line-to-ground,POINT(-97.7137145141717 30.433707814268),1
p1ulv4728,S1S2,0.120088855991442,line-to-ground,POINT(-97.7138145015858 30.4335041091443),1
p1udm15144,S1S2,0.120088855991442,line-to-ground,POINT(-97.7144781168928 30.4265720341359),1
p1ulv7297,S1S2,0.120088855991442,line-to-ground,POINT(-97.7146475377489 30.4266306761525),1
p1udm15143,S1S2,0.120088855991442,line-to-ground,POINT(-97.7144667598879 30.4266441055538),1
p1ulv4742,S1S2,0.120088855991442,line-to-ground,POINT(-97.714321249331 30.4266246265754),1
p1udt4301lv,S1S2,0.120088855991442,line-to-ground,POINT(-97.7145315669287 30.4264553214546),1
p1udm15145,S1S2,0.120088855991442,line-to-ground,POINT(-97.714587308883 30.4261851243824),1
p1ulv19234,S1S2,0.120088855991442,line-to-ground,POINT(-97.7144215696174 30.4261203317754),1
p1udt4302lv,S1S2,0.120088855991442,line-to-ground,POINT(-97.7135071448566 30.4272667648655),1
p1ulv4743,S1S2,0.120088855991442,line-to-ground,POINT(-97.7133809678983 30.4273884954552),1
p1udm15148,S1S2,0.120088855991442,line-to-ground,POINT(-97.7135721578168 30.4273751702065),1
p1ulv9768,S1S2,0.120088855991442,line-to-ground,POINT(-97.7136672737924 30.4272678327254),1
p1udm15147,S1S2,0.120088855991442,line-to-ground,POINT(-97.7136442032013 30.4274390405819),1
p1ulv6012,S1S2,0.120088855991442,line-to-ground,POINT(-97.7135283842162 30.4275371510869),1
p1ulv27539,S1S2,0.120088855991442,line-to-ground,POINT(-97.713707850638 30.4273494387559),1
p1udm15150,S1S2,0.120088855991442,line-to-ground,POINT(-97.7133559038093 30.4271925805926),1
p1ulv46537,S1S2,0.120088855991442,line-to-ground,POINT(-97.7134928988711 30.4270676102297),1
p1udt4304lv,S1S2,0.120088855991442,line-to-ground,POINT(-97.7180239387972 30.4286731388996),1
p1ulv43976,S1S2,0.120088855991442,line-to-ground,POINT(-97.7181070785037 30.4285296042401),1
p1ulv61311,S1S2,0.120088855991442,line-to-ground,POINT(-97.7179270280111 30.4287624315306),1
p1udm15152,S1S2,0.120088855991442,line-to-ground,POINT(-97.7178872731116 30.4286176744435),1
p1ulv4745,S1S2,0.120088855991442,line-to-ground,POINT(-97.717972447005 30.4284741444688),1
p1udm15153,S1S2,0.120088855991442,line-to-ground,POINT(-97.7180631937612 30.4287006085668),1
p1ulv17276,S1S2,0.120088855991442,line-to-ground,POINT(-97.7179786097865 30.4287990298306),1
p1udt4305lv,S1S2,0.120088855991442,line-to-ground,POINT(-97.7165338610379 30.4289195255774),1
p1ulv28175,S1S2,0.120088855991442,line-to-ground,POINT(-97.7166673271266 30.4287500520115),1
p1udm15156,S1S2,0.120088855991442,line-to-ground,POINT(-97.7164268166609 30.4288288932308),1
p1ulv4746,S1S2,0.120088855991442,line-to-ground,POINT(-97.7165224035927 30.4286854666524),1
p1udm15158,S1S2,0.120088855991442,line-to-ground,POINT(-97.716664846599 30.4289395087201),1
p1ulv45240,S1S2,0.120088855991442,line-to-ground,POINT(-97.7166008463408 30.4290561772575),1
p1udt4307lv,S1S2,0.120088855991442,line-to-ground,POINT(-97.7236974692146 30.4135613043914),1
p1ulv33887,S1S2,0.120088855991442,line-to-ground,POINT(-97.7234971478272 30.4135953402845),1
p1udm15163,S1S2,0.120088855991442,line-to-ground,POINT(-97.7235902869369 30.4137380012767),1
p1ulv4748,S1S2,0.120088855991442,line-to-ground,POINT(-97.7237978397642 30.4136885092082),1
p1udm15164,S1S2,0.120088855991442,line-to-ground,POINT(-97.7236408802463 30.4137501354752),1
p1ulv21193,S1S2,0.120088855991442,line-to-ground,POINT(-97.7234429883343 30.413757223697),1
p1udm15165,S1S2,0.120088855991442,line-to-ground,POINT(-97.7237066225859 30.4134981357843),1
p1ulv28795,S1S2,0.120088855991442,line-to-ground,POINT(-97.7235338163064 30.4134541678592),1
p1ulv47134,S1S2,0.120088855991442,line-to-ground,POINT(-97.7238307107554 30.4135625093223),1
p1udt4308lv,S1S2,0.120088855991442,line-to-ground,POINT(-97.7275122462887 30.4175600255921),1
p1ulv4749,S1S2,0.120088855991442,line-to-ground,POINT(-97.7274939920472 30.4176676126893),1
p1ulv57652,S1S2,0.120088855991442,line-to-ground,POINT(-97.7276007806175 30.4174611258341),1
p1udt4309lv,S1S2,0.120088855991442,line-to-ground,POINT(-97.7261865326569 30.4186673300693),1
p1ulv42653,S1S2,0.120088855991442,line-to-ground,POINT(-97.7261155656428 30.4187910601418),1
p1udm15170,S1S2,0.120088855991442,line-to-ground,POINT(-97.7260446901104 30.4186369785663),1
p1ulv4750,S1S2,0.120088855991442,line-to-ground,POINT(-97.726129960235 30.4184844206707),1
p1udm15173,S1S2,0.120088855991442,line-to-ground,POINT(-97.7259515887912 30.4185909553193),1
p1ulv59472,S1S2,0.120088855991442,line-to-ground,POINT(-97.7260678536766 30.4184567458202),1
p1udm15171,S1S2,0.120088855991442,line-to-ground,POINT(-97.726220600487 30.4187199015038),1
p1ulv34533,S1S2,0.120088855991442,line-to-ground,POINT(-97.7261569701594 30.4188095100336),1
p1udt4310lv,S1S2,0.120088855991442,line-to-ground,POINT(-97.7233117242375 30.4191234833842),1
p1ulv29425,S1S2,0.120088855991442,line-to-ground,POINT(-97.7232978929195 30.4193049112437),1
p1ulv63840,S1S2,0.120088855991442,line-to-ground,POINT(-97.7234682076531 30.419017842853),1
p1udm15174,S1S2,0.120088855991442,line-to-ground,POINT(-97.7234450391535 30.4191980749827),1
p1ulv4751,S1S2,0.120088855991442,line-to-ground,POINT(-97.7235306661081 30.4190184535698),1
p1udt4314lv,S1S2,0.120088855991442,line-to-ground,POINT(-97.7221406481618 30.4147911291206),1
p1ulv24374,S1S2,0.120088855991442,line-to-ground,POINT(-97.7222578542902 30.4147048983752),1
p1udm15185,S1S2,0.120088855991442,line-to-ground,POINT(-97.7220459888422 30.4147090115496),1
p1ulv4755,S1S2,0.120088855991442,line-to-ground,POINT(-97.7219404852268 30.4148162540515),1
p1udm15186,S1S2,0.120088855991442,line-to-ground,POINT(-97.7221588452346 30.4148364372954),1
p1ulv15997,S1S2,0.120088855991442,line-to-ground,POINT(-97.7223166301207 30.4147116603842),1
p1udt4315lv,S1S2,0.120088855991442,line-to-ground,POINT(-97.7169285474521 30.4159401347193),1
p1ulv4757,S1S2,0.120088855991442,line-to-ground,POINT(-97.7168021225886 30.4160651544203),1
p1ulv29419,S1S2,0.120088855991442,line-to-ground,POINT(-97.7169099937991 30.4157774809542),1
p1udm15191,S1S2,0.120088855991442,line-to-ground,POINT(-97.7169807348603 30.4159405888535),1
p1ulv35166,S1S2,0.120088855991442,line-to-ground,POINT(-97.7170448435398 30.4158148978757),1
p1udm15192,S1S2,0.120088855991442,line-to-ground,POINT(-97.7168044835301 30.4158847190941),1
p1ulv54653,S1S2,0.120088855991442,line-to-ground,POINT(-97.7167610752384 30.4160196363387),1
p1udm15189,S1S2,0.120088855991442,line-to-ground,POINT(-97.7167216806869 30.4158478135195),1
p1ulv5357,S1S2,0.120088855991442,line-to-ground,POINT(-97.7168167816353 30.4157404731388),1
p1udt4316lv,S1S2,0.120088855991442,line-to-ground,POINT(-97.7140115058902 30.418185661692),1
p1ulv40205,S1S2,0.120088855991442,line-to-ground,POINT(-97.7139224991854 30.4181301370967),1
p1udm15193,S1S2,0.120088855991442,line-to-ground,POINT(-97.7139308973252 30.418283609445),1
p1ulv4758,S1S2,0.120088855991442,line-to-ground,POINT(-97.7137968738758 30.4181830369891),1
p1udm15196,S1S2,0.120088855991442,line-to-ground,POINT(-97.714078051789 30.4181767839762),1
p1ulv46551,S1S2,0.120088855991442,line-to-ground,POINT(-97.7139443832845 30.4180491464097),1
p1udm15194,S1S2,0.120088855991442,line-to-ground,POINT(-97.7141409826878 30.4181413121541),1
p1ulv28805,S1S2,0.120088855991442,line-to-ground,POINT(-97.7142332496646 30.4182504959364),1
p1udm15197,S1S2,0.120088855991442,line-to-ground,POINT(-97.7158138712923 30.4191863915996),1
p1ulv4759,S1S2,0.120088855991442,line-to-ground,POINT(-97.7157394671069 30.4193029576379),1
p1ulv14153,S1S2,0.120088855991442,line-to-ground,POINT(-97.715846872729 30.4190513724154),1
p1udm15200,S1S2,0.120088855991442,line-to-ground,POINT(-97.7159072044217 30.4192143784365),1
p1ulv52102,S1S2,0.120088855991442,line-to-ground,POINT(-97.7158843764556 30.4193675435449),1
p1udt4317lv,S1S2,0.120088855991442,line-to-ground,POINT(-97.7156700346084 30.4191207117208),1
p1udm15198,S1S2,0.120088855991442,line-to-ground,POINT(-97.715337387748 30.419001245214),1
p1ulv5361,S1S2,0.120088855991442,line-to-ground,POINT(-97.7152626285443 30.4191448762411),1
p1udm15201,S1S2,0.120088855991442,line-to-ground,POINT(-97.7152852289057 30.4198037717629),1
p1ulv4760,S1S2,0.120088855991442,line-to-ground,POINT(-97.7153700438045 30.4196873084554),1
p1udm15205,S1S2,0.120088855991442,line-to-ground,POINT(-97.7152023052052 30.419775886923),1
p1ulv18589,S1S2,0.120088855991442,line-to-ground,POINT(-97.7151800670531 30.4198839430843),1
p1udm15202,S1S2,0.120088855991442,line-to-ground,POINT(-97.7148501460729 30.4196370768324),1
p1ulv8536,S1S2,0.120088855991442,line-to-ground,POINT(-97.7148832672433 30.4194930361888),1
p1udt4318lv,S1S2,0.120088855991442,line-to-ground,POINT(-97.7154195883948 30.4198683131066),1
p1udm15204,S1S2,0.120088855991442,line-to-ground,POINT(-97.7154613680633 30.4198686654744),1
p1ulv15365,S1S2,0.120088855991442,line-to-ground,POINT(-97.7155463009969 30.4197431802926),1
p1udm15206,S1S2,0.120088855991442,line-to-ground,POINT(-97.7156269794801 30.4199424782948),1
p1ulv43342,S1S2,0.120088855991442,line-to-ground,POINT(-97.7156705094303 30.419798539844),1
p1udm15203,S1S2,0.120088855991442,line-to-ground,POINT(-97.7156993754714 30.4199792822181),1
p1ulv9788,S1S2,0.120088855991442,line-to-ground,POINT(-97.7156249705146 30.4200958481562),1
p1udt4766lv,S1S2,0.120088855991442,line-to-ground,POINT(-97.7168702227362 30.4299431294995),1
p1ulv7901,S1S2,0.120088855991442,line-to-ground,POINT(-97.7167756023021 30.4300233467001),1
p1ulv24363,S1S2,0.120088855991442,line-to-ground,POINT(-97.7169143687686 30.4297630465755),1
p1udm16694,S1S2,0.120088855991442,line-to-ground,POINT(-97.7170049960371 30.4299985330775),1
p1ulv5327,S1S2,0.120088855991442,line-to-ground,POINT(-97.7169409954378 30.430115201755),1
p1udm16697,S1S2,0.120088855991442,line-to-ground,POINT(-97.716735966795 30.4298695675767),1
p1ulv50158,S1S2,0.120088855991442,line-to-ground,POINT(-97.71663079497 30.4299497396711),1
p1udt4776lv,S1S2,0.120088855991442,line-to-ground,POINT(-97.712383996193 30.4274935756786),1
p1ulv16001,S1S2,0.120088855991442,line-to-ground,POINT(-97.7123302167464 30.4275975196777),1
p1ulv23687,S1S2,0.120088855991442,line-to-ground,POINT(-97.712561975441 30.4273922790227),1
p1udm16722,S1S2,0.120088855991442,line-to-ground,POINT(-97.7124976159629 30.427536010669),1
p1ulv5341,S1S2,0.120088855991442,line-to-ground,POINT(-97.7126239650212 30.4274289820519),1
p1udm16723,S1S2,0.120088855991442,line-to-ground,POINT(-97.7125178769172 30.4276779603389),1
p1ulv7937,S1S2,0.120088855991442,line-to-ground,POINT(-97.7124540775231 30.4276799476627),1
p1udm16726,S1S2,0.120088855991442,line-to-ground,POINT(-97.712281363682 30.4273534193261),1
p1ulv59486,S1S2,0.120088855991442,line-to-ground,POINT(-97.7121761911288 30.4274335878335),1
p1udt4777lv,S1S2,0.120088855991442,line-to-ground,POINT(-97.7242787242442 30.4178521346469),1
p1ulv6021,S1S2,0.120088855991442,line-to-ground,POINT(-97.7242426735032 30.4179065693642),1
p1ulv43330,S1S2,0.120088855991442,line-to-ground,POINT(-97.7242803974217 30.4179311706754),1
p1udm16727,S1S2,0.120088855991442,line-to-ground,POINT(-97.7244201066008 30.4178722113825),1
p1ulv5345,S1S2,0.120088855991442,line-to-ground,POINT(-97.7245261977205 30.4177198579862),1
p1udm16730,S1S2,0.120088855991442,line-to-ground,POINT(-97.7241509823179 30.4177522833942),1
p1ulv50833,S1S2,0.120088855991442,line-to-ground,POINT(-97.7240383956144 30.4178803403127),1
p1udt4780lv,S1S2,0.120088855991442,line-to-ground,POINT(-97.7290402397473 30.4185493879685),1
p1ulv37661,S1S2,0.120088855991442,line-to-ground,POINT(-97.729000933621 30.4186748162257),1
p1udm16739,S1S2,0.120088855991442,line-to-ground,POINT(-97.7289290010776 30.418601932337),1
p1ulv5348,S1S2,0.120088855991442,line-to-ground,POINT(-97.7288594076361 30.4183486123034),1
p1udm16740,S1S2,0.120088855991442,line-to-ground,POINT(-97.7291270196251 30.4185858142635),1
p1ulv16662,S1S2,0.120088855991442,line-to-ground,POINT(-97.7290988305928 30.4183509432906),1
p1udm16750,S1S2,0.120088855991442,line-to-ground,POINT(-97.7222142348446 30.413781295649),1
p1ulv5354,S1S2,0.120088855991442,line-to-ground,POINT(-97.7221812441651 30.4139163168506),1
p1udt4783lv,S1S2,0.120088855991442,line-to-ground,POINT(-97.7217849357911 30.4136194819129),1
p1udm16751,S1S2,0.120088855991442,line-to-ground,POINT(-97.7216140302214 30.4135047320339),1
p1ulv26242,S1S2,0.120088855991442,line-to-ground,POINT(-97.7215086450957 30.4136029524432),1
p1ulv59476,S1S2,0.120088855991442,line-to-ground,POINT(-97.7216575482403 30.4133607911151),1
p1udt4784lv,S1S2,0.120088855991442,line-to-ground,POINT(-97.7170197957754 30.4150391902468),1
p1ulv25631,S1S2,0.120088855991442,line-to-ground,POINT(-97.716917311949 30.4152181313779),1
p1udm16755,S1S2,0.120088855991442,line-to-ground,POINT(-97.7174069036533 30.4151958732254),1
p1ulv48369,S1S2,0.120088855991442,line-to-ground,POINT(-97.717342087899 30.4153756950321),1
p1udm16756,S1S2,0.120088855991442,line-to-ground,POINT(-97.7169195545668 30.4150467177881),1
p1ulv63232,S1S2,0.120088855991442,line-to-ground,POINT(-97.7170080434188 30.4149241025309),1
p1udm16753,S1S2,0.120088855991442,line-to-ground,POINT(-97.7168263430833 30.4150097099953),1
p1ulv5355,S1S2,0.120088855991442,line-to-ground,POINT(-97.7167722898586 30.4151625685011),1
p1udt4786lv,S1S2,0.120088855991442,line-to-ground,POINT(-97.7200619829211 30.4154829452053),1
p1ulv40823,S1S2,0.120088855991442,line-to-ground,POINT(-97.7202053622811 30.4153496561487),1
p1udm16762,S1S2,0.120088855991442,line-to-ground,POINT(-97.7202860470695 30.4155489515695),1
p1ulv5358,S1S2,0.120088855991442,line-to-ground,POINT(-97.7201980325718 30.4156354820235),1
p1ulv60691,S1S2,0.120088855991442,line-to-ground,POINT(-97.720391670977 30.4154326887111),1
p1udm16764,S1S2,0.120088855991442,line-to-ground,POINT(-97.7200273437836 30.4154291173947),1
p1ulv19246,S1S2,0.120088855991442,line-to-ground,POINT(-97.719932246576 30.4155364602287),1
p1udm16763,S1S2,0.120088855991442,line-to-ground,POINT(-97.7199445400278 30.4153922138384),1
p1ulv14756,S1S2,0.120088855991442,line-to-ground,POINT(-97.7200190539081 30.4152666233284),1
p1udt4787lv,S1S2,0.120088855991442,line-to-ground,POINT(-97.7149854396007 30.4180414106029),1
p1ulv5360,S1S2,0.120088855991442,line-to-ground,POINT(-97.7148801834561 30.4181395679076),1
p1ulv19249,S1S2,0.120088855991442,line-to-ground,POINT(-97.7149460697439 30.4178785517662),1
p1udm16770,S1S2,0.120088855991442,line-to-ground,POINT(-97.7154935235357 30.4182087645428),1
p1ulv38289,S1S2,0.120088855991442,line-to-ground,POINT(-97.7155162335956 30.4180646212449),1
p1udm16772,S1S2,0.120088855991442,line-to-ground,POINT(-97.7148508464 30.417994912388),1
p1ulv60694,S1S2,0.120088855991442,line-to-ground,POINT(-97.7148941400429 30.4178690176759),1
p1udm16768,S1S2,0.120088855991442,line-to-ground,POINT(-97.7147571600146 30.4179939901014),1
p1ulv6676,S1S2,0.120088855991442,line-to-ground,POINT(-97.714720621046 30.4178791685434),1
p1udm16771,S1S2,0.120088855991442,line-to-ground,POINT(-97.7146529457814 30.4180019870156),1
p1ulv55859,S1S2,0.120088855991442,line-to-ground,POINT(-97.7146588584362 30.4175508992051),1
p1udt4789lv,S1S2,0.120088855991442,line-to-ground,POINT(-97.7121848326835 30.4262961377807),1
p1ulv5364,S1S2,0.120088855991442,line-to-ground,POINT(-97.7121135041204 30.4263834763314),1
p1udm16775,S1S2,0.120088855991442,line-to-ground,POINT(-97.7121503128805 30.4262332862454),1
p1ulv5363,S1S2,0.120088855991442,line-to-ground,POINT(-97.7122246083155 30.4261257443836),1
p1ulv31299,S1S2,0.120088855991442,line-to-ground,POINT(-97.7120234907707 30.4263764013925),1
p1udm16778,S1S2,0.120088855991442,line-to-ground,POINT(-97.7123158137052 30.4263161251704),1
p1ulv47145,S1S2,0.120088855991442,line-to-ground,POINT(-97.7122516916683 30.4264418132569),1
p1udt5294lv,S1S2,0.120088855991442,line-to-ground,POINT(-97.7149065939553 30.4323231947735),1
p1ulv5999,S1S2,0.120088855991442,line-to-ground,POINT(-97.7147887814986 30.4322595237645),1
p1udt5300lv,S1S2,0.120088855991442,line-to-ground,POINT(-97.7293477347247 30.4240378778838),1
p1ulv54619,S1S2,0.120088855991442,line-to-ground,POINT(-97.7294840275122 30.4239759851965),1
p1udm18499,S1S2,0.120088855991442,line-to-ground,POINT(-97.7292973438564 30.4239200304366),1
p1ulv6005,S1S2,0.120088855991442,line-to-ground,POINT(-97.7291415404145 30.4238914448679),1
p1udm18501,S1S2,0.120088855991442,line-to-ground,POINT(-97.7292983962689 30.423838834242),1
p1ulv43967,S1S2,0.120088855991442,line-to-ground,POINT(-97.7294655453148 30.4237953465476),1
p1udm18500,S1S2,0.120088855991442,line-to-ground,POINT(-97.7292523240111 30.4244453587362),1
p1ulv27531,S1S2,0.120088855991442,line-to-ground,POINT(-97.7291775681088 30.4243248966011),1
p1udt5306lv,S1S2,0.120088855991442,line-to-ground,POINT(-97.7130956337042 30.4280641321033),1
p1ulv48350,S1S2,0.120088855991442,line-to-ground,POINT(-97.7130958732626 30.4282395102166),1
p1udm18522,S1S2,0.120088855991442,line-to-ground,POINT(-97.7132185416803 30.4281386315303),1
p1ulv6013,S1S2,0.120088855991442,line-to-ground,POINT(-97.7132931927713 30.4280040238871),1
p1udm18526,S1S2,0.120088855991442,line-to-ground,POINT(-97.7133943388755 30.4282305935527),1
p1ulv52748,S1S2,0.120088855991442,line-to-ground,POINT(-97.7133408643957 30.4283383412879),1
p1udm18523,S1S2,0.120088855991442,line-to-ground,POINT(-97.7129917576208 30.4279649604074),1
p1ulv27541,S1S2,0.120088855991442,line-to-ground,POINT(-97.7131178698442 30.4278759747927),1
p1ulv41427,S1S2,0.120088855991442,line-to-ground,POINT(-97.7128862295579 30.428072194685),1
p1udt5308lv,S1S2,0.120088855991442,line-to-ground,POINT(-97.7249596863809 30.4131946345868),1
p1ulv19878,S1S2,0.120088855991442,line-to-ground,POINT(-97.7250046298975 30.4129513952413),1
p1udm18533,S1S2,0.120088855991442,line-to-ground,POINT(-97.7250013460769 30.4132040056203),1
p1ulv6015,S1S2,0.120088855991442,line-to-ground,POINT(-97.7251287182876 30.4130157675552),1
p1udm18535,S1S2,0.120088855991442,line-to-ground,POINT(-97.7242976323004 30.4128813286874),1
p1ulv6016,S1S2,0.120088855991442,line-to-ground,POINT(-97.7242446480428 30.4129529945312),1
p1ulv21187,S1S2,0.120088855991442,line-to-ground,POINT(-97.7244247707318 30.4127111349218),1
p1udt5309lv,S1S2,0.120088855991442,line-to-ground,POINT(-97.7244238711681 30.4129366843457),1
p1udm18537,S1S2,0.120088855991442,line-to-ground,POINT(-97.7244735309688 30.4129642537147),1
p1ulv38942,S1S2,0.120088855991442,line-to-ground,POINT(-97.7245697939086 30.4127666893373),1
p1udm18538,S1S2,0.120088855991442,line-to-ground,POINT(-97.725584702302 30.4139766513128),1
p1ulv6017,S1S2,0.120088855991442,line-to-ground,POINT(-97.7253880996886 30.4138845026786),1
p1ulv57071,S1S2,0.120088855991442,line-to-ground,POINT(-97.7257296108123 30.4140412263016),1
p1udt5310lv,S1S2,0.120088855991442,line-to-ground,POINT(-97.7256188576912 30.4139401902608),1
p1udm18540,S1S2,0.120088855991442,line-to-ground,POINT(-97.725680495224 30.4138151733129),1
p1ulv59469,S1S2,0.120088855991442,line-to-ground,POINT(-97.7254940675473 30.4137411700392),1
p1udt5312lv,S1S2,0.120088855991442,line-to-ground,POINT(-97.7259056869751 30.4157325559378),1
p1ulv6019,S1S2,0.120088855991442,line-to-ground,POINT(-97.7258210215711 30.4158196383011),1
p1udm18546,S1S2,0.120088855991442,line-to-ground,POINT(-97.7258012577135 30.4157382389316),1
p1ulv45893,S1S2,0.120088855991442,line-to-ground,POINT(-97.7259283974827 30.4155680438054),1
p1udt5317lv,S1S2,0.120088855991442,line-to-ground,POINT(-97.7213072846827 30.4133928035816),1
p1ulv6025,S1S2,0.120088855991442,line-to-ground,POINT(-97.7214299586005 30.4132502873276),1
p1ulv38946,S1S2,0.120088855991442,line-to-ground,POINT(-97.7212493571348 30.4135282296878),1
p1udm18555,S1S2,0.120088855991442,line-to-ground,POINT(-97.7214485423055 30.4134219051346),1
p1ulv43335,S1S2,0.120088855991442,line-to-ground,POINT(-97.7215023520469 30.4132870879901),1
p1udt5318lv,S1S2,0.120088855991442,line-to-ground,POINT(-97.7203469748483 30.4147301387934),1
p1ulv19888,S1S2,0.120088855991442,line-to-ground,POINT(-97.7203161657285 30.4148364350278),1
p1udm18556,S1S2,0.120088855991442,line-to-ground,POINT(-97.7203285762067 30.4146831667871),1
p1ulv6027,S1S2,0.120088855991442,line-to-ground,POINT(-97.7202644724705 30.4148088595405),1
p1ulv47142,S1S2,0.120088855991442,line-to-ground,POINT(-97.7204341990934 30.4145669038511),1
p1udm18559,S1S2,0.120088855991442,line-to-ground,POINT(-97.720441261387 30.4140255969623),1
p1ulv35824,S1S2,0.120088855991442,line-to-ground,POINT(-97.7205861663643 30.4140901775659),1
p1udm18558,S1S2,0.120088855991442,line-to-ground,POINT(-97.72058727795 30.4148030003325),1
p1ulv21809,S1S2,0.120088855991442,line-to-ground,POINT(-97.720682491401 30.4146866351869),1
p1udm18560,S1S2,0.120088855991442,line-to-ground,POINT(-97.7205044744897 30.414766097137),1
p1ulv46544,S1S2,0.120088855991442,line-to-ground,POINT(-97.7205685778927 30.4146404042553),1
p1udt5319lv,S1S2,0.120088855991442,line-to-ground,POINT(-97.716767910412 30.4175811799097),1
p1ulv17286,S1S2,0.120088855991442,line-to-ground,POINT(-97.7168561011738 30.4175093530431),1
p1ulv38950,S1S2,0.120088855991442,line-to-ground,POINT(-97.7166757148134 30.4177692447758),1
p1udm18562,S1S2,0.120088855991442,line-to-ground,POINT(-97.7166676665851 30.4175887071796),1
p1ulv6028,S1S2,0.120088855991442,line-to-ground,POINT(-97.7167420683084 30.4174721405135),1
p1udm18563,S1S2,0.120088855991442,line-to-ground,POINT(-97.7165744528234 30.4175516991545),1
p1ulv11012,S1S2,0.120088855991442,line-to-ground,POINT(-97.7165103423292 30.4176773898189),1
p1ulv61321,S1S2,0.120088855991442,line-to-ground,POINT(-97.7166495630338 30.4173810019605),1
p1udm18566,S1S2,0.120088855991442,line-to-ground,POINT(-97.7170405223554 30.4177367386325),1
p1ulv46550,S1S2,0.120088855991442,line-to-ground,POINT(-97.7169765303599 30.4178534077717),1
p1udm18569,S1S2,0.120088855991442,line-to-ground,POINT(-97.7169541983595 30.4187645035961),1
p1ulv11015,S1S2,0.120088855991442,line-to-ground,POINT(-97.7170184270968 30.4186297909748),1
p1ulv19894,S1S2,0.120088855991442,line-to-ground,POINT(-97.7168899694397 30.418899216178),1
p1udm18568,S1S2,0.120088855991442,line-to-ground,POINT(-97.7171463170454 30.4191994919251),1
p1ulv6030,S1S2,0.120088855991442,line-to-ground,POINT(-97.7170120528699 30.4191169661796),1
p1udt5320lv,S1S2,0.120088855991442,line-to-ground,POINT(-97.7168193222349 30.4187181220782),1
p1udm18570,S1S2,0.120088855991442,line-to-ground,POINT(-97.7165088254386 30.4185886901505),1
p1ulv18587,S1S2,0.120088855991442,line-to-ground,POINT(-97.7164137212799 30.4186960301723),1
p1ulv58256,S1S2,0.120088855991442,line-to-ground,POINT(-97.7165622907579 30.418480940708),1
p1udm18573,S1S2,0.120088855991442,line-to-ground,POINT(-97.7078847732086 30.4275626117036),1
p1ulv6031,S1S2,0.120088855991442,line-to-ground,POINT(-97.7079491393837 30.4274188825282),1
p1udm18575,S1S2,0.120088855991442,line-to-ground,POINT(-97.7077911968697 30.4275526624382),1
p1ulv40828,S1S2,0.120088855991442,line-to-ground,POINT(-97.7077619869842 30.4273989840302),1
p1udt5321lv,S1S2,0.120088855991442,line-to-ground,POINT(-97.7081256562091 30.427610095141),1
p1udm18574,S1S2,0.120088855991442,line-to-ground,POINT(-97.7081862046399 30.4276016868879),1
p1ulv39567,S1S2,0.120088855991442,line-to-ground,POINT(-97.7082057224435 30.4274276088984),1
p1udm18576,S1S2,0.120088855991442,line-to-ground,POINT(-97.7082797810763 30.4276116358725),1
p1ulv50850,S1S2,0.120088855991442,line-to-ground,POINT(-97.708337298477 30.4274706748412),1
p1udm20163,S1S2,0.120088855991442,line-to-ground,POINT(-97.713014789121 30.4301757986831),1
p1ulv6644,S1S2,0.120088855991442,line-to-ground,POINT(-97.7130759425269 30.4300021304152),1
p1udm20164,S1S2,0.120088855991442,line-to-ground,POINT(-97.712942386809 30.4301389931395),1
p1ulv25601,S1S2,0.120088855991442,line-to-ground,POINT(-97.7128676150286 30.4302826222111),1
p1udt5800lv,S1S2,0.120088855991442,line-to-ground,POINT(-97.7131905676577 30.4302587966717),1
p1udm20165,S1S2,0.120088855991442,line-to-ground,POINT(-97.7132324701619 30.4302501281456),1
p1ulv33871,S1S2,0.120088855991442,line-to-ground,POINT(-97.713245013003 30.4300878395708),1
p1ulv52724,S1S2,0.120088855991442,line-to-ground,POINT(-97.7132093979129 30.430421335807),1
p1udm20167,S1S2,0.120088855991442,line-to-ground,POINT(-97.7133259313335 30.4302690953293),1
p1ulv53339,S1S2,0.120088855991442,line-to-ground,POINT(-97.713303096116 30.4304222595435),1
p1udt5801lv,S1S2,0.120088855991442,line-to-ground,POINT(-97.7139815862372 30.4313611415597),1
p1ulv7285,S1S2,0.120088855991442,line-to-ground,POINT(-97.7138414964897 30.4314471540326),1
p1udm20168,S1S2,0.120088855991442,line-to-ground,POINT(-97.7138230423238 30.4312665141538),1
p1ulv6645,S1S2,0.120088855991442,line-to-ground,POINT(-97.7139599243222 30.4311505652582),1
p1udm20170,S1S2,0.120088855991442,line-to-ground,POINT(-97.7141335969762 30.4314049176567),1
p1ulv28772,S1S2,0.120088855991442,line-to-ground,POINT(-97.7141770164737 30.4312700018954),1
p1ulv47718,S1S2,0.120088855991442,line-to-ground,POINT(-97.7140590626249 30.4315305039359),1
p1udm20171,S1S2,0.120088855991442,line-to-ground,POINT(-97.7142888154633 30.4314786300074),1
p1ulv41409,S1S2,0.120088855991442,line-to-ground,POINT(-97.7143322347857 30.4313437141906),1
p1udt5802lv,S1S2,0.120088855991442,line-to-ground,POINT(-97.7181733283516 30.4325357774411),1
p1ulv6646,S1S2,0.120088855991442,line-to-ground,POINT(-97.718373280462 30.4325806688786),1
p1udm20182,S1S2,0.120088855991442,line-to-ground,POINT(-97.7298943765672 30.4260552540584),1
p1ulv6653,S1S2,0.120088855991442,line-to-ground,POINT(-97.7297068703897 30.426062452369),1
p1udt5806lv,S1S2,0.120088855991442,line-to-ground,POINT(-97.72987719942 30.4258554778751),1
p1udm20183,S1S2,0.120088855991442,line-to-ground,POINT(-97.7299300497863 30.4257127295912),1
p1ulv23680,S1S2,0.120088855991442,line-to-ground,POINT(-97.7297848875737 30.4256662024077),1
p1udt5808lv,S1S2,0.120088855991442,line-to-ground,POINT(-97.7278212902508 30.4272615351607),1
p1ulv6655,S1S2,0.120088855991442,line-to-ground,POINT(-97.7277030065331 30.4272339628543),1
p1udt5810lv,S1S2,0.120088855991442,line-to-ground,POINT(-97.7143734236827 30.4268912903333),1
p1ulv48989,S1S2,0.120088855991442,line-to-ground,POINT(-97.7146508368865 30.4268985597737),1
p1udm20192,S1S2,0.120088855991442,line-to-ground,POINT(-97.7144212133637 30.4269414129459),1
p1ulv6660,S1S2,0.120088855991442,line-to-ground,POINT(-97.7146185405599 30.4269794479142),1
p1udm20194,S1S2,0.120088855991442,line-to-ground,POINT(-97.7180955155929 30.4294137360273),1
p1ulv6661,S1S2,0.120088855991442,line-to-ground,POINT(-97.7181855323222 30.4294208068671),1
p1ulv27546,S1S2,0.120088855991442,line-to-ground,POINT(-97.7179435059631 30.4293699645702),1
p1udt5811lv,S1S2,0.120088855991442,line-to-ground,POINT(-97.7181430468579 30.4292782097915),1
p1udm20196,S1S2,0.120088855991442,line-to-ground,POINT(-97.7182494074983 30.4287926664488),1
p1ulv50831,S1S2,0.120088855991442,line-to-ground,POINT(-97.718203021989 30.4288796039261),1
p1udm20204,S1S2,0.120088855991442,line-to-ground,POINT(-97.7262505217848 30.4148132596374),1
p1ulv6664,S1S2,0.120088855991442,line-to-ground,POINT(-97.7260526277631 30.4148203517588),1
p1ulv63835,S1S2,0.120088855991442,line-to-ground,POINT(-97.7263961349341 30.4148237031165),1
p1udt5814lv,S1S2,0.120088855991442,line-to-ground,POINT(-97.7262305215751 30.41493868307),1
p1udm20205,S1S2,0.120088855991442,line-to-ground,POINT(-97.7262256987834 30.4150692690741),1
p1ulv16657,S1S2,0.120088855991442,line-to-ground,POINT(-97.7260088810201 30.4149823378771),1
p1udt5815lv,S1S2,0.120088855991442,line-to-ground,POINT(-97.7232291765232 30.416282066186),1
p1ulv12279,S1S2,0.120088855991442,line-to-ground,POINT(-97.7233897578504 30.4162470344534),1
p1udm20207,S1S2,0.120088855991442,line-to-ground,POINT(-97.7232837841333 30.416390365166),1
p1ulv6665,S1S2,0.120088855991442,line-to-ground,POINT(-97.7234650120331 30.4163408357999),1
p1udm20209,S1S2,0.120088855991442,line-to-ground,POINT(-97.7231710419928 30.4162539185414),1
p1ulv46546,S1S2,0.120088855991442,line-to-ground,POINT(-97.7231110904851 30.4163373747722),1
p1udt5816lv,S1S2,0.120088855991442,line-to-ground,POINT(-97.7248348305321 30.4171997705882),1
p1ulv6666,S1S2,0.120088855991442,line-to-ground,POINT(-97.7247127818482 30.4169817998038),1
p1ulv43327,S1S2,0.120088855991442,line-to-ground,POINT(-97.7248935409375 30.4172153256652),1
p1udm20214,S1S2,0.120088855991442,line-to-ground,POINT(-97.729350762133 30.4173879403969),1
p1ulv6668,S1S2,0.120088855991442,line-to-ground,POINT(-97.7292465492946 30.417395949016),1
p1udt5818lv,S1S2,0.120088855991442,line-to-ground,POINT(-97.7293023582327 30.4171878600072),1
p1udm20215,S1S2,0.120088855991442,line-to-ground,POINT(-97.7289574640042 30.4168758944694),1
p1ulv10393,S1S2,0.120088855991442,line-to-ground,POINT(-97.7289494654719 30.4170231161944),1
p1udt5819lv,S1S2,0.120088855991442,line-to-ground,POINT(-97.7294268848124 30.4179301167687),1
p1ulv6669,S1S2,0.120088855991442,line-to-ground,POINT(-97.7292886048034 30.4178897842478),1
p1udt5822lv,S1S2,0.120088855991442,line-to-ground,POINT(-97.7204420026086 30.4128949010727),1
p1ulv6672,S1S2,0.120088855991442,line-to-ground,POINT(-97.7202728172726 30.4122977290651),1
p1ulv33251,S1S2,0.120088855991442,line-to-ground,POINT(-97.7200316740654 30.4127042335838),1
p1udt5829lv,S1S2,0.120088855991442,line-to-ground,POINT(-97.7088895249591 30.4277154309011),1
p1ulv6682,S1S2,0.120088855991442,line-to-ground,POINT(-97.7089884144241 30.427564509367),1
p1udt6287lv,S1S2,0.120088855991442,line-to-ground,POINT(-97.7186616017479 30.429906590508),1
p1ulv7282,S1S2,0.120088855991442,line-to-ground,POINT(-97.7185151642441 30.4299682544719),1
p1ulv27519,S1S2,0.120088855991442,line-to-ground,POINT(-97.7185494878271 30.4300075192359),1
p1ulv41429,S1S2,0.120088855991442,line-to-ground,POINT(-97.7187265662124 30.4297267112821),1
p1udm21738,S1S2,0.120088855991442,line-to-ground,POINT(-97.7185273444409 30.4298330303908),1
p1ulv37656,S1S2,0.120088855991442,line-to-ground,POINT(-97.7186024615195 30.4296623325582),1
p1udt6288lv,S1S2,0.120088855991442,line-to-ground,POINT(-97.7175696336967 30.4311053872999),1
p1ulv7284,S1S2,0.120088855991442,line-to-ground,POINT(-97.7176784223526 30.43105180844),1
p1udm21741,S1S2,0.120088855991442,line-to-ground,POINT(-97.7174797870376 30.4311130170793),1
p1ulv17264,S1S2,0.120088855991442,line-to-ground,POINT(-97.7173633769431 30.4312562396563),1
p1udm21742,S1S2,0.120088855991442,line-to-ground,POINT(-97.7177488206685 30.4312419811483),1
p1ulv63816,S1S2,0.120088855991442,line-to-ground,POINT(-97.7176297923858 30.4313101588549),1
p1udt6298lv,S1S2,0.120088855991442,line-to-ground,POINT(-97.7143160452901 30.4286897165481),1
p1ulv35160,S1S2,0.120088855991442,line-to-ground,POINT(-97.714190399077 30.4286625145822),1
p1udm21767,S1S2,0.120088855991442,line-to-ground,POINT(-97.7144093793678 30.4286376028868),1
p1ulv7298,S1S2,0.120088855991442,line-to-ground,POINT(-97.7145335981977 30.4286929637515),1
p1udt6299lv,S1S2,0.120088855991442,line-to-ground,POINT(-97.7177627051057 30.4294037648254),1
p1ulv7299,S1S2,0.120088855991442,line-to-ground,POINT(-97.717676840092 30.4295810586909),1
p1udm21771,S1S2,0.120088855991442,line-to-ground,POINT(-97.7178237720322 30.42949227305),1
p1ulv45888,S1S2,0.120088855991442,line-to-ground,POINT(-97.7177287762679 30.4295905918428),1
p1udm21770,S1S2,0.120088855991442,line-to-ground,POINT(-97.717906586648 30.4295291781919),1
p1ulv23045,S1S2,0.120088855991442,line-to-ground,POINT(-97.717852762251 30.4296639931303),1
p1udm21772,S1S2,0.120088855991442,line-to-ground,POINT(-97.7174019876204 30.429435615654),1
p1ulv58845,S1S2,0.120088855991442,line-to-ground,POINT(-97.7174009628977 30.4294548634065),1
p1udt6301lv,S1S2,0.120088855991442,line-to-ground,POINT(-97.7237314571791 30.4126046927401),1
p1ulv61312,S1S2,0.120088855991442,line-to-ground,POINT(-97.7238978987527 30.4123992064129),1
p1udm21778,S1S2,0.120088855991442,line-to-ground,POINT(-97.7234421319381 30.4122233151923),1
p1ulv53365,S1S2,0.120088855991442,line-to-ground,POINT(-97.7235972106189 30.4123060378118),1
p1udm21779,S1S2,0.120088855991442,line-to-ground,POINT(-97.7238631501852 30.4126695550857),1
p1ulv60686,S1S2,0.120088855991442,line-to-ground,POINT(-97.724021750958 30.4124816233368),1
p1udm21776,S1S2,0.120088855991442,line-to-ground,POINT(-97.7239458358751 30.4127154779439),1
p1ulv7301,S1S2,0.120088855991442,line-to-ground,POINT(-97.7238713290018 30.412841070942),1
p1udm21777,S1S2,0.120088855991442,line-to-ground,POINT(-97.7240286390112 30.4127523789552),1
p1ulv43977,S1S2,0.120088855991442,line-to-ground,POINT(-97.7241349595996 30.4125819820263),1
p1udm21785,S1S2,0.120088855991442,line-to-ground,POINT(-97.7256089808895 30.4193184692903),1
p1ulv7304,S1S2,0.120088855991442,line-to-ground,POINT(-97.7255070384882 30.4194285854829),1
p1ulv40200,S1S2,0.120088855991442,line-to-ground,POINT(-97.7257150718484 30.4191661149525),1
p1ulv53371,S1S2,0.120088855991442,line-to-ground,POINT(-97.725534353512 30.4194530848239),1
p1udt6303lv,S1S2,0.120088855991442,line-to-ground,POINT(-97.7255598304986 30.4192549264133),1
p1udm21788,S1S2,0.120088855991442,line-to-ground,POINT(-97.7254331872751 30.4192265237277),1
p1ulv55245,S1S2,0.120088855991442,line-to-ground,POINT(-97.725508049127 30.419073864661),1
p1udt6304lv,S1S2,0.120088855991442,line-to-ground,POINT(-97.7150549479453 30.4197502519252),1
p1ulv7308,S1S2,0.120088855991442,line-to-ground,POINT(-97.7151109815125 30.4195945297364),1
p1udm21800,S1S2,0.120088855991442,line-to-ground,POINT(-97.7109839855639 30.426248842394),1
p1ulv7311,S1S2,0.120088855991442,line-to-ground,POINT(-97.7108388323642 30.426202294375),1
p1ulv10409,S1S2,0.120088855991442,line-to-ground,POINT(-97.7110736428259 30.4262829832398),1
p1udt6307lv,S1S2,0.120088855991442,line-to-ground,POINT(-97.7110439015861 30.4261416695188),1
p1udm21802,S1S2,0.120088855991442,line-to-ground,POINT(-97.7111958716957 30.4259712246423),1
p1ulv61326,S1S2,0.120088855991442,line-to-ground,POINT(-97.7112995015997 30.4260083394143),1
p1udm21805,S1S2,0.120088855991442,line-to-ground,POINT(-97.7095509836533 30.4267489885793),1
p1ulv13520,S1S2,0.120088855991442,line-to-ground,POINT(-97.7097080912579 30.4266783585015),1
p1udm21804,S1S2,0.120088855991442,line-to-ground,POINT(-97.7095800774415 30.4269116884026),1
p1ulv11636,S1S2,0.120088855991442,line-to-ground,POINT(-97.7094245134807 30.4268650358858),1
p1ulv52770,S1S2,0.120088855991442,line-to-ground,POINT(-97.7097432022116 30.4269014419519),1
p1udt6308lv,S1S2,0.120088855991442,line-to-ground,POINT(-97.709431482214 30.4266479058193),1
p1udm21807,S1S2,0.120088855991442,line-to-ground,POINT(-97.7093265851529 30.4263948768218),1
p1ulv54032,S1S2,0.120088855991442,line-to-ground,POINT(-97.7095156363123 30.4262704254154),1
p1udm21803,S1S2,0.120088855991442,line-to-ground,POINT(-97.7092034414731 30.4262583156246),1
p1ulv7312,S1S2,0.120088855991442,line-to-ground,POINT(-97.7093399651843 30.4261694366211),1
p1udt6718lv,S1S2,0.120088855991442,line-to-ground,POINT(-97.7193661569458 30.4307046267054),1
p1ulv7902,S1S2,0.120088855991442,line-to-ground,POINT(-97.7192063533704 30.4307357996242),1
p1ulv8506,S1S2,0.120088855991442,line-to-ground,POINT(-97.7195781748033 30.4306914971258),1
p1ulv26219,S1S2,0.120088855991442,line-to-ground,POINT(-97.7195462347211 30.4307453212538),1
p1udm23176,S1S2,0.120088855991442,line-to-ground,POINT(-97.7193474832104 30.4308155545449),1
p1ulv50816,S1S2,0.120088855991442,line-to-ground,POINT(-97.7194925296923 30.4308711151341),1
p1udt6727lv,S1S2,0.120088855991442,line-to-ground,POINT(-97.7162296735007 30.4273735632596),1
p1ulv7913,S1S2,0.120088855991442,line-to-ground,POINT(-97.7160834747094 30.4272194384554),1
p1udm23199,S1S2,0.120088855991442,line-to-ground,POINT(-97.7161956279989 30.4274009997993),1
p1ulv31929,S1S2,0.120088855991442,line-to-ground,POINT(-97.7159986537813 30.427335901933),1
p1udt6728lv,S1S2,0.120088855991442,line-to-ground,POINT(-97.7161410712629 30.4275809801381),1
p1ulv38269,S1S2,0.120088855991442,line-to-ground,POINT(-97.7161961184871 30.4276384364186),1
p1udm23200,S1S2,0.120088855991442,line-to-ground,POINT(-97.7161425115292 30.4274816835529),1
p1ulv7914,S1S2,0.120088855991442,line-to-ground,POINT(-97.7159980629073 30.4273810106716),1
p1udm23202,S1S2,0.120088855991442,line-to-ground,POINT(-97.7160468071217 30.4276341316441),1
p1ulv28791,S1S2,0.120088855991442,line-to-ground,POINT(-97.7158705355996 30.4275782601339),1
p1udm23201,S1S2,0.120088855991442,line-to-ground,POINT(-97.7160042192092 30.4277058959903),1
p1ulv12874,S1S2,0.120088855991442,line-to-ground,POINT(-97.7158491234111 30.427623164026),1
p1udt6729lv,S1S2,0.120088855991442,line-to-ground,POINT(-97.7187663252344 30.4283052816641),1
p1ulv19875,S1S2,0.120088855991442,line-to-ground,POINT(-97.7189939951513 30.4283849221848),1
p1udm23204,S1S2,0.120088855991442,line-to-ground,POINT(-97.7188608962163 30.428212180483),1
p1ulv7915,S1S2,0.120088855991442,line-to-ground,POINT(-97.7191519242745 30.4282511283328),1
p1udm23205,S1S2,0.120088855991442,line-to-ground,POINT(-97.7187653131298 30.4283556088956),1
p1ulv9773,S1S2,0.120088855991442,line-to-ground,POINT(-97.7186517387545 30.4282823106896),1
p1ulv45239,S1S2,0.120088855991442,line-to-ground,POINT(-97.7189000628608 30.4284020461015),1
p1udm23207,S1S2,0.120088855991442,line-to-ground,POINT(-97.7187123161187 30.4284272719735),1
p1ulv26235,S1S2,0.120088855991442,line-to-ground,POINT(-97.7188256548651 30.4285186136436),1
p1udm23216,S1S2,0.120088855991442,line-to-ground,POINT(-97.727474147024 30.4143830673146),1
p1ulv11006,S1S2,0.120088855991442,line-to-ground,POINT(-97.7276330950659 30.4141680656876),1
p1ulv63223,S1S2,0.120088855991442,line-to-ground,POINT(-97.7276325098527 30.4142131747223),1
p1udm23218,S1S2,0.120088855991442,line-to-ground,POINT(-97.7272155545167 30.4142542253973),1
p1ulv43325,S1S2,0.120088855991442,line-to-ground,POINT(-97.727359945885 30.4140813607968),1
p1udt6731lv,S1S2,0.120088855991442,line-to-ground,POINT(-97.7276161010128 30.4144043953146),1
p1udm23217,S1S2,0.120088855991442,line-to-ground,POINT(-97.7276604604627 30.4144660896371),1
p1ulv11624,S1S2,0.120088855991442,line-to-ground,POINT(-97.7276105719945 30.4145767149563),1
p1ulv47135,S1S2,0.120088855991442,line-to-ground,POINT(-97.7277880634555 30.4142598052995),1
p1udm23215,S1S2,0.120088855991442,line-to-ground,POINT(-97.7278363649386 30.414549010275),1
p1ulv7917,S1S2,0.120088855991442,line-to-ground,POINT(-97.7277831482039 30.414638721199),1
p1udt6733lv,S1S2,0.120088855991442,line-to-ground,POINT(-97.7250850154137 30.4158930102068),1
p1ulv14747,S1S2,0.120088855991442,line-to-ground,POINT(-97.7252361009512 30.4159673184147),1
p1udm23227,S1S2,0.120088855991442,line-to-ground,POINT(-97.725080545999 30.4159206847658),1
p1ulv7919,S1S2,0.120088855991442,line-to-ground,POINT(-97.7251938768718 30.4160120208334),1
p1udm23228,S1S2,0.120088855991442,line-to-ground,POINT(-97.7254282779995 30.4155992540967),1
p1ulv9146,S1S2,0.120088855991442,line-to-ground,POINT(-97.725406638446 30.4156622034309),1
p1udt6734lv,S1S2,0.120088855991442,line-to-ground,POINT(-97.7246801403532 30.417278535262),1
p1ulv7920,S1S2,0.120088855991442,line-to-ground,POINT(-97.7245346464158 30.4170702889896),1
p1udm23231,S1S2,0.120088855991442,line-to-ground,POINT(-97.7276372769559 30.4170554490715),1
p1ulv7921,S1S2,0.120088855991442,line-to-ground,POINT(-97.7278337710187 30.4171566163186),1
p1udt6735lv,S1S2,0.120088855991442,line-to-ground,POINT(-97.7275426081689 30.4171575791134),1
p1udm23232,S1S2,0.120088855991442,line-to-ground,POINT(-97.7275310742669 30.4172168269719),1
p1ulv35162,S1S2,0.120088855991442,line-to-ground,POINT(-97.727717393051 30.4172998493323),1
p1udt6736lv,S1S2,0.120088855991442,line-to-ground,POINT(-97.7278083509108 30.4184738158),1
p1ulv7923,S1S2,0.120088855991442,line-to-ground,POINT(-97.7275880206679 30.4184445022104),1
p1udm23234,S1S2,0.120088855991442,line-to-ground,POINT(-97.7278173851775 30.4184196686905),1
p1ulv23067,S1S2,0.120088855991442,line-to-ground,POINT(-97.7276412397755 30.4183547914807),1
p1udm23235,S1S2,0.120088855991442,line-to-ground,POINT(-97.726612989183 30.4197703904197),1
p1ulv7924,S1S2,0.120088855991442,line-to-ground,POINT(-97.7265176602691 30.4198957816579),1
p1udm23237,S1S2,0.120088855991442,line-to-ground,POINT(-97.7267062090839 30.4198073914315),1
p1ulv61316,S1S2,0.120088855991442,line-to-ground,POINT(-97.7267698396018 30.4197177826515),1
p1udt6737lv,S1S2,0.120088855991442,line-to-ground,POINT(-97.7265610338806 30.4197518964866),1
p1udm23236,S1S2,0.120088855991442,line-to-ground,POINT(-97.7259155303584 30.4197635853659),1
p1ulv41433,S1S2,0.120088855991442,line-to-ground,POINT(-97.7260528969922 30.4198850602584),1
p1udt6738lv,S1S2,0.120088855991442,line-to-ground,POINT(-97.7232011515531 30.4127848375411),1
p1ulv7925,S1S2,0.120088855991442,line-to-ground,POINT(-97.7232886550033 30.4128173287316),1
p1udm23240,S1S2,0.120088855991442,line-to-ground,POINT(-97.7231011740547 30.4128245182731),1
p1ulv40822,S1S2,0.120088855991442,line-to-ground,POINT(-97.7232352002959 30.4129250813196),1
p1udm23239,S1S2,0.120088855991442,line-to-ground,POINT(-97.7226561683693 30.4126216607262),1
p1ulv15996,S1S2,0.120088855991442,line-to-ground,POINT(-97.7227203850345 30.4124869448369),1
p1udm23241,S1S2,0.120088855991442,line-to-ground,POINT(-97.7231863258441 30.4126809839477),1
p1ulv62604,S1S2,0.120088855991442,line-to-ground,POINT(-97.7230797299811 30.4125958988731),1
p1udt6740lv,S1S2,0.120088855991442,line-to-ground,POINT(-97.720862723099 30.4157640289233),1
p1ulv7928,S1S2,0.120088855991442,line-to-ground,POINT(-97.7207187682369 30.4158960638353),1
p1udm23249,S1S2,0.120088855991442,line-to-ground,POINT(-97.7208966694022 30.4158256234411),1
p1ulv13513,S1S2,0.120088855991442,line-to-ground,POINT(-97.7209815918142 30.4157001343476),1
p1udm23251,S1S2,0.120088855991442,line-to-ground,POINT(-97.7210829796101 30.4159086550534),1
p1ulv47742,S1S2,0.120088855991442,line-to-ground,POINT(-97.7209948477987 30.4160042078321),1
p1udm23252,S1S2,0.120088855991442,line-to-ground,POINT(-97.7207207689007 30.4157426935691),1
p1ulv65123,S1S2,0.120088855991442,line-to-ground,POINT(-97.7207745810262 30.4156078768363),1
p1udm23250,S1S2,0.120088855991442,line-to-ground,POINT(-97.7206379646068 30.4157057904393),1
p1ulv27553,S1S2,0.120088855991442,line-to-ground,POINT(-97.7207331789165 30.4155894252958),1
p1udt6741lv,S1S2,0.120088855991442,line-to-ground,POINT(-97.7173022234815 30.4160250129194),1
p1ulv7929,S1S2,0.120088855991442,line-to-ground,POINT(-97.7171968538153 30.4161321940179),1
p1udm23254,S1S2,0.120088855991442,line-to-ground,POINT(-97.7171571044139 30.4159874366127),1
p1ulv50189,S1S2,0.120088855991442,line-to-ground,POINT(-97.7171446887469 30.4161407043754),1
p1udm23255,S1S2,0.120088855991442,line-to-ground,POINT(-97.7173649383378 30.416016547404),1
p1ulv62611,S1S2,0.120088855991442,line-to-ground,POINT(-97.7173668262608 30.4158721991105),1
p1udm23259,S1S2,0.120088855991442,line-to-ground,POINT(-97.7220340153139 30.4188233525075),1
p1ulv7932,S1S2,0.120088855991442,line-to-ground,POINT(-97.7218684006224 30.4187495477205),1
p1udt6743lv,S1S2,0.120088855991442,line-to-ground,POINT(-97.7220388384841 30.4187686127504),1
p1udm23260,S1S2,0.120088855991442,line-to-ground,POINT(-97.7221297014532 30.4186708993135),1
p1ulv10406,S1S2,0.120088855991442,line-to-ground,POINT(-97.721953559661 30.4186060145247),1
p1udt7167lv,S1S2,0.120088855991442,line-to-ground,POINT(-97.7155386738828 30.4327366072087),1
p1ulv8508,S1S2,0.120088855991442,line-to-ground,POINT(-97.7154571082799 30.432906729298),1
p1udm24584,S1S2,0.120088855991442,line-to-ground,POINT(-97.7156248695891 30.4328181513142),1
p1ulv17917,S1S2,0.120088855991442,line-to-ground,POINT(-97.7156992847826 30.4327015858746),1
p1udm24583,S1S2,0.120088855991442,line-to-ground,POINT(-97.7158006773941 30.4329101103358),1
p1ulv8509,S1S2,0.120088855991442,line-to-ground,POINT(-97.7157295884588 30.4330475904883),1
p1udm24585,S1S2,0.120088855991442,line-to-ground,POINT(-97.715438532703 30.4327351113322),1
p1ulv42042,S1S2,0.120088855991442,line-to-ground,POINT(-97.7155337703554 30.4326187509285),1
p1ulv63200,S1S2,0.120088855991442,line-to-ground,POINT(-97.7153745283562 30.4328517790891),1
p1udt7172lv,S1S2,0.120088855991442,line-to-ground,POINT(-97.7290321995767 30.4270206894389),1
p1ulv59456,S1S2,0.120088855991442,line-to-ground,POINT(-97.7290784970643 30.4271481106771),1
p1udm24599,S1S2,0.120088855991442,line-to-ground,POINT(-97.7291633026 30.427031638248),1
p1ulv8518,S1S2,0.120088855991442,line-to-ground,POINT(-97.7291755845833 30.4268873908909),1
p1udm24600,S1S2,0.120088855991442,line-to-ground,POINT(-97.7289869070219 30.426984806062),1
p1ulv40182,S1S2,0.120088855991442,line-to-ground,POINT(-97.7289329822413 30.4271286478886),1
p1ulv43312,S1S2,0.120088855991442,line-to-ground,POINT(-97.7290093659008 30.4268587036869),1
p1udt7174lv,S1S2,0.120088855991442,line-to-ground,POINT(-97.716845811997 30.4281556453294),1
p1ulv17935,S1S2,0.120088855991442,line-to-ground,POINT(-97.7169583370423 30.4279949884623),1
p1udm24608,S1S2,0.120088855991442,line-to-ground,POINT(-97.716987089219 30.4281847522174),1
p1ulv12273,S1S2,0.120088855991442,line-to-ground,POINT(-97.7169127972594 30.4282922968625),1
p1udm24606,S1S2,0.120088855991442,line-to-ground,POINT(-97.7170699024133 30.4282216578568),1
p1ulv8521,S1S2,0.120088855991442,line-to-ground,POINT(-97.717134609981 30.4280508585388),1
p1ulv11003,S1S2,0.120088855991442,line-to-ground,POINT(-97.717037135248 30.428338633625),1
p1udm24610,S1S2,0.120088855991442,line-to-ground,POINT(-97.7168008778696 30.4280926925928),1
p1ulv31278,S1S2,0.120088855991442,line-to-ground,POINT(-97.7167367602514 30.4282183829813),1
p1udm24611,S1S2,0.120088855991442,line-to-ground,POINT(-97.7167180648903 30.428055786788),1
p1ulv45886,S1S2,0.120088855991442,line-to-ground,POINT(-97.7168172132197 30.4279152310959),1
p1udm24612,S1S2,0.120088855991442,line-to-ground,POINT(-97.7176129109644 30.4281006731846),1
p1ulv8522,S1S2,0.120088855991442,line-to-ground,POINT(-97.7174574589922 30.4280450083362),1
p1ulv16651,S1S2,0.120088855991442,line-to-ground,POINT(-97.7177477777756 30.4281380898038),1
p1udt7175lv,S1S2,0.120088855991442,line-to-ground,POINT(-97.7176244523588 30.4280414265067),1
p1udm24614,S1S2,0.120088855991442,line-to-ground,POINT(-97.7181056346487 30.4278438486897),1
p1ulv65110,S1S2,0.120088855991442,line-to-ground,POINT(-97.7180314621554 30.4279423722654),1
p1udt7177lv,S1S2,0.120088855991442,line-to-ground,POINT(-97.7246790023527 30.4136705607739),1
p1ulv8525,S1S2,0.120088855991442,line-to-ground,POINT(-97.7245060159798 30.41366836065),1
p1ulv26236,S1S2,0.120088855991442,line-to-ground,POINT(-97.7247752470084 30.4137792658752),1
p1udm24619,S1S2,0.120088855991442,line-to-ground,POINT(-97.7246294010131 30.4137868642294),1
p1ulv11622,S1S2,0.120088855991442,line-to-ground,POINT(-97.7244532660901 30.4137219829694),1
p1ulv40816,S1S2,0.120088855991442,line-to-ground,POINT(-97.7247641339888 30.4138332949905),1
p1udm24622,S1S2,0.120088855991442,line-to-ground,POINT(-97.724767535806 30.4135716628615),1
p1ulv57650,S1S2,0.120088855991442,line-to-ground,POINT(-97.7245921050797 30.4134526510106),1
p1udm24627,S1S2,0.120088855991442,line-to-ground,POINT(-97.7257456463443 30.4176144679112),1
p1ulv8527,S1S2,0.120088855991442,line-to-ground,POINT(-97.7258309159772 30.4174619101755),1
p1ulv40819,S1S2,0.120088855991442,line-to-ground,POINT(-97.725671841214 30.4176859310332),1
p1udt7179lv,S1S2,0.120088855991442,line-to-ground,POINT(-97.7258457725423 30.4176159554461),1
p1udm24628,S1S2,0.120088855991442,line-to-ground,POINT(-97.7259215546508 30.4176973912051),1
p1ulv15357,S1S2,0.120088855991442,line-to-ground,POINT(-97.7258612528399 30.4178079141099),1
p1ulv52095,S1S2,0.120088855991442,line-to-ground,POINT(-97.726027643284 30.4175450365126),1
p1ulv58848,S1S2,0.120088855991442,line-to-ground,POINT(-97.7260585204639 30.4175724066397),1
p1udt7180lv,S1S2,0.120088855991442,line-to-ground,POINT(-97.7272316186626 30.4199303234857),1
p1ulv8528,S1S2,0.120088855991442,line-to-ground,POINT(-97.7272644760728 30.4201105923197),1
p1ulv23700,S1S2,0.120088855991442,line-to-ground,POINT(-97.7272126609227 30.4200920412684),1
p1udt7183lv,S1S2,0.120088855991442,line-to-ground,POINT(-97.7197477803531 30.4170949159109),1
p1ulv22409,S1S2,0.120088855991442,line-to-ground,POINT(-97.719883236121 30.4168984423563),1
p1ulv53376,S1S2,0.120088855991442,line-to-ground,POINT(-97.7196711590668 30.4171941194037),1
p1ulv58857,S1S2,0.120088855991442,line-to-ground,POINT(-97.7196508111636 30.4171578281314),1
p1udm24639,S1S2,0.120088855991442,line-to-ground,POINT(-97.7199322217708 30.4171335188606),1
p1ulv8532,S1S2,0.120088855991442,line-to-ground,POINT(-97.7200170288335 30.4170170522629),1
p1ulv37670,S1S2,0.120088855991442,line-to-ground,POINT(-97.7198468256374 30.4172950942717),1
p1udm24642,S1S2,0.120088855991442,line-to-ground,POINT(-97.7195804181934 30.4169676562325),1
p1ulv53375,S1S2,0.120088855991442,line-to-ground,POINT(-97.7196758705852 30.4168332484027),1
p1udm24647,S1S2,0.120088855991442,line-to-ground,POINT(-97.7175724457931 30.4168667410401),1
p1ulv23706,S1S2,0.120088855991442,line-to-ground,POINT(-97.7176470818259 30.4167321302627),1
p1udm24646,S1S2,0.120088855991442,line-to-ground,POINT(-97.7176921689874 30.4172649257964),1
p1ulv8534,S1S2,0.120088855991442,line-to-ground,POINT(-97.7175993090535 30.4172008531967),1
p1udt7184lv,S1S2,0.120088855991442,line-to-ground,POINT(-97.7174412400653 30.4168648027634),1
p1udm24648,S1S2,0.120088855991442,line-to-ground,POINT(-97.7173959564574 30.4168289155645),1
p1ulv42659,S1S2,0.120088855991442,line-to-ground,POINT(-97.7174076862626 30.4170033025337),1
p1ulv64498,S1S2,0.120088855991442,line-to-ground,POINT(-97.7173875529227 30.4166754432539),1
p1udm24645,S1S2,0.120088855991442,line-to-ground,POINT(-97.7173023890973 30.4168189733689),1
p1ulv8533,S1S2,0.120088855991442,line-to-ground,POINT(-97.7172865292675 30.4169603482324),1
p1udm24650,S1S2,0.120088855991442,line-to-ground,POINT(-97.7204273381104 30.4182842846894),1
p1ulv8535,S1S2,0.120088855991442,line-to-ground,POINT(-97.7205537842053 30.418168225882),1
p1udt7185lv,S1S2,0.120088855991442,line-to-ground,POINT(-97.7205638734376 30.4183487679771),1
p1udm24651,S1S2,0.120088855991442,line-to-ground,POINT(-97.7206032428268 30.4183672150485),1
p1ulv43340,S1S2,0.120088855991442,line-to-ground,POINT(-97.7206677017417 30.418214456919),1
p1udt7188lv,S1S2,0.120088855991442,line-to-ground,POINT(-97.7114346013703 30.4268530642034),1
p1ulv43991,S1S2,0.120088855991442,line-to-ground,POINT(-97.7113921023485 30.4268844752404),1
p1udm24657,S1S2,0.120088855991442,line-to-ground,POINT(-97.7115696742354 30.4268411136372),1
p1ulv8541,S1S2,0.120088855991442,line-to-ground,POINT(-97.711706908128 30.4266981017275),1
p1udm24659,S1S2,0.120088855991442,line-to-ground,POINT(-97.7114041732081 30.4267582737651),1
p1ulv47752,S1S2,0.120088855991442,line-to-ground,POINT(-97.7112985262021 30.4268745284973),1
p1ulv60082,S1S2,0.120088855991442,line-to-ground,POINT(-97.7115306409674 30.4266422244669),1
p1udt7189lv,S1S2,0.120088855991442,line-to-ground,POINT(-97.7078874962891 30.4289251545375),1
p1ulv9160,S1S2,0.120088855991442,line-to-ground,POINT(-97.7079916251637 30.4289351494746),1
p1udm24661,S1S2,0.120088855991442,line-to-ground,POINT(-97.7077932265789 30.4289782999049),1
p1ulv8542,S1S2,0.120088855991442,line-to-ground,POINT(-97.7076276064352 30.4289044769737),1
p1udm24663,S1S2,0.120088855991442,line-to-ground,POINT(-97.7078889449866 30.4288258583044),1
p1ulv57664,S1S2,0.120088855991442,line-to-ground,POINT(-97.7077236818477 30.4287249703492),1
p1udt7190lv,S1S2,0.120088855991442,line-to-ground,POINT(-97.7084381217009 30.4287610091416),1
p1ulv8543,S1S2,0.120088855991442,line-to-ground,POINT(-97.7083012169897 30.4288722172792),1
p1ulv61959,S1S2,0.120088855991442,line-to-ground,POINT(-97.7084636744122 30.4286691344384),1
p1udt7191lv,S1S2,0.120088855991442,line-to-ground,POINT(-97.7112352466806 30.4293011228304),1
p1ulv12892,S1S2,0.120088855991442,line-to-ground,POINT(-97.7111090341502 30.4294080926082),1
p1udm24666,S1S2,0.120088855991442,line-to-ground,POINT(-97.7112872038518 30.4293196229004),1
p1ulv8544,S1S2,0.120088855991442,line-to-ground,POINT(-97.7113827986681 30.4291762003269),1
p1udm24669,S1S2,0.120088855991442,line-to-ground,POINT(-97.7114075076123 30.4296727037441),1
p1ulv31949,S1S2,0.120088855991442,line-to-ground,POINT(-97.7112935816409 30.4296264644466),1
p1udm24668,S1S2,0.120088855991442,line-to-ground,POINT(-97.7110183030567 30.4291816241407),1
p1ulv23713,S1S2,0.120088855991442,line-to-ground,POINT(-97.7108918313175 30.4292976727867),1
p1ulv54035,S1S2,0.120088855991442,line-to-ground,POINT(-97.7110929579711 30.4290470178869),1
p1udt7599lv,S1S2,0.120088855991442,line-to-ground,POINT(-97.7187468555248 30.4308395646461),1
p1ulv17915,S1S2,0.120088855991442,line-to-ground,POINT(-97.7188387604975 30.4307022870253),1
p1ulv57632,S1S2,0.120088855991442,line-to-ground,POINT(-97.7187105265732 30.43095366972),1
p1udm26024,S1S2,0.120088855991442,line-to-ground,POINT(-97.7186504195799 30.430772621436),1
p1ulv9128,S1S2,0.120088855991442,line-to-ground,POINT(-97.7187146545158 30.4306379083801),1
p1ulv23047,S1S2,0.120088855991442,line-to-ground,POINT(-97.7185897472338 30.4309102055575),1
p1udm26025,S1S2,0.120088855991442,line-to-ground,POINT(-97.7188366377639 30.4308646785798),1
p1ulv14111,S1S2,0.120088855991442,line-to-ground,POINT(-97.7187415236655 30.4309720198331),1
p1ulv27520,S1S2,0.120088855991442,line-to-ground,POINT(-97.7189008725124 30.4307299654285),1
p1udt7601lv,S1S2,0.120088855991442,line-to-ground,POINT(-97.7283368160184 30.4236393392093),1
p1ulv20525,S1S2,0.120088855991442,line-to-ground,POINT(-97.7282290637519 30.4236028471024),1
p1udm26032,S1S2,0.120088855991442,line-to-ground,POINT(-97.728386153621 30.4235321939784),1
p1ulv9133,S1S2,0.120088855991442,line-to-ground,POINT(-97.7285425412547 30.4235156714418),1
p1udm26034,S1S2,0.120088855991442,line-to-ground,POINT(-97.7283942235314 30.4237127313198),1
p1ulv28783,S1S2,0.120088855991442,line-to-ground,POINT(-97.7285611387144 30.4236872883821),1
p1ulv60674,S1S2,0.120088855991442,line-to-ground,POINT(-97.7282478947336 30.4237564204783),1
p1udm26039,S1S2,0.120088855991442,line-to-ground,POINT(-97.7285199508696 30.4268629601559),1
p1ulv9135,S1S2,0.120088855991442,line-to-ground,POINT(-97.7284765531203 30.4269978813962),1
p1ulv37042,S1S2,0.120088855991442,line-to-ground,POINT(-97.7285529379113 30.4267279374891),1
p1udt7603lv,S1S2,0.120088855991442,line-to-ground,POINT(-97.7284180699991 30.4268793109003),1
p1udm26042,S1S2,0.120088855991442,line-to-ground,POINT(-97.7283228517905 30.4268069024761),1
p1ulv38260,S1S2,0.120088855991442,line-to-ground,POINT(-97.7284077749249 30.4266814087568),1
p1ulv65102,S1S2,0.120088855991442,line-to-ground,POINT(-97.728320979174 30.4269512511453),1
p1udm26040,S1S2,0.120088855991442,line-to-ground,POINT(-97.7282295076322 30.4267789242431),1
p1ulv26229,S1S2,0.120088855991442,line-to-ground,POINT(-97.7282626120815 30.4266348798666),1
p1udm26049,S1S2,0.120088855991442,line-to-ground,POINT(-97.7163056413255 30.4269509362436),1
p1ulv9138,S1S2,0.120088855991442,line-to-ground,POINT(-97.7162320585305 30.4270043500319),1
p1ulv17932,S1S2,0.120088855991442,line-to-ground,POINT(-97.7164530429373 30.4268260650342),1
p1udt7605lv,S1S2,0.120088855991442,line-to-ground,POINT(-97.7162769162559 30.4269145467117),1
p1udm26051,S1S2,0.120088855991442,line-to-ground,POINT(-97.7161611932907 30.4268502635525),1
p1ulv59462,S1S2,0.120088855991442,line-to-ground,POINT(-97.716297948104 30.4267433336214),1
p1udt7606lv,S1S2,0.120088855991442,line-to-ground,POINT(-97.716490189046 30.4279543529196),1
p1ulv9139,S1S2,0.120088855991442,line-to-ground,POINT(-97.7165138678373 30.4277470000805),1
p1udm26053,S1S2,0.120088855991442,line-to-ground,POINT(-97.7165318540487 30.427963726792),1
p1ulv11002,S1S2,0.120088855991442,line-to-ground,POINT(-97.7164989682121 30.4280897241621),1
p1ulv41428,S1S2,0.120088855991442,line-to-ground,POINT(-97.7164400667584 30.4280919810771),1
p1ulv45238,S1S2,0.120088855991442,line-to-ground,POINT(-97.7166481431184 30.4278295265585),1
p1udm26055,S1S2,0.120088855991442,line-to-ground,POINT(-97.7163559360728 30.4278807906702),1
p1ulv23688,S1S2,0.120088855991442,line-to-ground,POINT(-97.7164412296251 30.4277282399762),1
p1udm26054,S1S2,0.120088855991442,line-to-ground,POINT(-97.7162732415995 30.4278348628437),1
p1ulv13508,S1S2,0.120088855991442,line-to-ground,POINT(-97.7161782459926 30.4279331805336),1
p1udm26059,S1S2,0.120088855991442,line-to-ground,POINT(-97.7123113531266 30.4298259903861),1
p1ulv20519,S1S2,0.120088855991442,line-to-ground,POINT(-97.7122442587315 30.4299036984119),1
p1ulv44622,S1S2,0.120088855991442,line-to-ground,POINT(-97.7123547743272 30.4296910752512),1
p1udt7607lv,S1S2,0.120088855991442,line-to-ground,POINT(-97.7127134261687 30.4297782074787),1
p1udm26061,S1S2,0.120088855991442,line-to-ground,POINT(-97.7127936879688 30.4295690839508),1
p1ulv62595,S1S2,0.120088855991442,line-to-ground,POINT(-97.7126079521936 30.4294409314679),1
p1udm26058,S1S2,0.120088855991442,line-to-ground,POINT(-97.7127950515232 30.4295643603748),1
p1ulv9140,S1S2,0.120088855991442,line-to-ground,POINT(-97.7126782132064 30.429366605125),1
p1udt7611lv,S1S2,0.120088855991442,line-to-ground,POINT(-97.7262722620935 30.4150032991),1
p1ulv9144,S1S2,0.120088855991442,line-to-ground,POINT(-97.726455310468 30.4150769228068),1
p1ulv9776,S1S2,0.120088855991442,line-to-ground,POINT(-97.7260801056406 30.4151093540789),1
p1ulv32570,S1S2,0.120088855991442,line-to-ground,POINT(-97.7263191689279 30.4151387553418),1
p1udt7612lv,S1S2,0.120088855991442,line-to-ground,POINT(-97.7250583665616 30.4181225756895),1
p1ulv15995,S1S2,0.120088855991442,line-to-ground,POINT(-97.7249877092727 30.418256719416),1
p1udm26074,S1S2,0.120088855991442,line-to-ground,POINT(-97.7249581225742 30.4181301093284),1
p1ulv9148,S1S2,0.120088855991442,line-to-ground,POINT(-97.725064095872 30.4179867772775),1
p1udm26077,S1S2,0.120088855991442,line-to-ground,POINT(-97.7247848054586 30.4181841782438),1
p1ulv43981,S1S2,0.120088855991442,line-to-ground,POINT(-97.7248011565163 30.418191736768),1
p1udm26075,S1S2,0.120088855991442,line-to-ground,POINT(-97.7251960353582 30.4183086055826),1
p1ulv14142,S1S2,0.120088855991442,line-to-ground,POINT(-97.7251636180312 30.4183396437379),1
p1ulv60688,S1S2,0.120088855991442,line-to-ground,POINT(-97.7253540412825 30.4181069067018),1
p1udt7614lv,S1S2,0.120088855991442,line-to-ground,POINT(-97.7181728448276 30.4165200405129),1
p1ulv9152,S1S2,0.120088855991442,line-to-ground,POINT(-97.7183468750071 30.4165585434535),1
p1ulv62612,S1S2,0.120088855991442,line-to-ground,POINT(-97.7180886433446 30.4164026183641),1
p1udm26084,S1S2,0.120088855991442,line-to-ground,POINT(-97.7181388037355 30.4165474777274),1
p1ulv63852,S1S2,0.120088855991442,line-to-ground,POINT(-97.7183152928935 30.4165853021938),1
p1udm26085,S1S2,0.120088855991442,line-to-ground,POINT(-97.7202840265638 30.4172993805703),1
p1ulv9153,S1S2,0.120088855991442,line-to-ground,POINT(-97.720368951093 30.4171738919619),1
p1udm26086,S1S2,0.120088855991442,line-to-ground,POINT(-97.7201908116097 30.417262375095),1
p1ulv10403,S1S2,0.120088855991442,line-to-ground,POINT(-97.7201372331902 30.4173791479526),1
p1udm26087,S1S2,0.120088855991442,line-to-ground,POINT(-97.7201081240153 30.4172164498302),1
p1ulv36450,S1S2,0.120088855991442,line-to-ground,POINT(-97.7201896040962 30.4170790685081),1
p1udt7615lv,S1S2,0.120088855991442,line-to-ground,POINT(-97.720415455619 30.417329636207),1
p1udm26088,S1S2,0.120088855991442,line-to-ground,POINT(-97.7204599294162 30.4173823110808),1
p1ulv52101,S1S2,0.120088855991442,line-to-ground,POINT(-97.7203852966552 30.4175169235498),1
p1ulv62613,S1S2,0.120088855991442,line-to-ground,POINT(-97.7203336019921 30.4174893480599),1
p1ulv65126,S1S2,0.120088855991442,line-to-ground,POINT(-97.7205448538005 30.4172568223551),1
p1udt7618lv,S1S2,0.120088855991442,line-to-ground,POINT(-97.708098874202 30.4295188208583),1
p1ulv50851,S1S2,0.120088855991442,line-to-ground,POINT(-97.7082351811782 30.4294157735353),1
p1udm26097,S1S2,0.120088855991442,line-to-ground,POINT(-97.7082330409885 30.4295781644445),1
p1ulv14118,S1S2,0.120088855991442,line-to-ground,POINT(-97.7081792034064 30.4297129750086),1
p1udm26099,S1S2,0.120088855991442,line-to-ground,POINT(-97.7080467168268 30.4294951142243),1
p1ulv50852,S1S2,0.120088855991442,line-to-ground,POINT(-97.7079860306412 30.4296326930368),1
p1udm26096,S1S2,0.120088855991442,line-to-ground,POINT(-97.7079640251162 30.4294491812163),1
p1ulv9161,S1S2,0.120088855991442,line-to-ground,POINT(-97.7080282736044 30.4293144737913),1
p1udt8009lv,S1S2,0.120088855991442,line-to-ground,POINT(-97.7287727138259 30.4226156781131),1
p1ulv9762,S1S2,0.120088855991442,line-to-ground,POINT(-97.7288381224651 30.4223997057935),1
p1udm27289,S1S2,0.120088855991442,line-to-ground,POINT(-97.7283969189599 30.4227021886292),1
p1ulv14732,S1S2,0.120088855991442,line-to-ground,POINT(-97.72824123477 30.4226645802454),1
p1udm27293,S1S2,0.120088855991442,line-to-ground,POINT(-97.7283647523783 30.4227740587869),1
p1ulv51424,S1S2,0.120088855991442,line-to-ground,POINT(-97.7285097926234 30.4228296092276),1
p1udm27291,S1S2,0.120088855991442,line-to-ground,POINT(-97.7288143779017 30.4226250480405),1
p1ulv31265,S1S2,0.120088855991442,line-to-ground,POINT(-97.7289207016759 30.4224546475327),1
p1ulv36424,S1S2,0.120088855991442,line-to-ground,POINT(-97.7287925048284 30.4227060414862),1
p1udm27290,S1S2,0.120088855991442,line-to-ground,POINT(-97.7288866640976 30.422670866631),1
p1ulv26889,S1S2,0.120088855991442,line-to-ground,POINT(-97.7290452723769 30.4224829292451),1
p1udm27294,S1S2,0.120088855991442,line-to-ground,POINT(-97.7294415635421 30.4232356909452),1
p1ulv9763,S1S2,0.120088855991442,line-to-ground,POINT(-97.7294331409509 30.423082219005),1
p1udt8010lv,S1S2,0.120088855991442,line-to-ground,POINT(-97.7291746166254 30.4229353941836),1
p1udm27295,S1S2,0.120088855991442,line-to-ground,POINT(-97.7290823519112 30.4228351848692),1
p1ulv14734,S1S2,0.120088855991442,line-to-ground,POINT(-97.7289676061203 30.422852113541),1
p1udm27296,S1S2,0.120088855991442,line-to-ground,POINT(-97.7290311197402 30.4227715254967),1
p1ulv57052,S1S2,0.120088855991442,line-to-ground,POINT(-97.7292092619005 30.4226830304285),1
p1udm27307,S1S2,0.120088855991442,line-to-ground,POINT(-97.7184366525625 30.428009511636),1
p1ulv15985,S1S2,0.120088855991442,line-to-ground,POINT(-97.7183937123232 30.428108342069),1
p1ulv25621,S1S2,0.120088855991442,line-to-ground,POINT(-97.718355632243 30.4281108042892),1
p1ulv32562,S1S2,0.120088855991442,line-to-ground,POINT(-97.7185116503326 30.4278478355295),1
p1udm27306,S1S2,0.120088855991442,line-to-ground,POINT(-97.7185194661921 30.4280464163678),1
p1ulv9771,S1S2,0.120088855991442,line-to-ground,POINT(-97.7186532472415 30.4278915040755),1
p1udt8013lv,S1S2,0.120088855991442,line-to-ground,POINT(-97.7183123828816 30.4279850230139),1
p1udm27310,S1S2,0.120088855991442,line-to-ground,POINT(-97.7180060117621 30.4274999995532),1
p1ulv38270,S1S2,0.120088855991442,line-to-ground,POINT(-97.7181721097965 30.4275377224637),1
p1udt8015lv,S1S2,0.120088855991442,line-to-ground,POINT(-97.7245764282199 30.4197769288243),1
p1ulv53372,S1S2,0.120088855991442,line-to-ground,POINT(-97.7245189704491 30.4198762691208),1
p1udm27315,S1S2,0.120088855991442,line-to-ground,POINT(-97.724531492663 30.4197139786384),1
p1ulv9779,S1S2,0.120088855991442,line-to-ground,POINT(-97.7246132035499 30.419558550911),1
p1ulv52762,S1S2,0.120088855991442,line-to-ground,POINT(-97.7244535356703 30.4198276789784),1
p1udm27319,S1S2,0.120088855991442,line-to-ground,POINT(-97.7247074035805 30.4197969036206),1
p1ulv55856,S1S2,0.120088855991442,line-to-ground,POINT(-97.7248444912526 30.4196628987065),1
p1udm27316,S1S2,0.120088855991442,line-to-ground,POINT(-97.7248005054058 30.4198429277627),1
p1ulv37666,S1S2,0.120088855991442,line-to-ground,POINT(-97.7247157013359 30.4199593975115),1
p1udm27320,S1S2,0.120088855991442,line-to-ground,POINT(-97.7209714247382 30.4140849293454),1
p1ulv9781,S1S2,0.120088855991442,line-to-ground,POINT(-97.7210354094245 30.4139682579759),1
p1ulv60069,S1S2,0.120088855991442,line-to-ground,POINT(-97.7209174961352 30.4142287680049),1
p1udm27322,S1S2,0.120088855991442,line-to-ground,POINT(-97.7208886217201 30.4140480264028),1
p1ulv49581,S1S2,0.120088855991442,line-to-ground,POINT(-97.7209216142184 30.4139130055827),1
p1udt8016lv,S1S2,0.120088855991442,line-to-ground,POINT(-97.7210426368423 30.4141645213833),1
p1udm27321,S1S2,0.120088855991442,line-to-ground,POINT(-97.7211473225439 30.4141678588213),1
p1ulv45246,S1S2,0.120088855991442,line-to-ground,POINT(-97.7212321254942 30.4140513912681),1
p1ulv49582,S1S2,0.120088855991442,line-to-ground,POINT(-97.7211039210228 30.4143027777373),1
p1udt8017lv,S1S2,0.120088855991442,line-to-ground,POINT(-97.7212107159672 30.4160085091785),1
p1ulv9782,S1S2,0.120088855991442,line-to-ground,POINT(-97.7211948948924 30.4161082558661),1
p1ulv30673,S1S2,0.120088855991442,line-to-ground,POINT(-97.7213231016706 30.4158568694362),1
p1udm27327,S1S2,0.120088855991442,line-to-ground,POINT(-97.7214451915732 30.4160746155634),1
p1ulv63851,S1S2,0.120088855991442,line-to-ground,POINT(-97.7213295116237 30.4161637119829),1
p1udm27328,S1S2,0.120088855991442,line-to-ground,POINT(-97.7179570947503 30.4161125929291),1
p1ulv9783,S1S2,0.120088855991442,line-to-ground,POINT(-97.717913569971 30.4162565323648),1
p1udt8018lv,S1S2,0.120088855991442,line-to-ground,POINT(-97.7179046713383 30.4161301827225),1
p1udm27329,S1S2,0.120088855991442,line-to-ground,POINT(-97.7177596698198 30.4160835853055),1
p1ulv42068,S1S2,0.120088855991442,line-to-ground,POINT(-97.7177821400378 30.4159574849977),1
p1ulv45898,S1S2,0.120088855991442,line-to-ground,POINT(-97.7177369636132 30.416227729144),1
p1udt8019lv,S1S2,0.120088855991442,line-to-ground,POINT(-97.7159185793374 30.4172480036036),1
p1ulv37669,S1S2,0.120088855991442,line-to-ground,POINT(-97.7159756599703 30.4171668484173),1
p1udm27331,S1S2,0.120088855991442,line-to-ground,POINT(-97.7158183358117 30.4172555302295),1
p1ulv9784,S1S2,0.120088855991442,line-to-ground,POINT(-97.7158824468837 30.4171298399146),1
p1ulv34543,S1S2,0.120088855991442,line-to-ground,POINT(-97.7157749254966 30.4173904470622),1
p1udm27334,S1S2,0.120088855991442,line-to-ground,POINT(-97.7160047622407 30.4173295472657),1
p1ulv63234,S1S2,0.120088855991442,line-to-ground,POINT(-97.715940651183 30.4174552376377),1
p1udt8020lv,S1S2,0.120088855991442,line-to-ground,POINT(-97.7155649609269 30.4191027953147),1
p1ulv64501,S1S2,0.120088855991442,line-to-ground,POINT(-97.7154492944355 30.419200850627),1
p1udm27335,S1S2,0.120088855991442,line-to-ground,POINT(-97.7154306023663 30.4190382541406),1
p1ulv9786,S1S2,0.120088855991442,line-to-ground,POINT(-97.715453312757 30.4188941108798),1
p1ulv65127,S1S2,0.120088855991442,line-to-ground,POINT(-97.7154949515436 30.4188945205821),1
p1udm27336,S1S2,0.120088855991442,line-to-ground,POINT(-97.7156170318201 30.4191122717997),1
p1ulv45901,S1S2,0.120088855991442,line-to-ground,POINT(-97.7156709710749 30.4189684357347),1
p1udm27339,S1S2,0.120088855991442,line-to-ground,POINT(-97.7203475243081 30.4188158552093),1
p1ulv9787,S1S2,0.120088855991442,line-to-ground,POINT(-97.7202740676457 30.4188602498043),1
p1udt8021lv,S1S2,0.120088855991442,line-to-ground,POINT(-97.7206198557927 30.4189657273424),1
p1udm27340,S1S2,0.120088855991442,line-to-ground,POINT(-97.720802844583 30.419027844883),1
p1ulv15364,S1S2,0.120088855991442,line-to-ground,POINT(-97.7208214278977 30.419199462631),1
p1ulv33253,S1S2,0.120088855991442,line-to-ground,POINT(-97.7207674644815 30.4190697767161),1
p1udm27347,S1S2,0.120088855991442,line-to-ground,POINT(-97.7115983452789 30.4254518694006),1
p1ulv9791,S1S2,0.120088855991442,line-to-ground,POINT(-97.7114534300947 30.4253872786163),1
p1udt8024lv,S1S2,0.120088855991442,line-to-ground,POINT(-97.7116322727565 30.4254334558047),1
p1udm27348,S1S2,0.120088855991442,line-to-ground,POINT(-97.7116834067351 30.4253173653831),1
p1ulv17289,S1S2,0.120088855991442,line-to-ground,POINT(-97.7117864433917 30.4253995884347),1
p1ulv53380,S1S2,0.120088855991442,line-to-ground,POINT(-97.711559075251 30.4252710236815),1
p1udm27351,S1S2,0.120088855991442,line-to-ground,POINT(-97.7092077496403 30.4275125411941),1
p1ulv28813,S1S2,0.120088855991442,line-to-ground,POINT(-97.7093319639405 30.427567906894),1
p1udt8025lv,S1S2,0.120088855991442,line-to-ground,POINT(-97.7093612983359 30.4272337003267),1
p1udm27352,S1S2,0.120088855991442,line-to-ground,POINT(-97.7094521817752 30.4271359964277),1
p1ulv57080,S1S2,0.120088855991442,line-to-ground,POINT(-97.7095901311475 30.4272123796),1
p1udm27350,S1S2,0.120088855991442,line-to-ground,POINT(-97.7095051846796 30.427064337271),1
p1ulv9792,S1S2,0.120088855991442,line-to-ground,POINT(-97.7096183942502 30.4271647083898),1
p1udm28554,S1S2,0.120088855991442,line-to-ground,POINT(-97.7142198523267 30.4295921639215),1
p1ulv10366,S1S2,0.120088855991442,line-to-ground,POINT(-97.7141556120364 30.4297268746286),1
p1udt8399lv,S1S2,0.120088855991442,line-to-ground,POINT(-97.714178186887 30.4295827892998),1
p1udm28555,S1S2,0.120088855991442,line-to-ground,POINT(-97.7140542260097 30.4295183489847),1
p1ulv50179,S1S2,0.120088855991442,line-to-ground,POINT(-97.7139694006262 30.4296348109771),1
p1ulv60062,S1S2,0.120088855991442,line-to-ground,POINT(-97.7141074636928 30.4294286444485),1
p1udt8400lv,S1S2,0.120088855991442,line-to-ground,POINT(-97.7135582603793 30.4303338963756),1
p1ulv10367,S1S2,0.120088855991442,line-to-ground,POINT(-97.7136292682031 30.4301638104655),1
p1udm28558,S1S2,0.120088855991442,line-to-ground,POINT(-97.714444034189 30.4315523421793),1
p1ulv10368,S1S2,0.120088855991442,line-to-ground,POINT(-97.7142859750101 30.4316951516667),1
p1ulv36419,S1S2,0.120088855991442,line-to-ground,POINT(-97.7145081570496 30.4314266531268),1
p1ulv38250,S1S2,0.120088855991442,line-to-ground,POINT(-97.7143587340216 30.4317048912961),1
p1udt8401lv,S1S2,0.120088855991442,line-to-ground,POINT(-97.7145614083037 30.4316104717687),1
p1udm28559,S1S2,0.120088855991442,line-to-ground,POINT(-97.7146720121514 30.4316357936267),1
p1ulv25603,S1S2,0.120088855991442,line-to-ground,POINT(-97.7147571934661 30.4314922660254),1
p1ulv38251,S1S2,0.120088855991442,line-to-ground,POINT(-97.7145838595286 30.4317313412675),1
p1udt8404lv,S1S2,0.120088855991442,line-to-ground,POINT(-97.708576203945 30.4297974070723),1
p1ulv10372,S1S2,0.120088855991442,line-to-ground,POINT(-97.7084895069781 30.4298694350395),1
p1udm28566,S1S2,0.120088855991442,line-to-ground,POINT(-97.7084916467678 30.4297070441212),1
p1ulv22416,S1S2,0.120088855991442,line-to-ground,POINT(-97.7086081864644 30.4295548080267),1
p1ulv60042,S1S2,0.120088855991442,line-to-ground,POINT(-97.7084376905774 30.429850876515),1
p1udm28567,S1S2,0.120088855991442,line-to-ground,POINT(-97.7086674420405 30.4297990124432),1
p1ulv35831,S1S2,0.120088855991442,line-to-ground,POINT(-97.70875215489 30.4296915758042),1
p1udt8406lv,S1S2,0.120088855991442,line-to-ground,POINT(-97.7287729490988 30.4201885095302),1
p1ulv10376,S1S2,0.120088855991442,line-to-ground,POINT(-97.7286984657524 30.4203230695886),1
p1udt8410lv,S1S2,0.120088855991442,line-to-ground,POINT(-97.7160175937244 30.4201682541321),1
p1ulv10383,S1S2,0.120088855991442,line-to-ground,POINT(-97.7158515054305 30.4202875580332),1
p1ulv58258,S1S2,0.120088855991442,line-to-ground,POINT(-97.7160620650682 30.4201091707049),1
p1udm28586,S1S2,0.120088855991442,line-to-ground,POINT(-97.7159055632067 30.4201347001479),1
p1ulv27555,S1S2,0.120088855991442,line-to-ground,POINT(-97.7157897553183 30.4202328130792),1
p1udt8413lv,S1S2,0.120088855991442,line-to-ground,POINT(-97.7145071839259 30.4297216020439),1
p1ulv10387,S1S2,0.120088855991442,line-to-ground,POINT(-97.7145393803543 30.4295654063916),1
p1ulv17263,S1S2,0.120088855991442,line-to-ground,POINT(-97.7143833488763 30.429828369951),1
p1udm28599,S1S2,0.120088855991442,line-to-ground,POINT(-97.7145405765624 30.4297487123904),1
p1ulv19860,S1S2,0.120088855991442,line-to-ground,POINT(-97.7144451040186 30.4298831156428),1
p1udm28600,S1S2,0.120088855991442,line-to-ground,POINT(-97.7258293885885 30.4135730069493),1
p1ulv10388,S1S2,0.120088855991442,line-to-ground,POINT(-97.7259780468196 30.4133488839908),1
p1udt8414lv,S1S2,0.120088855991442,line-to-ground,POINT(-97.7258797860147 30.4136523932859),1
p1udm28601,S1S2,0.120088855991442,line-to-ground,POINT(-97.7259845886736 30.4136467050321),1
p1ulv12275,S1S2,0.120088855991442,line-to-ground,POINT(-97.7259244067945 30.4137482063043),1
p1ulv28181,S1S2,0.120088855991442,line-to-ground,POINT(-97.7261436558342 30.4134226834514),1
p1udt8415lv,S1S2,0.120088855991442,line-to-ground,POINT(-97.727041833962 30.4148795033391),1
p1ulv61945,S1S2,0.120088855991442,line-to-ground,POINT(-97.7269257215473 30.4149281205494),1
p1udm28603,S1S2,0.120088855991442,line-to-ground,POINT(-97.727103499697 30.4148666933127),1
p1ulv10389,S1S2,0.120088855991442,line-to-ground,POINT(-97.7269265413239 30.414864967925),1
p1ulv19880,S1S2,0.120088855991442,line-to-ground,POINT(-97.727297363019 30.4148928159533),1
p1udm28614,S1S2,0.120088855991442,line-to-ground,POINT(-97.7261078728828 30.4177804158442),1
p1ulv22403,S1S2,0.120088855991442,line-to-ground,POINT(-97.7260234238347 30.4178698211847),1
p1udt8418lv,S1S2,0.120088855991442,line-to-ground,POINT(-97.7261607588254 30.4177978733088),1
p1udm28615,S1S2,0.120088855991442,line-to-ground,POINT(-97.7262940742549 30.4178724620225),1
p1ulv43328,S1S2,0.120088855991442,line-to-ground,POINT(-97.7263516769816 30.4177224701465),1
p1udm28613,S1S2,0.120088855991442,line-to-ground,POINT(-97.7263768826127 30.4179093616649),1
p1ulv10394,S1S2,0.120088855991442,line-to-ground,POINT(-97.7263023746019 30.4180349559294),1
p1udm28622,S1S2,0.120088855991442,line-to-ground,POINT(-97.7212187152511 30.4150798746312),1
p1ulv17944,S1S2,0.120088855991442,line-to-ground,POINT(-97.7212550347243 30.4149657683371),1
p1udm28623,S1S2,0.120088855991442,line-to-ground,POINT(-97.721301519258 30.4151167773872),1
p1ulv50839,S1S2,0.120088855991442,line-to-ground,POINT(-97.7212061884487 30.4152421647687),1
p1udm28621,S1S2,0.120088855991442,line-to-ground,POINT(-97.7213946150314 30.4151628038185),1
p1ulv10399,S1S2,0.120088855991442,line-to-ground,POINT(-97.7213306299323 30.4152794753333),1
p1udt8422lv,S1S2,0.120088855991442,line-to-ground,POINT(-97.7210773376865 30.4150597945532),1
p1udm28624,S1S2,0.120088855991442,line-to-ground,POINT(-97.7206804907617 30.4148400054757),1
p1ulv63848,S1S2,0.120088855991442,line-to-ground,POINT(-97.7206052719028 30.4150197270914),1
p1udt8423lv,S1S2,0.120088855991442,line-to-ground,POINT(-97.7227565090275 30.4151088232595),1
p1ulv54027,S1S2,0.120088855991442,line-to-ground,POINT(-97.7226568463209 30.4149676316387),1
p1udm28626,S1S2,0.120088855991442,line-to-ground,POINT(-97.7226863117266 30.4151032639842),1
p1ulv11628,S1S2,0.120088855991442,line-to-ground,POINT(-97.7227891125477 30.415203522009),1
p1udm28625,S1S2,0.120088855991442,line-to-ground,POINT(-97.7228028816634 30.4157450329622),1
p1ulv10400,S1S2,0.120088855991442,line-to-ground,POINT(-97.7229603148281 30.4156473206734),1
p1udm28629,S1S2,0.120088855991442,line-to-ground,POINT(-97.7228540357754 30.4150146754155),1
p1ulv58254,S1S2,0.120088855991442,line-to-ground,POINT(-97.7228139258796 30.4148969848504),1
p1udm28627,S1S2,0.120088855991442,line-to-ground,POINT(-97.7229378976881 30.4149703810466),1
p1ulv42067,S1S2,0.120088855991442,line-to-ground,POINT(-97.7230338516672 30.4150734080452),1
p1udm28630,S1S2,0.120088855991442,line-to-ground,POINT(-97.7165455477523 30.4157829216528),1
p1ulv10401,S1S2,0.120088855991442,line-to-ground,POINT(-97.7164399190098 30.4158991812516),1
p1ulv35825,S1S2,0.120088855991442,line-to-ground,POINT(-97.7166302394632 30.4156754790799),1
p1udt8424lv,S1S2,0.120088855991442,line-to-ground,POINT(-97.7164957708238 30.4157643710677),1
p1udm28633,S1S2,0.120088855991442,line-to-ground,POINT(-97.7163590056951 30.4157179272095),1
p1ulv62610,S1S2,0.120088855991442,line-to-ground,POINT(-97.716454106899 30.4156105870988),1
p1udm28631,S1S2,0.120088855991442,line-to-ground,POINT(-97.71626579381 30.415680919008),1
p1ulv26245,S1S2,0.120088855991442,line-to-ground,POINT(-97.7162223848848 30.4158158360589),1
p1udt8426lv,S1S2,0.120088855991442,line-to-ground,POINT(-97.7216573423284 30.4175294828599),1
p1ulv47743,S1S2,0.120088855991442,line-to-ground,POINT(-97.7217584196331 30.4176025585212),1
p1udm28638,S1S2,0.120088855991442,line-to-ground,POINT(-97.7216622157268 30.4174633401025),1
p1ulv10404,S1S2,0.120088855991442,line-to-ground,POINT(-97.7218631034336 30.4175584687767),1
p1udm28640,S1S2,0.120088855991442,line-to-ground,POINT(-97.7215604022902 30.4176186654402),1
p1ulv15363,S1S2,0.120088855991442,line-to-ground,POINT(-97.7214675393973 30.4175545955141),1
p1udm28639,S1S2,0.120088855991442,line-to-ground,POINT(-97.7215177053546 30.4176994537133),1
p1ulv14151,S1S2,0.120088855991442,line-to-ground,POINT(-97.721683435628 30.4177642371176),1
p1udt8428lv,S1S2,0.120088855991442,line-to-ground,POINT(-97.7089240267383 30.428990000477),1
p1ulv14763,S1S2,0.120088855991442,line-to-ground,POINT(-97.7089705906935 30.4289177676019),1
p1udm28645,S1S2,0.120088855991442,line-to-ground,POINT(-97.7087410791549 30.428951588839),1
p1ulv10410,S1S2,0.120088855991442,line-to-ground,POINT(-97.708697534537 30.4290955243721),1
p1udm28649,S1S2,0.120088855991442,line-to-ground,POINT(-97.7086479768192 30.4289055532712),1
p1ulv52105,S1S2,0.120088855991442,line-to-ground,POINT(-97.7087019321305 30.4287617207462),1
p1udm28648,S1S2,0.120088855991442,line-to-ground,POINT(-97.708999684019 30.4290804674926),1
p1ulv50199,S1S2,0.120088855991442,line-to-ground,POINT(-97.7089251450824 30.4292060507447),1
p1udm28647,S1S2,0.120088855991442,line-to-ground,POINT(-97.7090929055112 30.4291174810971),1
p1ulv31948,S1S2,0.120088855991442,line-to-ground,POINT(-97.7091365683782 30.428964523695),1
p1udt8795lv,S1S2,0.120088855991442,line-to-ground,POINT(-97.7128825212653 30.4310074373716),1
p1ulv10985,S1S2,0.120088855991442,line-to-ground,POINT(-97.7128251265401 30.4311393787289),1
p1udm29742,S1S2,0.120088855991442,line-to-ground,POINT(-97.7127963818095 30.4309496143469),1
p1ulv31258,S1S2,0.120088855991442,line-to-ground,POINT(-97.7128845353968 30.4308540679322),1
p1udm29743,S1S2,0.120088855991442,line-to-ground,POINT(-97.713045060363 30.4310422956459),1
p1ulv45869,S1S2,0.120088855991442,line-to-ground,POINT(-97.7129391734913 30.4311765950185),1
p1udt8800lv,S1S2,0.120088855991442,line-to-ground,POINT(-97.7273739787602 30.4208000203107),1
p1ulv10993,S1S2,0.120088855991442,line-to-ground,POINT(-97.7275486936579 30.4206727851754),1
p1ulv31262,S1S2,0.120088855991442,line-to-ground,POINT(-97.7275046620837 30.4205792904568),1
p1udt8801lv,S1S2,0.120088855991442,line-to-ground,POINT(-97.7276109099089 30.4219912508604),1
p1ulv10994,S1S2,0.120088855991442,line-to-ground,POINT(-97.7275642847261 30.4221555351054),1
p1ulv48983,S1S2,0.120088855991442,line-to-ground,POINT(-97.7276892723939 30.4218742061585),1
p1udt8802lv,S1S2,0.120088855991442,line-to-ground,POINT(-97.7278555663101 30.4270272730206),1
p1ulv10995,S1S2,0.120088855991442,line-to-ground,POINT(-97.7280073733222 30.4270474477021),1
p1udm29764,S1S2,0.120088855991442,line-to-ground,POINT(-97.7279151998005 30.4269292513378),1
p1ulv32554,S1S2,0.120088855991442,line-to-ground,POINT(-97.7277486302027 30.4269276279063),1
p1udm29765,S1S2,0.120088855991442,line-to-ground,POINT(-97.7278923882646 30.427082418853),1
p1ulv37647,S1S2,0.120088855991442,line-to-ground,POINT(-97.7277155248877 30.4270716721219),1
p1udm29775,S1S2,0.120088855991442,line-to-ground,POINT(-97.7129991273941 30.4258175815365),1
p1ulv10998,S1S2,0.120088855991442,line-to-ground,POINT(-97.7131148263607 30.4257284931726),1
p1udt8805lv,S1S2,0.120088855991442,line-to-ground,POINT(-97.7130303448308 30.4258501026403),1
p1udm29776,S1S2,0.120088855991442,line-to-ground,POINT(-97.7131329232695 30.4259361984523),1
p1ulv45236,S1S2,0.120088855991442,line-to-ground,POINT(-97.7130201942843 30.4260732667671),1
p1udm29783,S1S2,0.120088855991442,line-to-ground,POINT(-97.7258198488703 30.4199160414477),1
p1ulv11007,S1S2,0.120088855991442,line-to-ground,POINT(-97.7259955268585 30.4200170083186),1
p1udt8808lv,S1S2,0.120088855991442,line-to-ground,POINT(-97.7257549044752 30.4200959250243),1
p1udm29784,S1S2,0.120088855991442,line-to-ground,POINT(-97.7256710625074 30.4201491855043),1
p1ulv30027,S1S2,0.120088855991442,line-to-ground,POINT(-97.7258153938571 30.4202588695598),1
p1udt8810lv,S1S2,0.120088855991442,line-to-ground,POINT(-97.7219127616049 30.4145363303481),1
p1ulv11009,S1S2,0.120088855991442,line-to-ground,POINT(-97.7219563025963 30.4144013537747),1
p1udm29787,S1S2,0.120088855991442,line-to-ground,POINT(-97.7218096325196 30.4144721014488),1
p1ulv12881,S1S2,0.120088855991442,line-to-ground,POINT(-97.7218837905909 30.4143735751282),1
p1ulv14148,S1S2,0.120088855991442,line-to-ground,POINT(-97.7217037761481 30.4146064091199),1
p1udm29789,S1S2,0.120088855991442,line-to-ground,POINT(-97.7219332503093 30.4145725639259),1
p1ulv62607,S1S2,0.120088855991442,line-to-ground,POINT(-97.7217968716459 30.4146524352594),1
p1udt8811lv,S1S2,0.120088855991442,line-to-ground,POINT(-97.7156853503012 30.4163119596775),1
p1ulv61320,S1S2,0.120088855991442,line-to-ground,POINT(-97.7156931732344 30.416478327591),1
p1udm29790,S1S2,0.120088855991442,line-to-ground,POINT(-97.715633079724 30.4162972779394),1
p1ulv11010,S1S2,0.120088855991442,line-to-ground,POINT(-97.7155584413238 30.4164318875042),1
p1udm29792,S1S2,0.120088855991442,line-to-ground,POINT(-97.7155398675903 30.4162602692147),1
p1ulv19889,S1S2,0.120088855991442,line-to-ground,POINT(-97.7156038601563 30.4161436007713),1
p1udm29791,S1S2,0.120088855991442,line-to-ground,POINT(-97.7158195042086 30.4163712951946),1
p1ulv13516,S1S2,0.120088855991442,line-to-ground,POINT(-97.7158490605058 30.4162243829938),1
p1udt8812lv,S1S2,0.120088855991442,line-to-ground,POINT(-97.7208058615385 30.4167173547324),1
p1ulv24990,S1S2,0.120088855991442,line-to-ground,POINT(-97.7209080745819 30.4165475698509),1
p1udm29794,S1S2,0.120088855991442,line-to-ground,POINT(-97.7209472414135 30.4167374351662),1
p1ulv11011,S1S2,0.120088855991442,line-to-ground,POINT(-97.7208830193396 30.4168721499486),1
p1udm29797,S1S2,0.120088855991442,line-to-ground,POINT(-97.7207609297797 30.4166544033287),1
p1ulv52767,S1S2,0.120088855991442,line-to-ground,POINT(-97.7207072346983 30.4167801982389),1
p1udm29795,S1S2,0.120088855991442,line-to-ground,POINT(-97.7206677152366 30.4166173982028),1
p1ulv19891,S1S2,0.120088855991442,line-to-ground,POINT(-97.7205933187827 30.4167339672735),1
p1udt8813lv,S1S2,0.120088855991442,line-to-ground,POINT(-97.7162315862228 30.4185759406273),1
p1ulv22411,S1S2,0.120088855991442,line-to-ground,POINT(-97.716175479842 30.4186034582971),1
p1ulv41437,S1S2,0.120088855991442,line-to-ground,POINT(-97.716324522094 30.4183522820668),1
p1udm29798,S1S2,0.120088855991442,line-to-ground,POINT(-97.7161358492179 30.4184496788882),1
p1ulv11013,S1S2,0.120088855991442,line-to-ground,POINT(-97.7161792595655 30.418314761956),1
p1udm29799,S1S2,0.120088855991442,line-to-ground,POINT(-97.7163223962435 30.4185146737686),1
p1ulv16668,S1S2,0.120088855991442,line-to-ground,POINT(-97.716299569128 30.4186678389888),1
p1udm29802,S1S2,0.120088855991442,line-to-ground,POINT(-97.7157732837239 30.418310768988),1
p1ulv11014,S1S2,0.120088855991442,line-to-ground,POINT(-97.7157196994914 30.4184275398469),1
p1ulv12886,S1S2,0.120088855991442,line-to-ground,POINT(-97.7157961115538 30.4181576038728),1
p1udt8814lv,S1S2,0.120088855991442,line-to-ground,POINT(-97.7156319028657 30.4182906829201),1
p1udm29804,S1S2,0.120088855991442,line-to-ground,POINT(-97.7155867374751 30.4182457733424),1
p1ulv16667,S1S2,0.120088855991442,line-to-ground,POINT(-97.7155019241408 30.418362236859),1
p1ulv37059,S1S2,0.120088855991442,line-to-ground,POINT(-97.7156094474092 30.4181016300255),1
p1udm29806,S1S2,0.120088855991442,line-to-ground,POINT(-97.7108249811812 30.4264638217498),1
p1ulv11016,S1S2,0.120088855991442,line-to-ground,POINT(-97.7107012419893 30.4263723705569),1
p1ulv54033,S1S2,0.120088855991442,line-to-ground,POINT(-97.710669298613 30.4264261924474),1
p1udt8815lv,S1S2,0.120088855991442,line-to-ground,POINT(-97.710848687782 30.4265107901897),1
p1udm29807,S1S2,0.120088855991442,line-to-ground,POINT(-97.7107491414643 30.426688645249),1
p1ulv40212,S1S2,0.120088855991442,line-to-ground,POINT(-97.7105831667445 30.4266418912798),1
p1udt9172lv,S1S2,0.120088855991442,line-to-ground,POINT(-97.7189299915266 30.4314131563048),1
p1ulv11603,S1S2,0.120088855991442,line-to-ground,POINT(-97.7191200098063 30.4314900406684),1
p1udt9173lv,S1S2,0.120088855991442,line-to-ground,POINT(-97.7181162382826 30.4327614233945),1
p1ulv43301,S1S2,0.120088855991442,line-to-ground,POINT(-97.7182488415359 30.4328168785599),1
p1udm30921,S1S2,0.120088855991442,line-to-ground,POINT(-97.7180302066362 30.4328147312013),1
p1ulv11604,S1S2,0.120088855991442,line-to-ground,POINT(-97.7181958416179 30.4328885413004),1
p1udm30923,S1S2,0.120088855991442,line-to-ground,POINT(-97.7181259133804 30.43266228183),1
p1ulv50817,S1S2,0.120088855991442,line-to-ground,POINT(-97.7180051322437 30.4326188170848),1
p1udt9181lv,S1S2,0.120088855991442,line-to-ground,POINT(-97.727221272704 30.4207617212991),1
p1ulv11612,S1S2,0.120088855991442,line-to-ground,POINT(-97.727195224366 30.4206332475884),1
p1udm30942,S1S2,0.120088855991442,line-to-ground,POINT(-97.7270128022296 30.4207187657783),1
p1ulv55240,S1S2,0.120088855991442,line-to-ground,POINT(-97.7271125305389 30.4205873266099),1
p1udm30943,S1S2,0.120088855991442,line-to-ground,POINT(-97.7272554588929 30.420805270687),1
p1ulv61927,S1S2,0.120088855991442,line-to-ground,POINT(-97.7271602468442 30.4209216405738),1
p1udm30941,S1S2,0.120088855991442,line-to-ground,POINT(-97.727338387172 30.4208331479872),1
p1ulv47118,S1S2,0.120088855991442,line-to-ground,POINT(-97.7272949907945 30.4209680689859),1
p1udt9188lv,S1S2,0.120088855991442,line-to-ground,POINT(-97.7254085802091 30.4142269251069),1
p1ulv11623,S1S2,0.120088855991442,line-to-ground,POINT(-97.7252694943641 30.4141991477671),1
p1ulv17278,S1S2,0.120088855991442,line-to-ground,POINT(-97.7256333488283 30.4142387915276),1
p1udm30964,S1S2,0.120088855991442,line-to-ground,POINT(-97.7254244604841 30.4142908901232),1
p1ulv54643,S1S2,0.120088855991442,line-to-ground,POINT(-97.725632176558 30.4143290095256),1
p1udt9190lv,S1S2,0.120088855991442,line-to-ground,POINT(-97.7226560611895 30.4164114615308),1
p1ulv13517,S1S2,0.120088855991442,line-to-ground,POINT(-97.72252448111 30.4163378229597),1
p1ulv18582,S1S2,0.120088855991442,line-to-ground,POINT(-97.7227092661616 30.4165381355334),1
p1udm30966,S1S2,0.120088855991442,line-to-ground,POINT(-97.7226903273373 30.4163935832657),1
p1ulv11629,S1S2,0.120088855991442,line-to-ground,POINT(-97.722761783549 30.416502557585),1
p1udt9193lv,S1S2,0.120088855991442,line-to-ground,POINT(-97.709439142287 30.4249523843101),1
p1ulv11635,S1S2,0.120088855991442,line-to-ground,POINT(-97.7092819402316 30.4250410002606),1
p1ulv28195,S1S2,0.120088855991442,line-to-ground,POINT(-97.7094827054681 30.4248174127339),1
p1udm30976,S1S2,0.120088855991442,line-to-ground,POINT(-97.7094910968179 30.4249708850311),1
p1ulv31298,S1S2,0.120088855991442,line-to-ground,POINT(-97.7093854496099 30.4250871382358),1
p1ulv42074,S1S2,0.120088855991442,line-to-ground,POINT(-97.7095756856548 30.4248724693621),1
p1udt9194lv,S1S2,0.120088855991442,line-to-ground,POINT(-97.7106147864387 30.4271028818949),1
p1ulv11637,S1S2,0.120088855991442,line-to-ground,POINT(-97.7104415400305 30.4271187059209),1
p1udm30979,S1S2,0.120088855991442,line-to-ground,POINT(-97.7106176886914 30.4271836063843),1
p1ulv21202,S1S2,0.120088855991442,line-to-ground,POINT(-97.710471110123 30.4272453186694),1
p1udm30981,S1S2,0.120088855991442,line-to-ground,POINT(-97.7106189940483 30.427084367366),1
p1ulv53381,S1S2,0.120088855991442,line-to-ground,POINT(-97.7107226248771 30.4271214826175),1
p1udm30980,S1S2,0.120088855991442,line-to-ground,POINT(-97.7106512936759 30.4270034803125),1
p1ulv21818,S1S2,0.120088855991442,line-to-ground,POINT(-97.710464022687 30.4269926074241),1
p1udt9195lv,S1S2,0.120088855991442,line-to-ground,POINT(-97.7098374371316 30.4279570104617),1
p1ulv11638,S1S2,0.120088855991442,line-to-ground,POINT(-97.7099022905931 30.4277449802181),1
p1ulv36457,S1S2,0.120088855991442,line-to-ground,POINT(-97.7100921371885 30.4280778676401),1
p1ulv40829,S1S2,0.120088855991442,line-to-ground,POINT(-97.710087782111 30.4278911798423),1
p1udm30985,S1S2,0.120088855991442,line-to-ground,POINT(-97.7093683796999 30.4279652744931),1
p1ulv11640,S1S2,0.120088855991442,line-to-ground,POINT(-97.7092005027153 30.4280628662967),1
p1udt9196lv,S1S2,0.120088855991442,line-to-ground,POINT(-97.7094608659151 30.4280474537818),1
p1udm30986,S1S2,0.120088855991442,line-to-ground,POINT(-97.7094710607067 30.4280745645348),1
p1ulv19254,S1S2,0.120088855991442,line-to-ground,POINT(-97.7095870030392 30.4279674360496),1
p1udt9575lv,S1S2,0.120088855991442,line-to-ground,POINT(-97.7189416448788 30.4300317231305),1
p1ulv24959,S1S2,0.120088855991442,line-to-ground,POINT(-97.7189288875693 30.4301798428218),1
p1udm32123,S1S2,0.120088855991442,line-to-ground,POINT(-97.7188894844468 30.4300080207491),1
p1ulv12257,S1S2,0.120088855991442,line-to-ground,POINT(-97.7190163016862 30.4298648988545),1
p1ulv53338,S1S2,0.120088855991442,line-to-ground,POINT(-97.718784078302 30.4301062381312),1
p1udm32128,S1S2,0.120088855991442,line-to-ground,POINT(-97.718796258153 30.4299710140177),1
p1ulv59442,S1S2,0.120088855991442,line-to-ground,POINT(-97.7188679300645 30.429788423172),1
p1udm32124,S1S2,0.120088855991442,line-to-ground,POINT(-97.7191375773556 30.430145799321),1
p1ulv17913,S1S2,0.120088855991442,line-to-ground,POINT(-97.7192299526631 30.4299724343545),1
p1ulv38248,S1S2,0.120088855991442,line-to-ground,POINT(-97.7190632861408 30.4302533451837),1
p1udt9588lv,S1S2,0.120088855991442,line-to-ground,POINT(-97.7237518362762 30.414012944159),1
p1ulv12276,S1S2,0.120088855991442,line-to-ground,POINT(-97.723564493503 30.4140200769341),1
p1udm32170,S1S2,0.120088855991442,line-to-ground,POINT(-97.7237616815567 30.4140671193045),1
p1ulv16656,S1S2,0.120088855991442,line-to-ground,POINT(-97.7239395773252 30.4139966745869),1
p1udt9589lv,S1S2,0.120088855991442,line-to-ground,POINT(-97.7279578035308 30.4178348329126),1
p1ulv35163,S1S2,0.120088855991442,line-to-ground,POINT(-97.7280356431827 30.4176458222655),1
p1ulv37659,S1S2,0.120088855991442,line-to-ground,POINT(-97.7278870997162 30.4178609255691),1
p1udm32171,S1S2,0.120088855991442,line-to-ground,POINT(-97.7277430034889 30.4177332001948),1
p1ulv12280,S1S2,0.120088855991442,line-to-ground,POINT(-97.7279013714946 30.4175633075019),1
p1udt9593lv,S1S2,0.120088855991442,line-to-ground,POINT(-97.7215808806643 30.4161289774724),1
p1ulv12284,S1S2,0.120088855991442,line-to-ground,POINT(-97.7215881008948 30.4162925654472),1
p1udm32185,S1S2,0.120088855991442,line-to-ground,POINT(-97.7217143078075 30.416194548935),1
p1ulv13515,S1S2,0.120088855991442,line-to-ground,POINT(-97.7218094037791 30.4160872047758),1
p1ulv54028,S1S2,0.120088855991442,line-to-ground,POINT(-97.7216604966067 30.4163293660711),1
p1udm32186,S1S2,0.120088855991442,line-to-ground,POINT(-97.7215384059226 30.4161116201308),1
p1ulv20540,S1S2,0.120088855991442,line-to-ground,POINT(-97.7216026265704 30.4159769049707),1
p1udm32194,S1S2,0.120088855991442,line-to-ground,POINT(-97.7111559815102 30.4266295027108),1
p1ulv12290,S1S2,0.120088855991442,line-to-ground,POINT(-97.7112306341602 30.4264948962656),1
p1ulv61327,S1S2,0.120088855991442,line-to-ground,POINT(-97.7110919764108 30.4267461684417),1
p1udt9596lv,S1S2,0.120088855991442,line-to-ground,POINT(-97.7116324704125 30.4267754748675),1
p1udm32195,S1S2,0.120088855991442,line-to-ground,POINT(-97.7117351755478 30.4269239533065),1
p1ulv23711,S1S2,0.120088855991442,line-to-ground,POINT(-97.7116402950067 30.4270132458682),1
p1udm32196,S1S2,0.120088855991442,line-to-ground,POINT(-97.7117972830733 30.4269516349802),1
p1ulv50196,S1S2,0.120088855991442,line-to-ground,POINT(-97.7119133401149 30.4268354825649),1
p1udt9930lv,S1S2,0.120088855991442,line-to-ground,POINT(-97.7159091990026 30.4314346294417),1
p1ulv12858,S1S2,0.120088855991442,line-to-ground,POINT(-97.7160788039372 30.4315503882003),1
p1udm33201,S1S2,0.120088855991442,line-to-ground,POINT(-97.715912227258 30.4315487494429),1
p1ulv13489,S1S2,0.120088855991442,line-to-ground,POINT(-97.715778065863 30.431457200384),1
p1udm33200,S1S2,0.120088855991442,line-to-ground,POINT(-97.7158269293431 30.4317012995852),1
p1ulv12859,S1S2,0.120088855991442,line-to-ground,POINT(-97.7157234098695 30.4316551664774),1
p1udm33202,S1S2,0.120088855991442,line-to-ground,POINT(-97.715957062771 30.4313055721199),1
p1ulv28147,S1S2,0.120088855991442,line-to-ground,POINT(-97.7160526529314 30.4311621460275),1
p1udt9931lv,S1S2,0.120088855991442,line-to-ground,POINT(-97.7171288818666 30.4318577670749),1
p1ulv12860,S1S2,0.120088855991442,line-to-ground,POINT(-97.717010365311 30.4319746025313),1
p1ulv45870,S1S2,0.120088855991442,line-to-ground,POINT(-97.7172465145489 30.4317090726329),1
p1udm33204,S1S2,0.120088855991442,line-to-ground,POINT(-97.7170443148853 30.4317674094165),1
p1ulv30014,S1S2,0.120088855991442,line-to-ground,POINT(-97.7169591366093 30.431910938594),1
p1udt9941lv,S1S2,0.120088855991442,line-to-ground,POINT(-97.7146311850478 30.4260463344919),1
p1ulv12873,S1S2,0.120088855991442,line-to-ground,POINT(-97.7145489794767 30.4259321054598),1
p1udm33235,S1S2,0.120088855991442,line-to-ground,POINT(-97.7133097397592 30.4291230270961),1
p1ulv24975,S1S2,0.120088855991442,line-to-ground,POINT(-97.713342393209 30.4290150741487),1
p1udm33234,S1S2,0.120088855991442,line-to-ground,POINT(-97.7132827710068 30.4287979367137),1
p1ulv12875,S1S2,0.120088855991442,line-to-ground,POINT(-97.7134592799183 30.4288357682563),1
p1udt9942lv,S1S2,0.120088855991442,line-to-ground,POINT(-97.7134374846152 30.4292228888984),1
p1udm33236,S1S2,0.120088855991442,line-to-ground,POINT(-97.7135788806168 30.4292429777502),1
p1ulv43320,S1S2,0.120088855991442,line-to-ground,POINT(-97.7135249320944 30.4293868124794),1
p1udm33237,S1S2,0.120088855991442,line-to-ground,POINT(-97.7136615749252 30.4292889072722),1
p1ulv51432,S1S2,0.120088855991442,line-to-ground,POINT(-97.7137150496161 30.4291811594257),1
p1udm33238,S1S2,0.120088855991442,line-to-ground,POINT(-97.7266282469318 30.4113792012955),1
p1ulv12876,S1S2,0.120088855991442,line-to-ground,POINT(-97.7265962002239 30.4114420494005),1
p1udm33240,S1S2,0.120088855991442,line-to-ground,POINT(-97.7267004068527 30.4114340427166),1
p1ulv52090,S1S2,0.120088855991442,line-to-ground,POINT(-97.7267844982132 30.4113717021007),1
p1udt9943lv,S1S2,0.120088855991442,line-to-ground,POINT(-97.7264808335529 30.4112305602269),1
p1udm33239,S1S2,0.120088855991442,line-to-ground,POINT(-97.7263997298614 30.4110874711412),1
p1ulv49574,S1S2,0.120088855991442,line-to-ground,POINT(-97.7263620659308 30.4110337330061),1
p1udt9944lv,S1S2,0.120088855991442,line-to-ground,POINT(-97.7252393020237 30.4133454736281),1
p1ulv12877,S1S2,0.120088855991442,line-to-ground,POINT(-97.7252177099026 30.4133775542594),1
p1ulv65115,S1S2,0.120088855991442,line-to-ground,POINT(-97.7254084746725 30.413117751292),1
p1udm33244,S1S2,0.120088855991442,line-to-ground,POINT(-97.7252332594173 30.4182561848764),1
p1ulv25626,S1S2,0.120088855991442,line-to-ground,POINT(-97.7253232814162 30.4180705146176),1
p1udt9945lv,S1S2,0.120088855991442,line-to-ground,POINT(-97.7248934442387 30.418027442228),1
p1udm33245,S1S2,0.120088855991442,line-to-ground,POINT(-97.7246891142264 30.4180011606238),1
p1ulv27551,S1S2,0.120088855991442,line-to-ground,POINT(-97.7247745031589 30.4178395818517),1
p1udm33243,S1S2,0.120088855991442,line-to-ground,POINT(-97.7245958968331 30.4179641582319),1
p1ulv12878,S1S2,0.120088855991442,line-to-ground,POINT(-97.7245841964483 30.4180632962364),1
p1udt9946lv,S1S2,0.120088855991442,line-to-ground,POINT(-97.7262627024996 30.4191809924686),1
p1ulv12879,S1S2,0.120088855991442,line-to-ground,POINT(-97.7264111202275 30.4192811825053),1
p1udm33247,S1S2,0.120088855991442,line-to-ground,POINT(-97.7262025729993 30.419306216628),1
p1ulv37664,S1S2,0.120088855991442,line-to-ground,POINT(-97.7260680662839 30.4192417435674),1
p1udt9948lv,S1S2,0.120088855991442,line-to-ground,POINT(-97.7161416672975 30.4148357300029),1
p1ulv12882,S1S2,0.120088855991442,line-to-ground,POINT(-97.7161024361268 30.4149152000498),1
p1udm33250,S1S2,0.120088855991442,line-to-ground,POINT(-97.7163602867512 30.41482467006),1
p1ulv12883,S1S2,0.120088855991442,line-to-ground,POINT(-97.7163062329203 30.4149775283592),1
p1udt9949lv,S1S2,0.120088855991442,line-to-ground,POINT(-97.7162636490827 30.4146621553596),1
p1udm33251,S1S2,0.120088855991442,line-to-ground,POINT(-97.7159563433218 30.414726182757),1
p1ulv56470,S1S2,0.120088855991442,line-to-ground,POINT(-97.7158916334788 30.4148381073316),1
p1udt9950lv,S1S2,0.120088855991442,line-to-ground,POINT(-97.7179992124064 30.4168619682725),1
p1ulv12885,S1S2,0.120088855991442,line-to-ground,POINT(-97.7181100591514 30.416878207692),1
p1ulv14758,S1S2,0.120088855991442,line-to-ground,POINT(-97.7180818032649 30.4169258810179),1
p1ulv52100,S1S2,0.120088855991442,line-to-ground,POINT(-97.717865091069 30.4167793860868),1
p1udt10309lv,S1S2,0.120088855991442,line-to-ground,POINT(-97.7133564738613 30.4286880764351),1
p1ulv13509,S1S2,0.120088855991442,line-to-ground,POINT(-97.7132126198987 30.4285897183532),1
p1udt10311lv,S1S2,0.120088855991442,line-to-ground,POINT(-97.7241622877048 30.4186720307222),1
p1ulv61315,S1S2,0.120088855991442,line-to-ground,POINT(-97.7241064889314 30.4187714403509),1
p1udm34344,S1S2,0.120088855991442,line-to-ground,POINT(-97.724077724981 30.4185816775829),1
p1ulv48361,S1S2,0.120088855991442,line-to-ground,POINT(-97.7241417091664 30.4184650047474),1
p1udm34343,S1S2,0.120088855991442,line-to-ground,POINT(-97.7239845072913 30.4185446747484),1
p1ulv13512,S1S2,0.120088855991442,line-to-ground,POINT(-97.7240901302889 30.4184284089161),1
p1udm34345,S1S2,0.120088855991442,line-to-ground,POINT(-97.7242535161216 30.4186736249108),1
p1ulv48362,S1S2,0.120088855991442,line-to-ground,POINT(-97.7243385542912 30.4185391118452),1
p1ulv55854,S1S2,0.120088855991442,line-to-ground,POINT(-97.7241684777138 30.4188081379117),1
p1udm34348,S1S2,0.120088855991442,line-to-ground,POINT(-97.7230756666858 30.4171823481908),1
p1ulv13518,S1S2,0.120088855991442,line-to-ground,POINT(-97.7229663689043 30.4170577941522),1
p1udt10312lv,S1S2,0.120088855991442,line-to-ground,POINT(-97.7233183555404 30.4173243599558),1
p1udm34349,S1S2,0.120088855991442,line-to-ground,POINT(-97.7234268900687 30.4173933105223),1
p1ulv21194,S1S2,0.120088855991442,line-to-ground,POINT(-97.7233941345395 30.4175102883956),1
p1ulv21813,S1S2,0.120088855991442,line-to-ground,POINT(-97.723290860924 30.4174461179441),1
p1udt10676lv,S1S2,0.120088855991442,line-to-ground,POINT(-97.7192781168725 30.4302706630739),1
p1ulv17914,S1S2,0.120088855991442,line-to-ground,POINT(-97.7194080251862 30.4301664989073),1
p1ulv37030,S1S2,0.120088855991442,line-to-ground,POINT(-97.7194389043005 30.4301938706096),1
p1ulv44596,S1S2,0.120088855991442,line-to-ground,POINT(-97.7191554517232 30.4303715475264),1
p1udm35410,S1S2,0.120088855991442,line-to-ground,POINT(-97.719322144497 30.430364160333),1
p1ulv14109,S1S2,0.120088855991442,line-to-ground,POINT(-97.7195102484422 30.4303118684244),1
p1udm35414,S1S2,0.120088855991442,line-to-ground,POINT(-97.7192199214741 30.4302187906761),1
p1ulv61919,S1S2,0.120088855991442,line-to-ground,POINT(-97.7193467385275 30.430075668459),1
p1udt10677lv,S1S2,0.120088855991442,line-to-ground,POINT(-97.7156327153987 30.4311224329537),1
p1ulv14110,S1S2,0.120088855991442,line-to-ground,POINT(-97.7157003339891 30.4310323590022),1
p1udm35416,S1S2,0.120088855991442,line-to-ground,POINT(-97.715542868624 30.4311300613947),1
p1ulv24960,S1S2,0.120088855991442,line-to-ground,POINT(-97.7154473960088 30.4312644653535),1
p1udm35419,S1S2,0.120088855991442,line-to-ground,POINT(-97.7154600536256 30.4310931547483),1
p1ulv55231,S1S2,0.120088855991442,line-to-ground,POINT(-97.7153367923511 30.4312391441576),1
p1udm35417,S1S2,0.120088855991442,line-to-ground,POINT(-97.715366945954 30.4310471238401),1
p1ulv45219,S1S2,0.120088855991442,line-to-ground,POINT(-97.7154831221606 30.430921946598),1
p1udm35418,S1S2,0.120088855991442,line-to-ground,POINT(-97.7161229299475 30.4313613412642),1
p1ulv52065,S1S2,0.120088855991442,line-to-ground,POINT(-97.7162082270928 30.431208790899),1
p1udm35420,S1S2,0.120088855991442,line-to-ground,POINT(-97.7175418473987 30.4335317657973),1
p1ulv14112,S1S2,0.120088855991442,line-to-ground,POINT(-97.7177589493088 30.4336511967086),1
p1udt10678lv,S1S2,0.120088855991442,line-to-ground,POINT(-97.7176388072716 30.4334425869685),1
p1udm35421,S1S2,0.120088855991442,line-to-ground,POINT(-97.7176374375795 30.4333883385874),1
p1ulv37033,S1S2,0.120088855991442,line-to-ground,POINT(-97.7178551294652 30.4334626606074),1
p1udt10679lv,S1S2,0.120088855991442,line-to-ground,POINT(-97.716020860377 30.4349035018033),1
p1ulv14113,S1S2,0.120088855991442,line-to-ground,POINT(-97.715964319083 30.4347253236369),1
p1udt10694lv,S1S2,0.120088855991442,line-to-ground,POINT(-97.7149010550678 30.4277480724372),1
p1ulv33247,S1S2,0.120088855991442,line-to-ground,POINT(-97.7147828493959 30.4276729936498),1
p1udm35457,S1S2,0.120088855991442,line-to-ground,POINT(-97.7149943879345 30.4276959583155),1
p1ulv14138,S1S2,0.120088855991442,line-to-ground,POINT(-97.7151396637253 30.427733480078),1
p1udm35459,S1S2,0.120088855991442,line-to-ground,POINT(-97.7148985632728 30.4278574272458),1
p1ulv28172,S1S2,0.120088855991442,line-to-ground,POINT(-97.7150227814248 30.4279127876309),1
p1udm35458,S1S2,0.120088855991442,line-to-ground,POINT(-97.7148454454937 30.4279381104282),1
p1ulv17934,S1S2,0.120088855991442,line-to-ground,POINT(-97.7147218188901 30.427837641164),1
p1udt10695lv,S1S2,0.120088855991442,line-to-ground,POINT(-97.7137218187343 30.4281842749922),1
p1ulv63832,S1S2,0.120088855991442,line-to-ground,POINT(-97.7135312169861 30.428114644947),1
p1udm35461,S1S2,0.120088855991442,line-to-ground,POINT(-97.7137189641755 30.428089426549),1
p1ulv14139,S1S2,0.120088855991442,line-to-ground,POINT(-97.7138740588015 30.4281721610088),1
p1udm35462,S1S2,0.120088855991442,line-to-ground,POINT(-97.7136232554362 30.4282418727238),1
p1ulv37655,S1S2,0.120088855991442,line-to-ground,POINT(-97.7137995267403 30.4282977472614),1
p1udt10702lv,S1S2,0.120088855991442,line-to-ground,POINT(-97.7087411334311 30.4276787116128),1
p1ulv14155,S1S2,0.120088855991442,line-to-ground,POINT(-97.7087876422213 30.427788095847),1
p1udt10725lv,S1S2,0.120088855991442,line-to-ground,POINT(-97.7264444246198 30.4086886277697),1
p1ulv14223,S1S2,0.120088855991442,line-to-ground,POINT(-97.7262417805398 30.4082715365699),1
p1udm36391,S1S2,0.120088855991442,line-to-ground,POINT(-97.7263571363941 30.4218341470192),1
p1ulv14731,S1S2,0.120088855991442,line-to-ground,POINT(-97.7263419916807 30.4219213924757),1
p1udt11018lv,S1S2,0.120088855991442,line-to-ground,POINT(-97.7264027772178 30.4218429658654),1
p1udm36392,S1S2,0.120088855991442,line-to-ground,POINT(-97.7265446345354 30.4218269532941),1
p1ulv18565,S1S2,0.120088855991442,line-to-ground,POINT(-97.7265330526857 30.4219170696666),1
p1udm36393,S1S2,0.120088855991442,line-to-ground,POINT(-97.7266384421844 30.4218188454338),1
p1ulv63212,S1S2,0.120088855991442,line-to-ground,POINT(-97.7266059231247 30.4219177805172),1
p1udt11025lv,S1S2,0.120088855991442,line-to-ground,POINT(-97.7155031041729 30.4283957788816),1
p1ulv14742,S1S2,0.120088855991442,line-to-ground,POINT(-97.7154131840416 30.4283136383725),1
p1udt11026lv,S1S2,0.120088855991442,line-to-ground,POINT(-97.7160420361648 30.4287132517239),1
p1ulv52749,S1S2,0.120088855991442,line-to-ground,POINT(-97.716052620389 30.4287800982941),1
p1udm36414,S1S2,0.120088855991442,line-to-ground,POINT(-97.7159922831706 30.4286170923976),1
p1ulv55849,S1S2,0.120088855991442,line-to-ground,POINT(-97.716067285423 30.4284554178394),1
p1udm36411,S1S2,0.120088855991442,line-to-ground,POINT(-97.7159094700797 30.4285801860786),1
p1ulv14743,S1S2,0.120088855991442,line-to-ground,POINT(-97.7159876804994 30.4284484479811),1
p1udm36415,S1S2,0.120088855991442,line-to-ground,POINT(-97.716168202118 30.4287000290296),1
p1ulv59465,S1S2,0.120088855991442,line-to-ground,POINT(-97.716211971982 30.4285380471816),1
p1udm36412,S1S2,0.120088855991442,line-to-ground,POINT(-97.7162508972541 30.4287459569362),1
p1ulv24362,S1S2,0.120088855991442,line-to-ground,POINT(-97.7161665477958 30.4288263334788),1
p1ulv60060,S1S2,0.120088855991442,line-to-ground,POINT(-97.7163742720681 30.4285909447329),1
p1udt11027lv,S1S2,0.120088855991442,line-to-ground,POINT(-97.7307439641471 30.4124270100838),1
p1ulv14745,S1S2,0.120088855991442,line-to-ground,POINT(-97.7308412082931 30.4124307915195),1
p1ulv20532,S1S2,0.120088855991442,line-to-ground,POINT(-97.7306425018507 30.4125010434879),1
p1udm36419,S1S2,0.120088855991442,line-to-ground,POINT(-97.7308711703796 30.412589210054),1
p1ulv22395,S1S2,0.120088855991442,line-to-ground,POINT(-97.7309030790642 30.4124765076952),1
p1udt11029lv,S1S2,0.120088855991442,line-to-ground,POINT(-97.7248062412993 30.4161887527661),1
p1ulv14749,S1S2,0.120088855991442,line-to-ground,POINT(-97.7248884842938 30.4162797267046),1
p1udm36424,S1S2,0.120088855991442,line-to-ground,POINT(-97.7248385485715 30.4161168260599),1
p1ulv32571,S1S2,0.120088855991442,line-to-ground,POINT(-97.7246913657747 30.4159501393617),1
p1ulv63227,S1S2,0.120088855991442,line-to-ground,POINT(-97.7249339191747 30.4162649607057),1
p1udm36425,S1S2,0.120088855991442,line-to-ground,POINT(-97.7245343280949 30.4162943131277),1
p1ulv42060,S1S2,0.120088855991442,line-to-ground,POINT(-97.7246371320634 30.4163945697686),1
p1udt11031lv,S1S2,0.120088855991442,line-to-ground,POINT(-97.7289501272048 30.4194089803261),1
p1ulv14751,S1S2,0.120088855991442,line-to-ground,POINT(-97.7290350886559 30.4192526171435),1
p1ulv24984,S1S2,0.120088855991442,line-to-ground,POINT(-97.7290201182338 30.4196043661764),1
p1udt11032lv,S1S2,0.120088855991442,line-to-ground,POINT(-97.7252066520135 30.4191149321291),1
p1ulv32576,S1S2,0.120088855991442,line-to-ground,POINT(-97.725321611741 30.4189998609184),1
p1ulv52760,S1S2,0.120088855991442,line-to-ground,POINT(-97.725141009894 30.4192778084369),1
p1udm36430,S1S2,0.120088855991442,line-to-ground,POINT(-97.7251641753115 30.41909757592),1
p1ulv14752,S1S2,0.120088855991442,line-to-ground,POINT(-97.725099839985 30.4192413146419),1
p1udt11034lv,S1S2,0.120088855991442,line-to-ground,POINT(-97.7204398611819 30.4165159717003),1
p1ulv33252,S1S2,0.120088855991442,line-to-ground,POINT(-97.7204629394013 30.4163537263661),1
p1udm36435,S1S2,0.120088855991442,line-to-ground,POINT(-97.7203056204284 30.416442413751),1
p1ulv14757,S1S2,0.120088855991442,line-to-ground,POINT(-97.7202413976936 30.416577128204),1
p1udm36436,S1S2,0.120088855991442,line-to-ground,POINT(-97.7204919312559 30.4165254462185),1
p1ulv18583,S1S2,0.120088855991442,line-to-ground,POINT(-97.7203864239584 30.4166326873307),1
p1ulv53374,S1S2,0.120088855991442,line-to-ground,POINT(-97.7205768548161 30.4163999574335),1
p1udm36439,S1S2,0.120088855991442,line-to-ground,POINT(-97.7209608734375 30.418885026377),1
p1ulv14759,S1S2,0.120088855991442,line-to-ground,POINT(-97.7211781506036 30.4187128831363),1
p1udm36440,S1S2,0.120088855991442,line-to-ground,POINT(-97.7209498753223 30.418930033273),1
p1ulv29423,S1S2,0.120088855991442,line-to-ground,POINT(-97.7210852017229 30.4189313590618),1
p1udt11035lv,S1S2,0.120088855991442,line-to-ground,POINT(-97.7209166136046 30.4188095731668),1
p1udm36442,S1S2,0.120088855991442,line-to-ground,POINT(-97.7208474257399 30.4188027084677),1
p1ulv43341,S1S2,0.120088855991442,line-to-ground,POINT(-97.7208787725521 30.4187939926779),1
p1udm36441,S1S2,0.120088855991442,line-to-ground,POINT(-97.720691397816 30.4187921566443),1
p1ulv36454,S1S2,0.120088855991442,line-to-ground,POINT(-97.7207027491352 30.4187200844432),1
p1udm36443,S1S2,0.120088855991442,line-to-ground,POINT(-97.7134838688396 30.4190281070701),1
p1ulv14760,S1S2,0.120088855991442,line-to-ground,POINT(-97.7133808372007 30.4189458854318),1
p1udm36444,S1S2,0.120088855991442,line-to-ground,POINT(-97.7134453965303 30.4190482099516),1
p1ulv29421,S1S2,0.120088855991442,line-to-ground,POINT(-97.7136122291235 30.4190412310065),1
p1udt11036lv,S1S2,0.120088855991442,line-to-ground,POINT(-97.713490580082 30.4191186896193),1
p1udm36445,S1S2,0.120088855991442,line-to-ground,POINT(-97.7133478324326 30.4190809038981),1
p1ulv29424,S1S2,0.120088855991442,line-to-ground,POINT(-97.7132833616288 30.4192336580495),1
p1udm36446,S1S2,0.120088855991442,line-to-ground,POINT(-97.7135344970055 30.4191368809882),1
p1ulv45902,S1S2,0.120088855991442,line-to-ground,POINT(-97.7134392707463 30.4192532404751),1
p1udt11038lv,S1S2,0.120088855991442,line-to-ground,POINT(-97.7106619441368 30.428595416292),1
p1ulv14762,S1S2,0.120088855991442,line-to-ground,POINT(-97.7106019052253 30.4283834962085),1
p1ulv35830,S1S2,0.120088855991442,line-to-ground,POINT(-97.7109740797563 30.4285856760375),1
p1ulv47148,S1S2,0.120088855991442,line-to-ground,POINT(-97.7108616977353 30.4284221539332),1
p1ulv57082,S1S2,0.120088855991442,line-to-ground,POINT(-97.7107583028167 30.4283669953028),1
p1udm36455,S1S2,0.120088855991442,line-to-ground,POINT(-97.7105736070266 30.4289516593009),1
p1ulv46558,S1S2,0.120088855991442,line-to-ground,POINT(-97.7104987141097 30.4291043086926),1
p1udt11355lv,S1S2,0.120088855991442,line-to-ground,POINT(-97.7149340365384 30.4308977930609),1
p1ulv15341,S1S2,0.120088855991442,line-to-ground,POINT(-97.7148678101435 30.4309970955852),1
p1udt11357lv,S1S2,0.120088855991442,line-to-ground,POINT(-97.7284108537413 30.4243528723926),1
p1ulv40178,S1S2,0.120088855991442,line-to-ground,POINT(-97.7286880487246 30.4243381758582),1
p1udm37348,S1S2,0.120088855991442,line-to-ground,POINT(-97.7284497813351 30.4242456257463),1
p1ulv15348,S1S2,0.120088855991442,line-to-ground,POINT(-97.7286060531037 30.4242381249637),1
p1udm37350,S1S2,0.120088855991442,line-to-ground,POINT(-97.7278417684548 30.4245645273046),1
p1ulv61934,S1S2,0.120088855991442,line-to-ground,POINT(-97.7279265730783 30.4244480556124),1
p1udm37355,S1S2,0.120088855991442,line-to-ground,POINT(-97.712782550564 30.4240740247623),1
p1ulv15352,S1S2,0.120088855991442,line-to-ground,POINT(-97.7128037263946 30.4240471648496),1
p1udt11360lv,S1S2,0.120088855991442,line-to-ground,POINT(-97.7131287983216 30.4239021250701),1
p1udm37356,S1S2,0.120088855991442,line-to-ground,POINT(-97.7133147751097 30.4239800199631),1
p1ulv45882,S1S2,0.120088855991442,line-to-ground,POINT(-97.7133681286564 30.4238812938441),1
p1udt11361lv,S1S2,0.120088855991442,line-to-ground,POINT(-97.7137824604806 30.4257893084955),1
p1ulv15354,S1S2,0.120088855991442,line-to-ground,POINT(-97.7139988831577 30.4258003663006),1
p1ulv29407,S1S2,0.120088855991442,line-to-ground,POINT(-97.7138242733052 30.4256181877445),1
p1ulv38267,S1S2,0.120088855991442,line-to-ground,POINT(-97.7136160652421 30.4256161360282),1
p1udt11364lv,S1S2,0.120088855991442,line-to-ground,POINT(-97.7237627908078 30.4193113555223),1
p1ulv15360,S1S2,0.120088855991442,line-to-ground,POINT(-97.7236914679983 30.4194621495222),1
p1udm37367,S1S2,0.120088855991442,line-to-ground,POINT(-97.7236209481872 30.419281001383),1
p1ulv28799,S1S2,0.120088855991442,line-to-ground,POINT(-97.7237030123907 30.4190985088874),1
p1udm37368,S1S2,0.120088855991442,line-to-ground,POINT(-97.723538139794 30.4192440999963),1
p1ulv50844,S1S2,0.120088855991442,line-to-ground,POINT(-97.7235052662478 30.4193700996366),1
p1udm37370,S1S2,0.120088855991442,line-to-ground,POINT(-97.7238071498866 30.4193730511032),1
p1ulv59473,S1S2,0.120088855991442,line-to-ground,POINT(-97.7237399544258 30.419459787411),1
p1udm37369,S1S2,0.120088855991442,line-to-ground,POINT(-97.7239003682803 30.4194100540802),1
p1ulv54022,S1S2,0.120088855991442,line-to-ground,POINT(-97.7239852902008 30.4192845630786),1
p1udt11365lv,S1S2,0.120088855991442,line-to-ground,POINT(-97.7086351308576 30.4276956554302),1
p1ulv15367,S1S2,0.120088855991442,line-to-ground,POINT(-97.7086666369463 30.4274891431561),1
p1udt11366lv,S1S2,0.120088855991442,line-to-ground,POINT(-97.7094791333399 30.4293552463619),1
p1ulv52772,S1S2,0.120088855991442,line-to-ground,POINT(-97.7095707313646 30.4292034121312),1
p1udm37372,S1S2,0.120088855991442,line-to-ground,POINT(-97.7097032210222 30.4294212714639),1
p1ulv15368,S1S2,0.120088855991442,line-to-ground,POINT(-97.7095768662304 30.4295282970556),1
p1udm37373,S1S2,0.120088855991442,line-to-ground,POINT(-97.7094446142972 30.4292923941586),1
p1ulv17950,S1S2,0.120088855991442,line-to-ground,POINT(-97.7095119479811 30.4291966441727),1
p1udt11690lv,S1S2,0.120088855991442,line-to-ground,POINT(-97.7283220601808 30.4230436283559),1
p1ulv15974,S1S2,0.120088855991442,line-to-ground,POINT(-97.7281436812529 30.4229613867359),1
p1udm38289,S1S2,0.120088855991442,line-to-ground,POINT(-97.7283419427543 30.4229272265232),1
p1ulv21177,S1S2,0.120088855991442,line-to-ground,POINT(-97.7281752628939 30.4229346256251),1
p1udm38290,S1S2,0.120088855991442,line-to-ground,POINT(-97.7283398364176 30.4230896188737),1
p1ulv49563,S1S2,0.120088855991442,line-to-ground,POINT(-97.7281833324077 30.4231151629833),1
p1udt11691lv,S1S2,0.120088855991442,line-to-ground,POINT(-97.7293127587211 30.4235232299617),1
p1ulv15975,S1S2,0.120088855991442,line-to-ground,POINT(-97.7291044604107 30.4235391892989),1
p1udm38292,S1S2,0.120088855991442,line-to-ground,POINT(-97.729618654095 30.4232283915496),1
p1ulv35805,S1S2,0.120088855991442,line-to-ground,POINT(-97.7295967815277 30.4233093851377),1
p1udm38293,S1S2,0.120088855991442,line-to-ground,POINT(-97.7292809668469 30.4235769993763),1
p1ulv35806,S1S2,0.120088855991442,line-to-ground,POINT(-97.7291144028555 30.4235753778481),1
p1ulv55844,S1S2,0.120088855991442,line-to-ground,POINT(-97.7294265934289 30.4235874398394),1
p1udt11693lv,S1S2,0.120088855991442,line-to-ground,POINT(-97.7280206540113 30.426632809512),1
p1ulv63217,S1S2,0.120088855991442,line-to-ground,POINT(-97.7278160113559 30.4265493215281),1
p1udm38300,S1S2,0.120088855991442,line-to-ground,POINT(-97.7279828144517 30.4265329012732),1
p1ulv15979,S1S2,0.120088855991442,line-to-ground,POINT(-97.72782712441 30.4264952922488),1
p1udm38301,S1S2,0.120088855991442,line-to-ground,POINT(-97.72794947549 30.4266949891517),1
p1ulv23681,S1S2,0.120088855991442,line-to-ground,POINT(-97.7277934339491 30.4266844454523),1
p1udt11694lv,S1S2,0.120088855991442,line-to-ground,POINT(-97.7288412519902 30.4269654005495),1
p1ulv23060,S1S2,0.120088855991442,line-to-ground,POINT(-97.7287772908545 30.4270910399639),1
p1ulv61935,S1S2,0.120088855991442,line-to-ground,POINT(-97.7288537918954 30.4268120740694),1
p1udm38303,S1S2,0.120088855991442,line-to-ground,POINT(-97.7287067565849 30.4269098943565),1
p1ulv15980,S1S2,0.120088855991442,line-to-ground,POINT(-97.7287810347512 30.4268023425771),1
p1ulv27536,S1S2,0.120088855991442,line-to-ground,POINT(-97.7286318931991 30.4270625550507),1
p1udm38307,S1S2,0.120088855991442,line-to-ground,POINT(-97.7152299201713 30.4264080008427),1
p1ulv15983,S1S2,0.120088855991442,line-to-ground,POINT(-97.7151655652572 30.4265517339566),1
p1ulv16648,S1S2,0.120088855991442,line-to-ground,POINT(-97.7153252698617 30.4262826185653),1
p1udm38310,S1S2,0.120088855991442,line-to-ground,POINT(-97.7151366987318 30.4263709916147),1
p1ulv47130,S1S2,0.120088855991442,line-to-ground,POINT(-97.7152009353161 30.4262362802554),1
p1udt11695lv,S1S2,0.120088855991442,line-to-ground,POINT(-97.7152749707749 30.4264619323387),1
p1udm38309,S1S2,0.120088855991442,line-to-ground,POINT(-97.7154059527655 30.4264819166508),1
p1ulv31927,S1S2,0.120088855991442,line-to-ground,POINT(-97.7153735389769 30.4265718267517),1
p1udm38311,S1S2,0.120088855991442,line-to-ground,POINT(-97.715499056201 30.4265279474389),1
p1ulv59461,S1S2,0.120088855991442,line-to-ground,POINT(-97.7155321791392 30.4263839068184),1
p1udt11696lv,S1S2,0.120088855991442,line-to-ground,POINT(-97.7158063840998 30.4279200850353),1
p1ulv60684,S1S2,0.120088855991442,line-to-ground,POINT(-97.7159377371976 30.4280120209072),1
p1udm38312,S1S2,0.120088855991442,line-to-ground,POINT(-97.7158979855217 30.4278672632907),1
p1ulv15984,S1S2,0.120088855991442,line-to-ground,POINT(-97.7157214772731 30.4278294350641),1
p1udt11697lv,S1S2,0.120088855991442,line-to-ground,POINT(-97.7153286957302 30.4287181882964),1
p1ulv38272,S1S2,0.120088855991442,line-to-ground,POINT(-97.7152325364521 30.4285915704984),1
p1udm38314,S1S2,0.120088855991442,line-to-ground,POINT(-97.7154194565782 30.4286295018758),1
p1ulv15986,S1S2,0.120088855991442,line-to-ground,POINT(-97.7152643598683 30.4285467692002),1
p1ulv48351,S1S2,0.120088855991442,line-to-ground,POINT(-97.715519410157 30.4286727639651),1
p1udm38315,S1S2,0.120088855991442,line-to-ground,POINT(-97.7153342788655 30.42877303007),1
p1ulv25622,S1S2,0.120088855991442,line-to-ground,POINT(-97.715168653016 30.4286992165541),1
p1udt11699lv,S1S2,0.120088855991442,line-to-ground,POINT(-97.7258567224051 30.4164335313918),1
p1ulv15991,S1S2,0.120088855991442,line-to-ground,POINT(-97.7259996008789 30.416498101701),1
p1udm38320,S1S2,0.120088855991442,line-to-ground,POINT(-97.7257707094426 30.4164868449596),1
p1ulv16659,S1S2,0.120088855991442,line-to-ground,POINT(-97.7256052128781 30.4164040231236),1
p1ulv37048,S1S2,0.120088855991442,line-to-ground,POINT(-97.7258736321223 30.4165780788681),1
p1udm38323,S1S2,0.120088855991442,line-to-ground,POINT(-97.7256751483582 30.4166302792977),1
p1ulv57074,S1S2,0.120088855991442,line-to-ground,POINT(-97.7257888322718 30.4166945494875),1
p1udm38321,S1S2,0.120088855991442,line-to-ground,POINT(-97.7260045233855 30.4161191861725),1
p1ulv27550,S1S2,0.120088855991442,line-to-ground,POINT(-97.7258282661337 30.4160633284435),1
p1udt11700lv,S1S2,0.120088855991442,line-to-ground,POINT(-97.7265237601454 30.417048392435),1
p1ulv15993,S1S2,0.120088855991442,line-to-ground,POINT(-97.7266038028941 30.4172709464012),1
p1ulv40818,S1S2,0.120088855991442,line-to-ground,POINT(-97.7262429835207 30.4169967382841),1
p1ulv50185,S1S2,0.120088855991442,line-to-ground,POINT(-97.7263758469273 30.4171875162806),1
p1udm38327,S1S2,0.120088855991442,line-to-ground,POINT(-97.7257756788831 30.4185080320307),1
p1ulv15994,S1S2,0.120088855991442,line-to-ground,POINT(-97.7258920611231 30.4183648008955),1
p1udm38330,S1S2,0.120088855991442,line-to-ground,POINT(-97.7258583703349 30.4185539538028),1
p1ulv63228,S1S2,0.120088855991442,line-to-ground,POINT(-97.7257528664757 30.4186611993254),1
p1udt11701lv,S1S2,0.120088855991442,line-to-ground,POINT(-97.7256342952814 30.4184879567313),1
p1udm38328,S1S2,0.120088855991442,line-to-ground,POINT(-97.7255893595909 30.418425006895),1
p1ulv28798,S1S2,0.120088855991442,line-to-ground,POINT(-97.7256954495603 30.4182726525262),1
p1ulv50835,S1S2,0.120088855991442,line-to-ground,POINT(-97.72555660623 30.4185419853565),1
p1udt11702lv,S1S2,0.120088855991442,line-to-ground,POINT(-97.7216013674551 30.4152641394907),1
p1ulv15998,S1S2,0.120088855991442,line-to-ground,POINT(-97.721634617509 30.41512003935),1
p1ulv17945,S1S2,0.120088855991442,line-to-ground,POINT(-97.7215062949414 30.4153804479477),1
p1udm38333,S1S2,0.120088855991442,line-to-ground,POINT(-97.7214774191776 30.4151997064663),1
p1ulv23069,S1S2,0.120088855991442,line-to-ground,POINT(-97.7215311123402 30.4150739111567),1
p1udm39275,S1S2,0.120088855991442,line-to-ground,POINT(-97.7153339344185 30.4303881268783),1
p1ulv16631,S1S2,0.120088855991442,line-to-ground,POINT(-97.7154272779431 30.4304161143134),1
p1ulv32543,S1S2,0.120088855991442,line-to-ground,POINT(-97.7151991838227 30.430341685974),1
p1udt12032lv,S1S2,0.120088855991442,line-to-ground,POINT(-97.7151901710671 30.4305484746854),1
p1udm39276,S1S2,0.120088855991442,line-to-ground,POINT(-97.7151105743291 30.4307468443978),1
p1ulv25602,S1S2,0.120088855991442,line-to-ground,POINT(-97.7149764147839 30.4306552945567),1
p1udt12033lv,S1S2,0.120088855991442,line-to-ground,POINT(-97.7178816581916 30.4303699625581),1
p1ulv20516,S1S2,0.120088855991442,line-to-ground,POINT(-97.7178765599296 30.4302326702324),1
p1ulv35146,S1S2,0.120088855991442,line-to-ground,POINT(-97.71778973193 30.4305025045563),1
p1udm39278,S1S2,0.120088855991442,line-to-ground,POINT(-97.7177396837326 30.4303486234217),1
p1ulv16632,S1S2,0.120088855991442,line-to-ground,POINT(-97.7176342760913 30.4304468398266),1
p1udm39281,S1S2,0.120088855991442,line-to-ground,POINT(-97.7179260182329 30.4304316600732),1
p1ulv60039,S1S2,0.120088855991442,line-to-ground,POINT(-97.7180110757449 30.4302971519063),1
p1udt12034lv,S1S2,0.120088855991442,line-to-ground,POINT(-97.7178334436049 30.4330467445268),1
p1ulv16633,S1S2,0.120088855991442,line-to-ground,POINT(-97.7180260761301 30.4331304923512),1
p1udm39299,S1S2,0.120088855991442,line-to-ground,POINT(-97.7127859141012 30.4277824725088),1
p1ulv16650,S1S2,0.120088855991442,line-to-ground,POINT(-97.7126497465301 30.4278442899157),1
p1ulv31276,S1S2,0.120088855991442,line-to-ground,POINT(-97.7128708576383 30.4276569895116),1
p1udt12041lv,S1S2,0.120088855991442,line-to-ground,POINT(-97.7125645465897 30.427640724105),1
p1udm39300,S1S2,0.120088855991442,line-to-ground,POINT(-97.7122197298499 30.4272896509358),1
p1ulv29409,S1S2,0.120088855991442,line-to-ground,POINT(-97.7123670185092 30.4271738062469),1
p1udt12042lv,S1S2,0.120088855991442,line-to-ground,POINT(-97.7145993530872 30.4284320057823),1
p1ulv16652,S1S2,0.120088855991442,line-to-ground,POINT(-97.7147034823292 30.4284419953691),1
p1ulv27543,S1S2,0.120088855991442,line-to-ground,POINT(-97.7143611123268 30.4283483944856),1
p1ulv54635,S1S2,0.120088855991442,line-to-ground,POINT(-97.7146923618209 30.4284960233021),1
p1udt12043lv,S1S2,0.120088855991442,line-to-ground,POINT(-97.7141696718804 30.4289684397898),1
p1ulv16653,S1S2,0.120088855991442,line-to-ground,POINT(-97.7143420633184 30.4290068789649),1
p1ulv40189,S1S2,0.120088855991442,line-to-ground,POINT(-97.7140627480723 30.4288687838269),1
p1udm39307,S1S2,0.120088855991442,line-to-ground,POINT(-97.7141647252561 30.4290322007713),1
p1ulv51431,S1S2,0.120088855991442,line-to-ground,POINT(-97.7139987448143 30.4289854510018),1
p1ulv54637,S1S2,0.120088855991442,line-to-ground,POINT(-97.7143097659787 30.4290877669763),1
p1udt12044lv,S1S2,0.120088855991442,line-to-ground,POINT(-97.73027929324 30.4121337575422),1
p1ulv20531,S1S2,0.120088855991442,line-to-ground,POINT(-97.7303865957654 30.4121647059905),1
p1udm39309,S1S2,0.120088855991442,line-to-ground,POINT(-97.7301276545439 30.4120629353134),1
p1ulv16654,S1S2,0.120088855991442,line-to-ground,POINT(-97.7300429805609 30.4121703872112),1
p1udm39311,S1S2,0.120088855991442,line-to-ground,POINT(-97.7234475170249 30.4166085167239),1
p1ulv16660,S1S2,0.120088855991442,line-to-ground,POINT(-97.7236150082034 30.4165379708299),1
p1ulv28802,S1S2,0.120088855991442,line-to-ground,POINT(-97.7233740633917 30.4166529131654),1
p1udt12045lv,S1S2,0.120088855991442,line-to-ground,POINT(-97.7235378186512 30.416720558993),1
p1udm39312,S1S2,0.120088855991442,line-to-ground,POINT(-97.7237056407264 30.4167734532549),1
p1ulv20535,S1S2,0.120088855991442,line-to-ground,POINT(-97.7238260531182 30.4168439777124),1
p1udm39314,S1S2,0.120088855991442,line-to-ground,POINT(-97.7232858543706 30.4170310139232),1
p1ulv57076,S1S2,0.120088855991442,line-to-ground,POINT(-97.7231736988511 30.4168494583545),1
p1udt12046lv,S1S2,0.120088855991442,line-to-ground,POINT(-97.7238330836426 30.4175953718332),1
p1ulv16661,S1S2,0.120088855991442,line-to-ground,POINT(-97.72383857661 30.4177582528978),1
p1udt12374lv,S1S2,0.120088855991442,line-to-ground,POINT(-97.7128095233036 30.4253465054054),1
p1ulv17275,S1S2,0.120088855991442,line-to-ground,POINT(-97.7127062288558 30.4251289523778),1
p1ulv31273,S1S2,0.120088855991442,line-to-ground,POINT(-97.7129347827214 30.4251672977706),1
p1ulv47128,S1S2,0.120088855991442,line-to-ground,POINT(-97.7130361621857 30.4253758242223),1
p1udt12377lv,S1S2,0.120088855991442,line-to-ground,POINT(-97.7268051880118 30.4167244096437),1
p1ulv17280,S1S2,0.120088855991442,line-to-ground,POINT(-97.7265808920258 30.4166300940378),1
p1udm40220,S1S2,0.120088855991442,line-to-ground,POINT(-97.7268568096964 30.4162267525727),1
p1ulv25623,S1S2,0.120088855991442,line-to-ground,POINT(-97.7268456974887 30.4162807818702),1
p1udm40223,S1S2,0.120088855991442,line-to-ground,POINT(-97.7267138727725 30.4168118499053),1
p1ulv61313,S1S2,0.120088855991442,line-to-ground,POINT(-97.7268488451736 30.4168402350391),1
p1udm40221,S1S2,0.120088855991442,line-to-ground,POINT(-97.726660888011 30.4168835166776),1
p1ulv38278,S1S2,0.120088855991442,line-to-ground,POINT(-97.7264331672104 30.4167820430778),1
p1ulv48359,S1S2,0.120088855991442,line-to-ground,POINT(-97.7268366787213 30.4169754605322),1
p1udt12378lv,S1S2,0.120088855991442,line-to-ground,POINT(-97.7268931537599 30.4166241752323),1
p1ulv17281,S1S2,0.120088855991442,line-to-ground,POINT(-97.726973241943 30.4166040154262),1
p1ulv35819,S1S2,0.120088855991442,line-to-ground,POINT(-97.7267104228124 30.4165529870557),1
p1udm40227,S1S2,0.120088855991442,line-to-ground,POINT(-97.7277329527082 30.4169029914326),1
p1ulv19885,S1S2,0.120088855991442,line-to-ground,POINT(-97.727888159486 30.4169766874059),1
p1udm40226,S1S2,0.120088855991442,line-to-ground,POINT(-97.7276798515728 30.4169836804407),1
p1ulv17282,S1S2,0.120088855991442,line-to-ground,POINT(-97.7274936504813 30.4168916362381),1
p1udt12379lv,S1S2,0.120088855991442,line-to-ground,POINT(-97.7278730762221 30.4167231953267),1
p1udm40228,S1S2,0.120088855991442,line-to-ground,POINT(-97.727924186274 30.4166070977133),1
p1ulv37658,S1S2,0.120088855991442,line-to-ground,POINT(-97.7280797437836 30.416653728038),1
p1ulv48996,S1S2,0.120088855991442,line-to-ground,POINT(-97.7280584567032 30.4166896124286),1
p1udm40229,S1S2,0.120088855991442,line-to-ground,POINT(-97.7280623181749 30.4163918928568),1
p1ulv44624,S1S2,0.120088855991442,line-to-ground,POINT(-97.7281964714364 30.4164834292334),1
p1udt12380lv,S1S2,0.120088855991442,line-to-ground,POINT(-97.7282400876424 30.4200394040537),1
p1ulv17284,S1S2,0.120088855991442,line-to-ground,POINT(-97.7282869841497 30.4199400982591),1
p1ulv18563,S1S2,0.120088855991442,line-to-ground,POINT(-97.7282107216454 30.4202010206131),1
p1udt12381lv,S1S2,0.120088855991442,line-to-ground,POINT(-97.7170275024197 30.4182502679871),1
p1ulv57078,S1S2,0.120088855991442,line-to-ground,POINT(-97.7169410520056 30.4181778843634),1
p1udm40233,S1S2,0.120088855991442,line-to-ground,POINT(-97.7170330861354 30.4183051097839),1
p1ulv17287,S1S2,0.120088855991442,line-to-ground,POINT(-97.7171885226121 30.4183607747699),1
p1udm40234,S1S2,0.120088855991442,line-to-ground,POINT(-97.7171287793753 30.4181526604522),1
p1ulv22410,S1S2,0.120088855991442,line-to-ground,POINT(-97.7172946253035 30.4182084275989),1
p1udm40236,S1S2,0.120088855991442,line-to-ground,POINT(-97.7147675736293 30.418788109568),1
p1ulv17288,S1S2,0.120088855991442,line-to-ground,POINT(-97.7148661236282 30.4186926637531),1
p1udm40238,S1S2,0.120088855991442,line-to-ground,POINT(-97.7146743595136 30.4187511001804),1
p1ulv32582,S1S2,0.120088855991442,line-to-ground,POINT(-97.7146206554672 30.4188768922906),1
p1udt12382lv,S1S2,0.120088855991442,line-to-ground,POINT(-97.7148126206305 30.4188420411772),1
p1udm40237,S1S2,0.120088855991442,line-to-ground,POINT(-97.7149541203086 30.4188531063931),1
p1ulv18588,S1S2,0.120088855991442,line-to-ground,POINT(-97.7149211177282 30.4189881253222),1
p1ulv37672,S1S2,0.120088855991442,line-to-ground,POINT(-97.7150182335951 30.4187274165945),1
p1udm41062,S1S2,0.120088855991442,line-to-ground,POINT(-97.7171772171648 30.4335462281004),1
p1ulv17918,S1S2,0.120088855991442,line-to-ground,POINT(-97.7170721597317 30.4336173786609),1
p1ulv31912,S1S2,0.120088855991442,line-to-ground,POINT(-97.717220869753 30.4333932677893),1
p1udm41065,S1S2,0.120088855991442,line-to-ground,POINT(-97.7172228964867 30.4340339138918),1
p1ulv52067,S1S2,0.120088855991442,line-to-ground,POINT(-97.7170375007674 30.4338787021635),1
p1udt12691lv,S1S2,0.120088855991442,line-to-ground,POINT(-97.717042529619 30.433521635763),1
p1udm41064,S1S2,0.120088855991442,line-to-ground,POINT(-97.7168977668753 30.4334171603823),1
p1ulv36421,S1S2,0.120088855991442,line-to-ground,POINT(-97.7167882015321 30.4335576134992),1
p1udt12696lv,S1S2,0.120088855991442,line-to-ground,POINT(-97.7135651050024 30.4242199190074),1
p1ulv17929,S1S2,0.120088855991442,line-to-ground,POINT(-97.7135212038684 30.4241173982133),1
p1udt12698lv,S1S2,0.120088855991442,line-to-ground,POINT(-97.7138106618323 30.4294257287943),1
p1ulv17936,S1S2,0.120088855991442,line-to-ground,POINT(-97.7137628414954 30.4295064549344),1
p1udm41076,S1S2,0.120088855991442,line-to-ground,POINT(-97.7238127884997 30.414139802395),1
p1ulv17939,S1S2,0.120088855991442,line-to-ground,POINT(-97.7240016804671 30.4140243503709),1
p1udt12700lv,S1S2,0.120088855991442,line-to-ground,POINT(-97.7236369457167 30.4137007606963),1
p1udm41077,S1S2,0.120088855991442,line-to-ground,POINT(-97.7237918915184 30.4133455792752),1
p1ulv48355,S1S2,0.120088855991442,line-to-ground,POINT(-97.7239262713267 30.4134190762603),1
p1udt12701lv,S1S2,0.120088855991442,line-to-ground,POINT(-97.72530869546 30.4168213282481),1
p1ulv17940,S1S2,0.120088855991442,line-to-ground,POINT(-97.7252403392219 30.4167191000061),1
p1udm41079,S1S2,0.120088855991442,line-to-ground,POINT(-97.725433619302 30.4167903344751),1
p1ulv33890,S1S2,0.120088855991442,line-to-ground,POINT(-97.7252794702063 30.4166354394847),1
p1udt12702lv,S1S2,0.120088855991442,line-to-ground,POINT(-97.7294331867717 30.4190888566496),1
p1ulv17942,S1S2,0.120088855991442,line-to-ground,POINT(-97.7293602472145 30.4190663005269),1
p1udt12703lv,S1S2,0.120088855991442,line-to-ground,POINT(-97.7127240165127 30.4190547074243),1
p1ulv17947,S1S2,0.120088855991442,line-to-ground,POINT(-97.7128395332088 30.4189405494932),1
p1udm41082,S1S2,0.120088855991442,line-to-ground,POINT(-97.7129836111075 30.4190682907929),1
p1ulv26248,S1S2,0.120088855991442,line-to-ground,POINT(-97.7129921262124 30.4192127413919),1
p1udm41083,S1S2,0.120088855991442,line-to-ground,POINT(-97.7128060539846 30.4191116547927),1
p1ulv33254,S1S2,0.120088855991442,line-to-ground,POINT(-97.7128773824456 30.4192296559688),1
p1udt13018lv,S1S2,0.120088855991442,line-to-ground,POINT(-97.7167861255899 30.4307994789495),1
p1ulv32546,S1S2,0.120088855991442,line-to-ground,POINT(-97.7167123261841 30.4308799007811),1
p1udm41933,S1S2,0.120088855991442,line-to-ground,POINT(-97.7166518685664 30.4307259169178),1
p1ulv18556,S1S2,0.120088855991442,line-to-ground,POINT(-97.716695402418 30.4305819784512),1
p1udm41935,S1S2,0.120088855991442,line-to-ground,POINT(-97.7165587606448 30.4306798868513),1
p1ulv35794,S1S2,0.120088855991442,line-to-ground,POINT(-97.7165360484804 30.430824030019),1
p1udm41936,S1S2,0.120088855991442,line-to-ground,POINT(-97.716838202791 30.4308089551121),1
p1ulv43956,S1S2,0.120088855991442,line-to-ground,POINT(-97.716902085888 30.4307013082599),1
p1udt13019lv,S1S2,0.120088855991442,line-to-ground,POINT(-97.7124341986715 30.430805475819),1
p1ulv29394,S1S2,0.120088855991442,line-to-ground,POINT(-97.7123908282851 30.4309095224449),1
p1udm41937,S1S2,0.120088855991442,line-to-ground,POINT(-97.7125584702195 30.4308299700889),1
p1ulv18557,S1S2,0.120088855991442,line-to-ground,POINT(-97.7125150487322 30.4309648852623),1
p1ulv40168,S1S2,0.120088855991442,line-to-ground,POINT(-97.7126018915807 30.430695054895),1
p1udm41940,S1S2,0.120088855991442,line-to-ground,POINT(-97.7122386941542 30.4306012429243),1
p1ulv57040,S1S2,0.120088855991442,line-to-ground,POINT(-97.7123743917721 30.4305755130111),1
p1udt13025lv,S1S2,0.120088855991442,line-to-ground,POINT(-97.7162751167098 30.4210558363571),1
p1ulv18571,S1S2,0.120088855991442,line-to-ground,POINT(-97.7163003257447 30.4209957599488),1
p1udt13030lv,S1S2,0.120088855991442,line-to-ground,POINT(-97.7270704756493 30.4179076136664),1
p1ulv18576,S1S2,0.120088855991442,line-to-ground,POINT(-97.7272395945631 30.4180170275442),1
p1udt13031lv,S1S2,0.120088855991442,line-to-ground,POINT(-97.7282549587482 30.4192800070969),1
p1ulv18578,S1S2,0.120088855991442,line-to-ground,POINT(-97.728293770602 30.419416833762),1
p1ulv29414,S1S2,0.120088855991442,line-to-ground,POINT(-97.7283597394203 30.419146788104),1
p1udm41974,S1S2,0.120088855991442,line-to-ground,POINT(-97.7282016035548 30.419298637659),1
p1ulv37665,S1S2,0.120088855991442,line-to-ground,POINT(-97.7281586771884 30.4193974718223),1
p1ulv54647,S1S2,0.120088855991442,line-to-ground,POINT(-97.7282454659078 30.4191276290599),1
p1udt13032lv,S1S2,0.120088855991442,line-to-ground,POINT(-97.7176033882486 30.4160821090487),1
p1ulv18581,S1S2,0.120088855991442,line-to-ground,POINT(-97.7175641326525 30.4159102290827),1
p1ulv44629,S1S2,0.120088855991442,line-to-ground,POINT(-97.7175394205494 30.4162077429518),1
p1udm41977,S1S2,0.120088855991442,line-to-ground,POINT(-97.7176662210893 30.4160646216196),1
p1ulv24988,S1S2,0.120088855991442,line-to-ground,POINT(-97.7176888093872 30.4159294995613),1
p1udm41979,S1S2,0.120088855991442,line-to-ground,POINT(-97.7191199252345 30.4171526205972),1
p1ulv18584,S1S2,0.120088855991442,line-to-ground,POINT(-97.7189539620883 30.4171058775547),1
p1udm41980,S1S2,0.120088855991442,line-to-ground,POINT(-97.7192157319245 30.4169911478108),1
p1ulv31942,S1S2,0.120088855991442,line-to-ground,POINT(-97.7193297652587 30.4170283581929),1
p1udt13033lv,S1S2,0.120088855991442,line-to-ground,POINT(-97.7190187691227 30.4172412080055),1
p1udm41981,S1S2,0.120088855991442,line-to-ground,POINT(-97.7189712455265 30.4173767350056),1
p1ulv38949,S1S2,0.120088855991442,line-to-ground,POINT(-97.7191165078656 30.4174142520052),1
p1ulv46547,S1S2,0.120088855991442,line-to-ground,POINT(-97.7188570940756 30.4173485460762),1
p1udm41984,S1S2,0.120088855991442,line-to-ground,POINT(-97.7198789243117 30.4180262663182),1
p1ulv31944,S1S2,0.120088855991442,line-to-ground,POINT(-97.7199640855451 30.4178827344701),1
p1udm41985,S1S2,0.120088855991442,line-to-ground,POINT(-97.7198066458576 30.4179804429247),1
p1ulv47744,S1S2,0.120088855991442,line-to-ground,POINT(-97.7198501687433 30.4178365028372),1
p1udt13034lv,S1S2,0.120088855991442,line-to-ground,POINT(-97.7199135642294 30.4180800941712),1
p1udm41986,S1S2,0.120088855991442,line-to-ground,POINT(-97.7200445362084 30.4181000735598),1
p1ulv63853,S1S2,0.120088855991442,line-to-ground,POINT(-97.7201398713888 30.4179746872021),1
p1udm41983,S1S2,0.120088855991442,line-to-ground,POINT(-97.7201997387209 30.4181737785514),1
p1ulv18585,S1S2,0.120088855991442,line-to-ground,POINT(-97.7203157753018 30.4180576179296),1
p1udm41987,S1S2,0.120088855991442,line-to-ground,POINT(-97.7160426348653 30.4184126704704),1
p1ulv18586,S1S2,0.120088855991442,line-to-ground,POINT(-97.7160860453217 30.4182777535716),1
p1udm41988,S1S2,0.120088855991442,line-to-ground,POINT(-97.7159494205851 30.4183756619878),1
p1ulv31294,S1S2,0.120088855991442,line-to-ground,POINT(-97.7158854268655 30.4184923305317),1
p1udt13035lv,S1S2,0.120088855991442,line-to-ground,POINT(-97.7163283693628 30.4183627882911),1
p1udm41989,S1S2,0.120088855991442,line-to-ground,POINT(-97.7166953729928 30.4186536845111),1
p1ulv50843,S1S2,0.120088855991442,line-to-ground,POINT(-97.7165897412006 30.4187699440977),1
p1udt13036lv,S1S2,0.120088855991442,line-to-ground,POINT(-97.7097120503767 30.4251077634471),1
p1ulv62615,S1S2,0.120088855991442,line-to-ground,POINT(-97.7098655120878 30.4250016548398),1
p1udm41990,S1S2,0.120088855991442,line-to-ground,POINT(-97.7096670035016 30.4250538301258),1
p1ulv18590,S1S2,0.120088855991442,line-to-ground,POINT(-97.7096235809342 30.4251887444126),1
p1ulv19895,S1S2,0.120088855991442,line-to-ground,POINT(-97.7097517109792 30.4249463926121),1
p1udm41993,S1S2,0.120088855991442,line-to-ground,POINT(-97.7111363744952 30.425745064585),1
p1ulv18591,S1S2,0.120088855991442,line-to-ground,POINT(-97.711082780409 30.4258618331349),1
p1udm41995,S1S2,0.120088855991442,line-to-ground,POINT(-97.7110535657363 30.4257081552908),1
p1ulv55252,S1S2,0.120088855991442,line-to-ground,POINT(-97.7110967493761 30.4255912839542),1
p1udt13037lv,S1S2,0.120088855991442,line-to-ground,POINT(-97.711284423286 30.4258145508643),1
p1udm41994,S1S2,0.120088855991442,line-to-ground,POINT(-97.7115029917736 30.4255772488569),1
p1ulv30675,S1S2,0.120088855991442,line-to-ground,POINT(-97.7116024661629 30.4256566007646),1
p1udt13341lv,S1S2,0.120088855991442,line-to-ground,POINT(-97.7148632879826 30.4299406686135),1
p1ulv19216,S1S2,0.120088855991442,line-to-ground,POINT(-97.7147969439033 30.4300489928724),1
p1udm42754,S1S2,0.120088855991442,line-to-ground,POINT(-97.7147722177394 30.4295524896294),1
p1ulv38941,S1S2,0.120088855991442,line-to-ground,POINT(-97.7148861453836 30.4295987259351),1
p1udm42756,S1S2,0.120088855991442,line-to-ground,POINT(-97.7149545264825 30.4299422695953),1
p1ulv62570,S1S2,0.120088855991442,line-to-ground,POINT(-97.7148798760589 30.4300768781729),1
p1udm42755,S1S2,0.120088855991442,line-to-ground,POINT(-97.7150477511939 30.4299792790291),1
p1ulv43955,S1S2,0.120088855991442,line-to-ground,POINT(-97.7150806396092 30.4298532821319),1
p1udt13343lv,S1S2,0.120088855991442,line-to-ground,POINT(-97.7093056165226 30.4300584761369),1
p1ulv50819,S1S2,0.120088855991442,line-to-ground,POINT(-97.7090048176229 30.4305450633548),1
p1udm42758,S1S2,0.120088855991442,line-to-ground,POINT(-97.7092054783565 30.4300569755578),1
p1ulv19218,S1S2,0.120088855991442,line-to-ground,POINT(-97.7093323094458 30.4299138634835),1
p1ulv40808,S1S2,0.120088855991442,line-to-ground,POINT(-97.7090862082507 30.4301431887929),1
p1udm42759,S1S2,0.120088855991442,line-to-ground,POINT(-97.7091123747596 30.4300109402924),1
p1ulv40807,S1S2,0.120088855991442,line-to-ground,POINT(-97.7091970873246 30.4299035033592),1
p1udm42763,S1S2,0.120088855991442,line-to-ground,POINT(-97.7093813937481 30.4301399212304),1
p1ulv60666,S1S2,0.120088855991442,line-to-ground,POINT(-97.7093275573894 30.4302747322936),1
p1udm42762,S1S2,0.120088855991442,line-to-ground,POINT(-97.7095571906628 30.4302318883942),1
p1ulv54610,S1S2,0.120088855991442,line-to-ground,POINT(-97.7092388050298 30.4306889077574),1
p1udt13351lv,S1S2,0.120088855991442,line-to-ground,POINT(-97.7293020569281 30.4270864773182),1
p1ulv24355,S1S2,0.120088855991442,line-to-ground,POINT(-97.729348354798 30.4272138984703),1
p1udm42774,S1S2,0.120088855991442,line-to-ground,POINT(-97.7292567642415 30.4270505940316),1
p1ulv19229,S1S2,0.120088855991442,line-to-ground,POINT(-97.7292444823479 30.4271948413957),1
p1ulv54623,S1S2,0.120088855991442,line-to-ground,POINT(-97.7293208652147 30.4269248969914),1
p1udm42785,S1S2,0.120088855991442,line-to-ground,POINT(-97.7267086636757 30.4140056633959),1
p1ulv21189,S1S2,0.120088855991442,line-to-ground,POINT(-97.7268048061595 30.4138171191064),1
p1udt13354lv,S1S2,0.120088855991442,line-to-ground,POINT(-97.7264394063943 30.4138857976483),1
p1udm42786,S1S2,0.120088855991442,line-to-ground,POINT(-97.7262534699289 30.4137846726621),1
p1ulv52094,S1S2,0.120088855991442,line-to-ground,POINT(-97.7264013074767 30.4136237018335),1
p1udm42784,S1S2,0.120088855991442,line-to-ground,POINT(-97.726129379806 30.4137203013761),1
p1ulv19236,S1S2,0.120088855991442,line-to-ground,POINT(-97.7262569849332 30.4135140185762),1
p1udt13358lv,S1S2,0.120088855991442,line-to-ground,POINT(-97.7177150953158 30.4152084337347),1
p1ulv24375,S1S2,0.120088855991442,line-to-ground,POINT(-97.7177724091476 30.4151092341196),1
p1ulv56471,S1S2,0.120088855991442,line-to-ground,POINT(-97.7176639514238 30.4154420172712),1
p1udm42796,S1S2,0.120088855991442,line-to-ground,POINT(-97.7175107608194 30.4152149393268),1
p1ulv19244,S1S2,0.120088855991442,line-to-ground,POINT(-97.7175754581784 30.4150441391905),1
p1udm42800,S1S2,0.120088855991442,line-to-ground,POINT(-97.7175113133164 30.4175609058371),1
p1ulv19248,S1S2,0.120088855991442,line-to-ground,POINT(-97.7173485585813 30.4175440971822),1
p1udm42801,S1S2,0.120088855991442,line-to-ground,POINT(-97.7175538954536 30.4174891407324),1
p1ulv36453,S1S2,0.120088855991442,line-to-ground,POINT(-97.7174193972121 30.4174246589753),1
p1udt13360lv,S1S2,0.120088855991442,line-to-ground,POINT(-97.7174111192654 30.4176754442147),1
p1udm42802,S1S2,0.120088855991442,line-to-ground,POINT(-97.7174157392722 30.4177043337302),1
p1ulv53377,S1S2,0.120088855991442,line-to-ground,POINT(-97.7175361480366 30.4177748638838),1
p1udt13411lv,S1S2,0.120088855991442,line-to-ground,POINT(-97.7217604835051 30.4105314317581),1
p1ulv19354,S1S2,0.120088855991442,line-to-ground,POINT(-97.7217062880268 30.4104197897467),1
p1udt13645lv,S1S2,0.120088855991442,line-to-ground,POINT(-97.7149808241078 30.4361222945455),1
p1ulv19862,S1S2,0.120088855991442,line-to-ground,POINT(-97.7149505116194 30.4366011307262),1
p1ulv40804,S1S2,0.120088855991442,line-to-ground,POINT(-97.7147322235658 30.436571912411),1
p1ulv42043,S1S2,0.120088855991442,line-to-ground,POINT(-97.7147550583591 30.4364187480646),1
p1udt13650lv,S1S2,0.120088855991442,line-to-ground,POINT(-97.7279783949789 30.4263878419122),1
p1ulv19868,S1S2,0.120088855991442,line-to-ground,POINT(-97.7278606976492 30.4263151608185),1
p1ulv28786,S1S2,0.120088855991442,line-to-ground,POINT(-97.7281299669282 30.4264260600089),1
p1udm43544,S1S2,0.120088855991442,line-to-ground,POINT(-97.7297469986388 30.4269831822487),1
p1ulv19869,S1S2,0.120088855991442,line-to-ground,POINT(-97.7296117775891 30.4269728433275),1
p1udm43547,S1S2,0.120088855991442,line-to-ground,POINT(-97.7298033770849 30.4266498823052),1
p1ulv54622,S1S2,0.120088855991442,line-to-ground,POINT(-97.729553873994 30.4266203853227),1
p1udt13651lv,S1S2,0.120088855991442,line-to-ground,POINT(-97.7295706930189 30.427089839095),1
p1udm43545,S1S2,0.120088855991442,line-to-ground,POINT(-97.7296258174588 30.4274963101345),1
p1ulv47125,S1S2,0.120088855991442,line-to-ground,POINT(-97.7295328230334 30.4274412674213),1
p1udm43546,S1S2,0.120088855991442,line-to-ground,POINT(-97.7295922469601 30.4276764420676),1
p1ulv52082,S1S2,0.120088855991442,line-to-ground,POINT(-97.7294773786049 30.427702392812),1
p1udt13652lv,S1S2,0.120088855991442,line-to-ground,POINT(-97.7157900863836 30.4266470044482),1
p1ulv19873,S1S2,0.120088855991442,line-to-ground,POINT(-97.7157457171344 30.426773993112),1
p1udm43550,S1S2,0.120088855991442,line-to-ground,POINT(-97.7157579005778 30.426638769323),1
p1ulv50174,S1S2,0.120088855991442,line-to-ground,POINT(-97.7158116078155 30.4265129769708),1
p1udm43549,S1S2,0.120088855991442,line-to-ground,POINT(-97.7154835622797 30.4269157801035),1
p1ulv28790,S1S2,0.120088855991442,line-to-ground,POINT(-97.7156391294803 30.4269624254823),1
p1udm43551,S1S2,0.120088855991442,line-to-ground,POINT(-97.7159027024198 30.4267123771981),1
p1ulv54631,S1S2,0.120088855991442,line-to-ground,POINT(-97.7160290467892 30.426605345134),1
p1udt13653lv,S1S2,0.120088855991442,line-to-ground,POINT(-97.7162937039915 30.4271482184394),1
p1ulv19874,S1S2,0.120088855991442,line-to-ground,POINT(-97.7164690207079 30.4271961615205),1
p1udt13654lv,S1S2,0.120088855991442,line-to-ground,POINT(-97.7256740926565 30.4156396440183),1
p1ulv19882,S1S2,0.120088855991442,line-to-ground,POINT(-97.7257107381905 30.415493736011),1
p1udt13655lv,S1S2,0.120088855991442,line-to-ground,POINT(-97.728825346331 30.4169719567035),1
p1ulv29412,S1S2,0.120088855991442,line-to-ground,POINT(-97.7287567129055 30.4166332527657),1
p1ulv40817,S1S2,0.120088855991442,line-to-ground,POINT(-97.728597763075 30.4168482556382),1
p1udm43557,S1S2,0.120088855991442,line-to-ground,POINT(-97.7289202424482 30.41692831632),1
p1ulv48358,S1S2,0.120088855991442,line-to-ground,POINT(-97.7289649031298 30.4166352797969),1
p1udm43554,S1S2,0.120088855991442,line-to-ground,POINT(-97.7292900529469 30.4164489630398),1
p1ulv19884,S1S2,0.120088855991442,line-to-ground,POINT(-97.7291540280585 30.4165017767063),1
p1udt13657lv,S1S2,0.120088855991442,line-to-ground,POINT(-97.7093098465254 30.4292369829172),1
p1ulv19900,S1S2,0.120088855991442,line-to-ground,POINT(-97.7091941616407 30.4293350320134),1
p1udt13941lv,S1S2,0.120088855991442,line-to-ground,POINT(-97.7151568395083 30.4309206336255),1
p1ulv20517,S1S2,0.120088855991442,line-to-ground,POINT(-97.7150230285821 30.4310708070643),1
p1udt13942lv,S1S2,0.120088855991442,line-to-ground,POINT(-97.7140043720994 30.43383699129),1
p1ulv20518,S1S2,0.120088855991442,line-to-ground,POINT(-97.7141765276217 30.4336881343659),1
p1udt13950lv,S1S2,0.120088855991442,line-to-ground,POINT(-97.7273206277106 30.4191157363708),1
p1ulv20536,S1S2,0.120088855991442,line-to-ground,POINT(-97.7274320987344 30.4192279782972),1
p1udm44262,S1S2,0.120088855991442,line-to-ground,POINT(-97.7273923330208 30.4190832236097),1
p1ulv48363,S1S2,0.120088855991442,line-to-ground,POINT(-97.7272265965037 30.4190184472962),1
p1udt13951lv,S1S2,0.120088855991442,line-to-ground,POINT(-97.7295748892728 30.4198719417824),1
p1ulv20537,S1S2,0.120088855991442,line-to-ground,POINT(-97.7294215422742 30.4199601685228),1
p1udt13953lv,S1S2,0.120088855991442,line-to-ground,POINT(-97.7151579895655 30.418882692055),1
p1ulv20541,S1S2,0.120088855991442,line-to-ground,POINT(-97.7152046621329 30.4188014348201),1
p1ulv61322,S1S2,0.120088855991442,line-to-ground,POINT(-97.7150864908106 30.4190799822954),1
p1udm44269,S1S2,0.120088855991442,line-to-ground,POINT(-97.7082428608839 30.4240923399967),1
p1ulv20544,S1S2,0.120088855991442,line-to-ground,POINT(-97.7080766540548 30.4240636264312),1
p1udt13955lv,S1S2,0.120088855991442,line-to-ground,POINT(-97.7081800275353 30.424151000185),1
p1udm44270,S1S2,0.120088855991442,line-to-ground,POINT(-97.7081990802181 30.4242543189578),1
p1ulv52769,S1S2,0.120088855991442,line-to-ground,POINT(-97.7079913511 30.4242161714591),1
p1ulv63854,S1S2,0.120088855991442,line-to-ground,POINT(-97.7083129984783 30.424300560772),1
p1udt14219lv,S1S2,0.120088855991442,line-to-ground,POINT(-97.7269650112697 30.4207122679985),1
p1ulv23672,S1S2,0.120088855991442,line-to-ground,POINT(-97.7268288853876 30.4207830652253),1
p1udm44915,S1S2,0.120088855991442,line-to-ground,POINT(-97.7269755781179 30.4207711869732),1
p1ulv38256,S1S2,0.120088855991442,line-to-ground,POINT(-97.726994624562 30.420847842104),1
p1udm44916,S1S2,0.120088855991442,line-to-ground,POINT(-97.7268306425928 30.4206477382986),1
p1ulv52734,S1S2,0.120088855991442,line-to-ground,POINT(-97.7269466745795 30.4205315716844),1
p1udm44913,S1S2,0.120088855991442,line-to-ground,POINT(-97.7267479489333 30.4206018170937),1
p1ulv21175,S1S2,0.120088855991442,line-to-ground,POINT(-97.7266631464386 30.4207182881417),1
p1udt14223lv,S1S2,0.120088855991442,line-to-ground,POINT(-97.713561929213 30.4262657621641),1
p1ulv21185,S1S2,0.120088855991442,line-to-ground,POINT(-97.7137017090963 30.4262305377686),1
p1ulv40188,S1S2,0.120088855991442,line-to-ground,POINT(-97.713439197708 30.4263993858423),1
p1udm44927,S1S2,0.120088855991442,line-to-ground,POINT(-97.7134828524738 30.4262464266942),1
p1ulv56455,S1S2,0.120088855991442,line-to-ground,POINT(-97.7133639459841 30.4263055789097),1
p1udt14227lv,S1S2,0.120088855991442,line-to-ground,POINT(-97.7160850932336 30.419332723375),1
p1ulv60695,S1S2,0.120088855991442,line-to-ground,POINT(-97.7161686289537 30.4191267203817),1
p1udm44935,S1S2,0.120088855991442,line-to-ground,POINT(-97.7161868497843 30.4193254038338),1
p1ulv21195,S1S2,0.120088855991442,line-to-ground,POINT(-97.7162614896899 30.4191907940063),1
p1udt14229lv,S1S2,0.120088855991442,line-to-ground,POINT(-97.7141350440601 30.4193774522044),1
p1ulv21197,S1S2,0.120088855991442,line-to-ground,POINT(-97.7140160502614 30.4194545914731),1
p1ulv32583,S1S2,0.120088855991442,line-to-ground,POINT(-97.7141373140743 30.419215003308),1
p1udm44940,S1S2,0.120088855991442,line-to-ground,POINT(-97.7140005678069 30.419321931329),1
p1ulv40207,S1S2,0.120088855991442,line-to-ground,POINT(-97.7139571539897 30.4194568474175),1
p1udt14230lv,S1S2,0.120088855991442,line-to-ground,POINT(-97.7120199170602 30.424761776307),1
p1ulv21198,S1S2,0.120088855991442,line-to-ground,POINT(-97.7121787381623 30.4248620849886),1
p1udt14497lv,S1S2,0.120088855991442,line-to-ground,POINT(-97.7281827064304 30.4212806643369),1
p1ulv21789,S1S2,0.120088855991442,line-to-ground,POINT(-97.7281570286128 30.421129860336),1
p1udt14498lv,S1S2,0.120088855991442,line-to-ground,POINT(-97.72692677368 30.4217590073669),1
p1ulv21790,S1S2,0.120088855991442,line-to-ground,POINT(-97.7269327350921 30.4216051652907),1
p1udm45630,S1S2,0.120088855991442,line-to-ground,POINT(-97.7270027940554 30.4218223989759),1
p1ulv37641,S1S2,0.120088855991442,line-to-ground,POINT(-97.7269495723709 30.4219121093287),1
p1udt14499lv,S1S2,0.120088855991442,line-to-ground,POINT(-97.7283814230218 30.4224316700846),1
p1ulv61304,S1S2,0.120088855991442,line-to-ground,POINT(-97.7282855668677 30.4224574845686),1
p1udm45631,S1S2,0.120088855991442,line-to-ground,POINT(-97.7282349205416 30.4223487159113),1
p1ulv21791,S1S2,0.120088855991442,line-to-ground,POINT(-97.7283513040433 30.422205482693),1
p1udm45632,S1S2,0.120088855991442,line-to-ground,POINT(-97.7284107224149 30.422440657891),1
p1ulv42644,S1S2,0.120088855991442,line-to-ground,POINT(-97.7285273397762 30.4222793809159),1
p1udt14504lv,S1S2,0.120088855991442,line-to-ground,POINT(-97.7128442520896 30.4257078382734),1
p1ulv44619,S1S2,0.120088855991442,line-to-ground,POINT(-97.7126839631943 30.4257575001587),1
p1ulv65109,S1S2,0.120088855991442,line-to-ground,POINT(-97.7128633093452 30.4255788106309),1
p1udm45647,S1S2,0.120088855991442,line-to-ground,POINT(-97.71272041541 30.4256343750813),1
p1ulv21799,S1S2,0.120088855991442,line-to-ground,POINT(-97.7126355920128 30.4257508363253),1
p1udm45651,S1S2,0.120088855991442,line-to-ground,POINT(-97.7128117905274 30.4298675144892),1
p1ulv22374,S1S2,0.120088855991442,line-to-ground,POINT(-97.7128328432307 30.4297589510304),1
p1udt14505lv,S1S2,0.120088855991442,line-to-ground,POINT(-97.712810027493 30.4294559859722),1
p1udm45652,S1S2,0.120088855991442,line-to-ground,POINT(-97.7128893993504 30.4294166384889),1
p1ulv54638,S1S2,0.120088855991442,line-to-ground,POINT(-97.7130584686636 30.42950234786),1
p1udm45650,S1S2,0.120088855991442,line-to-ground,POINT(-97.7129851104279 30.4292641929447),1
p1ulv21800,S1S2,0.120088855991442,line-to-ground,POINT(-97.7130984445844 30.4293555394523),1
p1udt14508lv,S1S2,0.120088855991442,line-to-ground,POINT(-97.7264093290392 30.414338491404),1
p1ulv57073,S1S2,0.120088855991442,line-to-ground,POINT(-97.7262056229759 30.4142624219678),1
p1udm45657,S1S2,0.120088855991442,line-to-ground,POINT(-97.7264667914121 30.4141927861888),1
p1ulv21803,S1S2,0.120088855991442,line-to-ground,POINT(-97.7265904137992 30.4142932443855),1
p1udm45659,S1S2,0.120088855991442,line-to-ground,POINT(-97.7263076064934 30.414425829925),1
p1ulv60687,S1S2,0.120088855991442,line-to-ground,POINT(-97.7261412925978 30.4144061614405),1
p1udm45660,S1S2,0.120088855991442,line-to-ground,POINT(-97.7241355996313 30.4165340364749),1
p1ulv21804,S1S2,0.120088855991442,line-to-ground,POINT(-97.7242174670692 30.4166431117716),1
p1udm45663,S1S2,0.120088855991442,line-to-ground,POINT(-97.7243034422973 30.4164364243031),1
p1ulv55242,S1S2,0.120088855991442,line-to-ground,POINT(-97.7243957193321 30.4165456012068),1
p1udt14509lv,S1S2,0.120088855991442,line-to-ground,POINT(-97.724030424474 30.4166345777357),1
p1udm45662,S1S2,0.120088855991442,line-to-ground,POINT(-97.7239678740268 30.4166226266292),1
p1ulv28185,S1S2,0.120088855991442,line-to-ground,POINT(-97.7240389796869 30.416758665663),1
p1udm45661,S1S2,0.120088855991442,line-to-ground,POINT(-97.7238734842184 30.4166758416633),1
p1ulv25624,S1S2,0.120088855991442,line-to-ground,POINT(-97.7239969895005 30.4167853240829),1
p1udm45665,S1S2,0.120088855991442,line-to-ground,POINT(-97.71534197969 30.4170613623159),1
p1ulv21812,S1S2,0.120088855991442,line-to-ground,POINT(-97.7152674584688 30.4171869499115),1
p1ulv42658,S1S2,0.120088855991442,line-to-ground,POINT(-97.7154477291815 30.4169360819389),1
p1udm45668,S1S2,0.120088855991442,line-to-ground,POINT(-97.715290404948 30.4170247631148),1
p1ulv43986,S1S2,0.120088855991442,line-to-ground,POINT(-97.7151744820549 30.4171318973925),1
p1udt14511lv,S1S2,0.120088855991442,line-to-ground,POINT(-97.7154008213972 30.4170353828344),1
p1udm45666,S1S2,0.120088855991442,line-to-ground,POINT(-97.7155386967111 30.4171445041895),1
p1ulv23707,S1S2,0.120088855991442,line-to-ground,POINT(-97.7154433566221 30.4172698870567),1
p1ulv50191,S1S2,0.120088855991442,line-to-ground,POINT(-97.7156448005266 30.4169921583677),1
p1udt14512lv,S1S2,0.120088855991442,line-to-ground,POINT(-97.711943148593 30.4261410718254),1
p1ulv21817,S1S2,0.120088855991442,line-to-ground,POINT(-97.7119870645613 30.4259790341473),1
p1udt14729lv,S1S2,0.120088855991442,line-to-ground,POINT(-97.7175449257552 30.4303008927195),1
p1ulv22375,S1S2,0.120088855991442,line-to-ground,POINT(-97.7174584708028 30.4303548833187),1
p1udm46217,S1S2,0.120088855991442,line-to-ground,POINT(-97.7176465756222 30.4303025941244),1
p1ulv55230,S1S2,0.120088855991442,line-to-ground,POINT(-97.7177454889882 30.4301800813011),1
p1udt14730lv,S1S2,0.120088855991442,line-to-ground,POINT(-97.7134862954638 30.433642404519),1
p1ulv22376,S1S2,0.120088855991442,line-to-ground,POINT(-97.713464783129 30.4331758378929),1
p1udt14731lv,S1S2,0.120088855991442,line-to-ground,POINT(-97.7177930588409 30.4331287135995),1
p1ulv22377,S1S2,0.120088855991442,line-to-ground,POINT(-97.7179411340545 30.4332559786546),1
p1udt14741lv,S1S2,0.120088855991442,line-to-ground,POINT(-97.7286342216565 30.4177798726475),1
p1ulv34531,S1S2,0.120088855991442,line-to-ground,POINT(-97.7286156574989 30.4178770456425),1
p1ulv40197,S1S2,0.120088855991442,line-to-ground,POINT(-97.728556825853 30.4175967614147),1
p1udm46238,S1S2,0.120088855991442,line-to-ground,POINT(-97.7286899285444 30.4177694935783),1
p1ulv22402,S1S2,0.120088855991442,line-to-ground,POINT(-97.7286989346376 30.4178778566146),1
p1udt14742lv,S1S2,0.120088855991442,line-to-ground,POINT(-97.7081612050409 30.4249126004649),1
p1ulv22412,S1S2,0.120088855991442,line-to-ground,POINT(-97.7080524523442 30.4251100433072),1
p1ulv31297,S1S2,0.120088855991442,line-to-ground,POINT(-97.7082921276042 30.4250943694738),1
p1ulv60081,S1S2,0.120088855991442,line-to-ground,POINT(-97.7078942810415 30.4249883438988),1
p1ulv61955,S1S2,0.120088855991442,line-to-ground,POINT(-97.7083557782292 30.4250047703237),1
p1udt14743lv,S1S2,0.120088855991442,line-to-ground,POINT(-97.7119366410502 30.4261673682063),1
p1ulv22414,S1S2,0.120088855991442,line-to-ground,POINT(-97.7118992763362 30.4263210382443),1
p1udm46246,S1S2,0.120088855991442,line-to-ground,POINT(-97.7098202728298 30.4284389327289),1
p1ulv22415,S1S2,0.120088855991442,line-to-ground,POINT(-97.7099462697056 30.4283589720106),1
p1ulv38954,S1S2,0.120088855991442,line-to-ground,POINT(-97.7096732168365 30.428536730933),1
p1udt14744lv,S1S2,0.120088855991442,line-to-ground,POINT(-97.7099548795238 30.4285147671572),1
p1udm46247,S1S2,0.120088855991442,line-to-ground,POINT(-97.710005290566 30.4286212193877),1
p1ulv32585,S1S2,0.120088855991442,line-to-ground,POINT(-97.7098478237522 30.4287189148914),1
p1ulv48377,S1S2,0.120088855991442,line-to-ground,POINT(-97.7101521089357 30.4285414642555),1
p1udm46250,S1S2,0.120088855991442,line-to-ground,POINT(-97.7101392051187 30.428730817604),1
p1ulv55864,S1S2,0.120088855991442,line-to-ground,POINT(-97.710002440976 30.4288377407766),1
p1udt14993lv,S1S2,0.120088855991442,line-to-ground,POINT(-97.7138834390808 30.4303292377967),1
p1ulv23046,S1S2,0.120088855991442,line-to-ground,POINT(-97.7138327504063 30.4305267318732),1
p1udm46880,S1S2,0.120088855991442,line-to-ground,POINT(-97.7138037670686 30.4303550111166),1
p1ulv33872,S1S2,0.120088855991442,line-to-ground,POINT(-97.7138682450493 30.4302022571486),1
p1udm46881,S1S2,0.120088855991442,line-to-ground,POINT(-97.713949046256 30.4303925342896),1
p1ulv48332,S1S2,0.120088855991442,line-to-ground,POINT(-97.7140134056688 30.4302488019816),1
p1udt14995lv,S1S2,0.120088855991442,line-to-ground,POINT(-97.7110989672338 30.430328313452),1
p1ulv23049,S1S2,0.120088855991442,line-to-ground,POINT(-97.7112110970939 30.4303565047812),1
p1udm46896,S1S2,0.120088855991442,line-to-ground,POINT(-97.7224698628835 30.4125386314587),1
p1ulv23068,S1S2,0.120088855991442,line-to-ground,POINT(-97.7225966514607 30.4123955049176),1
p1udt15002lv,S1S2,0.120088855991442,line-to-ground,POINT(-97.7223786402473 30.4125370361856),1
p1udm46897,S1S2,0.120088855991442,line-to-ground,POINT(-97.7223352503615 30.4124831766116),1
p1ulv43984,S1S2,0.120088855991442,line-to-ground,POINT(-97.7223687103457 30.4123120681583),1
p1udm46898,S1S2,0.120088855991442,line-to-ground,POINT(-97.7222730311522 30.4124645218601),1
p1ulv46543,S1S2,0.120088855991442,line-to-ground,POINT(-97.7222957296388 30.4123203769362),1
p1udm46899,S1S2,0.120088855991442,line-to-ground,POINT(-97.7190376311428 30.4154825711243),1
p1ulv23070,S1S2,0.120088855991442,line-to-ground,POINT(-97.719091681067 30.4153297115916),1
p1ulv59480,S1S2,0.120088855991442,line-to-ground,POINT(-97.7189524707945 30.4156261024402),1
p1udt15003lv,S1S2,0.120088855991442,line-to-ground,POINT(-97.7190723875809 30.4155273774071),1
p1udm46900,S1S2,0.120088855991442,line-to-ground,POINT(-97.7194437135997 30.4154775318333),1
p1ulv57656,S1S2,0.120088855991442,line-to-ground,POINT(-97.7192855427133 30.4153558460947),1
p1udt15260lv,S1S2,0.120088855991442,line-to-ground,POINT(-97.7123964581273 30.4301792333934),1
p1ulv23665,S1S2,0.120088855991442,line-to-ground,POINT(-97.7125138816449 30.4302610875582),1
p1udt15261lv,S1S2,0.120088855991442,line-to-ground,POINT(-97.7183646225403 30.4322399001147),1
p1ulv23666,S1S2,0.120088855991442,line-to-ground,POINT(-97.7182785131209 30.4321404518993),1
p1udt15262lv,S1S2,0.120088855991442,line-to-ground,POINT(-97.7171306316825 30.434198255379),1
p1ulv23667,S1S2,0.120088855991442,line-to-ground,POINT(-97.7169723163295 30.4340855881371),1
p1udm47546,S1S2,0.120088855991442,line-to-ground,POINT(-97.7174816443773 30.434153754599),1
p1ulv63201,S1S2,0.120088855991442,line-to-ground,POINT(-97.7174169329724 30.4343245538352),1
p1udt15266lv,S1S2,0.120088855991442,line-to-ground,POINT(-97.7279573599375 30.4222641024357),1
p1ulv23676,S1S2,0.120088855991442,line-to-ground,POINT(-97.7280234992643 30.422069781074),1
p1ulv26226,S1S2,0.120088855991442,line-to-ground,POINT(-97.7278609758445 30.4222819117286),1
p1udm47558,S1S2,0.120088855991442,line-to-ground,POINT(-97.728048591857 30.4222656940675),1
p1ulv41419,S1S2,0.120088855991442,line-to-ground,POINT(-97.7280163081331 30.4223465859379),1
p1udt15270lv,S1S2,0.120088855991442,line-to-ground,POINT(-97.7149653549821 30.4204103035718),1
p1ulv23684,S1S2,0.120088855991442,line-to-ground,POINT(-97.715139025399 30.4206324413488),1
p1ulv62586,S1S2,0.120088855991442,line-to-ground,POINT(-97.7152758905618 30.4205164904181),1
p1udt15271lv,S1S2,0.120088855991442,line-to-ground,POINT(-97.7148370285916 30.4262288195212),1
p1ulv33244,S1S2,0.120088855991442,line-to-ground,POINT(-97.7148454416133 30.4263500784954),1
p1udm47572,S1S2,0.120088855991442,line-to-ground,POINT(-97.7149606665506 30.4262970754537),1
p1ulv23685,S1S2,0.120088855991442,line-to-ground,POINT(-97.7150146111145 30.4261532399554),1
p1udt15274lv,S1S2,0.120088855991442,line-to-ground,POINT(-97.718336656716 30.4289835146598),1
p1ulv23690,S1S2,0.120088855991442,line-to-ground,POINT(-97.7184532583052 30.429128515873),1
p1ulv65111,S1S2,0.120088855991442,line-to-ground,POINT(-97.7184537301337 30.4290924288571),1
p1udt15275lv,S1S2,0.120088855991442,line-to-ground,POINT(-97.7249042393374 30.4134557584738),1
p1ulv23693,S1S2,0.120088855991442,line-to-ground,POINT(-97.7249768920477 30.4134834780836),1
p1udt15276lv,S1S2,0.120088855991442,line-to-ground,POINT(-97.7289473089127 30.4167983696989),1
p1ulv23698,S1S2,0.120088855991442,line-to-ground,POINT(-97.7287927374389 30.4170667049516),1
p1ulv55851,S1S2,0.120088855991442,line-to-ground,POINT(-97.7286687584459 30.4169933141391),1
p1udt15277lv,S1S2,0.120088855991442,line-to-ground,POINT(-97.7221782690311 30.4125358367345),1
p1ulv23701,S1S2,0.120088855991442,line-to-ground,POINT(-97.7219711689565 30.4124615674503),1
p1udt15278lv,S1S2,0.120088855991442,line-to-ground,POINT(-97.7228293687977 30.4132272427334),1
p1ulv24985,S1S2,0.120088855991442,line-to-ground,POINT(-97.7230434906015 30.4132570553024),1
p1udm47593,S1S2,0.120088855991442,line-to-ground,POINT(-97.7229202256551 30.4131295284963),1
p1ulv38282,S1S2,0.120088855991442,line-to-ground,POINT(-97.7230441953627 30.4132029245495),1
p1udm47591,S1S2,0.120088855991442,line-to-ground,POINT(-97.7229628018528 30.4130577614117),1
p1ulv23702,S1S2,0.120088855991442,line-to-ground,POINT(-97.7228591806831 30.4130206560934),1
p1udm47594,S1S2,0.120088855991442,line-to-ground,POINT(-97.7227922617116 30.4133628732338),1
p1ulv43334,S1S2,0.120088855991442,line-to-ground,POINT(-97.7226685269939 30.4132714333612),1
p1ulv61319,S1S2,0.120088855991442,line-to-ground,POINT(-97.7229164665528 30.4134182258288),1
p1udt15279lv,S1S2,0.120088855991442,line-to-ground,POINT(-97.7214576944944 30.4143063013606),1
p1ulv29416,S1S2,0.120088855991442,line-to-ground,POINT(-97.721289875692 30.4144128743481),1
p1ulv35165,S1S2,0.120088855991442,line-to-ground,POINT(-97.7213419219164 30.4144133840798),1
p1ulv37056,S1S2,0.120088855991442,line-to-ground,POINT(-97.7214908267723 30.4141712230181),1
p1udm47596,S1S2,0.120088855991442,line-to-ground,POINT(-97.7214992366742 30.4143246952993),1
p1ulv23703,S1S2,0.120088855991442,line-to-ground,POINT(-97.7215322284451 30.4141896743091),1
p1udt15280lv,S1S2,0.120088855991442,line-to-ground,POINT(-97.7200853639447 30.4162977863193),1
p1ulv23704,S1S2,0.120088855991442,line-to-ground,POINT(-97.7201319564763 30.4161880692973),1
p1ulv59481,S1S2,0.120088855991442,line-to-ground,POINT(-97.7199414072574 30.4164298203112),1
p1udm47601,S1S2,0.120088855991442,line-to-ground,POINT(-97.7201297193705 30.4163594830728),1
p1ulv24989,S1S2,0.120088855991442,line-to-ground,POINT(-97.7202354621008 30.4162341986071),1
p1udm47603,S1S2,0.120088855991442,line-to-ground,POINT(-97.7160887320351 30.4164822182228),1
p1ulv23705,S1S2,0.120088855991442,line-to-ground,POINT(-97.7161631335443 30.4163656518631),1
p1ulv36448,S1S2,0.120088855991442,line-to-ground,POINT(-97.7160245035572 30.4166169304336),1
p1udt15281lv,S1S2,0.120088855991442,line-to-ground,POINT(-97.7161337787695 30.4165361493852),1
p1udm47606,S1S2,0.120088855991442,line-to-ground,POINT(-97.7162751572349 30.4165562348451),1
p1ulv50842,S1S2,0.120088855991442,line-to-ground,POINT(-97.7162110470622 30.4166819253889),1
p1udm47605,S1S2,0.120088855991442,line-to-ground,POINT(-97.7164615827241 30.4166302512084),1
p1ulv38286,S1S2,0.120088855991442,line-to-ground,POINT(-97.7165049917265 30.4164953340953),1
p1udt15513lv,S1S2,0.120088855991442,line-to-ground,POINT(-97.7164222696838 30.4296684892928),1
p1ulv30664,S1S2,0.120088855991442,line-to-ground,POINT(-97.7165314117145 30.4295878461107),1
p1udm48162,S1S2,0.120088855991442,line-to-ground,POINT(-97.7163534822831 30.4296582796054),1
p1ulv24343,S1S2,0.120088855991442,line-to-ground,POINT(-97.716268777609 30.4297657214194),1
p1udm48165,S1S2,0.120088855991442,line-to-ground,POINT(-97.7162917261771 30.4296035347884),1
p1ulv50815,S1S2,0.120088855991442,line-to-ground,POINT(-97.7161554399324 30.4296743775725),1
p1udm48164,S1S2,0.120088855991442,line-to-ground,POINT(-97.7165497525541 30.4297775075321),1
p1ulv44595,S1S2,0.120088855991442,line-to-ground,POINT(-97.7164961624444 30.4298942783566),1
p1udt15518lv,S1S2,0.120088855991442,line-to-ground,POINT(-97.728215471205 30.4275552698848),1
p1ulv24356,S1S2,0.120088855991442,line-to-ground,POINT(-97.7282620204804 30.4274830296858),1
p1ulv25614,S1S2,0.120088855991442,line-to-ground,POINT(-97.7281232871561 30.4277433429154),1
p1udm48180,S1S2,0.120088855991442,line-to-ground,POINT(-97.7186166146574 30.4285797220157),1
p1ulv24361,S1S2,0.120088855991442,line-to-ground,POINT(-97.7187441627851 30.4286559935528),1
p1ulv38271,S1S2,0.120088855991442,line-to-ground,POINT(-97.7184610433664 30.4285330800837),1
p1udt15521lv,S1S2,0.120088855991442,line-to-ground,POINT(-97.7185279430779 30.4286876367245),1
p1udm48181,S1S2,0.120088855991442,line-to-ground,POINT(-97.7184783262529 30.4288039371558),1
p1ulv30663,S1S2,0.120088855991442,line-to-ground,POINT(-97.718613076445 30.4288503746687),1
p1ulv48993,S1S2,0.120088855991442,line-to-ground,POINT(-97.7185919010825 30.4288772355207),1
p1udt15523lv,S1S2,0.120088855991442,line-to-ground,POINT(-97.725227960443 30.415307914816),1
p1ulv24366,S1S2,0.120088855991442,line-to-ground,POINT(-97.7254427911409 30.4152835928051),1
p1udt15528lv,S1S2,0.120088855991442,line-to-ground,POINT(-97.7189997397361 30.4166658084773),1
p1ulv24377,S1S2,0.120088855991442,line-to-ground,POINT(-97.7191060587339 30.4166201317184),1
p1ulv64499,S1S2,0.120088855991442,line-to-ground,POINT(-97.7189475596247 30.4167990351453),1
p1udt15529lv,S1S2,0.120088855991442,line-to-ground,POINT(-97.7219068862965 30.4170902151582),1
p1ulv24378,S1S2,0.120088855991442,line-to-ground,POINT(-97.7220131878365 30.4172260895046),1
p1udm48200,S1S2,0.120088855991442,line-to-ground,POINT(-97.7219523766676 30.4170991731342),1
p1ulv26904,S1S2,0.120088855991442,line-to-ground,POINT(-97.721880568208 30.4170172637432),1
p1udm48201,S1S2,0.120088855991442,line-to-ground,POINT(-97.7218047617364 30.4172420949184),1
p1ulv50192,S1S2,0.120088855991442,line-to-ground,POINT(-97.7219597291597 30.4173338413907),1
p1udt15530lv,S1S2,0.120088855991442,line-to-ground,POINT(-97.7169340129272 30.4184129214913),1
p1ulv24379,S1S2,0.120088855991442,line-to-ground,POINT(-97.7168241849994 30.4183571942064),1
p1udt15750lv,S1S2,0.120088855991442,line-to-ground,POINT(-97.7174860134992 30.4319256502116),1
p1ulv30013,S1S2,0.120088855991442,line-to-ground,POINT(-97.7175432199259 30.4318354729784),1
p1udm48705,S1S2,0.120088855991442,line-to-ground,POINT(-97.7173961660813 30.4319332799108),1
p1ulv24961,S1S2,0.120088855991442,line-to-ground,POINT(-97.7172798729263 30.4320674806185),1
p1udm48706,S1S2,0.120088855991442,line-to-ground,POINT(-97.7175616810372 30.432016112515),1
p1ulv27523,S1S2,0.120088855991442,line-to-ground,POINT(-97.717657151583 30.4318817069624),1
p1udt15759lv,S1S2,0.120088855991442,line-to-ground,POINT(-97.7244964144925 30.4141018783871),1
p1ulv24979,S1S2,0.120088855991442,line-to-ground,POINT(-97.7246350002033 30.4141568595752),1
p1udm48724,S1S2,0.120088855991442,line-to-ground,POINT(-97.7245112627272 30.4140654213827),1
p1ulv48995,S1S2,0.120088855991442,line-to-ground,POINT(-97.7243134875383 30.4140634891119),1
p1udm48725,S1S2,0.120088855991442,line-to-ground,POINT(-97.7244779230795 30.414227508634),1
p1ulv54642,S1S2,0.120088855991442,line-to-ground,POINT(-97.7246445882125 30.414220113831),1
p1ulv63224,S1S2,0.120088855991442,line-to-ground,POINT(-97.7243220192095 30.4142079395442),1
p1udm48727,S1S2,0.120088855991442,line-to-ground,POINT(-97.7243451722385 30.4196309517065),1
p1ulv24983,S1S2,0.120088855991442,line-to-ground,POINT(-97.7244306806126 30.4194603514669),1
p1ulv55857,S1S2,0.120088855991442,line-to-ground,POINT(-97.7242811874779 30.4197476246066),1
p1udt15760lv,S1S2,0.120088855991442,line-to-ground,POINT(-97.7243036272799 30.4196125586088),1
p1udm48728,S1S2,0.120088855991442,line-to-ground,POINT(-97.7241693793247 30.4195390044638),1
p1ulv28800,S1S2,0.120088855991442,line-to-ground,POINT(-97.7242544184033 30.4194044914951),1
p1ulv37053,S1S2,0.120088855991442,line-to-ground,POINT(-97.7240742823802 30.4196463502653),1
p1udt15998lv,S1S2,0.120088855991442,line-to-ground,POINT(-97.7177845890222 30.4332725453271),1
p1ulv25604,S1S2,0.120088855991442,line-to-ground,POINT(-97.7175882147146 30.4331713052087),1
p1udt16003lv,S1S2,0.120088855991442,line-to-ground,POINT(-97.728387539168 30.4231346698709),1
p1ulv25612,S1S2,0.120088855991442,line-to-ground,POINT(-97.7285369281125 30.4231456763472),1
p1udm49271,S1S2,0.120088855991442,line-to-ground,POINT(-97.7123880944969 30.4263619527311),1
p1ulv25619,S1S2,0.120088855991442,line-to-ground,POINT(-97.7124385989115 30.4262062254055),1
p1udt16004lv,S1S2,0.120088855991442,line-to-ground,POINT(-97.7125014028365 30.4264443353014),1
p1udm49272,S1S2,0.120088855991442,line-to-ground,POINT(-97.7125221273079 30.4264625267905),1
p1ulv51429,S1S2,0.120088855991442,line-to-ground,POINT(-97.7126173619614 30.4263461683306),1
p1ulv54632,S1S2,0.120088855991442,line-to-ground,POINT(-97.7123957794285 30.4265695553571),1
p1udt16005lv,S1S2,0.120088855991442,line-to-ground,POINT(-97.7131091157795 30.4269877654689),1
p1ulv31928,S1S2,0.120088855991442,line-to-ground,POINT(-97.7132244745661 30.4268935291029),1
p1udm49276,S1S2,0.120088855991442,line-to-ground,POINT(-97.7132942693557 30.427128812691),1
p1ulv32560,S1S2,0.120088855991442,line-to-ground,POINT(-97.7131647142306 30.4272059055342),1
p1udm49277,S1S2,0.120088855991442,line-to-ground,POINT(-97.7130780164096 30.4269462226404),1
p1ulv38268,S1S2,0.120088855991442,line-to-ground,POINT(-97.7129519053803 30.4270352082622),1
p1udm49274,S1S2,0.120088855991442,line-to-ground,POINT(-97.7130162638437 30.4268914763526),1
p1ulv25620,S1S2,0.120088855991442,line-to-ground,POINT(-97.7128479183403 30.42702515997),1
p1udt16006lv,S1S2,0.120088855991442,line-to-ground,POINT(-97.7284433961418 30.4178296038508),1
p1ulv25625,S1S2,0.120088855991442,line-to-ground,POINT(-97.7284177043257 30.417610616195),1
p1udm49279,S1S2,0.120088855991442,line-to-ground,POINT(-97.7280042856579 30.4192606234744),1
p1ulv25627,S1S2,0.120088855991442,line-to-ground,POINT(-97.7279612420766 30.4193684793692),1
p1ulv46541,S1S2,0.120088855991442,line-to-ground,POINT(-97.7280346440364 30.4190505554715),1
p1udt16007lv,S1S2,0.120088855991442,line-to-ground,POINT(-97.7278918858357 30.4192858944212),1
p1udm49280,S1S2,0.120088855991442,line-to-ground,POINT(-97.7278069679249 30.4192226089956),1
p1ulv26239,S1S2,0.120088855991442,line-to-ground,POINT(-97.7277535143543 30.4193303633728),1
p1udt16009lv,S1S2,0.120088855991442,line-to-ground,POINT(-97.7146550559662 30.4196164076529),1
p1ulv25634,S1S2,0.120088855991442,line-to-ground,POINT(-97.7145966310168 30.4196407676811),1
p1ulv43988,S1S2,0.120088855991442,line-to-ground,POINT(-97.7147071291635 30.4194281417238),1
p1udm49285,S1S2,0.120088855991442,line-to-ground,POINT(-97.7145703831886 30.4195350703477),1
p1ulv56475,S1S2,0.120088855991442,line-to-ground,POINT(-97.714482123525 30.419639640155),1
p1udm49286,S1S2,0.120088855991442,line-to-ground,POINT(-97.7103045895769 30.4288226808465),1
p1ulv25635,S1S2,0.120088855991442,line-to-ground,POINT(-97.7103894184847 30.4287062213272),1
p1ulv32586,S1S2,0.120088855991442,line-to-ground,POINT(-97.7102298150664 30.4289663083526),1
p1udt16010lv,S1S2,0.120088855991442,line-to-ground,POINT(-97.7103421087736 30.4288937451636),1
p1udm49288,S1S2,0.120088855991442,line-to-ground,POINT(-97.710618454283 30.428708484064),1
p1ulv45252,S1S2,0.120088855991442,line-to-ground,POINT(-97.7106942984236 30.428757183889),1
p1udt16256lv,S1S2,0.120088855991442,line-to-ground,POINT(-97.7185427716343 30.4156045461929),1
p1ulv26243,S1S2,0.120088855991442,line-to-ground,POINT(-97.7184314131838 30.4156661033457),1
p1udm49821,S1S2,0.120088855991442,line-to-ground,POINT(-97.7185576223058 30.4155680899436),1
p1ulv61952,S1S2,0.120088855991442,line-to-ground,POINT(-97.7186928260695 30.4155784398533),1
p1udt16479lv,S1S2,0.120088855991442,line-to-ground,POINT(-97.7133532348853 30.4310876123782),1
p1ulv26880,S1S2,0.120088855991442,line-to-ground,POINT(-97.7132714961019 30.4312430320014),1
p1ulv52064,S1S2,0.120088855991442,line-to-ground,POINT(-97.7133999810446 30.4309736116062),1
p1udm50328,S1S2,0.120088855991442,line-to-ground,POINT(-97.7135123701481 30.4311371316678),1
p1ulv30643,S1S2,0.120088855991442,line-to-ground,POINT(-97.7135662013348 30.4310023187437),1
p1ulv32547,S1S2,0.120088855991442,line-to-ground,POINT(-97.7134303947095 30.431310594862),1
p1udm50331,S1S2,0.120088855991442,line-to-ground,POINT(-97.7132008696674 30.4310709005922),1
p1ulv63815,S1S2,0.120088855991442,line-to-ground,POINT(-97.7132341161979 30.4309178390607),1
p1udt16480lv,S1S2,0.120088855991442,line-to-ground,POINT(-97.7178615740191 30.4321634841557),1
p1ulv26881,S1S2,0.120088855991442,line-to-ground,POINT(-97.7178744861094 30.4319830941149),1
p1udt16484lv,S1S2,0.120088855991442,line-to-ground,POINT(-97.7261838927846 30.4215640853973),1
p1ulv26887,S1S2,0.120088855991442,line-to-ground,POINT(-97.7263718826173 30.4215004422749),1
p1udm50343,S1S2,0.120088855991442,line-to-ground,POINT(-97.7262145602842 30.4215891366307),1
p1ulv30028,S1S2,0.120088855991442,line-to-ground,POINT(-97.7263915307411 30.4215908633267),1
p1udm50344,S1S2,0.120088855991442,line-to-ground,POINT(-97.7262167285107 30.4214262486866),1
p1ulv42048,S1S2,0.120088855991442,line-to-ground,POINT(-97.7263360319434 30.4213314928486),1
p1udm50346,S1S2,0.120088855991442,line-to-ground,POINT(-97.7293147733486 30.4241818652896),1
p1ulv26891,S1S2,0.120088855991442,line-to-ground,POINT(-97.7291686781103 30.424207511872),1
p1ulv32549,S1S2,0.120088855991442,line-to-ground,POINT(-97.7294915148616 30.4242016315148),1
p1ulv45230,S1S2,0.120088855991442,line-to-ground,POINT(-97.7294922163711 30.4241475007167),1
p1udt16486lv,S1S2,0.120088855991442,line-to-ground,POINT(-97.729299308297 30.4243787579186),1
p1udm50348,S1S2,0.120088855991442,line-to-ground,POINT(-97.729367296093 30.4249493261929),1
p1ulv41422,S1S2,0.120088855991442,line-to-ground,POINT(-97.7295646259642 30.4249873386243),1
p1udt16490lv,S1S2,0.120088855991442,line-to-ground,POINT(-97.7278885195855 30.414572708963),1
p1ulv26900,S1S2,0.120088855991442,line-to-ground,POINT(-97.728035896483 30.4144156101184),1
p1udt16491lv,S1S2,0.120088855991442,line-to-ground,POINT(-97.7229236440735 30.4115443602921),1
p1ulv26903,S1S2,0.120088855991442,line-to-ground,POINT(-97.7230045279847 30.4114520858216),1
p1udm50818,S1S2,0.120088855991442,line-to-ground,POINT(-97.717014008264 30.4309009124561),1
p1ulv27521,S1S2,0.120088855991442,line-to-ground,POINT(-97.7169708290247 30.4310177857932),1
p1ulv63199,S1S2,0.120088855991442,line-to-ground,POINT(-97.7171059156786 30.430763636128),1
p1udt16706lv,S1S2,0.120088855991442,line-to-ground,POINT(-97.717160125919 30.4309553816962),1
p1udm50819,S1S2,0.120088855991442,line-to-ground,POINT(-97.717293569739 30.4310209580256),1
p1ulv32545,S1S2,0.120088855991442,line-to-ground,POINT(-97.7173886854329 30.4309136178752),1
p1ulv37633,S1S2,0.120088855991442,line-to-ground,POINT(-97.7171984538349 30.4311282980991),1
p1udm50821,S1S2,0.120088855991442,line-to-ground,POINT(-97.7173866783437 30.4310669875846),1
p1ulv60664,S1S2,0.120088855991442,line-to-ground,POINT(-97.7174610900703 30.4309504210117),1
p1udt16708lv,S1S2,0.120088855991442,line-to-ground,POINT(-97.7118512045689 30.4296020752349),1
p1ulv33898,S1S2,0.120088855991442,line-to-ground,POINT(-97.7118962179605 30.4294491190731),1
p1udm50824,S1S2,0.120088855991442,line-to-ground,POINT(-97.711887235536 30.4296142787535),1
p1ulv27525,S1S2,0.120088855991442,line-to-ground,POINT(-97.7117743818472 30.4297603674747),1
p1udt16714lv,S1S2,0.120088855991442,line-to-ground,POINT(-97.7151502429696 30.4274182927111),1
p1ulv52088,S1S2,0.120088855991442,line-to-ground,POINT(-97.715281165857 30.4275392050407),1
p1udm50837,S1S2,0.120088855991442,line-to-ground,POINT(-97.7151859180384 30.4273820419498),1
p1ulv30662,S1S2,0.120088855991442,line-to-ground,POINT(-97.7150304686794 30.4273263742765),1
p1udm50836,S1S2,0.120088855991442,line-to-ground,POINT(-97.7152389169793 30.4273103803505),1
p1ulv27540,S1S2,0.120088855991442,line-to-ground,POINT(-97.7153628981876 30.4273837838927),1
p1udm50838,S1S2,0.120088855991442,line-to-ground,POINT(-97.7150900940137 30.4275435110462),1
p1ulv44620,S1S2,0.120088855991442,line-to-ground,POINT(-97.7149454098844 30.427460880517),1
p1udm50840,S1S2,0.120088855991442,line-to-ground,POINT(-97.7129786088591 30.428966373048),1
p1ulv27545,S1S2,0.120088855991442,line-to-ground,POINT(-97.7128728427208 30.4290916507359),1
p1udt16715lv,S1S2,0.120088855991442,line-to-ground,POINT(-97.7128275705465 30.4289319880503),1
p1udm50841,S1S2,0.120088855991442,line-to-ground,POINT(-97.7128339245447 30.4288837401862),1
p1ulv42648,S1S2,0.120088855991442,line-to-ground,POINT(-97.7129181582403 30.4288123876129),1
p1udt16934lv,S1S2,0.120088855991442,line-to-ground,POINT(-97.7125866515617 30.4286738334331),1
p1ulv33883,S1S2,0.120088855991442,line-to-ground,POINT(-97.7126407414969 30.4285299417513),1
p1ulv44638,S1S2,0.120088855991442,line-to-ground,POINT(-97.7124298016382 30.4287353878367),1
p1udm51292,S1S2,0.120088855991442,line-to-ground,POINT(-97.7124734591465 30.4285824291547),1
p1ulv28173,S1S2,0.120088855991442,line-to-ground,POINT(-97.7125998096231 30.4284754006172),1
p1udm51295,S1S2,0.120088855991442,line-to-ground,POINT(-97.7126175502457 30.4287101710678),1
p1ulv50177,S1S2,0.120088855991442,line-to-ground,POINT(-97.7125018472201 30.4287992588371),1
p1udt16936lv,S1S2,0.120088855991442,line-to-ground,POINT(-97.7246928655044 30.413065633289),1
p1ulv32567,S1S2,0.120088855991442,line-to-ground,POINT(-97.7246171467677 30.4131280696602),1
p1udm51297,S1S2,0.120088855991442,line-to-ground,POINT(-97.7247426427518 30.4130841807609),1
p1ulv28180,S1S2,0.120088855991442,line-to-ground,POINT(-97.7248284961867 30.4128865145151),1
p1udm51299,S1S2,0.120088855991442,line-to-ground,POINT(-97.7271003381266 30.4151102820204),1
p1ulv28184,S1S2,0.120088855991442,line-to-ground,POINT(-97.7269165324409 30.4151113259891),1
p1udt16937lv,S1S2,0.120088855991442,line-to-ground,POINT(-97.7272368014374 30.4149623686981),1
p1udm51300,S1S2,0.120088855991442,line-to-ground,POINT(-97.7271366011059 30.4147226488981),1
p1ulv30041,S1S2,0.120088855991442,line-to-ground,POINT(-97.7269812813259 30.4146579739278),1
p1udt16938lv,S1S2,0.120088855991442,line-to-ground,POINT(-97.7166469501415 30.4148911589698),1
p1ulv28188,S1S2,0.120088855991442,line-to-ground,POINT(-97.7167357287329 30.4147742232508),1
p1ulv54651,S1S2,0.120088855991442,line-to-ground,POINT(-97.7167423397554 30.4147894979545),1
p1ulv63233,S1S2,0.120088855991442,line-to-ground,POINT(-97.7165962761634 30.4150886549636),1
p1udt16939lv,S1S2,0.120088855991442,line-to-ground,POINT(-97.7226418904275 30.4154727544382),1
p1ulv31940,S1S2,0.120088855991442,line-to-ground,POINT(-97.7227518547692 30.4153898030798),1
p1udm51304,S1S2,0.120088855991442,line-to-ground,POINT(-97.722547347554 30.415381615421),1
p1ulv28190,S1S2,0.120088855991442,line-to-ground,POINT(-97.7224010289744 30.4154252983587),1
p1udm51305,S1S2,0.120088855991442,line-to-ground,POINT(-97.7220686349475 30.4153679076072),1
p1ulv31292,S1S2,0.120088855991442,line-to-ground,POINT(-97.7220666364211 30.4155212779631),1
p1udm51307,S1S2,0.120088855991442,line-to-ground,POINT(-97.7227006677962 30.4155996660016),1
p1ulv64495,S1S2,0.120088855991442,line-to-ground,POINT(-97.722574932681 30.4156615963778),1
p1udt16940lv,S1S2,0.120088855991442,line-to-ground,POINT(-97.7162582879583 30.4194665947574),1
p1ulv55250,S1S2,0.120088855991442,line-to-ground,POINT(-97.7164856620154 30.4195629379873),1
p1udm51308,S1S2,0.120088855991442,line-to-ground,POINT(-97.7163000577832 30.4194257692126),1
p1ulv28193,S1S2,0.120088855991442,line-to-ground,POINT(-97.7164463848589 30.4193820933887),1
p1udm51749,S1S2,0.120088855991442,line-to-ground,POINT(-97.7166199419642 30.4315737561826),1
p1ulv28773,S1S2,0.120088855991442,line-to-ground,POINT(-97.716725706228 30.4314484754435),1
p1ulv54005,S1S2,0.120088855991442,line-to-ground,POINT(-97.7165245884876 30.4316991392068),1
p1udt17144lv,S1S2,0.120088855991442,line-to-ground,POINT(-97.7167439071704 30.4316381941633),1
p1udm51750,S1S2,0.120088855991442,line-to-ground,POINT(-97.716714918823 30.4317395385515),1
p1ulv45871,S1S2,0.120088855991442,line-to-ground,POINT(-97.7166901022766 30.431781972887),1
p1udt17145lv,S1S2,0.120088855991442,line-to-ground,POINT(-97.7164505451044 30.4323138671875),1
p1ulv40169,S1S2,0.120088855991442,line-to-ground,POINT(-97.7164762095707 30.4322129690325),1
p1udm51752,S1S2,0.120088855991442,line-to-ground,POINT(-97.7164844939272 30.4323754627851),1
p1ulv28774,S1S2,0.120088855991442,line-to-ground,POINT(-97.7165487329349 30.432240750943),1
p1udt17146lv,S1S2,0.120088855991442,line-to-ground,POINT(-97.7173608617358 30.4341102892226),1
p1ulv28775,S1S2,0.120088855991442,line-to-ground,POINT(-97.7174838877039 30.4339823414688),1
p1udt17155lv,S1S2,0.120088855991442,line-to-ground,POINT(-97.717285770901 30.4179792610418),1
p1ulv28804,S1S2,0.120088855991442,line-to-ground,POINT(-97.7174011996667 30.4180199932664),1
p1udt17157lv,S1S2,0.120088855991442,line-to-ground,POINT(-97.7101190697499 30.4252121977109),1
p1ulv61956,S1S2,0.120088855991442,line-to-ground,POINT(-97.7100268538374 30.4254002570929),1
p1udm51770,S1S2,0.120088855991442,line-to-ground,POINT(-97.7101947253775 30.4253026640326),1
p1ulv28811,S1S2,0.120088855991442,line-to-ground,POINT(-97.710238028528 30.4251767712671),1
p1udm51773,S1S2,0.120088855991442,line-to-ground,POINT(-97.7103810436426 30.4253857110608),1
p1ulv44635,S1S2,0.120088855991442,line-to-ground,POINT(-97.7103166824376 30.4255294416205),1
p1udm51772,S1S2,0.120088855991442,line-to-ground,POINT(-97.7100188177814 30.4252197196266),1
p1ulv35827,S1S2,0.120088855991442,line-to-ground,POINT(-97.7100932334054 30.4251031572773),1
p1udm51771,S1S2,0.120088855991442,line-to-ground,POINT(-97.7099361286291 30.4251737879161),1
p1ulv28812,S1S2,0.120088855991442,line-to-ground,POINT(-97.7098509462201 30.4253173124609),1
p1udm52250,S1S2,0.120088855991442,line-to-ground,POINT(-97.7281621484412 30.4247481079469),1
p1ulv29400,S1S2,0.120088855991442,line-to-ground,POINT(-97.7280664652262 30.4249005655232),1
p1udm52252,S1S2,0.120088855991442,line-to-ground,POINT(-97.7286896845029 30.4250149119595),1
p1ulv62581,S1S2,0.120088855991442,line-to-ground,POINT(-97.7287784023808 30.4248742451498),1
p1udt17377lv,S1S2,0.120088855991442,line-to-ground,POINT(-97.7282814826207 30.4246944836141),1
p1udm52251,S1S2,0.120088855991442,line-to-ground,POINT(-97.7283937510631 30.4245518597477),1
p1ulv41420,S1S2,0.120088855991442,line-to-ground,POINT(-97.7285282665533 30.4246163306106),1
p1udm52253,S1S2,0.120088855991442,line-to-ground,POINT(-97.7284155079142 30.4244798882078),1
p1ulv64476,S1S2,0.120088855991442,line-to-ground,POINT(-97.7282912859914 30.4244245404505),1
p1udt17381lv,S1S2,0.120088855991442,line-to-ground,POINT(-97.7198128252127 30.4153421964151),1
p1ulv29418,S1S2,0.120088855991442,line-to-ground,POINT(-97.719662898874 30.4154345668394),1
p1ulv43336,S1S2,0.120088855991442,line-to-ground,POINT(-97.7198327458582 30.4151835902502),1
p1udt17382lv,S1S2,0.120088855991442,line-to-ground,POINT(-97.7204967039935 30.415676687932),1
p1ulv65124,S1S2,0.120088855991442,line-to-ground,POINT(-97.7204493009713 30.4158031938024),1
p1udm52261,S1S2,0.120088855991442,line-to-ground,POINT(-97.7204620645486 30.4156228602296),1
p1ulv29420,S1S2,0.120088855991442,line-to-ground,POINT(-97.7203871977887 30.4157755163321),1
p1udt17383lv,S1S2,0.120088855991442,line-to-ground,POINT(-97.7230898395148 30.4189875840336),1
p1ulv57659,S1S2,0.120088855991442,line-to-ground,POINT(-97.7231680872827 30.4188795638636),1
p1ulv58257,S1S2,0.120088855991442,line-to-ground,POINT(-97.7229775398987 30.419121319277),1
p1udm52263,S1S2,0.120088855991442,line-to-ground,POINT(-97.7229897120387 30.4189860943462),1
p1ulv29422,S1S2,0.120088855991442,line-to-ground,POINT(-97.72291555139 30.4190846211594),1
p1udt17568lv,S1S2,0.120088855991442,line-to-ground,POINT(-97.7176299028576 30.4328654463282),1
p1ulv30015,S1S2,0.120088855991442,line-to-ground,POINT(-97.7176765805104 30.4327841885111),1
p1udt17570lv,S1S2,0.120088855991442,line-to-ground,POINT(-97.7113080924401 30.4299156277274),1
p1ulv30648,S1S2,0.120088855991442,line-to-ground,POINT(-97.7114102046278 30.4299856957132),1
p1ulv38922,S1S2,0.120088855991442,line-to-ground,POINT(-97.7111346907931 30.429832422206),1
p1udm52633,S1S2,0.120088855991442,line-to-ground,POINT(-97.7113117937016 30.4298251480398),1
p1ulv30018,S1S2,0.120088855991442,line-to-ground,POINT(-97.7114570710508 30.4298626739402),1
p1udt17577lv,S1S2,0.120088855991442,line-to-ground,POINT(-97.7146484487315 30.4281881626688),1
p1ulv57647,S1S2,0.120088855991442,line-to-ground,POINT(-97.7145518176001 30.428097631366),1
p1ulv58249,S1S2,0.120088855991442,line-to-ground,POINT(-97.7148414238193 30.428244849677),1
p1udm52650,S1S2,0.120088855991442,line-to-ground,POINT(-97.7146539131634 30.4282520262057),1
p1ulv30036,S1S2,0.120088855991442,line-to-ground,POINT(-97.7145197573893 30.4281604759711),1
p1udt17578lv,S1S2,0.120088855991442,line-to-ground,POINT(-97.7241026704424 30.411586306489),1
p1ulv30037,S1S2,0.120088855991442,line-to-ground,POINT(-97.7240863536403 30.4115167996187),1
p1udt17579lv,S1S2,0.120088855991442,line-to-ground,POINT(-97.7233090155037 30.4149474520848),1
p1ulv30042,S1S2,0.120088855991442,line-to-ground,POINT(-97.7234486585582 30.4149212384211),1
p1udt17774lv,S1S2,0.120088855991442,line-to-ground,POINT(-97.7129984990602 30.4348410173685),1
p1ulv30644,S1S2,0.120088855991442,line-to-ground,POINT(-97.7133075236942 30.4348435235125),1
p1udm53076,S1S2,0.120088855991442,line-to-ground,POINT(-97.7281181098362 30.4161037021331),1
p1ulv30667,S1S2,0.120088855991442,line-to-ground,POINT(-97.7278997454119 30.416083528747),1
p1udt17781lv,S1S2,0.120088855991442,line-to-ground,POINT(-97.7281243155143 30.4161223187734),1
p1udm53077,S1S2,0.120088855991442,line-to-ground,POINT(-97.7281164717338 30.416230007416),1
p1ulv31281,S1S2,0.120088855991442,line-to-ground,POINT(-97.7283040760986 30.416213789043),1
p1udt17784lv,S1S2,0.120088855991442,line-to-ground,POINT(-97.7182120240712 30.4163136498884),1
p1ulv30674,S1S2,0.120088855991442,line-to-ground,POINT(-97.7184636191148 30.4163882538295),1
p1udt17785lv,S1S2,0.120088855991442,line-to-ground,POINT(-97.709294919114 30.4274044257539),1
p1ulv30677,S1S2,0.120088855991442,line-to-ground,POINT(-97.7094273221968 30.4274425291969),1
p1ulv60700,S1S2,0.120088855991442,line-to-ground,POINT(-97.7091902549127 30.4272597270319),1
p1udm53085,S1S2,0.120088855991442,line-to-ground,POINT(-97.7093564675066 30.4272884393308),1
p1ulv43346,S1S2,0.120088855991442,line-to-ground,POINT(-97.709222080579 30.4272149272651),1
p1udt17975lv,S1S2,0.120088855991442,line-to-ground,POINT(-97.7293756491431 30.417063415278),1
p1ulv31282,S1S2,0.120088855991442,line-to-ground,POINT(-97.7292197631338 30.4170528163269),1
p1udt17977lv,S1S2,0.120088855991442,line-to-ground,POINT(-97.7264289999585 30.4188718480009),1
p1ulv63841,S1S2,0.120088855991442,line-to-ground,POINT(-97.7266125380536 30.4190034362048),1
p1udm53470,S1S2,0.120088855991442,line-to-ground,POINT(-97.7265000226417 30.4188489486984),1
p1ulv31286,S1S2,0.120088855991442,line-to-ground,POINT(-97.7266236507544 30.4189494069615),1
p1udt17978lv,S1S2,0.120088855991442,line-to-ground,POINT(-97.7228732085127 30.4127321179327),1
p1ulv31289,S1S2,0.120088855991442,line-to-ground,POINT(-97.7227197177475 30.4128146003264),1
p1udt17979lv,S1S2,0.120088855991442,line-to-ground,POINT(-97.7226609149489 30.4135515803243),1
p1ulv45245,S1S2,0.120088855991442,line-to-ground,POINT(-97.722529565565 30.4135497849278),1
p1udm53473,S1S2,0.120088855991442,line-to-ground,POINT(-97.7226111938084 30.4136769047386),1
p1ulv31290,S1S2,0.120088855991442,line-to-ground,POINT(-97.7227704237367 30.4137173904043),1
p1udm53474,S1S2,0.120088855991442,line-to-ground,POINT(-97.7226965820774 30.4135153272116),1
p1ulv35822,S1S2,0.120088855991442,line-to-ground,POINT(-97.7225516764563 30.4134507489298),1
p1udt18160lv,S1S2,0.120088855991442,line-to-ground,POINT(-97.7191103985181 30.4311532625334),1
p1ulv31911,S1S2,0.120088855991442,line-to-ground,POINT(-97.7189897366618 30.4311007769772),1
p1ulv64463,S1S2,0.120088855991442,line-to-ground,POINT(-97.7192788870618 30.4312840728333),1
p1udt18164lv,S1S2,0.120088855991442,line-to-ground,POINT(-97.7156946052119 30.428280374838),1
p1ulv31930,S1S2,0.120088855991442,line-to-ground,POINT(-97.7154875958572 30.4281970728844),1
p1udm53830,S1S2,0.120088855991442,line-to-ground,POINT(-97.7157064566512 30.4281811807169),1
p1ulv35159,S1S2,0.120088855991442,line-to-ground,POINT(-97.7155725363817 30.4280715880475),1
p1ulv45887,S1S2,0.120088855991442,line-to-ground,POINT(-97.7158312666635 30.4281914316254),1
p1udm53832,S1S2,0.120088855991442,line-to-ground,POINT(-97.7158163645273 30.428534155536),1
p1ulv53362,S1S2,0.120088855991442,line-to-ground,POINT(-97.7157627742916 30.4286509260755),1
p1udt18166lv,S1S2,0.120088855991442,line-to-ground,POINT(-97.7267408674299 30.4181287600109),1
p1ulv31935,S1S2,0.120088855991442,line-to-ground,POINT(-97.7268343210015 30.4179589382067),1
p1udm53839,S1S2,0.120088855991442,line-to-ground,POINT(-97.7221316899671 30.4169204697033),1
p1ulv42069,S1S2,0.120088855991442,line-to-ground,POINT(-97.7222973018321 30.4169942740939),1
p1udm53838,S1S2,0.120088855991442,line-to-ground,POINT(-97.7220997560378 30.416974294735),1
p1ulv31943,S1S2,0.120088855991442,line-to-ground,POINT(-97.7222446664615 30.4170388736246),1
p1udt18168lv,S1S2,0.120088855991442,line-to-ground,POINT(-97.7221683292632 30.4168209266637),1
p1udm53840,S1S2,0.120088855991442,line-to-ground,POINT(-97.7222693646261 30.4167413584999),1
p1ulv58856,S1S2,0.120088855991442,line-to-ground,POINT(-97.7224250369351 30.4167789737072),1
p1ulv60073,S1S2,0.120088855991442,line-to-ground,POINT(-97.722144920917 30.4167040487753),1
p1udt18351lv,S1S2,0.120088855991442,line-to-ground,POINT(-97.7145600820308 30.4306743852856),1
p1ulv32544,S1S2,0.120088855991442,line-to-ground,POINT(-97.7146653879501 30.4305529800325),1
p1ulv53340,S1S2,0.120088855991442,line-to-ground,POINT(-97.7144947898798 30.430858078604),1
p1udm54186,S1S2,0.120088855991442,line-to-ground,POINT(-97.7145182150037 30.4306598054513),1
p1ulv57041,S1S2,0.120088855991442,line-to-ground,POINT(-97.7144330341151 30.4308033329252),1
p1udt18354lv,S1S2,0.120088855991442,line-to-ground,POINT(-97.7129156139676 30.4267821936754),1
p1ulv32559,S1S2,0.120088855991442,line-to-ground,POINT(-97.7129881119161 30.4266566032275),1
p1udm54193,S1S2,0.120088855991442,line-to-ground,POINT(-97.717575446607 30.4293725355681),1
p1ulv32564,S1S2,0.120088855991442,line-to-ground,POINT(-97.7176814432533 30.4292292104083),1
p1ulv64481,S1S2,0.120088855991442,line-to-ground,POINT(-97.7175321507295 30.4294984309063),1
p1udt18355lv,S1S2,0.120088855991442,line-to-ground,POINT(-97.7175444393472 30.4293761694983),1
p1udm54195,S1S2,0.120088855991442,line-to-ground,POINT(-97.7173995252108 30.4292896007729),1
p1ulv49571,S1S2,0.120088855991442,line-to-ground,POINT(-97.7174849365206 30.429128027667),1
p1udm54194,S1S2,0.120088855991442,line-to-ground,POINT(-97.7173167109972 30.4292526953192),1
p1ulv47733,S1S2,0.120088855991442,line-to-ground,POINT(-97.7172528293529 30.4293603424377),1
p1udt18357lv,S1S2,0.120088855991442,line-to-ground,POINT(-97.7272861212428 30.4145887469476),1
p1ulv32568,S1S2,0.120088855991442,line-to-ground,POINT(-97.7273247880525 30.4146613228264),1
p1udt18358lv,S1S2,0.120088855991442,line-to-ground,POINT(-97.7253020988176 30.4150830118469),1
p1ulv32569,S1S2,0.120088855991442,line-to-ground,POINT(-97.7254872424306 30.4150674761252),1
p1ulv35818,S1S2,0.120088855991442,line-to-ground,POINT(-97.7250709865045 30.4150543890332),1
p1ulv41431,S1S2,0.120088855991442,line-to-ground,POINT(-97.7251235022558 30.4150188100796),1
p1udm54205,S1S2,0.120088855991442,line-to-ground,POINT(-97.7252990536459 30.4151287994891),1
p1ulv54644,S1S2,0.120088855991442,line-to-ground,POINT(-97.7254761296282 30.4151215052978),1
p1udt18360lv,S1S2,0.120088855991442,line-to-ground,POINT(-97.718524932866 30.4153237486305),1
p1ulv32580,S1S2,0.120088855991442,line-to-ground,POINT(-97.7185205824582 30.415215832104),1
p1ulv60690,S1S2,0.120088855991442,line-to-ground,POINT(-97.7185723932906 30.4152343864988),1
p1udm54211,S1S2,0.120088855991442,line-to-ground,POINT(-97.7131711042003 30.4190611161535),1
p1ulv32581,S1S2,0.120088855991442,line-to-ground,POINT(-97.7131938179048 30.4189169733817),1
p1udt18361lv,S1S2,0.120088855991442,line-to-ground,POINT(-97.7135816300829 30.418997503858),1
p1udm54212,S1S2,0.120088855991442,line-to-ground,POINT(-97.7136117441424 30.4188037942532),1
p1ulv56473,S1S2,0.120088855991442,line-to-ground,POINT(-97.7134564275345 30.418739103299),1
p1udm54559,S1S2,0.120088855991442,line-to-ground,POINT(-97.7253945420111 30.4205976327248),1
p1ulv33232,S1S2,0.120088855991442,line-to-ground,POINT(-97.725581334234 30.4206445710612),1
p1udt18560lv,S1S2,0.120088855991442,line-to-ground,POINT(-97.7254382456 30.4204665157213),1
p1udm54560,S1S2,0.120088855991442,line-to-ground,POINT(-97.7255753802468 30.4203016413765),1
p1ulv35799,S1S2,0.120088855991442,line-to-ground,POINT(-97.7257724646577 30.4203577028438),1
p1udm54562,S1S2,0.120088855991442,line-to-ground,POINT(-97.728581017247 30.4253657480229),1
p1ulv33234,S1S2,0.120088855991442,line-to-ground,POINT(-97.7284884934762 30.4252746174432),1
p1udm54564,S1S2,0.120088855991442,line-to-ground,POINT(-97.7286341224558 30.4252850588571),1
p1ulv52081,S1S2,0.120088855991442,line-to-ground,POINT(-97.7287165869222 30.4253490225627),1
p1udt18562lv,S1S2,0.120088855991442,line-to-ground,POINT(-97.7285690622333 30.4254739655301),1
p1udm54563,S1S2,0.120088855991442,line-to-ground,POINT(-97.7283365448872 30.4257513527321),1
p1ulv33237,S1S2,0.120088855991442,line-to-ground,POINT(-97.7288954352511 30.4260094385059),1
p1udt18567lv,S1S2,0.120088855991442,line-to-ground,POINT(-97.7264922795065 30.4138524836553),1
p1ulv33249,S1S2,0.120088855991442,line-to-ground,POINT(-97.7264073819872 30.4139576100905),1
p1udm54574,S1S2,0.120088855991442,line-to-ground,POINT(-97.7265534624559 30.4139319661462),1
p1ulv33888,S1S2,0.120088855991442,line-to-ground,POINT(-97.7266394302244 30.4137252768477),1
p1udm54924,S1S2,0.120088855991442,line-to-ground,POINT(-97.7126663339391 30.4265812468657),1
p1ulv33882,S1S2,0.120088855991442,line-to-ground,POINT(-97.71280261818 30.4265104076416),1
p1udt18752lv,S1S2,0.120088855991442,line-to-ground,POINT(-97.7127795243006 30.4266726509429),1
p1udm54925,S1S2,0.120088855991442,line-to-ground,POINT(-97.7128000119399 30.4267088858647),1
p1ulv60059,S1S2,0.120088855991442,line-to-ground,POINT(-97.7126527244935 30.4268247310851),1
p1udm54926,S1S2,0.120088855991442,line-to-ground,POINT(-97.717177099618 30.428782131919),1
p1ulv33884,S1S2,0.120088855991442,line-to-ground,POINT(-97.7173114949299 30.4288556360082),1
p1udt18753lv,S1S2,0.120088855991442,line-to-ground,POINT(-97.717092819194 30.428884355887),1
p1udm54927,S1S2,0.120088855991442,line-to-ground,POINT(-97.7170812773613 30.4289436024984),1
p1ulv35813,S1S2,0.120088855991442,line-to-ground,POINT(-97.716978350582 30.4288523616878),1
p1udt18754lv,S1S2,0.120088855991442,line-to-ground,POINT(-97.7305891124533 30.4123262521398),1
p1ulv33885,S1S2,0.120088855991442,line-to-ground,POINT(-97.7306034342784 30.4123021586562),1
p1ulv36437,S1S2,0.120088855991442,line-to-ground,POINT(-97.7305805144272 30.4124643490115),1
p1udm54930,S1S2,0.120088855991442,line-to-ground,POINT(-97.7304374732274 30.4122554302582),1
p1ulv40191,S1S2,0.120088855991442,line-to-ground,POINT(-97.7303738510942 30.4123450411585),1
p1udt18755lv,S1S2,0.120088855991442,line-to-ground,POINT(-97.7259577029691 30.4162469490765),1
p1ulv60064,S1S2,0.120088855991442,line-to-ground,POINT(-97.7257428805696 30.4162249080413),1
p1udm54931,S1S2,0.120088855991442,line-to-ground,POINT(-97.7259515385099 30.4161908526602),1
p1ulv33889,S1S2,0.120088855991442,line-to-ground,POINT(-97.7261069771468 30.416246507092),1
p1udt18758lv,S1S2,0.120088855991442,line-to-ground,POINT(-97.7172011763408 30.4151931493528),1
p1ulv58854,S1S2,0.120088855991442,line-to-ground,POINT(-97.7171141447733 30.4152922490641),1
p1udm54938,S1S2,0.120088855991442,line-to-ground,POINT(-97.7171474969511 30.4151301640778),1
p1ulv33895,S1S2,0.120088855991442,line-to-ground,POINT(-97.7172014315713 30.4149863271677),1
p1udm54939,S1S2,0.120088855991442,line-to-ground,POINT(-97.7173134558403 30.4151769093106),1
p1ulv51442,S1S2,0.120088855991442,line-to-ground,POINT(-97.7173259890591 30.4150146197292),1
p1ulv60071,S1S2,0.120088855991442,line-to-ground,POINT(-97.7173114498939 30.4153302793854),1
p1udm55284,S1S2,0.120088855991442,line-to-ground,POINT(-97.7261366719249 30.4211733215646),1
p1ulv34509,S1S2,0.120088855991442,line-to-ground,POINT(-97.7259694088498 30.4212258268891),1
p1udt18944lv,S1S2,0.120088855991442,line-to-ground,POINT(-97.7261606154351 30.4213821395403),1
p1udm55285,S1S2,0.120088855991442,line-to-ground,POINT(-97.7261854399869 30.4214264396433),1
p1ulv58238,S1S2,0.120088855991442,line-to-ground,POINT(-97.7259979426059 30.4214336328738),1
p1udt18948lv,S1S2,0.120088855991442,line-to-ground,POINT(-97.7168537449227 30.4290402033675),1
p1ulv34522,S1S2,0.120088855991442,line-to-ground,POINT(-97.7168492878225 30.4291668947945),1
p1udt18952lv,S1S2,0.120088855991442,line-to-ground,POINT(-97.7289371280302 30.417781210754),1
p1ulv34530,S1S2,0.120088855991442,line-to-ground,POINT(-97.7289279467865 30.4178800865141),1
p1ulv38943,S1S2,0.120088855991442,line-to-ground,POINT(-97.7288589385188 30.4175816574345),1
p1udm55304,S1S2,0.120088855991442,line-to-ground,POINT(-97.7289815151688 30.4177633097669),1
p1ulv37050,S1S2,0.120088855991442,line-to-ground,POINT(-97.7289631515751 30.4175736491316),1
p1udm55309,S1S2,0.120088855991442,line-to-ground,POINT(-97.7137292091891 30.4185793787235),1
p1ulv47748,S1S2,0.120088855991442,line-to-ground,POINT(-97.713832714089 30.4186255130802),1
p1udm55308,S1S2,0.120088855991442,line-to-ground,POINT(-97.7136970334595 30.4186512450417),1
p1ulv34545,S1S2,0.120088855991442,line-to-ground,POINT(-97.7135417170292 30.4185865541928),1
p1udt18954lv,S1S2,0.120088855991442,line-to-ground,POINT(-97.7137545943319 30.4185475557451),1
p1udm55310,S1S2,0.120088855991442,line-to-ground,POINT(-97.7138144981177 30.4184268294192),1
p1ulv59484,S1S2,0.120088855991442,line-to-ground,POINT(-97.7136807112929 30.4183082133397),1
p1udt19135lv,S1S2,0.120088855991442,line-to-ground,POINT(-97.7115951118477 30.4260106081988),1
p1ulv35169,S1S2,0.120088855991442,line-to-ground,POINT(-97.7117703423623 30.4258325289814),1
p1ulv35170,S1S2,0.120088855991442,line-to-ground,POINT(-97.7115581024043 30.4261372129281),1
p1udt19325lv,S1S2,0.120088855991442,line-to-ground,POINT(-97.7261719976537 30.4196161645843),1
p1ulv54024,S1S2,0.120088855991442,line-to-ground,POINT(-97.7261767137809 30.4196939506472),1
p1udm55964,S1S2,0.120088855991442,line-to-ground,POINT(-97.7263334471024 30.4196503652007),1
p1ulv35821,S1S2,0.120088855991442,line-to-ground,POINT(-97.726376609773 30.4195334881066),1
p1udt19326lv,S1S2,0.120088855991442,line-to-ground,POINT(-97.7225373941726 30.4140635196857),1
p1ulv40202,S1S2,0.120088855991442,line-to-ground,POINT(-97.7224802904868 30.4141357938393),1
p1udm55966,S1S2,0.120088855991442,line-to-ground,POINT(-97.7225344517867 30.4139739108867),1
p1ulv35823,S1S2,0.120088855991442,line-to-ground,POINT(-97.7226393663271 30.413911776796),1
p1udm55968,S1S2,0.120088855991442,line-to-ground,POINT(-97.7226470730184 30.4141193797972),1
p1ulv51439,S1S2,0.120088855991442,line-to-ground,POINT(-97.7225213398051 30.4141813101886),1
p1udt19327lv,S1S2,0.120088855991442,line-to-ground,POINT(-97.708109162049 30.4285602353856),1
p1ulv35829,S1S2,0.120088855991442,line-to-ground,POINT(-97.7078938209896 30.4284559679019),1
p1ulv58864,S1S2,0.120088855991442,line-to-ground,POINT(-97.7079359394002 30.4284202932612),1
p1udm56291,S1S2,0.120088855991442,line-to-ground,POINT(-97.7309083891789 30.4125367875369),1
p1ulv36438,S1S2,0.120088855991442,line-to-ground,POINT(-97.7308386400145 30.4126292715703),1
p1udt19503lv,S1S2,0.120088855991442,line-to-ground,POINT(-97.7310539019395 30.4126104818011),1
p1udm56292,S1S2,0.120088855991442,line-to-ground,POINT(-97.7312016745635 30.412732052466),1
p1ulv38273,S1S2,0.120088855991442,line-to-ground,POINT(-97.7312852975174 30.4127057962002),1
p1ulv43324,S1S2,0.120088855991442,line-to-ground,POINT(-97.7311591044445 30.4128038224165),1
p1udt19504lv,S1S2,0.120088855991442,line-to-ground,POINT(-97.7234056512726 30.4169413066425),1
p1ulv36442,S1S2,0.120088855991442,line-to-ground,POINT(-97.7234837529013 30.4170239261316),1
p1udt19506lv,S1S2,0.120088855991442,line-to-ground,POINT(-97.7184939135883 30.4169812283507),1
p1ulv36451,S1S2,0.120088855991442,line-to-ground,POINT(-97.7186630849266 30.4170579083755),1
p1udt19527lv,S1S2,0.120088855991442,line-to-ground,POINT(-97.722843115491 30.4107799731078),1
p1ulv36523,S1S2,0.120088855991442,line-to-ground,POINT(-97.7228779042813 30.4107831495244),1
p1udt19680lv,S1S2,0.120088855991442,line-to-ground,POINT(-97.716487444167 30.4332590870005),1
p1ulv51413,S1S2,0.120088855991442,line-to-ground,POINT(-97.7166205620972 30.4331166789894),1
p1udm56591,S1S2,0.120088855991442,line-to-ground,POINT(-97.7164423898978 30.4332051558693),1
p1ulv37032,S1S2,0.120088855991442,line-to-ground,POINT(-97.7165696875328 30.4330259496745),1
p1ulv57633,S1S2,0.120088855991442,line-to-ground,POINT(-97.7163336513696 30.4332824564117),1
p1udm56592,S1S2,0.120088855991442,line-to-ground,POINT(-97.7167218389562 30.4333342245323),1
p1ulv40170,S1S2,0.120088855991442,line-to-ground,POINT(-97.7167963714129 30.4332086367075),1
p1ulv55232,S1S2,0.120088855991442,line-to-ground,POINT(-97.7166783037662 30.4334781629146),1
p1udt19681lv,S1S2,0.120088855991442,line-to-ground,POINT(-97.7163037408951 30.4347709410465),1
p1ulv37034,S1S2,0.120088855991442,line-to-ground,POINT(-97.7163973428321 30.4350544077451),1
p1udt19682lv,S1S2,0.120088855991442,line-to-ground,POINT(-97.7160990622007 30.4268136195303),1
p1ulv37045,S1S2,0.120088855991442,line-to-ground,POINT(-97.7161636745847 30.4266608068207),1
p1udm56599,S1S2,0.120088855991442,line-to-ground,POINT(-97.7235397090281 30.4183237760208),1
p1ulv50834,S1S2,0.120088855991442,line-to-ground,POINT(-97.7236246304077 30.4181982852197),1
p1udm56600,S1S2,0.120088855991442,line-to-ground,POINT(-97.7236223992267 30.4183696991765),1
p1ulv57653,S1S2,0.120088855991442,line-to-ground,POINT(-97.7235377125664 30.4184771463953),1
p1udt19683lv,S1S2,0.120088855991442,line-to-ground,POINT(-97.7233983262403 30.4183036983194),1
p1udm56601,S1S2,0.120088855991442,line-to-ground,POINT(-97.7233533920947 30.4182407477549),1
p1ulv63236,S1S2,0.120088855991442,line-to-ground,POINT(-97.723299699353 30.4183665437718),1
p1udm56598,S1S2,0.120088855991442,line-to-ground,POINT(-97.723270702135 30.4181948244346),1
p1ulv37051,S1S2,0.120088855991442,line-to-ground,POINT(-97.7233448617274 30.4180962973771),1
p1udm56893,S1S2,0.120088855991442,line-to-ground,POINT(-97.7161733527972 30.4330761890396),1
p1ulv38253,S1S2,0.120088855991442,line-to-ground,POINT(-97.7162477675578 30.4329596232787),1
p1udm56892,S1S2,0.120088855991442,line-to-ground,POINT(-97.7162560515508 30.4331221170187),1
p1ulv37634,S1S2,0.120088855991442,line-to-ground,POINT(-97.7161713436331 30.433229558625),1
p1udt19849lv,S1S2,0.120088855991442,line-to-ground,POINT(-97.716071700124 30.4330744864061),1
p1udm56894,S1S2,0.120088855991442,line-to-ground,POINT(-97.715987014934 30.4329931498168),1
p1ulv47720,S1S2,0.120088855991442,line-to-ground,POINT(-97.7158918956381 30.4331004888104),1
p1ulv48334,S1S2,0.120088855991442,line-to-ground,POINT(-97.7160823704059 30.4328677672653),1
p1udt19850lv,S1S2,0.120088855991442,line-to-ground,POINT(-97.7154206654909 30.4346178856415),1
p1ulv37635,S1S2,0.120088855991442,line-to-ground,POINT(-97.7154883520778 30.4344950673775),1
p1udm56907,S1S2,0.120088855991442,line-to-ground,POINT(-97.7287896270521 30.4193826388835),1
p1ulv37663,S1S2,0.120088855991442,line-to-ground,POINT(-97.728827243739 30.4192235246547),1
p1udt19856lv,S1S2,0.120088855991442,line-to-ground,POINT(-97.7285426377789 30.4193819648548),1
p1udm56908,S1S2,0.120088855991442,line-to-ground,POINT(-97.7285548520269 30.419415090878),1
p1ulv52758,S1S2,0.120088855991442,line-to-ground,POINT(-97.7286402185217 30.4191946345937),1
p1udt20017lv,S1S2,0.120088855991442,line-to-ground,POINT(-97.7281228104831 30.4261643839738),1
p1ulv38933,S1S2,0.120088855991442,line-to-ground,POINT(-97.7279049154154 30.4261170872451),1
p1udm57161,S1S2,0.120088855991442,line-to-ground,POINT(-97.728134766101 30.4260561665351),1
p1ulv38258,S1S2,0.120088855991442,line-to-ground,POINT(-97.7278970805232 30.425918506375),1
p1udt20022lv,S1S2,0.120088855991442,line-to-ground,POINT(-97.7226319555265 30.4179465767894),1
p1ulv38290,S1S2,0.120088855991442,line-to-ground,POINT(-97.7226791146848 30.4180536936171),1
p1udm57176,S1S2,0.120088855991442,line-to-ground,POINT(-97.7226394739738 30.4178999158853),1
p1ulv39562,S1S2,0.120088855991442,line-to-ground,POINT(-97.7224531586434 30.4178168863739),1
p1udt20024lv,S1S2,0.120088855991442,line-to-ground,POINT(-97.71059103403 30.4255432765969),1
p1ulv61957,S1S2,0.120088855991442,line-to-ground,POINT(-97.710513411626 30.4256125913291),1
p1udm57178,S1S2,0.120088855991442,line-to-ground,POINT(-97.7107225686424 30.4255424741417),1
p1ulv38295,S1S2,0.120088855991442,line-to-ground,POINT(-97.7106134785317 30.425646835314),1
p1ulv57663,S1S2,0.120088855991442,line-to-ground,POINT(-97.7107755697312 30.4254708144005),1
p1udt20173lv,S1S2,0.120088855991442,line-to-ground,POINT(-97.7149747358093 30.4317643924827),1
p1ulv38919,S1S2,0.120088855991442,line-to-ground,POINT(-97.7150368719347 30.43160329465),1
p1udt20181lv,S1S2,0.120088855991442,line-to-ground,POINT(-97.7220355787821 30.4163381827751),1
p1ulv44631,S1S2,0.120088855991442,line-to-ground,POINT(-97.7219814259805 30.4164678520969),1
p1udm57432,S1S2,0.120088855991442,line-to-ground,POINT(-97.7219834247156 30.4163144817684),1
p1ulv38947,S1S2,0.120088855991442,line-to-ground,POINT(-97.7220683462108 30.4161889919494),1
p1udm57434,S1S2,0.120088855991442,line-to-ground,POINT(-97.7221697368161 30.4163975118762),1
p1ulv49583,S1S2,0.120088855991442,line-to-ground,POINT(-97.7222545406062 30.4162810437179),1
p1udt20182lv,S1S2,0.120088855991442,line-to-ground,POINT(-97.7214370763689 30.4170122718267),1
p1ulv52766,S1S2,0.120088855991442,line-to-ground,POINT(-97.7215598724448 30.4168607338698),1
p1udm57435,S1S2,0.120088855991442,line-to-ground,POINT(-97.7214085637499 30.4169555719164),1
p1ulv38948,S1S2,0.120088855991442,line-to-ground,POINT(-97.7215289967777 30.4168333627178),1
p1udm57437,S1S2,0.120088855991442,line-to-ground,POINT(-97.712246793985 30.428399735024),1
p1ulv38955,S1S2,0.120088855991442,line-to-ground,POINT(-97.7121382948285 30.4284589887188),1
p1udt20183lv,S1S2,0.120088855991442,line-to-ground,POINT(-97.7121338031726 30.4283135357755),1
p1udm57438,S1S2,0.120088855991442,line-to-ground,POINT(-97.7120922931474 30.4282718899993),1
p1ulv63858,S1S2,0.120088855991442,line-to-ground,POINT(-97.7119557688202 30.4283607718418),1
p1udt20335lv,S1S2,0.120088855991442,line-to-ground,POINT(-97.7154027301189 30.4355531581612),1
p1ulv39542,S1S2,0.120088855991442,line-to-ground,POINT(-97.7157117329821 30.4357243801043),1
p1udt20336lv,S1S2,0.120088855991442,line-to-ground,POINT(-97.7148075058992 30.4361739533588),1
p1ulv39543,S1S2,0.120088855991442,line-to-ground,POINT(-97.7141368877231 30.4361899224166),1
p1udt20488lv,S1S2,0.120088855991442,line-to-ground,POINT(-97.7149671731016 30.4344936073403),1
p1ulv40171,S1S2,0.120088855991442,line-to-ground,POINT(-97.7147458330558 30.4347403983251),1
p1udt20496lv,S1S2,0.120088855991442,line-to-ground,POINT(-97.721178514064 30.4183186984908),1
p1ulv40206,S1S2,0.120088855991442,line-to-ground,POINT(-97.7212908688371 30.4183288373426),1
p1udm57954,S1S2,0.120088855991442,line-to-ground,POINT(-97.7210820873176 30.4183719068645),1
p1ulv50193,S1S2,0.120088855991442,line-to-ground,POINT(-97.7209788143987 30.4183077346092),1
p1udm58202,S1S2,0.120088855991442,line-to-ground,POINT(-97.7164543104306 30.4314999441661),1
p1ulv40803,S1S2,0.120088855991442,line-to-ground,POINT(-97.7165187851509 30.4313471888179),1
p1udt20646lv,S1S2,0.120088855991442,line-to-ground,POINT(-97.7168511687068 30.431688829598),1
p1udm58204,S1S2,0.120088855991442,line-to-ground,POINT(-97.7168786826897 30.4316935979224),1
p1ulv54607,S1S2,0.120088855991442,line-to-ground,POINT(-97.7169538041539 30.4315229012092),1
p1udm58203,S1S2,0.120088855991442,line-to-ground,POINT(-97.7169614987556 30.4317305036949),1
p1ulv47719,S1S2,0.120088855991442,line-to-ground,POINT(-97.7170432322105 30.4315750816156),1
p1udt20786lv,S1S2,0.120088855991442,line-to-ground,POINT(-97.713003493436 30.434966780362),1
p1ulv41410,S1S2,0.120088855991442,line-to-ground,POINT(-97.7126185948218 30.4349720729011),1
p1udt20791lv,S1S2,0.120088855991442,line-to-ground,POINT(-97.726974054669 30.4181516812207),1
p1ulv41432,S1S2,0.120088855991442,line-to-ground,POINT(-97.7271016926854 30.4182141877624),1
p1udt20937lv,S1S2,0.120088855991442,line-to-ground,POINT(-97.7172305138182 30.4180653294771),1
p1ulv42070,S1S2,0.120088855991442,line-to-ground,POINT(-97.7173366178545 30.4181817714104),1
p1udt21218lv,S1S2,0.120088855991442,line-to-ground,POINT(-97.7294342630703 30.4181941160504),1
p1ulv43332,S1S2,0.120088855991442,line-to-ground,POINT(-97.7293087781064 30.4182176427718),1
p1udt21221lv,S1S2,0.120088855991442,line-to-ground,POINT(-97.712034696122 30.4271395804942),1
p1ulv43344,S1S2,0.120088855991442,line-to-ground,POINT(-97.7122121638155 30.4270730265962),1
p1ulv61328,S1S2,0.120088855991442,line-to-ground,POINT(-97.7119909343081 30.4272693476359),1
p1udt21492lv,S1S2,0.120088855991442,line-to-ground,POINT(-97.7148221090829 30.4344956776127),1
p1ulv44597,S1S2,0.120088855991442,line-to-ground,POINT(-97.7150340380815 30.4342018623107),1
p1udt21500lv,S1S2,0.120088855991442,line-to-ground,POINT(-97.7163278498763 30.4289276822379),1
p1ulv44621,S1S2,0.120088855991442,line-to-ground,POINT(-97.7164455116358 30.4289914894374),1
p1udt21502lv,S1S2,0.120088855991442,line-to-ground,POINT(-97.7116746417189 30.429184225883),1
p1ulv44639,S1S2,0.120088855991442,line-to-ground,POINT(-97.7117772169498 30.428996799591),1
p1ulv52771,S1S2,0.120088855991442,line-to-ground,POINT(-97.7119545612922 30.4292450042528),1
p1ulv57665,S1S2,0.120088855991442,line-to-ground,POINT(-97.7116566804732 30.4289352856958),1
p1udt21620lv,S1S2,0.120088855991442,line-to-ground,POINT(-97.7290020560196 30.4215232407391),1
p1ulv45228,S1S2,0.120088855991442,line-to-ground,POINT(-97.7290001220393 30.421950136225),1
p1udt21621lv,S1S2,0.120088855991442,line-to-ground,POINT(-97.728289786417 30.4248569773389),1
p1ulv45231,S1S2,0.120088855991442,line-to-ground,POINT(-97.7282220358217 30.4249471959959),1
p1ulv48985,S1S2,0.120088855991442,line-to-ground,POINT(-97.7282738537098 30.4249657467112),1
p1udm59680,S1S2,0.120088855991442,line-to-ground,POINT(-97.728420769424 30.4248769486079),1
p1ulv54621,S1S2,0.120088855991442,line-to-ground,POINT(-97.7285051056107 30.4247965637145),1
p1udt21622lv,S1S2,0.120088855991442,line-to-ground,POINT(-97.7227277315352 30.4188126059901),1
p1ulv54656,S1S2,0.120088855991442,line-to-ground,POINT(-97.7228161542396 30.4187227314494),1
p1ulv57660,S1S2,0.120088855991442,line-to-ground,POINT(-97.7226361335846 30.418955566411),1
p1udm59681,S1S2,0.120088855991442,line-to-ground,POINT(-97.7226276042537 30.4188111160301),1
p1ulv45250,S1S2,0.120088855991442,line-to-ground,POINT(-97.7225325063999 30.4189184606919),1
p1udm59684,S1S2,0.120088855991442,line-to-ground,POINT(-97.7228138040909 30.4189031671217),1
p1ulv64500,S1S2,0.120088855991442,line-to-ground,POINT(-97.7229409532483 30.4187329752506),1
p1udt21766lv,S1S2,0.120088855991442,line-to-ground,POINT(-97.7273872334139 30.4173862114508),1
p1ulv45894,S1S2,0.120088855991442,line-to-ground,POINT(-97.727238435461 30.4173042037992),1
p1udt21767lv,S1S2,0.120088855991442,line-to-ground,POINT(-97.7224321081483 30.4181498795414),1
p1ulv45900,S1S2,0.120088855991442,line-to-ground,POINT(-97.7223392766802 30.4180441813752),1
p1ulv47745,S1S2,0.120088855991442,line-to-ground,POINT(-97.7223043677947 30.4180500265285),1
p1udt21908lv,S1S2,0.120088855991442,line-to-ground,POINT(-97.7139175312966 30.4277309772617),1
p1ulv60683,S1S2,0.120088855991442,line-to-ground,POINT(-97.7140621492481 30.4278463534764),1
p1ulv61309,S1S2,0.120088855991442,line-to-ground,POINT(-97.7137730189448 30.427663046537),1
p1udm60075,S1S2,0.120088855991442,line-to-ground,POINT(-97.7138573805802 30.4278561949721),1
p1ulv46538,S1S2,0.120088855991442,line-to-ground,POINT(-97.7140335329863 30.4279210909206),1
p1udt21910lv,S1S2,0.120088855991442,line-to-ground,POINT(-97.7295636969589 30.4195915959346),1
p1ulv46542,S1S2,0.120088855991442,line-to-ground,POINT(-97.7293948720438 30.4196080141583),1
p1udt21911lv,S1S2,0.120088855991442,line-to-ground,POINT(-97.7119348565688 30.4248962805821),1
p1ulv46554,S1S2,0.120088855991442,line-to-ground,POINT(-97.7118143771117 30.4248584897551),1
p1udt21912lv,S1S2,0.120088855991442,line-to-ground,POINT(-97.7121524715076 30.4253569812518),1
p1ulv46555,S1S2,0.120088855991442,line-to-ground,POINT(-97.712256213799 30.4253049717559),1
p1udm60083,S1S2,0.120088855991442,line-to-ground,POINT(-97.7122754939247 30.425422459742),1
p1ulv54031,S1S2,0.120088855991442,line-to-ground,POINT(-97.7121802598143 30.4255388179826),1
p1udm60084,S1S2,0.120088855991442,line-to-ground,POINT(-97.7120270672732 30.4253117338563),1
p1ulv58862,S1S2,0.120088855991442,line-to-ground,POINT(-97.7121011250569 30.4252222355074),1
p1udt21913lv,S1S2,0.120088855991442,line-to-ground,POINT(-97.7125454335735 30.4254996265064),1
p1ulv46556,S1S2,0.120088855991442,line-to-ground,POINT(-97.712397337514 30.4256582572613),1
p1udt22030lv,S1S2,0.120088855991442,line-to-ground,POINT(-97.7181199225341 30.4304607827252),1
p1ulv47111,S1S2,0.120088855991442,line-to-ground,POINT(-97.7180585283463 30.4306495114627),1
p1udm60250,S1S2,0.120088855991442,line-to-ground,POINT(-97.7180087156656 30.4304775869193),1
p1ulv63814,S1S2,0.120088855991442,line-to-ground,POINT(-97.7179241300358 30.4305760080762),1
p1udt22031lv,S1S2,0.120088855991442,line-to-ground,POINT(-97.7130228426081 30.4351444266566),1
p1ulv47112,S1S2,0.120088855991442,line-to-ground,POINT(-97.7134774105972 30.4353865720703),1
p1udt22035lv,S1S2,0.120088855991442,line-to-ground,POINT(-97.7153558839055 30.4218374596717),1
p1ulv47127,S1S2,0.120088855991442,line-to-ground,POINT(-97.7151551225351 30.4217875331349),1
p1udt22036lv,S1S2,0.120088855991442,line-to-ground,POINT(-97.7152730809482 30.4272739223216),1
p1ulv47131,S1S2,0.120088855991442,line-to-ground,POINT(-97.7154787152112 30.4272856716994),1
p1udm60258,S1S2,0.120088855991442,line-to-ground,POINT(-97.718271143463 30.4279266802643),1
p1ulv47132,S1S2,0.120088855991442,line-to-ground,POINT(-97.7183464953158 30.4277379389905),1
p1ulv53361,S1S2,0.120088855991442,line-to-ground,POINT(-97.7181867963426 30.4280070581902),1
p1udt22037lv,S1S2,0.120088855991442,line-to-ground,POINT(-97.7180143979657 30.427842249965),1
p1udm60259,S1S2,0.120088855991442,line-to-ground,POINT(-97.7179530146939 30.4275716623292),1
p1ulv48349,S1S2,0.120088855991442,line-to-ground,POINT(-97.7177873887412 30.4274978521255),1
p1udt22038lv,S1S2,0.120088855991442,line-to-ground,POINT(-97.7161621578644 30.4294752903064),1
p1ulv47133,S1S2,0.120088855991442,line-to-ground,POINT(-97.7163673195121 30.4293967513585),1
p1udt22169lv,S1S2,0.120088855991442,line-to-ground,POINT(-97.7265150367348 30.4180093123502),1
p1ulv47735,S1S2,0.120088855991442,line-to-ground,POINT(-97.7266276511226 30.4178396243211),1
p1udt22283lv,S1S2,0.120088855991442,line-to-ground,POINT(-97.7188449342261 30.4315476650565),1
p1ulv48333,S1S2,0.120088855991442,line-to-ground,POINT(-97.7189820719348 30.4316871909032),1
p1udt22288lv,S1S2,0.120088855991442,line-to-ground,POINT(-97.7299693584393 30.4119502840565),1
p1ulv48354,S1S2,0.120088855991442,line-to-ground,POINT(-97.7299836803556 30.4119261906423),1
p1udm60599,S1S2,0.120088855991442,line-to-ground,POINT(-97.7298275451193 30.4119246718299),1
p1ulv50180,S1S2,0.120088855991442,line-to-ground,POINT(-97.7297943319034 30.4120777389436),1
p1udt22289lv,S1S2,0.120088855991442,line-to-ground,POINT(-97.7270950878297 30.4158314170482),1
p1ulv48357,S1S2,0.120088855991442,line-to-ground,POINT(-97.7273721416881 30.4158257444146),1
p1udt22290lv,S1S2,0.120088855991442,line-to-ground,POINT(-97.7223443750095 30.4182568410837),1
p1ulv48371,S1S2,0.120088855991442,line-to-ground,POINT(-97.7221882159501 30.4181752107681),1
p1udt22414lv,S1S2,0.120088855991442,line-to-ground,POINT(-97.7153658517114 30.4271108136981),1
p1ulv48990,S1S2,0.120088855991442,line-to-ground,POINT(-97.7152325267034 30.4270035385409),1
p1udm60777,S1S2,0.120088855991442,line-to-ground,POINT(-97.715430445513 30.4269964635638),1
p1ulv54633,S1S2,0.120088855991442,line-to-ground,POINT(-97.7152436467149 30.4269495105365),1
p1udm60927,S1S2,0.120088855991442,line-to-ground,POINT(-97.7152386901377 30.428916455724),1
p1ulv49570,S1S2,0.120088855991442,line-to-ground,POINT(-97.715094003894 30.4288338253148),1
p1udt22528lv,S1S2,0.120088855991442,line-to-ground,POINT(-97.7151479288552 30.4290051420028),1
p1udm60928,S1S2,0.120088855991442,line-to-ground,POINT(-97.7150796903384 30.4291314403218),1
p1ulv61943,S1S2,0.120088855991442,line-to-ground,POINT(-97.7149383299603 30.4290697244174),1
p1udm60929,S1S2,0.120088855991442,line-to-ground,POINT(-97.7149738083569 30.4292657415229),1
p1ulv49572,S1S2,0.120088855991442,line-to-ground,POINT(-97.7148398874996 30.4291561481005),1
p1udt22529lv,S1S2,0.120088855991442,line-to-ground,POINT(-97.7148727539892 30.4293453033509),1
p1udm60930,S1S2,0.120088855991442,line-to-ground,POINT(-97.7148679260814 30.4294000426272),1
p1ulv50178,S1S2,0.120088855991442,line-to-ground,POINT(-97.7146916521543 30.4293441694676),1
p1udt22531lv,S1S2,0.120088855991442,line-to-ground,POINT(-97.7262264579068 30.4145777789275),1
p1ulv49577,S1S2,0.120088855991442,line-to-ground,POINT(-97.7261297115136 30.4144962778916),1
p1udt22784lv,S1S2,0.120088855991442,line-to-ground,POINT(-97.7294889984156 30.4187608322325),1
p1ulv50836,S1S2,0.120088855991442,line-to-ground,POINT(-97.7293441039669 30.4187052256289),1
p1udt22785lv,S1S2,0.120088855991442,line-to-ground,POINT(-97.7120994712345 30.4245867374071),1
p1ulv50849,S1S2,0.120088855991442,line-to-ground,POINT(-97.7119848537041 30.4245624160912),1
p1udt22908lv,S1S2,0.120088855991442,line-to-ground,POINT(-97.7132201221454 30.4338439564258),1
p1ulv51414,S1S2,0.120088855991442,line-to-ground,POINT(-97.7129788773799 30.433703398064),1
p1udt22910lv,S1S2,0.120088855991442,line-to-ground,POINT(-97.7106663053443 30.4307661620746),1
p1ulv51416,S1S2,0.120088855991442,line-to-ground,POINT(-97.7104965092958 30.4308547289704),1
p1udt22914lv,S1S2,0.120088855991442,line-to-ground,POINT(-97.7238157435229 30.4184081913761),1
p1ulv51435,S1S2,0.120088855991442,line-to-ground,POINT(-97.7237240301075 30.4185601744123),1
p1udm61428,S1S2,0.120088855991442,line-to-ground,POINT(-97.72390181677 30.4184987518142),1
p1ulv65120,S1S2,0.120088855991442,line-to-ground,POINT(-97.7237849618533 30.4186780682335),1
p1udt22915lv,S1S2,0.120088855991442,line-to-ground,POINT(-97.7232768437168 30.4116019521087),1
p1ulv51438,S1S2,0.120088855991442,line-to-ground,POINT(-97.7232109451952 30.4115894486385),1
p1ulv55248,S1S2,0.120088855991442,line-to-ground,POINT(-97.7233159741464 30.4115182921015),1
p1udt23017lv,S1S2,0.120088855991442,line-to-ground,POINT(-97.7178622923143 30.4321505312495),1
p1ulv52066,S1S2,0.120088855991442,line-to-ground,POINT(-97.7178070622393 30.432361393851),1
p1udt23021lv,S1S2,0.120088855991442,line-to-ground,POINT(-97.7231345637481 30.4107828235652),1
p1ulv52097,S1S2,0.120088855991442,line-to-ground,POINT(-97.7231477127418 30.4108489488983),1
p1udt23023lv,S1S2,0.120088855991442,line-to-ground,POINT(-97.7164605277588 30.4148171429428),1
p1ulv52099,S1S2,0.120088855991442,line-to-ground,POINT(-97.7165523963799 30.4147391655713),1
p1udt23136lv,S1S2,0.120088855991442,line-to-ground,POINT(-97.7177788752661 30.4321175571892),1
p1ulv52725,S1S2,0.120088855991442,line-to-ground,POINT(-97.7176110214094 30.4322241241763),1
p1udt23137lv,S1S2,0.120088855991442,line-to-ground,POINT(-97.7156580297036 30.4353296801804),1
p1ulv52726,S1S2,0.120088855991442,line-to-ground,POINT(-97.7158818634806 30.4354553672424),1
p1udt23138lv,S1S2,0.120088855991442,line-to-ground,POINT(-97.7109754214826 30.4300564805504),1
p1ulv52729,S1S2,0.120088855991442,line-to-ground,POINT(-97.7108907325127 30.430172883062),1
p1udt23141lv,S1S2,0.120088855991442,line-to-ground,POINT(-97.7243860105961 30.4144064201121),1
p1ulv52752,S1S2,0.120088855991442,line-to-ground,POINT(-97.7246004874992 30.4144091648214),1
p1udt23143lv,S1S2,0.120088855991442,line-to-ground,POINT(-97.7163082180362 30.4148151939286),1
p1ulv52765,S1S2,0.120088855991442,line-to-ground,POINT(-97.7163730576378 30.4146443370723),1
p1udt23252lv,S1S2,0.120088855991442,line-to-ground,POINT(-97.7131679250778 30.4351338078818),1
p1ulv53341,S1S2,0.120088855991442,line-to-ground,POINT(-97.7129539948401 30.4355979607087),1
p1ulv56440,S1S2,0.120088855991442,line-to-ground,POINT(-97.7128330864764 30.4352899898623),1
p1udm61844,S1S2,0.120088855991442,line-to-ground,POINT(-97.7097435175642 30.4303149365257),1
p1ulv55235,S1S2,0.120088855991442,line-to-ground,POINT(-97.7098282297285 30.4302074991753),1
p1udm61843,S1S2,0.120088855991442,line-to-ground,POINT(-97.7096504134595 30.4302689016316),1
p1ulv53343,S1S2,0.120088855991442,line-to-ground,POINT(-97.7096069882835 30.4304038157406),1
p1udt23254lv,S1S2,0.120088855991442,line-to-ground,POINT(-97.7097780371368 30.4303777886562),1
p1udm61845,S1S2,0.120088855991442,line-to-ground,POINT(-97.7099194338938 30.4303978814961),1
p1ulv55236,S1S2,0.120088855991442,line-to-ground,POINT(-97.7100041459448 30.4302904440294),1
p1udt23261lv,S1S2,0.120088855991442,line-to-ground,POINT(-97.7218973846728 30.4189534805829),1
p1ulv53378,S1S2,0.120088855991442,line-to-ground,POINT(-97.7217832413285 30.4188930808506),1
p1udt23473lv,S1S2,0.120088855991442,line-to-ground,POINT(-97.7095232469545 30.430170291121),1
p1ulv54609,S1S2,0.120088855991442,line-to-ground,POINT(-97.7093792553953 30.4303023121949),1
p1ulv59443,S1S2,0.120088855991442,line-to-ground,POINT(-97.7095385069971 30.4300692915525),1
p1udt23476lv,S1S2,0.120088855991442,line-to-ground,POINT(-97.7259300802566 30.4218802389822),1
p1ulv54616,S1S2,0.120088855991442,line-to-ground,POINT(-97.7259417894199 30.42174888757),1
p1ulv61303,S1S2,0.120088855991442,line-to-ground,POINT(-97.7259696198353 30.4220108242893),1
p1udt23482lv,S1S2,0.120088855991442,line-to-ground,POINT(-97.7246568902587 30.418867106515),1
p1ulv54646,S1S2,0.120088855991442,line-to-ground,POINT(-97.7246978057977 30.4186570838016),1
p1udm62113,S1S2,0.120088855991442,line-to-ground,POINT(-97.7247088447106 30.418885601185),1
p1ulv58252,S1S2,0.120088855991442,line-to-ground,POINT(-97.72458251977 30.4189926423294),1
p1ulv58851,S1S2,0.120088855991442,line-to-ground,POINT(-97.7247838247202 30.4187239207599),1
p1udt23583lv,S1S2,0.120088855991442,line-to-ground,POINT(-97.7131025178448 30.4340773921548),1
p1ulv55233,S1S2,0.120088855991442,line-to-ground,POINT(-97.7133367566897 30.434203186091),1
p1udt23714lv,S1S2,0.120088855991442,line-to-ground,POINT(-97.7143643876508 30.4341743854755),1
p1ulv55841,S1S2,0.120088855991442,line-to-ground,POINT(-97.7141157112567 30.4343552296425),1
p1udt23717lv,S1S2,0.120088855991442,line-to-ground,POINT(-97.7236438240623 30.4175127884828),1
p1ulv55853,S1S2,0.120088855991442,line-to-ground,POINT(-97.7235075830051 30.4175926041256),1
p1ulv61948,S1S2,0.120088855991442,line-to-ground,POINT(-97.7236672495649 30.4173234770958),1
p1udm62387,S1S2,0.120088855991442,line-to-ground,POINT(-97.7236957775998 30.4175312835338),1
p1ulv64492,S1S2,0.120088855991442,line-to-ground,POINT(-97.7238021042535 30.4173608871618),1
p1udt23837lv,S1S2,0.120088855991442,line-to-ground,POINT(-97.7297139780701 30.4255031582522),1
p1ulv56450,S1S2,0.120088855991442,line-to-ground,POINT(-97.7296083771855 30.4256283929115),1
p1udt24051lv,S1S2,0.120088855991442,line-to-ground,POINT(-97.712939476004 30.4345991123297),1
p1ulv57634,S1S2,0.120088855991442,line-to-ground,POINT(-97.7126137539412 30.4345479491017),1
p1udt24054lv,S1S2,0.120088855991442,line-to-ground,POINT(-97.7285484697049 30.4123424880862),1
p1ulv57649,S1S2,0.120088855991442,line-to-ground,POINT(-97.7284478246204 30.412353367054),1
p1udt24267lv,S1S2,0.120088855991442,line-to-ground,POINT(-97.7256028656681 30.4134614163027),1
p1ulv58846,S1S2,0.120088855991442,line-to-ground,POINT(-97.7258226127928 30.4132932295141),1
p1udt24269lv,S1S2,0.120088855991442,line-to-ground,POINT(-97.7118604249998 30.4251027302881),1
p1ulv58861,S1S2,0.120088855991442,line-to-ground,POINT(-97.711690288813 30.4250676280756),1
p1udt24466lv,S1S2,0.120088855991442,line-to-ground,POINT(-97.7134813412327 30.428439488215),1
p1ulv60061,S1S2,0.120088855991442,line-to-ground,POINT(-97.7136295222047 30.4285577361509),1
p1udt24467lv,S1S2,0.120088855991442,line-to-ground,POINT(-97.7268339438429 30.4140599183467),1
p1ulv60063,S1S2,0.120088855991442,line-to-ground,POINT(-97.7268107649137 30.4141600491785),1
p1udt24575lv,S1S2,0.120088855991442,line-to-ground,POINT(-97.7230682049375 30.41474537945),1
p1ulv60689,S1S2,0.120088855991442,line-to-ground,POINT(-97.7232442307933 30.4146305053954),1
p1udt24584lv,S1S2,0.120088855991442,line-to-ground,POINT(-97.7220355731471 30.4104382228077),1
p1ulv60767,S1S2,0.120088855991442,line-to-ground,POINT(-97.7220717722181 30.4103331379237),1
p1udt24690lv,S1S2,0.120088855991442,line-to-ground,POINT(-97.7253652850274 30.418359009374),1
p1ulv61314,S1S2,0.120088855991442,line-to-ground,POINT(-97.7253595255657 30.4184859236554),1
p1udt2106-p1udt21217x,B,7.19955785679463,line-to-ground,POINT(-97.7135227719927 30.4233594737872),1
p1udt2106,B,7.19955785679463,line-to-ground,POINT(-97.713572918222 30.4236244839129),1
p1udt11360-p1udt12696x,C,7.19955785679463,line-to-ground,POINT(-97.7132131804397 30.4239429114857),1
p1udt12696,C,7.19955785679463,line-to-ground,POINT(-97.713558453772 30.4241780895658),1
p1udt7188-p1udt9596x,B,7.19955785679463,line-to-ground,POINT(-97.7114859365503 30.4267934842054),1
p1udt7188-p1udt9596xx,B,7.19955785679463,line-to-ground,POINT(-97.7115345249348 30.4267818391801),1
p1udt21221-p1udt7188xx,B,7.19955785679463,line-to-ground,POINT(-97.7114083287232 30.4267622234202),1
p1udt21221-p1udt7188x,B,7.19955785679463,line-to-ground,POINT(-97.7121190804935 30.4271803676645),1
p1udt7188-p1udt8815xx,B,7.19955785679463,line-to-ground,POINT(-97.7107740861992 30.4264965307091),1
p1udt7188-p1udt8815x,B,7.19955785679463,line-to-ground,POINT(-97.7113826653452 30.4268162959273),1
p1udt2696-p1udt3303xx,B,7.19955785679463,line-to-ground,POINT(-97.711406249208 30.4277050496343),1
p1udt2696-p1udt3303x,B,7.19955785679463,line-to-ground,POINT(-97.7119512296691 30.4280720916749),1
p1udt1561-p1udt3303x,B,7.19955785679463,line-to-ground,POINT(-97.7110379414116 30.4273867711921),1
p1udt1561-p1udt3303xx,B,7.19955785679463,line-to-ground,POINT(-97.7114614546383 30.4276435939819),1
p1udt1561-p1udt9194xx,B,7.19955785679463,line-to-ground,POINT(-97.7105595808087 30.4271643371875),1
p1udt1561-p1udt9194x,B,7.19955785679463,line-to-ground,POINT(-97.7110720539251 30.4274588397121),1
p1udt8815-p1udt9194x,B,7.19955785679463,line-to-ground,POINT(-97.7108319927499 30.4265750499081),1
p1udt8815-p1udt9194xx,B,7.19955785679463,line-to-ground,POINT(-97.7106488985459 30.4271749505169),1
p1udt6307-p1udt8815x,B,7.19955785679463,line-to-ground,POINT(-97.7110780137056 30.4262137380384),1
p1udt6307-p1udt8815xx,B,7.19955785679463,line-to-ground,POINT(-97.7107580390778 30.4265609229117),1
p1udt13037-p1udt6307xx,B,7.19955785679463,line-to-ground,POINT(-97.7112959618024 30.4257203145743),1
p1udt13037-p1udt6307xxx,B,7.19955785679463,line-to-ground,POINT(-97.7109886967828 30.4262031250251),1
p1udt18354-p1udt18752xx,A,7.19955785679463,line-to-ground,POINT(-97.712745410766 30.4266005828325),1
p1udt18354-p1udt18752x,A,7.19955785679463,line-to-ground,POINT(-97.7128312295814 30.4267414070181),1
p1udt16004-p1udt18752x,A,7.19955785679463,line-to-ground,POINT(-97.7124672895822 30.4263722671239),1
p1udt16004-p1udt18752xx,A,7.19955785679463,line-to-ground,POINT(-97.7126902067325 30.4266620390776),1
p1udt16004-p1udt4789xx,A,7.19955785679463,line-to-ground,POINT(-97.7122741498516 30.4263067499814),1
p1udt16004-p1udt4789x,A,7.19955785679463,line-to-ground,POINT(-97.712412085513 30.4264337232521),1
p1udt14743-p1udt4789x,A,7.19955785679463,line-to-ground,POINT(-97.7120259580681 30.4261779805729),1
p1udt14743-p1udt4789xx,A,7.19955785679463,line-to-ground,POINT(-97.7122400368108 30.4262346817492),1
p1udt14512-p1udt14743x,A,7.19955785679463,line-to-ground,POINT(-97.7119090358519 30.4260690035137),1
p1udt14512-p1udt14743xx,A,7.19955785679463,line-to-ground,POINT(-97.7119918452535 30.426105912281),1
p1udt14512-p1udt19135xx,A,7.19955785679463,line-to-ground,POINT(-97.7116503161675 30.4259491524201),1
p1udt14512-p1udt19135x,A,7.19955785679463,line-to-ground,POINT(-97.7118538316197 30.4261304594034),1
p1udt13037-p1udt19135xx,A,7.19955785679463,line-to-ground,POINT(-97.7111324803886 30.4258266789027),1
p1udt13037-p1udt19135xxx,A,7.19955785679463,line-to-ground,POINT(-97.7116844286775 30.4260212207942),1
p1udt14742-p1udt1559xx,C,7.19955785679463,line-to-ground,POINT(-97.7080416945009 30.4246581424711),1
p1udt14742-p1udt1559x,C,7.19955785679463,line-to-ground,POINT(-97.7080768243309 30.4248718108253),1
p1udt1559-p1udt2694xx,C,7.19955785679463,line-to-ground,POINT(-97.7086453646254 30.4245741217542),1
p1udt1559-p1udt2694x,C,7.19955785679463,line-to-ground,POINT(-97.7081310096259 30.424668757454),1
p1udt13955-p1udt2694xx,C,7.19955785679463,line-to-ground,POINT(-97.7087436735463 30.4246118876341),1
p1udt13955-p1udt2694x,C,7.19955785679463,line-to-ground,POINT(-97.7082644076818 30.4241917897457),1
p1udt2694-p1udt3300xx,C,7.19955785679463,line-to-ground,POINT(-97.7090873299905 30.4247864932959),1
p1udt2694-p1udt3300x,C,7.19955785679463,line-to-ground,POINT(-97.7086723667758 30.4246356517164),1
p1udt3300-p1udt9193xx,C,7.19955785679463,line-to-ground,POINT(-97.7093498267288 30.4249417702113),1
p1udt3300-p1udt9193x,C,7.19955785679463,line-to-ground,POINT(-97.7090532198111 30.4247144242971),1
p1udt13036-p1udt9193x,C,7.19955785679463,line-to-ground,POINT(-97.7098013661342 30.4251183773032),1
p1udt13036-p1udt9193xx,C,7.19955785679463,line-to-ground,POINT(-97.7094050317924 30.4248803153958),1
p1udt13036-p1udt17157xx,C,7.19955785679463,line-to-ground,POINT(-97.7100638649275 30.4252736528329),1
p1udt13036-p1udt17157x,C,7.19955785679463,line-to-ground,POINT(-97.7097672553165 30.4250463084761),1
p1udt17157-p1udt20024xx,C,7.19955785679463,line-to-ground,POINT(-97.7106487122126 30.4254346761535),1
p1udt17157-p1udt20024x,C,7.19955785679463,line-to-ground,POINT(-97.7101531808828 30.4252842664533),1
p1udt12374-p1udt21913xx,A,7.19955785679463,line-to-ground,POINT(-97.712474791243 30.4255232631572),1
p1udt12374-p1udt21913x,A,7.19955785679463,line-to-ground,POINT(-97.7127251401774 30.4253057187075),1
p1udt14504-p1udt8805x,A,7.19955785679463,line-to-ground,POINT(-97.7128101388154 30.4256357701778),1
p1udt14504-p1udt8805xx,A,7.19955785679463,line-to-ground,POINT(-97.7131147285516 30.4258908891547),1
p1udt14504-p1udt21913xx,A,7.19955785679463,line-to-ground,POINT(-97.7125731026879 30.425561026217),1
p1udt14504-p1udt21913x,A,7.19955785679463,line-to-ground,POINT(-97.7127549353881 30.4256972264759),1
p1udt21912-p1udt21913x,A,7.19955785679463,line-to-ground,POINT(-97.7122414315198 30.4253698848675),1
p1udt21912-p1udt21913xx,A,7.19955785679463,line-to-ground,POINT(-97.7125017960665 30.4255847923951),1
p1udt21912-p1udt24269xx,A,7.19955785679463,line-to-ground,POINT(-97.7117399362827 30.4250823166926),1
p1udt21912-p1udt24269x,A,7.19955785679463,line-to-ground,POINT(-97.7121841412285 30.4254298787449),1
p1udt11361-p1udt3785xx,C,7.19955785679463,line-to-ground,POINT(-97.7133640579027 30.4260912169876),1
p1udt11361-p1udt3785x,C,7.19955785679463,line-to-ground,POINT(-97.7136969301087 30.4258282601294),1
p1udt14223-p1udt3785x,C,7.19955785679463,line-to-ground,POINT(-97.7135960432491 30.4263378300785),1
p1udt14223-p1udt3785xx,C,7.19955785679463,line-to-ground,POINT(-97.7134533750435 30.4261018283798),1
p1udt14223-p1udt298xx,C,7.19955785679463,line-to-ground,POINT(-97.7138243591299 30.4265919600046),1
p1udt14223-p1udt298x,C,7.19955785679463,line-to-ground,POINT(-97.713506725875 30.4263272187777),1
p1udt298-p1udt5810xx,C,7.19955785679463,line-to-ground,POINT(-97.7144620341761 30.4268145540839),1
p1udt298-p1udt5810x,C,7.19955785679463,line-to-ground,POINT(-97.7138816491511 30.4265319654082),1
p1udt16005-p1udt4302xx,A,7.19955785679463,line-to-ground,POINT(-97.7134519408974 30.4273282214297),1
p1udt16005-p1udt4302x,A,7.19955785679463,line-to-ground,POINT(-97.7131935004965 30.4270285519544),1
p1udt1536-p1udt4302xx,A,7.19955785679463,line-to-ground,POINT(-97.7141748092792 30.4271881836843),1
p1udt1536-p1udt4302xxx,A,7.19955785679463,line-to-ground,POINT(-97.7135412591722 30.4273388327924),1
p1udt12041-p1udt4776x,C,7.19955785679463,line-to-ground,POINT(-97.7126218379987 30.4275807301108),1
p1udt12041-p1udt4776xx,C,7.19955785679463,line-to-ground,POINT(-97.7124695285324 30.4274546249717),1
p1udt12041-p1udt5306xx,C,7.19955785679463,line-to-ground,POINT(-97.7131845963089 30.4280770351449),1
p1udt12041-p1udt5306x,C,7.19955785679463,line-to-ground,POINT(-97.7125328759308 30.4275678266997),1
p1udt10695-p1udt5306xx,C,7.19955785679463,line-to-ground,POINT(-97.7136115840729 30.4282313962444),1
p1udt10695-p1udt5306xxx,C,7.19955785679463,line-to-ground,POINT(-97.7131273049333 30.4281370293832),1
p1udt5802-p1udt9173x,C,7.19955785679463,line-to-ground,POINT(-97.7182285324842 30.4324743189267),1
p1udt5802-p1udt9173xx,C,7.19955785679463,line-to-ground,POINT(-97.7180318465494 30.4327206399273),1
p1udt15261-p1udt5802x,C,7.19955785679463,line-to-ground,POINT(-97.7184539459319 30.4322505082504),1
p1udt15261-p1udt5802xx,C,7.19955785679463,line-to-ground,POINT(-97.718262651986 30.4325463857144),1
p1udt15261-p1udt2090xx,C,7.19955785679463,line-to-ground,POINT(-97.7186579423449 30.4319456581469),1
p1udt15261-p1udt2090x,C,7.19955785679463,line-to-ground,POINT(-97.7184198263822 30.4321784415084),1
p1udt22283,C,7.19955785679463,line-to-ground,POINT(-97.7188515881035 30.4315894942615),1
p1udt2090,C,7.19955785679463,line-to-ground,POINT(-97.7186120055612 30.4319310702448),1
p1udt6718,C,7.19955785679463,line-to-ground,POINT(-97.7193728110031 30.4307464558938),1
p1udt2674,C,7.19955785679463,line-to-ground,POINT(-97.7193855795487 30.4305661229412),1
p1udt18160,C,7.19955785679463,line-to-ground,POINT(-97.7191170524889 30.4311950917298),1
p1udt7599,C,7.19955785679463,line-to-ground,POINT(-97.7187402017311 30.4307977354338),1
p1udt9172,C,7.19955785679463,line-to-ground,POINT(-97.7189366454335 30.4314549855071),1
p1udt4290,C,7.19955785679463,line-to-ground,POINT(-97.718108588106 30.4314118210174),1
p1udt4290-p1udt6288xx,C,7.19955785679463,line-to-ground,POINT(-97.717603752269 30.4311774542472),1
p1udt4290-p1udt6288x,C,7.19955785679463,line-to-ground,POINT(-97.7181545245675 30.4314264090887),1
p1udt16706-p1udt6288x,C,7.19955785679463,line-to-ground,POINT(-97.7171918010616 30.4310282780716),1
p1udt16706-p1udt6288xx,C,7.19955785679463,line-to-ground,POINT(-97.7175144299653 30.4311668455584),1
p1udt13018-p1udt16706x,C,7.19955785679463,line-to-ground,POINT(-97.716696803739 30.4307888697128),1
p1udt13018-p1udt16706xx,C,7.19955785679463,line-to-ground,POINT(-97.7172490917748 30.4309682820519),1
p1udt13018-p1udt4289xx,C,7.19955785679463,line-to-ground,POINT(-97.7163383605774 30.4305442743912),1
p1udt13018-p1udt4289x,C,7.19955785679463,line-to-ground,POINT(-97.7167520077481 30.4307274118053),1
p1udt3768-p1udt4289x,C,7.19955785679463,line-to-ground,POINT(-97.7157898908264 30.4302862376551),1
p1udt3768-p1udt4289xx,C,7.19955785679463,line-to-ground,POINT(-97.716249395248 30.4305313734283),1
p1udt3261-p1udt3768xx,C,7.19955785679463,line-to-ground,POINT(-97.7153856517176 30.4301325509651),1
p1udt3261-p1udt3768xxx,C,7.19955785679463,line-to-ground,POINT(-97.7157325996589 30.4303462330262),1
p1udt3770,A,7.19955785679463,line-to-ground,POINT(-97.714879191419 30.4361104100814),1
p1udt13645,A,7.19955785679463,line-to-ground,POINT(-97.7149313543173 30.4361168097303),1
p1udt20336,A,7.19955785679463,line-to-ground,POINT(-97.7148428508303 30.4361434662174),1
p1udt892,A,7.19955785679463,line-to-ground,POINT(-97.7152712426723 30.435690139756),1
p1udt20335,A,7.19955785679463,line-to-ground,POINT(-97.7154093829976 30.4355949874851),1
p1udt23137,A,7.19955785679463,line-to-ground,POINT(-97.7156513770026 30.4352878508678),1
p1udt3769,A,7.19955785679463,line-to-ground,POINT(-97.715742740075 30.4352222390092),1
p1udt10679,A,7.19955785679463,line-to-ground,POINT(-97.7160275132166 30.4349453311033),1
p1udt20488,A,7.19955785679463,line-to-ground,POINT(-97.7149193631854 30.434502562095),1
p1udt21492,A,7.19955785679463,line-to-ground,POINT(-97.7148705015106 30.4345011404098),1
p1udt17774,A,7.19955785679463,line-to-ground,POINT(-97.7130094168967 30.4348823328668),1
p1udt20786,A,7.19955785679463,line-to-ground,POINT(-97.7130076476578 30.4349246645583),1
p1udt22031,A,7.19955785679463,line-to-ground,POINT(-97.7130717223701 30.4351446982934),1
p1udt23252,A,7.19955785679463,line-to-ground,POINT(-97.7131190538176 30.4351338168823),1
p1udt24051,A,7.19955785679463,line-to-ground,POINT(-97.7129328245067 30.4345572829085),1
p1udt277,A,7.19955785679463,line-to-ground,POINT(-97.7129990841026 30.4342692036738),1
p1udt23583,A,7.19955785679463,line-to-ground,POINT(-97.7130958663045 30.4340355627378),1
p1udt22908,A,7.19955785679463,line-to-ground,POINT(-97.7132134705667 30.4338021270122),1
p1udt14730,A,7.19955785679463,line-to-ground,POINT(-97.7134929471513 30.4336842339226),1
p1udt4292,A,7.19955785679463,line-to-ground,POINT(-97.7137211659605 30.4337496436625),1
p1udt13942,A,7.19955785679463,line-to-ground,POINT(-97.714011024019 30.4338788206727),1
p1udt2676,A,7.19955785679463,line-to-ground,POINT(-97.7142207599171 30.434010558371),1
p1udt23714,A,7.19955785679463,line-to-ground,POINT(-97.7143710397423 30.4342162148428),1
p1udt19850,A,7.19955785679463,line-to-ground,POINT(-97.7154273180583 30.434659714966),1
p1udt19681,A,7.19955785679463,line-to-ground,POINT(-97.7163103938492 30.4348127703362),1
p1udt15262,A,7.19955785679463,line-to-ground,POINT(-97.7171239784084 30.4341564261185),1
p1udt17146,A,7.19955785679463,line-to-ground,POINT(-97.7173542083675 30.4340684599707),1
p1udt10678,A,7.19955785679463,line-to-ground,POINT(-97.7175924658278 30.4334561820809),1
p1udt10678-p1udt15998xx,A,7.19955785679463,line-to-ground,POINT(-97.7177504696442 30.433200478425),1
p1udt10678-p1udt15998x,A,7.19955785679463,line-to-ground,POINT(-97.71755327154 30.433481540938),1
p1udt14731-p1udt15998x,A,7.19955785679463,line-to-ground,POINT(-97.7177378540578 30.4331901719053),1
p1udt14731-p1udt15998xx,A,7.19955785679463,line-to-ground,POINT(-97.717695264793 30.4332619367102),1
p1udt12034-p1udt14731x,A,7.19955785679463,line-to-ground,POINT(-97.7179227676574 30.4330573530443),1
p1udt12034-p1udt14731xx,A,7.19955785679463,line-to-ground,POINT(-97.7178271782277 30.4332007804914),1
p1udt12034-p1udt17568xx,A,7.19955785679463,line-to-ground,POINT(-97.7175746981294 30.4329269045687),1
p1udt12034-p1udt17568x,A,7.19955785679463,line-to-ground,POINT(-97.7178886482453 30.4329852861752),1
p1udt17568-p1udt891xx,A,7.19955785679463,line-to-ground,POINT(-97.7174052770662 30.4328176729778),1
p1udt17568-p1udt891x,A,7.19955785679463,line-to-ground,POINT(-97.7176640220384 30.4329375132596),1
p1udt4291-p1udt891x,A,7.19955785679463,line-to-ground,POINT(-97.7167605608942 30.4324598938433),1
p1udt4291-p1udt891xx,A,7.19955785679463,line-to-ground,POINT(-97.7173159533008 30.4328070641136),1
p1udt17145-p1udt4291x,A,7.19955785679463,line-to-ground,POINT(-97.7163615781595 30.432300966258),1
p1udt17145-p1udt4291xx,A,7.19955785679463,line-to-ground,POINT(-97.7167946792971 30.432531960984),1
p1udt17145-p1udt890xx,A,7.19955785679463,line-to-ground,POINT(-97.7158957964096 30.4320888575886),1
p1udt17145-p1udt890x,A,7.19955785679463,line-to-ground,POINT(-97.7163932530975 30.432373862808),1
p1udt890-p1udt9930xx,A,7.19955785679463,line-to-ground,POINT(-97.7158841105 30.4315354135125),1
p1udt890-p1udt9930x,A,7.19955785679463,line-to-ground,POINT(-97.7159274709342 30.4321617542421),1
p1udt16480-p1udt23017x,B,7.19955785679463,line-to-ground,POINT(-97.7178274549388 30.4320914172712),1
p1udt16480-p1udt23017xx,B,7.19955785679463,line-to-ground,POINT(-97.7179466834907 30.4321913148139),1
p1udt16480-p1udt23136xx,B,7.19955785679463,line-to-ground,POINT(-97.7176895520858 30.4321069485967),1
p1udt16480-p1udt23136x,B,7.19955785679463,line-to-ground,POINT(-97.717772250786 30.4321528756184),1
p1udt15750-p1udt23136x,B,7.19955785679463,line-to-ground,POINT(-97.7175201322719 30.4319977171784),1
p1udt15750-p1udt23136xx,B,7.19955785679463,line-to-ground,POINT(-97.7177447562622 30.4320454902847),1
p1udt15750-p1udt9931xx,B,7.19955785679463,line-to-ground,POINT(-97.7170972065267 30.4317848706869),1
p1udt15750-p1udt9931x,B,7.19955785679463,line-to-ground,POINT(-97.7174308092351 30.4319871084125),1
p1udt20646-p1udt9931x,B,7.19955785679463,line-to-ground,POINT(-97.7167618460402 30.4316782203838),1
p1udt20646-p1udt9931xx,B,7.19955785679463,line-to-ground,POINT(-97.7171861731215 30.4317977711052),1
p1udt17144-p1udt20646x,B,7.19955785679463,line-to-ground,POINT(-97.7166545845641 30.4316275848773),1
p1udt17144-p1udt20646xx,B,7.19955785679463,line-to-ground,POINT(-97.7168170503287 30.4316167624681),1
p1udt17144-p1udt9930xx,B,7.19955785679463,line-to-ground,POINT(-97.7160495507121 30.4314975452092),1
p1udt17144-p1udt9930x,B,7.19955785679463,line-to-ground,POINT(-97.7167097890915 30.4315661270097),1
p1udt9575,C,7.19955785679463,line-to-ground,POINT(-97.7189800987638 30.4300579182174),1
p1udt10676,C,7.19955785679463,line-to-ground,POINT(-97.7192847708697 30.4303124922675),1
p1udt6287-p1udt9575x,C,7.19955785679463,line-to-ground,POINT(-97.718627482794 30.429834523814),1
p1udt6287-p1udt9575xx,C,7.19955785679463,line-to-ground,POINT(-97.7190260347397 30.4300725059703),1
p1udt1523-p1udt6287x,C,7.19955785679463,line-to-ground,POINT(-97.7182101414558 30.4297209913577),1
p1udt1523-p1udt6287xx,C,7.19955785679463,line-to-ground,POINT(-97.7185722804553 30.4298959825711),1
p1udt1523-p1udt6299xx,C,7.19955785679463,line-to-ground,POINT(-97.7176920610757 30.4294274042421),1
p1udt1523-p1udt6299x,C,7.19955785679463,line-to-ground,POINT(-97.718265343913 30.4296595327559),1
p1udt15521-p1udt6729x,C,7.19955785679463,line-to-ground,POINT(-97.7185620615904 30.4287597034434),1
p1udt15521-p1udt6729xx,C,7.19955785679463,line-to-ground,POINT(-97.7188518559174 30.4282663267264),1
p1udt15274-p1udt15521x,C,7.19955785679463,line-to-ground,POINT(-97.7182814546993 30.4290449733102),1
p1udt15274-p1udt15521xx,C,7.19955785679463,line-to-ground,POINT(-97.7184727413518 30.4287490954667),1
p1udt15274-p1udt5811xx,C,7.19955785679463,line-to-ground,POINT(-97.7181982490961 30.4292167512081),1
p1udt15274-p1udt5811x,C,7.19955785679463,line-to-ground,POINT(-97.7183707751807 30.4290555814244),1
p1udt5811-p1udt6299xx,C,7.19955785679463,line-to-ground,POINT(-97.7177190701982 30.4294889324891),1
p1udt5811-p1udt6299x,C,7.19955785679463,line-to-ground,POINT(-97.7182323675323 30.4292888180058),1
p1udt18355-p1udt6299x,C,7.19955785679463,line-to-ground,POINT(-97.7175103211927 30.4293041025333),1
p1udt18355-p1udt6299xx,C,7.19955785679463,line-to-ground,POINT(-97.71779037854 30.4294651635192),1
p1udt18355-p1udt912xx,C,7.19955785679463,line-to-ground,POINT(-97.7171109843549 30.4291412940552),1
p1udt18355-p1udt912x,C,7.19955785679463,line-to-ground,POINT(-97.7174551186859 30.4293655608131),1
p1udt18948-p1udt912x,C,7.19955785679463,line-to-ground,POINT(-97.7169243888549 30.429016564401),1
p1udt18948-p1udt912xx,C,7.19955785679463,line-to-ground,POINT(-97.7171426589255 30.4292141904444),1
p1udt18753-p1udt18948xx,C,7.19955785679463,line-to-ground,POINT(-97.7169520616571 30.429077963258),1
p1udt18753-p1udt18948x,C,7.19955785679463,line-to-ground,POINT(-97.7171783510146 30.428845402083),1
p1udt18948-p1udt4305xx,C,7.19955785679463,line-to-ground,POINT(-97.7166231811707 30.4289301348793),1
p1udt18948-p1udt4305x,C,7.19955785679463,line-to-ground,POINT(-97.7168807534148 30.4291017317735),1
p1udt11026-p1udt4305xx,C,7.19955785679463,line-to-ground,POINT(-97.7160706170459 30.4285784175197),1
p1udt11026-p1udt4305xxx,C,7.19955785679463,line-to-ground,POINT(-97.7165890640487 30.4288580676945),1
p1udt22030-p1udt3767x,A,7.19955785679463,line-to-ground,POINT(-97.7180647197206 30.4305222412446),1
p1udt22030-p1udt3767xx,A,7.19955785679463,line-to-ground,POINT(-97.718331601214 30.4306251091501),1
p1udt12033-p1udt22030x,A,7.19955785679463,line-to-ground,POINT(-97.7177926927763 30.4303570626457),1
p1udt12033-p1udt22030xx,A,7.19955785679463,line-to-ground,POINT(-97.7181540415133 30.4305328495427),1
p1udt12033-p1udt14729xx,A,7.19955785679463,line-to-ground,POINT(-97.7176022158158 30.4302408965198),1
p1udt12033-p1udt14729x,A,7.19955785679463,line-to-ground,POINT(-97.7178243682189 30.430429958882),1
p1udt14729-p1udt3260xx,A,7.19955785679463,line-to-ground,POINT(-97.717143156797 30.4300984937167),1
p1udt14729-p1udt3260x,A,7.19955785679463,line-to-ground,POINT(-97.7175132505611 30.4302279964211),1
p1udt3260-p1udt4766xx,A,7.19955785679463,line-to-ground,POINT(-97.7168361051058 30.4298710623748),1
p1udt3260-p1udt4766x,A,7.19955785679463,line-to-ground,POINT(-97.7171983601278 30.4300370355949),1
p1udt15513-p1udt4766x,A,7.19955785679463,line-to-ground,POINT(-97.7163670660951 30.4297299470816),1
p1udt15513-p1udt4766xx,A,7.19955785679463,line-to-ground,POINT(-97.7167809016511 30.4299325203411),1
p1udt15513-p1udt22038xx,A,7.19955785679463,line-to-ground,POINT(-97.7162173614287 30.4294138326014),1
p1udt15513-p1udt22038x,A,7.19955785679463,line-to-ground,POINT(-97.7164563869408 30.4297405565171),1
p1udt21500-p1udt22038x,A,7.19955785679463,line-to-ground,POINT(-97.7162726466649 30.4289891400039),1
p1udt21500-p1udt22038xx,A,7.19955785679463,line-to-ground,POINT(-97.7162514784515 30.4294858998752),1
p1udt11026-p1udt21500xx,A,7.19955785679463,line-to-ground,POINT(-97.7161597009934 30.4287051701728),1
p1udt11026-p1udt21500xxx,A,7.19955785679463,line-to-ground,POINT(-97.7163619668258 30.4289997494855),1
p1udt2108-p1udt3786x,B,7.19955785679463,line-to-ground,POINT(-97.7174461697469 30.4275301769027),1
p1udt2108-p1udt3786xx,B,7.19955785679463,line-to-ground,POINT(-97.7185807157175 30.4267025880244),1
p1udt22037-p1udt8013x,B,7.19955785679463,line-to-ground,POINT(-97.7179827231432 30.4277693537665),1
p1udt22037-p1udt8013xx,B,7.19955785679463,line-to-ground,POINT(-97.7183979134493 30.427946068369),1
p1udt2108-p1udt22037x,B,7.19955785679463,line-to-ground,POINT(-97.7174731782356 30.4275917051986),1
p1udt2108-p1udt22037xx,B,7.19955785679463,line-to-ground,POINT(-97.7180716862522 30.4277822534878),1
p1udt2108-p1udt3278xx,B,7.19955785679463,line-to-ground,POINT(-97.7170952942615 30.427391150192),1
p1udt2108-p1udt3278x,B,7.19955785679463,line-to-ground,POINT(-97.7175444852339 30.4275679363185),1
p1udt2687-p1udt3278x,B,7.19955785679463,line-to-ground,POINT(-97.7168262719206 30.4272621850286),1
p1udt2687-p1udt3278xx,B,7.19955785679463,line-to-ground,POINT(-97.7171504960318 30.4273296920228),1
p1udt2687-p1udt3277xx,B,7.19955785679463,line-to-ground,POINT(-97.7165573684246 30.4271241975784),1
p1udt2687-p1udt3277x,B,7.19955785679463,line-to-ground,POINT(-97.7168814737795 30.4272007269748),1
p1udt13653-p1udt3277x,B,7.19955785679463,line-to-ground,POINT(-97.7163826662736 30.4271611192909),1
p1udt13653-p1udt3277xx,B,7.19955785679463,line-to-ground,POINT(-97.7166125703668 30.4270627396397),1
p1udt13653-p1udt6727xx,B,7.19955785679463,line-to-ground,POINT(-97.7161980001604 30.4273006666652),1
p1udt13653-p1udt6727x,B,7.19955785679463,line-to-ground,POINT(-97.716325377359 30.4272211150129),1
p1udt6727-p1udt6728xx,B,7.19955785679463,line-to-ground,POINT(-97.7161069549321 30.4275089128363),1
p1udt6727-p1udt6728x,B,7.19955785679463,line-to-ground,POINT(-97.716286962565 30.4273135675852),1
p1udt11696-p1udt6728x,B,7.19955785679463,line-to-ground,POINT(-97.7158770274453 30.427896446616),1
p1udt11696-p1udt6728xx,B,7.19955785679463,line-to-ground,POINT(-97.716051752419 30.4275703705408),1
p1udt1537-p1udt4304x,B,7.19955785679463,line-to-ground,POINT(-97.7175467695001 30.4284001002107),1
p1udt1537-p1udt4304xx,B,7.19955785679463,line-to-ground,POINT(-97.7179395505608 30.4286323554495),1
p1udt1537-p1udt7175x,B,7.19955785679463,line-to-ground,POINT(-97.7175744425379 30.4284614989476),1
p1udt1537-p1udt7175xx,B,7.19955785679463,line-to-ground,POINT(-97.7177099832329 30.4280024723222),1
p1udt1537-p1udt7174xx,B,7.19955785679463,line-to-ground,POINT(-97.7169351314786 30.4281662544001),1
p1udt1537-p1udt7174x,B,7.19955785679463,line-to-ground,POINT(-97.7175031348878 30.4284852678225),1
p1udt7174-p1udt7606xx,B,7.19955785679463,line-to-ground,POINT(-97.7164008698165 30.427943743551),1
p1udt7174-p1udt7606x,B,7.19955785679463,line-to-ground,POINT(-97.7169010143686 30.4280941872896),1
p1udt11696-p1udt7606x,B,7.19955785679463,line-to-ground,POINT(-97.7158333916441 30.4279816136407),1
p1udt11696-p1udt7606xx,B,7.19955785679463,line-to-ground,POINT(-97.7164560723356 30.427882285702),1
p1udt11696-p1udt18164xx,B,7.19955785679463,line-to-ground,POINT(-97.71566048899 30.4282083074294),1
p1udt11696-p1udt18164x,B,7.19955785679463,line-to-ground,POINT(-97.7159046992933 30.4279578456775),1
p1udt11025-p1udt18164xx,B,7.19955785679463,line-to-ground,POINT(-97.7156185911687 30.4283580193886),1
p1udt11025-p1udt18164xxx,B,7.19955785679463,line-to-ground,POINT(-97.7156052857934 30.4282697649193),1
p1udt11695-p1udt15271x,B,7.19955785679463,line-to-ground,POINT(-97.7153642885088 30.4264725424381),1
p1udt11695-p1udt15271xx,B,7.19955785679463,line-to-ground,POINT(-97.7149214134289 30.4262696048959),1
p1udt11695-p1udt22414xx,B,7.19955785679463,line-to-ground,POINT(-97.7154094874963 30.4270256468191),1
p1udt11695-p1udt22414x,B,7.19955785679463,line-to-ground,POINT(-97.7153301731117 30.4264004749487),1
p1udt19682-p1udt7605x,B,7.19955785679463,line-to-ground,POINT(-97.7160649461469 30.4267415522178),1
p1udt19682-p1udt7605xx,B,7.19955785679463,line-to-ground,POINT(-97.716192530276 30.4268737621853),1
p1udt13652-p1udt19682x,B,7.19955785679463,line-to-ground,POINT(-97.7158790481338 30.426659905629),1
p1udt13652-p1udt19682xx,B,7.19955785679463,line-to-ground,POINT(-97.7160097440586 30.4268030099232),1
p1udt13652-p1udt22414xx,B,7.19955785679463,line-to-ground,POINT(-97.7154371588225 30.4270870459723),1
p1udt13652-p1udt22414x,B,7.19955785679463,line-to-ground,POINT(-97.715821759224 30.426719901134),1
p1udt22036-p1udt22414x,B,7.19955785679463,line-to-ground,POINT(-97.7152414083575 30.4272010255152),1
p1udt22036-p1udt22414xx,B,7.19955785679463,line-to-ground,POINT(-97.7153388446834 30.4270492850033),1
p1udt16714-p1udt22036x,B,7.19955785679463,line-to-ground,POINT(-97.7151843585583 30.4274903602429),1
p1udt16714-p1udt22036xx,B,7.19955785679463,line-to-ground,POINT(-97.7153303705214 30.4272139270813),1
p1udt10694-p1udt16714x,B,7.19955785679463,line-to-ground,POINT(-97.7149900176719 30.4277609742472),1
p1udt10694-p1udt16714xx,B,7.19955785679463,line-to-ground,POINT(-97.7150950399252 30.427479749996),1
p1udt10694-p1udt17577xx,B,7.19955785679463,line-to-ground,POINT(-97.7147036524648 30.4281267055987),1
p1udt10694-p1udt17577x,B,7.19955785679463,line-to-ground,POINT(-97.7149327275634 30.427820969318),1
p1udt12042-p1udt17577x,B,7.19955785679463,line-to-ground,POINT(-97.7145100336784 30.4284213951137),1
p1udt12042-p1udt17577xx,B,7.19955785679463,line-to-ground,POINT(-97.7147377679473 30.4281987732374),1
p1udt12042-p1udt6298xx,B,7.19955785679463,line-to-ground,POINT(-97.7143477176227 30.428762613557),1
p1udt12042-p1udt6298x,B,7.19955785679463,line-to-ground,POINT(-97.7145652376332 30.4283599381106),1
p1udt12043-p1udt6298x,B,7.19955785679463,line-to-ground,POINT(-97.7142248763645 30.4289069829507),1
p1udt12043-p1udt6298xx,B,7.19955785679463,line-to-ground,POINT(-97.714405008652 30.4287026187775),1
p1udt12043-p1udt12698xx,B,7.19955785679463,line-to-ground,POINT(-97.713925992848 30.4293891657407),1
p1udt12043-p1udt12698x,B,7.19955785679463,line-to-ground,POINT(-97.7142589917399 30.4289790507038),1
p1udt18351-p1udt889xx,C,7.19955785679463,line-to-ground,POINT(-97.7142178141817 30.4305305845541),1
p1udt18351-p1udt889x,C,7.19955785679463,line-to-ground,POINT(-97.7146444705034 30.4307151709187),1
p1udt14993-p1udt889x,C,7.19955785679463,line-to-ground,POINT(-97.7138282335529 30.4303906944491),1
p1udt14993-p1udt889xx,C,7.19955785679463,line-to-ground,POINT(-97.71412849292 30.4305199735739),1
p1udt14993-p1udt8400xx,C,7.19955785679463,line-to-ground,POINT(-97.7136475813955 30.4303445077397),1
p1udt14993-p1udt8400x,C,7.19955785679463,line-to-ground,POINT(-97.7139175546569 30.4304013056307),1
p1udt5800-p1udt8400x,C,7.19955785679463,line-to-ground,POINT(-97.7131564526692 30.4301867286629),1
p1udt5800-p1udt8400xx,C,7.19955785679463,line-to-ground,POINT(-97.7136134660388 30.4302724398408),1
p1udt5800-p1udt7607xx,C,7.19955785679463,line-to-ground,POINT(-97.7126081705103 30.4297618918932),1
p1udt5800-p1udt7607x,C,7.19955785679463,line-to-ground,POINT(-97.7131012467807 30.4302481849983),1
p1udt20173-p1udt276x,B,7.19955785679463,line-to-ground,POINT(-97.7150320282905 30.4317043974942),1
p1udt20173-p1udt276xx,B,7.19955785679463,line-to-ground,POINT(-97.715420685506 30.4318687216283),1
p1udt12691-p1udt19680xx,B,7.19955785679463,line-to-ground,POINT(-97.7165426497547 30.4331976292478),1
p1udt12691-p1udt19680x,B,7.19955785679463,line-to-ground,POINT(-97.7171280655765 30.4334826821354),1
p1udt19680-p1udt19849xx,B,7.19955785679463,line-to-ground,POINT(-97.7161289927484 30.4330144909504),1
p1udt19680-p1udt19849x,B,7.19955785679463,line-to-ground,POINT(-97.7165767682313 30.4332696964404),1
p1udt19849-p1udt7167xx,B,7.19955785679463,line-to-ground,POINT(-97.7155727914634 30.4328086746429),1
p1udt19849-p1udt7167x,B,7.19955785679463,line-to-ground,POINT(-97.7160400252216 30.433001589786),1
p1udt2091-p1udt7167x,B,7.19955785679463,line-to-ground,POINT(-97.7151765303168 30.4325616075052),1
p1udt2091-p1udt7167xx,B,7.19955785679463,line-to-ground,POINT(-97.7154834679523 30.4327980645302),1
p1udt2091-p1udt5294xx,B,7.19955785679463,line-to-ground,POINT(-97.7149959169579 30.4323338052677),1
p1udt2091-p1udt5294x,B,7.19955785679463,line-to-ground,POINT(-97.7151213242679 30.4326230646714),1
p1udt2675-p1udt5294x,B,7.19955785679463,line-to-ground,POINT(-97.715084762834 30.4321083460308),1
p1udt2675-p1udt5294xx,B,7.19955785679463,line-to-ground,POINT(-97.7149617999594 30.4322617376944),1
p1udt20173-p1udt2675x,B,7.19955785679463,line-to-ground,POINT(-97.7149430621195 30.4316914956176),1
p1udt20173-p1udt2675xx,B,7.19955785679463,line-to-ground,POINT(-97.7150530889599 30.4320354491907),1
p1udt8401,B,7.19955785679463,line-to-ground,POINT(-97.714554756265 30.4315686423975),1
p1udt20173,B,7.19955785679463,line-to-ground,POINT(-97.7149832892803 30.4317199735205),1
p1udt5801,B,7.19955785679463,line-to-ground,POINT(-97.71397493446 30.431319312165),1
p1udt16479,B,7.19955785679463,line-to-ground,POINT(-97.713359886384 30.431129441798),1
p1udt8795,B,7.19955785679463,line-to-ground,POINT(-97.7128758699776 30.4309656079328),1
p1udt13019,B,7.19955785679463,line-to-ground,POINT(-97.7124733931286 30.4307801184966),1
p1udt13019-p1udt15260xx,B,7.19955785679463,line-to-ground,POINT(-97.7123412517789 30.4302406893938),1
p1udt13019-p1udt15260x,B,7.19955785679463,line-to-ground,POINT(-97.7125197339333 30.4307665251809),1
p1udt15260-p1udt7607xx,B,7.19955785679463,line-to-ground,POINT(-97.7128134202634 30.4297506316547),1
p1udt15260-p1udt7607x,B,7.19955785679463,line-to-ground,POINT(-97.7124305725469 30.4302513015849),1
p1udt11038-p1udt16010xx,C,7.19955785679463,line-to-ground,POINT(-97.7104160641242 30.4289078724398),1
p1udt11038-p1udt16010x,C,7.19955785679463,line-to-ground,POINT(-97.710747478096 30.4285564667675),1
p1udt11365-p1udt5321x,C,7.19955785679463,line-to-ground,POINT(-97.7086924246393 30.4276356632317),1
p1udt11365-p1udt5321xx,C,7.19955785679463,line-to-ground,POINT(-97.7080412732355 30.4275693054284),1
p1udt10702-p1udt11365x,C,7.19955785679463,line-to-ground,POINT(-97.708796340474 30.4276172571353),1
p1udt10702-p1udt11365xx,C,7.19955785679463,line-to-ground,POINT(-97.7086034631418 30.4276227571554),1
p1udt10702-p1udt5829xx,C,7.19955785679463,line-to-ground,POINT(-97.7089634791861 30.4277295589713),1
p1udt10702-p1udt5829x,C,7.19955785679463,line-to-ground,POINT(-97.7088304513903 30.4276893261937),1
p1udt1560-p1udt6308xx,C,7.19955785679463,line-to-ground,POINT(-97.7095207993309 30.4266585199045),1
p1udt1560-p1udt6308x,C,7.19955785679463,line-to-ground,POINT(-97.7094009423843 30.4264408240361),1
p1udt6308-p1udt8025xx,C,7.19955785679463,line-to-ground,POINT(-97.7094165047386 30.4271722455644),1
p1udt6308-p1udt8025x,C,7.19955785679463,line-to-ground,POINT(-97.7094866882297 30.4265864510111),1
p1udt17785-p1udt8025x,C,7.19955785679463,line-to-ground,POINT(-97.7092632509871 30.4273315276246),1
p1udt17785-p1udt8025xx,C,7.19955785679463,line-to-ground,POINT(-97.7094506159749 30.4272443144742),1
p1udt17785-p1udt5829xx,C,7.19955785679463,line-to-ground,POINT(-97.7089055735175 30.4276510389801),1
p1udt17785-p1udt5829x,C,7.19955785679463,line-to-ground,POINT(-97.7093522123258 30.4273444332466),1
p1udt5829-p1udt9196xx,C,7.19955785679463,line-to-ground,POINT(-97.7093715475462 30.4280368396215),1
p1udt5829-p1udt9196x,C,7.19955785679463,line-to-ground,POINT(-97.7089801756599 30.427665299544),1
p1udt1562-p1udt9196x,C,7.19955785679463,line-to-ground,POINT(-97.7092626891874 30.4283966790853),1
p1udt1562-p1udt9196xx,C,7.19955785679463,line-to-ground,POINT(-97.7094267544144 30.4279753848751),1
p1udt14744-p1udt1562x,C,7.19955785679463,line-to-ground,POINT(-97.7099112383559 30.428599932038),1
p1udt14744-p1udt1562xx,C,7.19955785679463,line-to-ground,POINT(-97.7093178963334 30.428335224396),1
p1udt14744-p1udt9195x,C,7.19955785679463,line-to-ground,POINT(-97.7098842344211 30.4285384023147),1
p1udt14744-p1udt9195xx,C,7.19955785679463,line-to-ground,POINT(-97.709921821225 30.4279977990417),1
p1udt14744-p1udt16010xx,C,7.19955785679463,line-to-ground,POINT(-97.710358156607 30.4288293530535),1
p1udt14744-p1udt16010x,C,7.19955785679463,line-to-ground,POINT(-97.7099825477732 30.4285761673673),1
p1udt16010-p1udt7191xx,C,7.19955785679463,line-to-ground,POINT(-97.711201133456 30.4292290543509),1
p1udt16010-p1udt7191x,C,7.19955785679463,line-to-ground,POINT(-97.710432759883 30.4288436128163),1
p1udt16708-p1udt7191xx,C,7.19955785679463,line-to-ground,POINT(-97.7118977830557 30.4295240774204),1
p1udt16708-p1udt7191xxx,C,7.19955785679463,line-to-ground,POINT(-97.7111459269355 30.4292905098482),1
p1udt7618-p1udt8404xx,A,7.19955785679463,line-to-ground,POINT(-97.7086334990399 30.429737414955),1
p1udt7618-p1udt8404x,A,7.19955785679463,line-to-ground,POINT(-97.7081832588486 30.4295596105709),1
p1udt3803-p1udt8404x,A,7.19955785679463,line-to-ground,POINT(-97.7088882861811 30.4299449141543),1
p1udt3803-p1udt8404xx,A,7.19955785679463,line-to-ground,POINT(-97.7085445356544 30.4297245087878),1
p1udt13343-p1udt3803x,A,7.19955785679463,line-to-ground,POINT(-97.7093397285995 30.4301305450711),1
p1udt13343-p1udt3803xx,A,7.19955785679463,line-to-ground,POINT(-97.7089434944653 30.4298834596695),1
p1udt13343-p1udt23473xx,A,7.19955785679463,line-to-ground,POINT(-97.7094659521261 30.4302302836335),1
p1udt13343-p1udt23473x,A,7.19955785679463,line-to-ground,POINT(-97.7092504083568 30.430119930777),1
p1udt23254-p1udt23473x,A,7.19955785679463,line-to-ground,POINT(-97.7098332451317 30.4303163337899),1
p1udt23254-p1udt23473xx,A,7.19955785679463,line-to-ground,POINT(-97.7094342830378 30.4301573855466),1
p1udt23254-p1udt3773xx,A,7.19955785679463,line-to-ground,POINT(-97.7101401625663 30.4305528028903),1
p1udt23254-p1udt3773x,A,7.19955785679463,line-to-ground,POINT(-97.7098673576844 30.4303884025972),1
p1udt22910-p1udt3773x,A,7.19955785679463,line-to-ground,POINT(-97.7105819185828 30.4307253739154),1
p1udt22910-p1udt3773xx,A,7.19955785679463,line-to-ground,POINT(-97.7102294833214 30.4305634165888),1
p1udt2092,A,7.19955785679463,line-to-ground,POINT(-97.7109000416416 30.4307746730003),1
p1udt22910,A,7.19955785679463,line-to-ground,POINT(-97.7106203704041 30.4307515714067),1
p1udt14995,A,7.19955785679463,line-to-ground,POINT(-97.7110530324261 30.4303137229395),1
p1udt14995-p1udt17570xx,A,7.19955785679463,line-to-ground,POINT(-97.7112367823294 30.429939393099),1
p1udt14995-p1udt17570x,A,7.19955785679463,line-to-ground,POINT(-97.7110145806516 30.4302875255755),1
p1udt19327-p1udt2697x,A,7.19955785679463,line-to-ground,POINT(-97.7081258592412 30.4284959760958),1
p1udt19327-p1udt2697xx,A,7.19955785679463,line-to-ground,POINT(-97.7082407688592 30.4282286070288),1
p1udt1563-p1udt7189xx,A,7.19955785679463,line-to-ground,POINT(-97.7077981773355 30.4289145392836),1
p1udt1563-p1udt7189x,A,7.19955785679463,line-to-ground,POINT(-97.7075706872441 30.429427225798),1
p1udt19327-p1udt7189x,A,7.19955785679463,line-to-ground,POINT(-97.7080352073415 30.4285461068185),1
p1udt19327-p1udt7189xx,A,7.19955785679463,line-to-ground,POINT(-97.7078533856804 30.4288530852535),1
p1udt19327-p1udt7190xx,A,7.19955785679463,line-to-ground,POINT(-97.7083808270835 30.4288210011949),1
p1udt19327-p1udt7190x,A,7.19955785679463,line-to-ground,POINT(-97.7080512566142 30.4284817150307),1
p1udt7190-p1udt8428xx,A,7.19955785679463,line-to-ground,POINT(-97.7088688189671 30.4290514549759),1
p1udt7190-p1udt8428x,A,7.19955785679463,line-to-ground,POINT(-97.7083491592277 30.4287481028657),1
p1udt13657-p1udt8428x,A,7.19955785679463,line-to-ground,POINT(-97.7092205270976 30.4292263686247),1
p1udt13657-p1udt8428xx,A,7.19955785679463,line-to-ground,POINT(-97.7089581381889 30.4290620695037),1
p1udt11366-p1udt13657x,A,7.19955785679463,line-to-ground,POINT(-97.7095684529195 30.4293658604814),1
p1udt11366-p1udt13657xx,A,7.19955785679463,line-to-ground,POINT(-97.7092757347567 30.4291649139751),1
p1udt11366-p1udt3801xx,A,7.19955785679463,line-to-ground,POINT(-97.7099791546331 30.4295147382223),1
p1udt11366-p1udt3801x,A,7.19955785679463,line-to-ground,POINT(-97.7095343409168 30.4292937916015),1
p1udt3801-p1udt3802xx,A,7.19955785679463,line-to-ground,POINT(-97.7105484973555 30.4298014622618),1
p1udt3801-p1udt3802x,A,7.19955785679463,line-to-ground,POINT(-97.7100132670381 30.4295868069951),1
p1udt23138-p1udt3802x,A,7.19955785679463,line-to-ground,POINT(-97.7108861010871 30.4300458673726),1
p1udt23138-p1udt3802xx,A,7.19955785679463,line-to-ground,POINT(-97.7104595336099 30.4297885573914),1
p1udt17570-p1udt23138x,A,7.19955785679463,line-to-ground,POINT(-97.7112804230034 30.4298542277759),1
p1udt17570-p1udt23138xx,A,7.19955785679463,line-to-ground,POINT(-97.7109413082101 30.4299844120091),1
p1udt16708-p1udt17570xx,A,7.19955785679463,line-to-ground,POINT(-97.7117908648348 30.4296685874862),1
p1udt16708-p1udt17570xxx,A,7.19955785679463,line-to-ground,POINT(-97.7112097772149 30.4298778636277),1
p1udt16708-p1udt21502xx,B,7.19955785679463,line-to-ground,POINT(-97.7117002666671 30.429557173626),1
p1udt16708-p1udt21502xxx,B,7.19955785679463,line-to-ground,POINT(-97.7117590276597 30.4292250133199),1
p1udt16934-p1udt20183x,B,7.19955785679463,line-to-ground,POINT(-97.712497332204 30.4286632213871),1
p1udt16934-p1udt20183xx,B,7.19955785679463,line-to-ground,POINT(-97.71221818858 30.4283543229047),1
p1udt16715-p1udt16934xx,B,7.19955785679463,line-to-ground,POINT(-97.7129849296437 30.4289268740952),1
p1udt16715-p1udt16934xxx,B,7.19955785679463,line-to-ground,POINT(-97.7125525375305 30.4286017652779),1
p1udt15270-p1udt927xx,ABC,7.19955785679463,line-to-ground,POINT(-97.714851856113 30.4199985206829),1
p1udt15270-p1udt927x,ABC,7.19955785679463,line-to-ground,POINT(-97.7150497349594 30.4204510887569),1
p1udt6304-p1udt927x,ABC,7.19955785679463,line-to-ground,POINT(-97.7149970417629 30.4196717345384),1
p1udt6304-p1udt927xx,ABC,7.19955785679463,line-to-ground,POINT(-97.7148859691052 30.4200705882924),1
p1udt3298-p1udt8410xx,B,7.19955785679463,line-to-ground,POINT(-97.715920089068 30.420253095607),1
p1udt3298-p1udt8410x,B,7.19955785679463,line-to-ground,POINT(-97.7160771874555 30.4197806159904),1
p1udt16009-p1udt6304x,ABC,7.19955785679463,line-to-ground,POINT(-97.7146233860978 30.4195435106972),1
p1udt16009-p1udt6304xx,ABC,7.19955785679463,line-to-ground,POINT(-97.7149809986845 30.4197361274376),1
p1udt16009-p1udt311xx,ABC,7.19955785679463,line-to-ground,POINT(-97.7144250974843 30.4194885838632),1
p1udt16009-p1udt311x,ABC,7.19955785679463,line-to-ground,POINT(-97.714712341253 30.4195564124978),1
p1udt14229-p1udt311x,ABC,7.19955785679463,line-to-ground,POINT(-97.7140457329269 30.4193668414418),1
p1udt14229-p1udt311xx,ABC,7.19955785679463,line-to-ground,POINT(-97.7143909850217 30.4194165161426),1
p1udt14229-p1udt1558xx,ABC,7.19955785679463,line-to-ground,POINT(-97.7137739277575 30.4192193420066),1
p1udt14229-p1udt1558x,ABC,7.19955785679463,line-to-ground,POINT(-97.7141009318491 30.419305384414),1
p1udt11036-p1udt1558x,ABC,7.19955785679463,line-to-ground,POINT(-97.7133922746234 30.4190809273897),1
p1udt11036-p1udt1558xx,ABC,7.19955785679463,line-to-ground,POINT(-97.7138628824863 30.419232244375),1
p1udt14227-p1udt16940x,A,7.19955785679463,line-to-ground,POINT(-97.7161423774968 30.4192727275598),1
p1udt14227-p1udt16940xx,A,7.19955785679463,line-to-ground,POINT(-97.7163426677081 30.4195073791045),1
p1udt14227-p1udt4317xx,A,7.19955785679463,line-to-ground,POINT(-97.715758989547 30.4191336128018),1
p1udt14227-p1udt4317x,A,7.19955785679463,line-to-ground,POINT(-97.7160534223722 30.4192598267354),1
p1udt4317-p1udt8020xx,A,7.19955785679463,line-to-ground,POINT(-97.7155308477384 30.4190307278676),1
p1udt4317-p1udt8020x,A,7.19955785679463,line-to-ground,POINT(-97.7157017051402 30.4191936084455),1
p1udt13953-p1udt8020x,A,7.19955785679463,line-to-ground,POINT(-97.7151921024288 30.4189547595918),1
p1udt13953-p1udt8020xx,A,7.19955785679463,line-to-ground,POINT(-97.7154756498507 30.4190921855328),1
p1udt12382-p1udt13953x,A,7.19955785679463,line-to-ground,POINT(-97.7149019313908 30.4188526514046),1
p1udt12382-p1udt13953xx,A,7.19955785679463,line-to-ground,POINT(-97.715102791537 30.4189441495595),1
p1udt12382-p1udt310xx,A,7.19955785679463,line-to-ground,POINT(-97.7144293546561 30.4186939008525),1
p1udt12382-p1udt310x,A,7.19955785679463,line-to-ground,POINT(-97.7148678187763 30.418780583798),1
p1udt18954-p1udt310xx,A,7.19955785679463,line-to-ground,POINT(-97.7138603929357 30.4184893327198),1
p1udt18954-p1udt310xxx,A,7.19955785679463,line-to-ground,POINT(-97.7145186652305 30.4187045113373),1
p1udt14511-p1udt2122x,C,7.19955785679463,line-to-ground,POINT(-97.7153456246012 30.4170968404927),1
p1udt14511-p1udt2122xx,C,7.19955785679463,line-to-ground,POINT(-97.7149407250003 30.4167287097924),1
p1udt14511-p1udt8019xx,C,7.19955785679463,line-to-ground,POINT(-97.7159526922445 30.4173200709589),1
p1udt14511-p1udt8019x,C,7.19955785679463,line-to-ground,POINT(-97.7154349338505 30.4171074503142),1
p1udt2124-p1udt8019x,C,7.19955785679463,line-to-ground,POINT(-97.71630184216 30.4173961394898),1
p1udt2124-p1udt8019xx,C,7.19955785679463,line-to-ground,POINT(-97.7158633827329 30.4173094614848),1
p1udt2124-p1udt5319xx,C,7.19955785679463,line-to-ground,POINT(-97.7167127141307 30.4176426381569),1
p1udt2124-p1udt5319x,C,7.19955785679463,line-to-ground,POINT(-97.7162466457026 30.4174575975363),1
p1udt17155-p1udt5319xx,C,7.19955785679463,line-to-ground,POINT(-97.7173530670676 30.4178876427065),1
p1udt17155-p1udt5319xxx,C,7.19955785679463,line-to-ground,POINT(-97.7168020240585 30.4176532470606),1
p1udt9948-p1udt9949x,B,7.19955785679463,line-to-ground,POINT(-97.7161660535325 30.4147575935922),1
p1udt9948-p1udt9949xx,B,7.19955785679463,line-to-ground,POINT(-97.7162000237775 30.4147261803246),1
p1udt23143-p1udt9948x,B,7.19955785679463,line-to-ground,POINT(-97.7162741056655 30.4147431266567),1
p1udt23143-p1udt9948xx,B,7.19955785679463,line-to-ground,POINT(-97.7160781569293 30.4147845324012),1
p1udt23023-p1udt23143x,B,7.19955785679463,line-to-ground,POINT(-97.716494640292 30.4148892101698),1
p1udt23023-p1udt23143xx,B,7.19955785679463,line-to-ground,POINT(-97.7162189107481 30.4148045847581),1
p1udt16938-p1udt23023x,B,7.19955785679463,line-to-ground,POINT(-97.7165917553649 30.4149526172318),1
p1udt16938-p1udt23023xx,B,7.19955785679463,line-to-ground,POINT(-97.7164053329118 30.4148786011245),1
p1udt16938-p1udt4784xx,B,7.19955785679463,line-to-ground,POINT(-97.7169646011396 30.4151006486695),1
p1udt16938-p1udt4784x,B,7.19955785679463,line-to-ground,POINT(-97.7166810628373 30.414963226152),1
p1udt18758-p1udt4784x,B,7.19955785679463,line-to-ground,POINT(-97.717169505859 30.4151202529534),1
p1udt18758-p1udt4784xx,B,7.19955785679463,line-to-ground,POINT(-97.7170539087963 30.4151112573393),1
p1udt13358-p1udt18758x,B,7.19955785679463,line-to-ground,POINT(-97.7176599010053 30.4152698924595),1
p1udt13358-p1udt18758xx,B,7.19955785679463,line-to-ground,POINT(-97.7172584574245 30.4151331529219),1
p1udt13358-p1udt3796xx,B,7.19955785679463,line-to-ground,POINT(-97.7182479131562 30.4153575810805),1
p1udt13358-p1udt3796x,B,7.19955785679463,line-to-ground,POINT(-97.7177492089088 30.4152805006599),1
p1udt18360-p1udt3796xx,B,7.19955785679463,line-to-ground,POINT(-97.7184637445738 30.4154494557888),1
p1udt18360-p1udt3796xxx,B,7.19955785679463,line-to-ground,POINT(-97.718213799167 30.4152855142752),1
p1udt20181-p1udt9593xx,A,7.19955785679463,line-to-ground,POINT(-97.7216698338346 30.4161418744754),1
p1udt20181-p1udt9593x,A,7.19955785679463,line-to-ground,POINT(-97.7221199584343 30.4163789633982),1
p1udt8017-p1udt9593x,A,7.19955785679463,line-to-ground,POINT(-97.7212659085425 30.4159470489073),1
p1udt8017-p1udt9593xx,A,7.19955785679463,line-to-ground,POINT(-97.7216125547639 30.4162018728934),1
p1udt6740-p1udt8017x,A,7.19955785679463,line-to-ground,POINT(-97.7208054437773 30.4158240269828),1
p1udt6740-p1udt8017xx,A,7.19955785679463,line-to-ground,POINT(-97.721300025017 30.4160191149785),1
p1udt17382-p1udt6740x,A,7.19955785679463,line-to-ground,POINT(-97.7205518968101 30.4156152279671),1
p1udt17382-p1udt6740xx,A,7.19955785679463,line-to-ground,POINT(-97.7207737703967 30.4157511313824),1
p1udt17382-p1udt4786xx,A,7.19955785679463,line-to-ground,POINT(-97.7201512913402 30.4154935517749),1
p1udt17382-p1udt4786x,A,7.19955785679463,line-to-ground,POINT(-97.7205860126466 30.4156872942102),1
p1udt17381-p1udt4786xx,A,7.19955785679463,line-to-ground,POINT(-97.7197983337549 30.4152364502302),1
p1udt17381-p1udt4786xxx,A,7.19955785679463,line-to-ground,POINT(-97.7201171758896 30.4154214854271),1
p1udt17579-p1udt3795x,B,7.19955785679463,line-to-ground,POINT(-97.7233431331802 30.4150195176657),1
p1udt17579-p1udt3795xx,B,7.19955785679463,line-to-ground,POINT(-97.7234580484367 30.4151559112684),1
p1udt17579-p1udt8423xx,B,7.19955785679463,line-to-ground,POINT(-97.7226992910597 30.4150121505215),1
p1udt17579-p1udt8423x,B,7.19955785679463,line-to-ground,POINT(-97.7232538247627 30.4150089132816),1
p1udt2111-p1udt6301xx,C,7.19955785679463,line-to-ground,POINT(-97.7238297605176 30.4126424471478),1
p1udt2111-p1udt6301x,C,7.19955785679463,line-to-ground,POINT(-97.7238893199363 30.4130900108488),1
p1udt5309-p1udt6301xx,C,7.19955785679463,line-to-ground,POINT(-97.7237584659061 30.412666219868),1
p1udt5309-p1udt6301x,C,7.19955785679463,line-to-ground,POINT(-97.7243394934091 30.412895905248),1
p1udt3280-p1udt6301xx,C,7.19955785679463,line-to-ground,POINT(-97.723578287127 30.4125955416153),1
p1udt3280-p1udt6301xxx,C,7.19955785679463,line-to-ground,POINT(-97.7238020876006 30.4125810496077),1
p1udt11027,A,7.19955785679463,line-to-ground,POINT(-97.7307506221358 30.4124688389091),1
p1udt19503,A,7.19955785679463,line-to-ground,POINT(-97.7310605600706 30.4126523106135),1
p1udt18754,A,7.19955785679463,line-to-ground,POINT(-97.7305957703705 30.4123680809715),1
p1udt12044,A,7.19955785679463,line-to-ground,POINT(-97.7302859510145 30.4121755863868),1
p1udt22288,A,7.19955785679463,line-to-ground,POINT(-97.7299760160714 30.411992112914),1
p1udt2110,A,7.19955785679463,line-to-ground,POINT(-97.7298601164357 30.4115431884495),1
p1udt18566-p1udt2110x,A,7.19955785679463,line-to-ground,POINT(-97.7284982390856 30.4113708665316),1
p1udt23481-p1udt24054x,C,7.19955785679463,line-to-ground,POINT(-97.7281722063954 30.4120890016079),1
p1udt24054,C,7.19955785679463,line-to-ground,POINT(-97.7285551267486 30.4123843169972),1
p1udt23020-p1udt23021x,C,7.19955785679463,line-to-ground,POINT(-97.7236058104887 30.4108766183882),1
p1udt23021,C,7.19955785679463,line-to-ground,POINT(-97.7231412183914 30.4108246526933),1
p1udt13411-p1udt16524x,A,7.19955785679463,line-to-ground,POINT(-97.721559423415 30.410661955896),1
p1udt13411,A,7.19955785679463,line-to-ground,POINT(-97.7217538294685 30.4104896025751),1
p1udt24584-p1udt24905x,B,7.19955785679463,line-to-ground,POINT(-97.7221636407133 30.4105002503369),1
p1udt24584,B,7.19955785679463,line-to-ground,POINT(-97.7220422273017 30.41048005198),1
p1udt15277-p1udt1549x,B,7.19955785679463,line-to-ground,POINT(-97.7221441530171 30.4124637708715),1
p1udt15277-p1udt1549xx,B,7.19955785679463,line-to-ground,POINT(-97.7220506317423 30.4127819484707),1
p1udt15002-p1udt15277x,B,7.19955785679463,line-to-ground,POINT(-97.7223469666515 30.412464140928),1
p1udt15002-p1udt15277xx,B,7.19955785679463,line-to-ground,POINT(-97.7220889630217 30.4125252316177),1
p1udt15002-p1udt17978xx,B,7.19955785679463,line-to-ground,POINT(-97.7228390919182 30.4126600522369),1
p1udt15002-p1udt17978x,B,7.19955785679463,line-to-ground,POINT(-97.7224359166361 30.4124770373241),1
p1udt17978-p1udt6738xx,B,7.19955785679463,line-to-ground,POINT(-97.7230677084798 30.4127124720758),1
p1udt17978-p1udt6738x,B,7.19955785679463,line-to-ground,POINT(-97.7227839022321 30.4127215132844),1
p1udt5318-p1udt5822x,C,7.19955785679463,line-to-ground,POINT(-97.7204421834068 30.4147601389949),1
p1udt5822,C,7.19955785679463,line-to-ground,POINT(-97.7204486562073 30.4129367302962),1
p1udt2116-p1udt4783xx,C,7.19955785679463,line-to-ground,POINT(-97.7217532623231 30.4135465865257),1
p1udt2116-p1udt4783x,C,7.19955785679463,line-to-ground,POINT(-97.7219145916099 30.4136391403443),1
p1udt4783-p1udt5317xx,C,7.19955785679463,line-to-ground,POINT(-97.7213965913738 30.413403409252),1
p1udt4783-p1udt5317x,C,7.19955785679463,line-to-ground,POINT(-97.7218422131907 30.41355948335),1
p1udt5317-p1udt8016xx,C,7.19955785679463,line-to-ground,POINT(-97.7210156294637 30.4141029937442),1
p1udt5317-p1udt8016x,C,7.19955785679463,line-to-ground,POINT(-97.7213624756644 30.4133313432018),1
p1udt4314-p1udt8810xx,C,7.19955785679463,line-to-ground,POINT(-97.7218234538174 30.4145257250016),1
p1udt4314-p1udt8810x,C,7.19955785679463,line-to-ground,POINT(-97.7220562698419 30.4147503485399),1
p1udt15279-p1udt8810x,C,7.19955785679463,line-to-ground,POINT(-97.7213683869765 30.4142956957098),1
p1udt15279-p1udt8810xx,C,7.19955785679463,line-to-ground,POINT(-97.7218786451485 30.4144642644229),1
p1udt15279-p1udt8016xx,C,7.19955785679463,line-to-ground,POINT(-97.7210862615771 30.414079352136),1
p1udt15279-p1udt8016x,C,7.19955785679463,line-to-ground,POINT(-97.7214235784506 30.4142342353259),1
p1udt5318-p1udt8016xx,C,7.19955785679463,line-to-ground,POINT(-97.7204840203358 30.4146683397663),1
p1udt5318-p1udt8016xxx,C,7.19955785679463,line-to-ground,POINT(-97.721113933159 30.4141407502016),1
p1udt4315-p1udt8424x,C,7.19955785679463,line-to-ground,POINT(-97.7168944342594 30.4158680675973),1
p1udt4315-p1udt8424xx,C,7.19955785679463,line-to-ground,POINT(-97.7164113941686 30.4157235868872),1
p1udt4315-p1udt6741xx,C,7.19955785679463,line-to-ground,POINT(-97.7172681099833 30.4159529458874),1
p1udt4315-p1udt6741x,C,7.19955785679463,line-to-ground,POINT(-97.7168392390606 30.4159295259437),1
p1udt13032-p1udt6741x,C,7.19955785679463,line-to-ground,POINT(-97.7175140796379 30.4160715007293),1
p1udt13032-p1udt6741xx,C,7.19955785679463,line-to-ground,POINT(-97.7172129149629 30.4160144043963),1
p1udt13032-p1udt8018xx,C,7.19955785679463,line-to-ground,POINT(-97.7178705573576 30.4160581158353),1
p1udt13032-p1udt8018x,C,7.19955785679463,line-to-ground,POINT(-97.7175692745078 30.416010042089),1
p1udt17784-p1udt8018xx,C,7.19955785679463,line-to-ground,POINT(-97.7183274957037 30.416275887493),1
p1udt17784-p1udt8018xxx,C,7.19955785679463,line-to-ground,POINT(-97.7178153626434 30.4161195746072),1
p1udt16939-p1udt2119xx,B,7.19955785679463,line-to-ground,POINT(-97.7229973477964 30.4159906132676),1
p1udt16939-p1udt2119x,B,7.19955785679463,line-to-ground,POINT(-97.722557511311 30.415431974163),1
p1udt2119-p1udt9190xx,B,7.19955785679463,line-to-ground,POINT(-97.7225355804583 30.4163910581162),1
p1udt2119-p1udt9190x,B,7.19955785679463,line-to-ground,POINT(-97.7229080385447 30.4159800086244),1
p1udt12700-p1udt4307x,A,7.19955785679463,line-to-ground,POINT(-97.7236942220633 30.4136407612906),1
p1udt12700-p1udt4307xx,A,7.19955785679463,line-to-ground,POINT(-97.7236119533878 30.413600263011),1
p1udt12700-p1udt9588xx,A,7.19955785679463,line-to-ground,POINT(-97.7237177186173 30.4139408786756),1
p1udt12700-p1udt9588x,A,7.19955785679463,line-to-ground,POINT(-97.7236052708309 30.4136278657194),1
p1udt3284-p1udt9588x,A,7.19955785679463,line-to-ground,POINT(-97.7244373751318 30.4147507303554),1
p1udt3284-p1udt9588xx,A,7.19955785679463,line-to-ground,POINT(-97.7236625287165 30.4140023400779),1
p1udt16936-p1udt5308xx,A,7.19955785679463,line-to-ground,POINT(-97.7249255680844 30.413122569393),1
p1udt16936-p1udt5308x,A,7.19955785679463,line-to-ground,POINT(-97.724608487518 30.4130248543597),1
p1udt15275-p1udt5308x,A,7.19955785679463,line-to-ground,POINT(-97.7248701209986 30.413383693267),1
p1udt15275-p1udt5308xx,A,7.19955785679463,line-to-ground,POINT(-97.7248703794013 30.4131840313483),1
p1udt15275-p1udt7177xx,A,7.19955785679463,line-to-ground,POINT(-97.7246238131975 30.4137320226067),1
p1udt15275-p1udt7177x,A,7.19955785679463,line-to-ground,POINT(-97.7248149321284 30.4134451551912),1
p1udt15759-p1udt7177x,A,7.19955785679463,line-to-ground,POINT(-97.7244412249728 30.4141633401285),1
p1udt15759-p1udt7177xx,A,7.19955785679463,line-to-ground,POINT(-97.724713120641 30.4137426260265),1
p1udt15759-p1udt23141xx,A,7.19955785679463,line-to-ground,POINT(-97.7244412002921 30.4143449584012),1
p1udt15759-p1udt23141x,A,7.19955785679463,line-to-ground,POINT(-97.7245305327829 30.4141739436832),1
p1udt23141-p1udt3284xx,A,7.19955785679463,line-to-ground,POINT(-97.7244097012844 30.4146893329357),1
p1udt23141-p1udt3284x,A,7.19955785679463,line-to-ground,POINT(-97.7244753186191 30.4144170237104),1
p1udt3284-p1udt3285xx,A,7.19955785679463,line-to-ground,POINT(-97.7243830090827 30.415110888324),1
p1udt3284-p1udt3285x,A,7.19955785679463,line-to-ground,POINT(-97.7243390694591 30.4147129763504),1
p1udt3285-p1udt918xx,A,7.19955785679463,line-to-ground,POINT(-97.7239457062055 30.4156213740573),1
p1udt3285-p1udt918x,A,7.19955785679463,line-to-ground,POINT(-97.7243488906023 30.4150388229932),1
p1udt3788-p1udt918x,A,7.19955785679463,line-to-ground,POINT(-97.7241432229898 30.4161363990081),1
p1udt3788-p1udt918xx,A,7.19955785679463,line-to-ground,POINT(-97.7238905154581 30.4156828355177),1
p1udt14509-p1udt3788xx,A,7.19955785679463,line-to-ground,POINT(-97.7240814267527 30.4165054980471),1
p1udt14509-p1udt3788xxx,A,7.19955785679463,line-to-ground,POINT(-97.7241115470049 30.4160635041474),1
p1udt1541-p1udt1542xx,B,7.19955785679463,line-to-ground,POINT(-97.7279686470547 30.415281668167),1
p1udt1541-p1udt1542x,B,7.19955785679463,line-to-ground,POINT(-97.7280394908103 30.4151014866408),1
p1udt1542-p1udt2689xx,B,7.19955785679463,line-to-ground,POINT(-97.728130835946 30.4159144029831),1
p1udt1542-p1udt2689x,B,7.19955785679463,line-to-ground,POINT(-97.7279134589639 30.4153431314087),1
p1udt17781-p1udt2689x,B,7.19955785679463,line-to-ground,POINT(-97.7280691270255 30.4161837820624),1
p1udt17781-p1udt2689xx,B,7.19955785679463,line-to-ground,POINT(-97.7280967144167 30.4158423385544),1
p1udt12379-p1udt17781x,B,7.19955785679463,line-to-ground,POINT(-97.7279303518825 30.4166631940658),1
p1udt12379-p1udt17781xx,B,7.19955785679463,line-to-ground,POINT(-97.7281584371538 30.4161943831952),1
p1udt12379-p1udt1543xx,B,7.19955785679463,line-to-ground,POINT(-97.7275469961622 30.4164866339915),1
p1udt12379-p1udt1543x,B,7.19955785679463,line-to-ground,POINT(-97.7278413972568 30.4166503012933),1
p1udt1543-p1udt303xx,B,7.19955785679463,line-to-ground,POINT(-97.7271013725363 30.4160482638549),1
p1udt1543-p1udt303x,B,7.19955785679463,line-to-ground,POINT(-97.7275811174884 30.4165586985519),1
p1udt16937-p1udt8415xx,B,7.19955785679463,line-to-ground,POINT(-97.727091027271 30.4149404808523),1
p1udt16937-p1udt8415x,B,7.19955785679463,line-to-ground,POINT(-97.7271393634446 30.4149528102593),1
p1udt18357-p1udt8415xx,B,7.19955785679463,line-to-ground,POINT(-97.7270123975617 30.4149696151909),1
p1udt18357-p1udt8415x,B,7.19955785679463,line-to-ground,POINT(-97.7272017408279 30.4145479696359),1
p1udt3286-p1udt8415x,B,7.19955785679463,line-to-ground,POINT(-97.7271184634875 30.4155067656629),1
p1udt3286-p1udt8415xx,B,7.19955785679463,line-to-ground,POINT(-97.7269886386968 30.4149148926118),1
p1udt22289-p1udt3286x,B,7.19955785679463,line-to-ground,POINT(-97.727184397508 30.4158420188359),1
p1udt22289-p1udt3286xx,B,7.19955785679463,line-to-ground,POINT(-97.7271757388584 30.4154467647151),1
p1udt22289-p1udt303xx,B,7.19955785679463,line-to-ground,POINT(-97.727128384271 30.4161097903409),1
p1udt22289-p1udt303x,B,7.19955785679463,line-to-ground,POINT(-97.7271502767068 30.4157699541795),1
p1udt303-p1udt917xx,B,7.19955785679463,line-to-ground,POINT(-97.7262696719425 30.4159589457983),1
p1udt303-p1udt917x,B,7.19955785679463,line-to-ground,POINT(-97.7271996806707 30.4160860158403),1
p1udt11700-p1udt12377xx,B,7.19955785679463,line-to-ground,POINT(-97.7267162335078 30.4167115161072),1
p1udt11700-p1udt12377x,B,7.19955785679463,line-to-ground,POINT(-97.7266092779467 30.4170094319805),1
p1udt12377-p1udt12378xx,B,7.19955785679463,line-to-ground,POINT(-97.7268590329252 30.4165521105065),1
p1udt12377-p1udt12378x,B,7.19955785679463,line-to-ground,POINT(-97.7267479116444 30.4167844103898),1
p1udt12378-p1udt917xx,B,7.19955785679463,line-to-ground,POINT(-97.7263679796446 30.4159966983989),1
p1udt12378-p1udt917x,B,7.19955785679463,line-to-ground,POINT(-97.7268038434114 30.4166135732272),1
p1udt5312-p1udt917x,B,7.19955785679463,line-to-ground,POINT(-97.7258350547188 30.4157562001472),1
p1udt5312-p1udt917xx,B,7.19955785679463,line-to-ground,POINT(-97.7263403042507 30.4159353013556),1
p1udt11699-p1udt18755xx,B,7.19955785679463,line-to-ground,POINT(-97.7258687490292 30.416234054977),1
p1udt11699-p1udt18755x,B,7.19955785679463,line-to-ground,POINT(-97.7257723410611 30.4163927531391),1
p1udt18755-p1udt5312xx,B,7.19955785679463,line-to-ground,POINT(-97.7259333620409 30.4157939530658),1
p1udt18755-p1udt5312x,B,7.19955785679463,line-to-ground,POINT(-97.725900426387 30.4163069494482),1
p1udt13654-p1udt5312x,B,7.19955785679463,line-to-ground,POINT(-97.7256168162744 30.4156996442761),1
p1udt13654-p1udt5312xx,B,7.19955785679463,line-to-ground,POINT(-97.7258620655754 30.415817726873),1
p1udt13654-p1udt302xx,B,7.19955785679463,line-to-ground,POINT(-97.7252358595899 30.4154586540493),1
p1udt13654-p1udt302x,B,7.19955785679463,line-to-ground,POINT(-97.7255851393092 30.4156267497411),1
p1udt5814-p1udt7611x,C,7.19955785679463,line-to-ground,POINT(-97.7261988443723 30.4148657886696),1
p1udt5814-p1udt7611xx,C,7.19955785679463,line-to-ground,POINT(-97.7261878817748 30.4149625211373),1
p1udt22531-p1udt5814x,C,7.19955785679463,line-to-ground,POINT(-97.7262816465792 30.4145163164098),1
p1udt22531-p1udt5814xx,C,7.19955785679463,line-to-ground,POINT(-97.7262877971296 30.4148786825127),1
p1udt14508-p1udt22531x,C,7.19955785679463,line-to-ground,POINT(-97.7263203767502 30.4143255976562),1
p1udt14508-p1udt22531xx,C,7.19955785679463,line-to-ground,POINT(-97.7263157663319 30.4145883812763),1
p1udt14508-p1udt18567xx,C,7.19955785679463,line-to-ground,POINT(-97.7264486595071 30.4139376548488),1
p1udt14508-p1udt18567x,C,7.19955785679463,line-to-ground,POINT(-97.7263520538851 30.4143984920306),1
p1udt16490-p1udt6731xx,C,7.19955785679463,line-to-ground,POINT(-97.727558826537 30.4144643964899),1
p1udt16490-p1udt6731x,C,7.19955785679463,line-to-ground,POINT(-97.7279729003237 30.4146134858393),1
p1udt301-p1udt6731x,C,7.19955785679463,line-to-ground,POINT(-97.7270912055983 30.4141989341706),1
p1udt301-p1udt6731xx,C,7.19955785679463,line-to-ground,POINT(-97.7275271484745 30.414391502383),1
p1udt24467-p1udt301x,C,7.19955785679463,line-to-ground,POINT(-97.726922895973 30.4140728117402),1
p1udt24467-p1udt301xx,C,7.19955785679463,line-to-ground,POINT(-97.7270570853927 30.4141268694903),1
p1udt18567-p1udt24467x,C,7.19955785679463,line-to-ground,POINT(-97.7265199544582 30.4139138806716),1
p1udt18567-p1udt24467xx,C,7.19955785679463,line-to-ground,POINT(-97.726865621286 30.4141328126077),1
p1udt13354-p1udt18567x,C,7.19955785679463,line-to-ground,POINT(-97.7263500985896 30.4138751954008),1
p1udt13354-p1udt18567xx,C,7.19955785679463,line-to-ground,POINT(-97.7264216487511 30.4138761282313),1
p1udt13354-p1udt8414xx,C,7.19955785679463,line-to-ground,POINT(-97.7259234063647 30.4135672222894),1
p1udt13354-p1udt8414x,C,7.19955785679463,line-to-ground,POINT(-97.7264052867743 30.413813732811),1
p1udt3281-p1udt9944x,C,7.19955785679463,line-to-ground,POINT(-97.725474203505 30.413362522746),1
p1udt3281-p1udt9944xx,C,7.19955785679463,line-to-ground,POINT(-97.7253248170183 30.4133065139162),1
p1udt24267-p1udt3281x,C,7.19955785679463,line-to-ground,POINT(-97.7256345420082 30.4135343108375),1
p1udt24267-p1udt3281xx,C,7.19955785679463,line-to-ground,POINT(-97.725508322287 30.4134345878076),1
p1udt24267-p1udt8414xx,C,7.19955785679463,line-to-ground,POINT(-97.7258527756919 30.4135908665605),1
p1udt24267-p1udt8414x,C,7.19955785679463,line-to-ground,POINT(-97.7256918170646 30.4134743105162),1
p1udt5310-p1udt8414x,C,7.19955785679463,line-to-ground,POINT(-97.7255871812432 30.4138672957233),1
p1udt5310-p1udt8414xx,C,7.19955785679463,line-to-ground,POINT(-97.7259510808819 30.4136286194164),1
p1udt5310-p1udt9188xx,C,7.19955785679463,line-to-ground,POINT(-97.7254637691753 30.4141654629408),1
p1udt5310-p1udt9188x,C,7.19955785679463,line-to-ground,POINT(-97.7256761330034 30.4138801899571),1
p1udt2112-p1udt9188x,C,7.19955785679463,line-to-ground,POINT(-97.7253278627498 30.4145956226873),1
p1udt2112-p1udt9188xx,C,7.19955785679463,line-to-ground,POINT(-97.7254978882065 30.4142375280042),1
p1udt18358-p1udt2112x,C,7.19955785679463,line-to-ground,POINT(-97.7253593750125 30.4150230117169),1
p1udt18358-p1udt2112xx,C,7.19955785679463,line-to-ground,POINT(-97.7253595392174 30.4146685172811),1
p1udt15523-p1udt18358x,C,7.19955785679463,line-to-ground,POINT(-97.7252831501536 30.4152464527568),1
p1udt15523-p1udt18358xx,C,7.19955785679463,line-to-ground,POINT(-97.725270422271 30.4150101172411),1
p1udt15523-p1udt302xx,C,7.19955785679463,line-to-ground,POINT(-97.7253112621752 30.415591683909),1
p1udt15523-p1udt302x,C,7.19955785679463,line-to-ground,POINT(-97.7253172693964 30.4153185178627),1
p1udt11032-p1udt6303x,C,7.19955785679463,line-to-ground,POINT(-97.7252383297227 30.419187826742),1
p1udt11032-p1udt6303xx,C,7.19955785679463,line-to-ground,POINT(-97.7254743103137 30.4192938860996),1
p1udt11032-p1udt922xx,C,7.19955785679463,line-to-ground,POINT(-97.7247537800242 30.41894855131),1
p1udt11032-p1udt922x,C,7.19955785679463,line-to-ground,POINT(-97.7252956084487 30.4191278267461),1
p1udt23482-p1udt922x,C,7.19955785679463,line-to-ground,POINT(-97.7246227703718 30.4187950412534),1
p1udt23482-p1udt922xx,C,7.19955785679463,line-to-ground,POINT(-97.7248089721602 30.4188870895515),1
p1udt10311-p1udt23482x,C,7.19955785679463,line-to-ground,POINT(-97.7242195667582 30.4186120312041),1
p1udt10311-p1udt23482xx,C,7.19955785679463,line-to-ground,POINT(-97.724567578176 30.4188565029321),1
p1udt10311-p1udt22914xx,C,7.19955785679463,line-to-ground,POINT(-97.7238498626847 30.4184802568322),1
p1udt10311-p1udt22914x,C,7.19955785679463,line-to-ground,POINT(-97.7241306109577 30.41859913587),1
p1udt19683-p1udt22914x,C,7.19955785679463,line-to-ground,POINT(-97.7234535188261 30.418242237142),1
p1udt19683-p1udt22914xx,C,7.19955785679463,line-to-ground,POINT(-97.723760551061 30.418469652709),1
p1udt19683-p1udt3297xx,C,7.19955785679463,line-to-ground,POINT(-97.7229535304463 30.418082797655),1
p1udt19683-p1udt3297x,C,7.19955785679463,line-to-ground,POINT(-97.7234876376649 30.4183143026854),1
p1udt20022-p1udt3297x,C,7.19955785679463,line-to-ground,POINT(-97.7226152698339 30.4180108383599),1
p1udt20022-p1udt3297xx,C,7.19955785679463,line-to-ground,POINT(-97.7230087231742 30.4180213366681),1
p1udt23261-p1udt6743xx,C,7.19955785679463,line-to-ground,POINT(-97.7220940321731 30.4187071521839),1
p1udt23261-p1udt6743x,C,7.19955785679463,line-to-ground,POINT(-97.7219817664736 30.418994261342),1
p1udt2125-p1udt6743x,C,7.19955785679463,line-to-ground,POINT(-97.722294164442 30.4186844160619),1
p1udt2125-p1udt6743xx,C,7.19955785679463,line-to-ground,POINT(-97.722128150148 30.4187792180537),1
p1udt3266-p1udt8015xx,C,7.19955785679463,line-to-ground,POINT(-97.7246316209504 30.4197154671648),1
p1udt3266-p1udt8015x,C,7.19955785679463,line-to-ground,POINT(-97.725121792943 30.4199865543975),1
p1udt15760-p1udt8015x,C,7.19955785679463,line-to-ground,POINT(-97.7242695074174 30.4195404932628),1
p1udt15760-p1udt8015xx,C,7.19955785679463,line-to-ground,POINT(-97.7246657411386 30.4197875324236),1
p1udt11364-p1udt15760x,C,7.19955785679463,line-to-ground,POINT(-97.7237055110576 30.419371354814),1
p1udt11364-p1udt15760xx,C,7.19955785679463,line-to-ground,POINT(-97.7242143145684 30.4196019547671),1
p1udt11364-p1udt4310xx,C,7.19955785679463,line-to-ground,POINT(-97.7234006803823 30.4191363792859),1
p1udt11364-p1udt4310x,C,7.19955785679463,line-to-ground,POINT(-97.7236738344481 30.4192984598619),1
p1udt17383-p1udt4310x,C,7.19955785679463,line-to-ground,POINT(-97.7230346462695 30.4190490450319),1
p1udt17383-p1udt4310xx,C,7.19955785679463,line-to-ground,POINT(-97.7233434005228 30.4191963784169),1
p1udt17383-p1udt21622xx,C,7.19955785679463,line-to-ground,POINT(-97.7226725381714 30.4188740668333),1
p1udt17383-p1udt21622x,C,7.19955785679463,line-to-ground,POINT(-97.7231239583213 30.4190596496638),1
p1udt2125-p1udt21622x,C,7.19955785679463,line-to-ground,POINT(-97.7223108504749 30.4186201545482),1
p1udt2125-p1udt21622xx,C,7.19955785679463,line-to-ground,POINT(-97.7227618500159 30.4188846717075),1
p1udt2125-p1udt22290xx,C,7.19955785679463,line-to-ground,POINT(-97.72243333022 30.4182697376203),1
p1udt2125-p1udt22290x,C,7.19955785679463,line-to-ground,POINT(-97.7222202147804 30.4186702956668),1
p1udt21767-p1udt22290x,C,7.19955785679463,line-to-ground,POINT(-97.722487301234 30.418088418786),1
p1udt21767-p1udt22290xx,C,7.19955785679463,line-to-ground,POINT(-97.7223760503111 30.4183297363321),1
p1udt20022-p1udt21767x,C,7.19955785679463,line-to-ground,POINT(-97.7225413206235 30.4179967181585),1
p1udt20022-p1udt21767xx,C,7.19955785679463,line-to-ground,POINT(-97.7225214193038 30.4181604845618),1
p1udt20022-p1udt307xx,C,7.19955785679463,line-to-ground,POINT(-97.7228121294473 30.4176211914588),1
p1udt20022-p1udt307x,C,7.19955785679463,line-to-ground,POINT(-97.7225573584434 30.4179323241632),1
p1udt10312-p1udt307xx,C,7.19955785679463,line-to-ground,POINT(-97.7232664750341 30.4172254511709),1
p1udt10312-p1udt307xxx,C,7.19955785679463,line-to-ground,POINT(-97.7227804540264 30.4175482963058),1
p1udt1546-p1udt6736x,A,7.19955785679463,line-to-ground,POINT(-97.7280051198878 30.4180881593933),1
p1udt1546-p1udt6736xx,A,7.19955785679463,line-to-ground,POINT(-97.7277228322568 30.4185127770088),1
p1udt1546-p1udt9589xx,A,7.19955785679463,line-to-ground,POINT(-97.7278865060116 30.4178586077901),1
p1udt1546-p1udt9589x,A,7.19955785679463,line-to-ground,POINT(-97.727949930173 30.4181496225804),1
p1udt13655-p1udt15276x,A,7.19955785679463,line-to-ground,POINT(-97.7288497231438 30.4168938176755),1
p1udt13655-p1udt15276xx,A,7.19955785679463,line-to-ground,POINT(-97.7288836902163 30.4168624010224),1
p1udt13655-p1udt17975xx,A,7.19955785679463,line-to-ground,POINT(-97.7292863380637 30.4170528149532),1
p1udt13655-p1udt17975x,A,7.19955785679463,line-to-ground,POINT(-97.7287618277644 30.4169207650616),1
p1udt17975-p1udt5818xx,A,7.19955785679463,line-to-ground,POINT(-97.7293913135732 30.4172007518023),1
p1udt17975-p1udt5818x,A,7.19955785679463,line-to-ground,POINT(-97.7293415263186 30.4169913511498),1
p1udt18952-p1udt5818x,A,7.19955785679463,line-to-ground,POINT(-97.7289094505455 30.4177198142117),1
p1udt18952-p1udt5818xx,A,7.19955785679463,line-to-ground,POINT(-97.7293340384562 30.417260753716),1
p1udt305-p1udt4780xx,A,7.19955785679463,line-to-ground,POINT(-97.7290743628464 30.4186214521678),1
p1udt305-p1udt4780x,A,7.19955785679463,line-to-ground,POINT(-97.7286791218297 30.418630368361),1
p1udt21218-p1udt4780x,A,7.19955785679463,line-to-ground,POINT(-97.7294619410106 30.4182555124902),1
p1udt21218-p1udt4780xx,A,7.19955785679463,line-to-ground,POINT(-97.7289850503944 30.4186108516001),1
p1udt12702-p1udt22784xx,A,7.19955785679463,line-to-ground,POINT(-97.7293996857816 30.4187502319438),1
p1udt12702-p1udt22784x,A,7.19955785679463,line-to-ground,POINT(-97.7295187052994 30.4190498943185),1
p1udt21218-p1udt22784x,A,7.19955785679463,line-to-ground,POINT(-97.729363629797 30.4182177621344),1
p1udt21218-p1udt22784xx,A,7.19955785679463,line-to-ground,POINT(-97.729454874963 30.418688768133),1
p1udt21218-p1udt5819xx,A,7.19955785679463,line-to-ground,POINT(-97.7293375729401 30.4179195164578),1
p1udt21218-p1udt5819x,A,7.19955785679463,line-to-ground,POINT(-97.7293906435153 30.4182792881895),1
p1udt18952-p1udt5819x,A,7.19955785679463,line-to-ground,POINT(-97.7288388175024 30.4177434600194),1
p1udt18952-p1udt5819xx,A,7.19955785679463,line-to-ground,POINT(-97.7293927616721 30.4178580526535),1
p1udt14741-p1udt18952x,A,7.19955785679463,line-to-ground,POINT(-97.7285769457371 30.417839874201),1
p1udt14741-p1udt18952xx,A,7.19955785679463,line-to-ground,POINT(-97.7288658307678 30.4178049861745),1
p1udt14741-p1udt16006xx,A,7.19955785679463,line-to-ground,POINT(-97.7285327078128 30.4178402047686),1
p1udt14741-p1udt16006x,A,7.19955785679463,line-to-ground,POINT(-97.7285452659125 30.4177669803255),1
p1udt16006-p1udt9589xx,A,7.19955785679463,line-to-ground,POINT(-97.7279301266533 30.4177734361802),1
p1udt16006-p1udt9589x,A,7.19955785679463,line-to-ground,POINT(-97.7284985853674 30.4177681404382),1
p1udt4308-p1udt9589x,A,7.19955785679463,line-to-ground,POINT(-97.7274570565826 30.4176214885753),1
p1udt4308-p1udt9589xx,A,7.19955785679463,line-to-ground,POINT(-97.7278594933549 30.4177970814499),1
p1udt3288-p1udt4308x,A,7.19955785679463,line-to-ground,POINT(-97.7271951506979 30.4176462391104),1
p1udt3288-p1udt4308xx,A,7.19955785679463,line-to-ground,POINT(-97.7275463679327 30.4176320901599),1
p1udt21766-p1udt6735x,A,7.19955785679463,line-to-ground,POINT(-97.7274765445413 30.4173968130773),1
p1udt21766-p1udt6735xx,A,7.19955785679463,line-to-ground,POINT(-97.7276281256876 30.4171186179832),1
p1udt21766-p1udt3288xx,A,7.19955785679463,line-to-ground,POINT(-97.7272221628945 30.4177077655765),1
p1udt21766-p1udt3288x,A,7.19955785679463,line-to-ground,POINT(-97.7274424230246 30.4173247484925),1
p1udt13030-p1udt3288x,A,7.19955785679463,line-to-ground,POINT(-97.7271045970755 30.4179796783402),1
p1udt13030-p1udt3288xx,A,7.19955785679463,line-to-ground,POINT(-97.72729346045 30.4176839910627),1
p1udt13030-p1udt20791xx,A,7.19955785679463,line-to-ground,POINT(-97.7268850988505 30.4181387877646),1
p1udt13030-p1udt20791x,A,7.19955785679463,line-to-ground,POINT(-97.7270152854694 30.4179690764462),1
p1udt18166-p1udt20791x,A,7.19955785679463,line-to-ground,POINT(-97.7267091889021 30.4180558657291),1
p1udt18166-p1udt20791xx,A,7.19955785679463,line-to-ground,POINT(-97.7269167775352 30.4182116820074),1
p1udt18166-p1udt22169xx,A,7.19955785679463,line-to-ground,POINT(-97.7265702272439 30.4179478497918),1
p1udt18166-p1udt22169x,A,7.19955785679463,line-to-ground,POINT(-97.726798144618 30.4180687593025),1
p1udt22169-p1udt8418xx,A,7.19955785679463,line-to-ground,POINT(-97.7261924368643 30.4178707677126),1
p1udt22169-p1udt8418x,A,7.19955785679463,line-to-ground,POINT(-97.7266043483103 30.4180199145859),1
p1udt7179-p1udt8418x,A,7.19955785679463,line-to-ground,POINT(-97.7258798929628 30.4176880204147),1
p1udt7179-p1udt8418xx,A,7.19955785679463,line-to-ground,POINT(-97.7262497142222 30.4178107672477),1
p1udt7179-p1udt919xx,A,7.19955785679463,line-to-ground,POINT(-97.7254246844119 30.4174670264793),1
p1udt7179-p1udt919x,A,7.19955785679463,line-to-ground,POINT(-97.7257905817853 30.4176774176936),1
p1udt5816-p1udt919xx,A,7.19955785679463,line-to-ground,POINT(-97.7249532862713 30.4171873678654),1
p1udt5816-p1udt919xxx,A,7.19955785679463,line-to-ground,POINT(-97.7253905644013 30.4173949614011),1
p1udt12701-p1udt2114xx,C,7.19955785679463,line-to-ground,POINT(-97.7251439248492 30.4169673153601),1
p1udt12701-p1udt2114x,C,7.19955785679463,line-to-ground,POINT(-97.7253930769619 30.416862106803),1
p1udt2114-p1udt5816xx,C,7.19955785679463,line-to-ground,POINT(-97.724760789325 30.4171187467869),1
p1udt2114-p1udt5816x,C,7.19955785679463,line-to-ground,POINT(-97.725233235296 30.4169779185044),1
p1udt17977-p1udt3791xx,C,7.19955785679463,line-to-ground,POINT(-97.7265356468058 30.4189289035254),1
p1udt17977-p1udt3791xxx,C,7.19955785679463,line-to-ground,POINT(-97.7267348193972 30.4185624894495),1
p1udt18560-p1udt8808xx,B,7.19955785679463,line-to-ground,POINT(-97.7257207833768 30.4200238600278),1
p1udt18560-p1udt8808x,B,7.19955785679463,line-to-ground,POINT(-97.7255237668389 30.420427556095),1
p1udt8808-p1udt924xx,B,7.19955785679463,line-to-ground,POINT(-97.7258695694221 30.4197907159014),1
p1udt8808-p1udt924x,B,7.19955785679463,line-to-ground,POINT(-97.7256655911308 30.4200853221595),1
p1udt19325-p1udt924xx,B,7.19955785679463,line-to-ground,POINT(-97.7263291318287 30.4196079142521),1
p1udt19325-p1udt924xxx,B,7.19955785679463,line-to-ground,POINT(-97.7259036905567 30.4198627808623),1
p1udt2103-p1udt2104x,A,7.19955785679463,line-to-ground,POINT(-97.7298668968406 30.4262630244822),1
p1udt2103-p1udt2104xx,A,7.19955785679463,line-to-ground,POINT(-97.7297854701598 30.4264563480864),1
p1udt2103-p1udt5806xx,A,7.19955785679463,line-to-ground,POINT(-97.7299088826343 30.4259283714413),1
p1udt2103-p1udt5806x,A,7.19955785679463,line-to-ground,POINT(-97.7299010230268 30.4263350884757),1
p1udt23837-p1udt5806x,A,7.19955785679463,line-to-ground,POINT(-97.7296246592902 30.4254925579532),1
p1udt23837-p1udt5806xx,A,7.19955785679463,line-to-ground,POINT(-97.7299661626737 30.4258683694868),1
p1udt1533-p1udt23837x,A,7.19955785679463,line-to-ground,POINT(-97.7293382954685 30.4252743798872),1
p1udt1533-p1udt23837xx,A,7.19955785679463,line-to-ground,POINT(-97.7296798522898 30.425431094213),1
p1udt1533-p1udt3270xx,A,7.19955785679463,line-to-ground,POINT(-97.7293920689838 30.4246338232893),1
p1udt1533-p1udt3270x,A,7.19955785679463,line-to-ground,POINT(-97.729283102352 30.4253358434809),1
p1udt16486-p1udt3270x,A,7.19955785679463,line-to-ground,POINT(-97.7293886260229 30.4243893584121),1
p1udt16486-p1udt3270xx,A,7.19955785679463,line-to-ground,POINT(-97.7293027510357 30.4246232227922),1
p1udt16486-p1udt5300xx,A,7.19955785679463,line-to-ground,POINT(-97.7293136096868 30.4239658137552),1
p1udt16486-p1udt5300x,A,7.19955785679463,line-to-ground,POINT(-97.7293545006389 30.4243172942916),1
p1udt11691-p1udt5300x,A,7.19955785679463,line-to-ground,POINT(-97.7292786338741 30.4234511658242),1
p1udt11691-p1udt5300xx,A,7.19955785679463,line-to-ground,POINT(-97.7292584173231 30.4240272773709),1
p1udt11691-p1udt3269xx,A,7.19955785679463,line-to-ground,POINT(-97.7292354406064 30.4230623074468),1
p1udt11691-p1udt3269x,A,7.19955785679463,line-to-ground,POINT(-97.729223441791 30.4235126294374),1
p1udt3269-p1udt8010xx,A,7.19955785679463,line-to-ground,POINT(-97.7290853002472 30.4229247935794),1
p1udt3269-p1udt8010x,A,7.19955785679463,line-to-ground,POINT(-97.7291461241049 30.423051706881),1
p1udt8009-p1udt8010x,A,7.19955785679463,line-to-ground,POINT(-97.7287385896721 30.4225436138448),1
p1udt8009-p1udt8010xx,A,7.19955785679463,line-to-ground,POINT(-97.7291404920697 30.4228633300122),1
p1udt14499-p1udt8009xx,A,7.19955785679463,line-to-ground,POINT(-97.7282597646069 30.4223450801145),1
p1udt14499-p1udt8009xxx,A,7.19955785679463,line-to-ground,POINT(-97.7286833977915 30.4226050772429),1
p1udt13351-p1udt13651x,C,7.19955785679463,line-to-ground,POINT(-97.7293572510603 30.4270250137602),1
p1udt13351-p1udt13651xx,C,7.19955785679463,line-to-ground,POINT(-97.7294851673751 30.4271288012151),1
p1udt13351-p1udt7172xx,C,7.19955785679463,line-to-ground,POINT(-97.7290873938352 30.4269592259982),1
p1udt13351-p1udt7172x,C,7.19955785679463,line-to-ground,POINT(-97.7293913771109 30.4270970778756),1
p1udt11694-p1udt7172x,C,7.19955785679463,line-to-ground,POINT(-97.7287519320006 30.4269547996205),1
p1udt11694-p1udt7172xx,C,7.19955785679463,line-to-ground,POINT(-97.7291215196637 30.4270312901786),1
p1udt11694-p1udt7603xx,C,7.19955785679463,line-to-ground,POINT(-97.7284753515043 30.4268193096502),1
p1udt11694-p1udt7603x,C,7.19955785679463,line-to-ground,POINT(-97.7288071263917 30.4268933363016),1
p1udt11693-p1udt7603x,C,7.19955785679463,line-to-ground,POINT(-97.727992974818 30.426571412802),1
p1udt11693-p1udt7603xx,C,7.19955785679463,line-to-ground,POINT(-97.7283863876266 30.4268064170052),1
p1udt2682-p1udt3272xx,C,7.19955785679463,line-to-ground,POINT(-97.7288100181826 30.4277681373462),1
p1udt2682-p1udt3272x,C,7.19955785679463,line-to-ground,POINT(-97.7291010272682 30.42784689618),1
p1udt292-p1udt3272x,C,7.19955785679463,line-to-ground,POINT(-97.7284957400788 30.4276211608879),1
p1udt292-p1udt3272xx,C,7.19955785679463,line-to-ground,POINT(-97.7287206974688 30.4277575363764),1
p1udt15518-p1udt292x,C,7.19955785679463,line-to-ground,POINT(-97.7281602760638 30.4276167329262),1
p1udt15518-p1udt292xx,C,7.19955785679463,line-to-ground,POINT(-97.7285298656785 30.4276932252101),1
p1udt1534-p1udt15518x,C,7.19955785679463,line-to-ground,POINT(-97.728022200692 30.4274987974845),1
p1udt1534-p1udt15518xx,C,7.19955785679463,line-to-ground,POINT(-97.7282495965747 30.4276273342745),1
p1udt1534-p1udt5808xx,C,7.19955785679463,line-to-ground,POINT(-97.7278764853907 30.4272000722597),1
p1udt1534-p1udt5808x,C,7.19955785679463,line-to-ground,POINT(-97.7279880755329 30.42742673304),1
p1udt5808-p1udt8802xx,C,7.19955785679463,line-to-ground,POINT(-97.7279107612916 30.4269658100986),1
p1udt5808-p1udt8802x,C,7.19955785679463,line-to-ground,POINT(-97.727910610394 30.4272721367313),1
p1udt11693-p1udt8802x,C,7.19955785679463,line-to-ground,POINT(-97.7279493500259 30.4266565842113),1
p1udt11693-p1udt8802xx,C,7.19955785679463,line-to-ground,POINT(-97.7279448862454 30.4270378745622),1
p1udt11693-p1udt13650xx,C,7.19955785679463,line-to-ground,POINT(-97.7280677143505 30.4263984433545),1
p1udt11693-p1udt13650x,C,7.19955785679463,line-to-ground,POINT(-97.7279223351134 30.4265950578951),1
p1udt13650-p1udt20017xx,C,7.19955785679463,line-to-ground,POINT(-97.7280334913165 30.4261537825747),1
p1udt13650-p1udt20017x,C,7.19955785679463,line-to-ground,POINT(-97.72803358951 30.42632637892),1
p1udt18562-p1udt20017x,C,7.19955785679463,line-to-ground,POINT(-97.7285349373155 30.4254019012153),1
p1udt18562-p1udt20017xx,C,7.19955785679463,line-to-ground,POINT(-97.7280886856766 30.4260923195523),1
p1udt18562-p1udt21621xx,C,7.19955785679463,line-to-ground,POINT(-97.7283449798595 30.4247955141709),1
p1udt18562-p1udt21621x,C,7.19955785679463,line-to-ground,POINT(-97.7284797436333 30.4254633644518),1
p1udt17377-p1udt21621x,C,7.19955785679463,line-to-ground,POINT(-97.7283708004966 30.4247050848088),1
p1udt17377-p1udt21621xx,C,7.19955785679463,line-to-ground,POINT(-97.7283791044414 30.4248675785319),1
p1udt11357-p1udt17377x,C,7.19955785679463,line-to-ground,POINT(-97.7284660468139 30.4242914091586),1
p1udt11357-p1udt17377xx,C,7.19955785679463,line-to-ground,POINT(-97.7283366759729 30.4246330204457),1
p1udt11357-p1udt2681xx,C,7.19955785679463,line-to-ground,POINT(-97.7284630935181 30.4240112178249),1
p1udt11357-p1udt2681x,C,7.19955785679463,line-to-ground,POINT(-97.7285001713247 30.4243634734909),1
p1udt2681-p1udt7601xx,C,7.19955785679463,line-to-ground,POINT(-97.7283920087176 30.42357787599),1
p1udt2681-p1udt7601x,C,7.19955785679463,line-to-ground,POINT(-97.7284289691479 30.4239391534834),1
p1udt1530-p1udt7601x,C,7.19955785679463,line-to-ground,POINT(-97.7283745817414 30.423316041063),1
p1udt1530-p1udt7601xx,C,7.19955785679463,line-to-ground,POINT(-97.7284261329445 30.4236499403407),1
p1udt1530-p1udt16003xx,C,7.19955785679463,line-to-ground,POINT(-97.728268051059 30.4231923238468),1
p1udt1530-p1udt16003x,C,7.19955785679463,line-to-ground,POINT(-97.7283193891852 30.4233775042812),1
p1udt16484-p1udt23476xx,B,7.19955785679463,line-to-ground,POINT(-97.7262348950703 30.4214350049546),1
p1udt16484-p1udt23476xxx,B,7.19955785679463,line-to-ground,POINT(-97.726014466307 30.4219210172357),1
p1udt14497,C,7.19955785679463,line-to-ground,POINT(-97.7281893637801 30.4213224932235),1
p1udt21620,C,7.19955785679463,line-to-ground,POINT(-97.7290087137331 30.4215650695927),1
p1udt14497-p1udt8800x,C,7.19955785679463,line-to-ground,POINT(-97.7273400431136 30.4208889328823),1
p1udt13951-p1udt21910x,B,7.19955785679463,line-to-ground,POINT(-97.7295196994707 30.4199334056163),1
p1udt13951-p1udt21910xx,B,7.19955785679463,line-to-ground,POINT(-97.729479311314 30.4195508199767),1
p1udt13951-p1udt3794xx,B,7.19955785679463,line-to-ground,POINT(-97.7292374477327 30.4202025063858),1
p1udt13951-p1udt3794x,B,7.19955785679463,line-to-ground,POINT(-97.7296090131939 30.4199440058519),1
p1udt285-p1udt3794x,B,7.19955785679463,line-to-ground,POINT(-97.7288809552977 30.4202159219313),1
p1udt285-p1udt3794xx,B,7.19955785679463,line-to-ground,POINT(-97.7292715715082 30.4202745705362),1
p1udt285-p1udt8406xx,B,7.19955785679463,line-to-ground,POINT(-97.7287388257223 30.4201164452598),1
p1udt285-p1udt8406x,B,7.19955785679463,line-to-ground,POINT(-97.7289702691916 30.420226522609),1
p1udt3292-p1udt8406x,B,7.19955785679463,line-to-ground,POINT(-97.7284861984058 30.4201489170144),1
p1udt3292-p1udt8406xx,B,7.19955785679463,line-to-ground,POINT(-97.7286836352659 30.4201779087191),1
p1udt12380-p1udt3292x,B,7.19955785679463,line-to-ground,POINT(-97.7282742106226 30.4201114684442),1
p1udt12380-p1udt3292xx,B,7.19955785679463,line-to-ground,POINT(-97.7285755121859 30.4201595179593),1
p1udt12380-p1udt1548xx,B,7.19955785679463,line-to-ground,POINT(-97.7278453319679 30.4199723972293),1
p1udt12380-p1udt1548x,B,7.19955785679463,line-to-ground,POINT(-97.7281848969264 30.4201008672952),1
p1udt1548-p1udt923xx,B,7.19955785679463,line-to-ground,POINT(-97.7276006545344 30.41995937497),1
p1udt1548-p1udt923x,B,7.19955785679463,line-to-ground,POINT(-97.7277901410501 30.4200338602985),1
p1udt7180-p1udt923x,B,7.19955785679463,line-to-ground,POINT(-97.7272657408566 30.4200023881189),1
p1udt7180-p1udt923xx,B,7.19955785679463,line-to-ground,POINT(-97.7276323342948 30.4200322690511),1
p1udt306-p1udt7180xx,B,7.19955785679463,line-to-ground,POINT(-97.7268289600632 30.420052831911),1
p1udt306-p1udt7180xxx,B,7.19955785679463,line-to-ground,POINT(-97.7271764273945 30.4199917862856),1
p1udt13950-p1udt921x,A,7.19955785679463,line-to-ground,POINT(-97.7273952264832 30.4191299863174),1
p1udt13950-p1udt921xx,A,7.19955785679463,line-to-ground,POINT(-97.7275319621096 30.4189132462729),1
p1udt11031-p1udt3793xx,A,7.19955785679463,line-to-ground,POINT(-97.7287969074051 30.4193816057645),1
p1udt11031-p1udt3793x,A,7.19955785679463,line-to-ground,POINT(-97.7290356461966 30.4193700183267),1
p1udt19856-p1udt3793xx,A,7.19955785679463,line-to-ground,POINT(-97.7286904129724 30.4193847595282),1
p1udt19856-p1udt3793x,A,7.19955785679463,line-to-ground,POINT(-97.7286401751078 30.4193881272726),1
p1udt13031-p1udt3793x,A,7.19955785679463,line-to-ground,POINT(-97.7283439158119 30.4192928996517),1
p1udt13031-p1udt3793xx,A,7.19955785679463,line-to-ground,POINT(-97.7287588619076 30.4194296398253),1
p1udt13031-p1udt16007xx,A,7.19955785679463,line-to-ground,POINT(-97.7279491630413 30.4192258932172),1
p1udt13031-p1udt16007x,A,7.19955785679463,line-to-ground,POINT(-97.7282866388006 30.4193529010341),1
p1udt13950-p1udt16007x,A,7.19955785679463,line-to-ground,POINT(-97.727378543659 30.4191942485685),1
p1udt13950-p1udt16007xx,A,7.19955785679463,line-to-ground,POINT(-97.7278602061001 30.4192130003964),1
p1udt13950-p1udt306xx,A,7.19955785679463,line-to-ground,POINT(-97.7268986269957 30.4198865725268),1
p1udt13950-p1udt306x,A,7.19955785679463,line-to-ground,POINT(-97.7273045927742 30.4191801310234),1
p1udt1557-p1udt8426x,B,7.19955785679463,line-to-ground,POINT(-97.7213044495426 30.4180379245648),1
p1udt1557-p1udt8426xx,B,7.19955785679463,line-to-ground,POINT(-97.7215718222209 30.417568439998),1
p1udt1557-p1udt20496x,B,7.19955785679463,line-to-ground,POINT(-97.7212774410231 30.4179763969803),1
p1udt1557-p1udt20496xx,B,7.19955785679463,line-to-ground,POINT(-97.7210941331877 30.4182779172345),1
p1udt1557-p1udt2123xx,B,7.19955785679463,line-to-ground,POINT(-97.7208542112496 30.4175655290015),1
p1udt1557-p1udt2123x,B,7.19955785679463,line-to-ground,POINT(-97.7213757486536 30.4180141533325),1
p1udt2123-p1udt7615xx,B,7.19955785679463,line-to-ground,POINT(-97.7203265015745 30.4173167383253),1
p1udt2123-p1udt7615x,B,7.19955785679463,line-to-ground,POINT(-97.7209431656016 30.4175784265314),1
p1udt7183-p1udt7615x,B,7.19955785679463,line-to-ground,POINT(-97.7198050610764 30.4170349183667),1
p1udt7183-p1udt7615xx,B,7.19955785679463,line-to-ground,POINT(-97.72035817508 30.4173896340222),1
p1udt15528-p1udt7183xx,B,7.19955785679463,line-to-ground,POINT(-97.7189660956777 30.416763283257),1
p1udt15528-p1udt7183xxx,B,7.19955785679463,line-to-ground,POINT(-97.719716107394 30.4170220200784),1
p1udt8021,A,7.19955785679463,line-to-ground,POINT(-97.7206132018094 30.4189238981516),1
p1udt11035,A,7.19955785679463,line-to-ground,POINT(-97.7209232677121 30.4188514023463),1
p1udt7185,A,7.19955785679463,line-to-ground,POINT(-97.72051794264 30.4183341808901),1
p1udt13034-p1udt7185x,A,7.19955785679463,line-to-ground,POINT(-97.7200028749837 30.4180907009053),1
p1udt13034-p1udt7185xx,A,7.19955785679463,line-to-ground,POINT(-97.7204794928068 30.4183079863301),1
p1udt13034-p1udt1556xx,A,7.19955785679463,line-to-ground,POINT(-97.7195062758207 30.4178512348676),1
p1udt13034-p1udt1556x,A,7.19955785679463,line-to-ground,POINT(-97.7199687588126 30.418018634524),1
p1udt13033-p1udt1556x,A,7.19955785679463,line-to-ground,POINT(-97.7191080789961 30.4172518153287),1
p1udt13033-p1udt1556xx,A,7.19955785679463,line-to-ground,POINT(-97.7194721600962 30.4177791683667),1
p1udt13033-p1udt15528xx,A,7.19955785679463,line-to-ground,POINT(-97.7191367667607 30.4167332521453),1
p1udt13033-p1udt15528x,A,7.19955785679463,line-to-ground,POINT(-97.71907396376 30.4171797487316),1
p1udt13360-p1udt3799x,ABC,7.19955785679463,line-to-ground,POINT(-97.7174037978716 30.41761403656),1
p1udt13360-p1udt3799xx,ABC,7.19955785679463,line-to-ground,POINT(-97.7177691161123 30.4174466503787),1
p1udt15281-p1udt8811x,B,7.19955785679463,line-to-ground,POINT(-97.7162230876162 30.4165467586561),1
p1udt15281-p1udt8811xx,B,7.19955785679463,line-to-ground,POINT(-97.7157697271335 30.4163527443296),1
p1udt15281-p1udt926xx,B,7.19955785679463,line-to-ground,POINT(-97.7166862668579 30.4166600390522),1
p1udt15281-p1udt926x,B,7.19955785679463,line-to-ground,POINT(-97.716188974755 30.4164746913651),1
p1udt1555-p1udt926x,B,7.19955785679463,line-to-ground,POINT(-97.7171565158652 30.4168175988169),1
p1udt1555-p1udt926xx,B,7.19955785679463,line-to-ground,POINT(-97.7167203801488 30.4167321062235),1
p1udt1555-p1udt7184xx,B,7.19955785679463,line-to-ground,POINT(-97.7175305493857 30.4168754111519),1
p1udt1555-p1udt7184x,B,7.19955785679463,line-to-ground,POINT(-97.7170672066475 30.4168069901751),1
p1udt13360-p1udt7184xx,B,7.19955785679463,line-to-ground,POINT(-97.7175192713387 30.4175762749397),1
p1udt13360-p1udt7184xxx,B,7.19955785679463,line-to-ground,POINT(-97.7174964354453 30.4168033441753),1
p1udt13360-p1udt17155xx,ABC,7.19955785679463,line-to-ground,POINT(-97.7172186973116 30.4179587229187),1
p1udt13360-p1udt17155x,ABC,7.19955785679463,line-to-ground,POINT(-97.7174819736478 30.4176791536813),1
p1udt17155-p1udt20937xx,ABC,7.19955785679463,line-to-ground,POINT(-97.7171415596116 30.4180524294192),1
p1udt17155-p1udt20937x,ABC,7.19955785679463,line-to-ground,POINT(-97.7172308704191 30.4178982686585),1
p1udt12381-p1udt20937x,ABC,7.19955785679463,line-to-ground,POINT(-97.7170826988654 30.4181888096165),1
p1udt12381-p1udt20937xx,ABC,7.19955785679463,line-to-ground,POINT(-97.7171732309364 30.4181253258199),1
p1udt12381-p1udt15530xx,ABC,7.19955785679463,line-to-ground,POINT(-97.7168788162591 30.4184743797907),1
p1udt12381-p1udt15530x,ABC,7.19955785679463,line-to-ground,POINT(-97.7171168129408 30.4182608766913),1
p1udt15530-p1udt5320xx,ABC,7.19955785679463,line-to-ground,POINT(-97.7167852082349 30.4186460549323),1
p1udt15530-p1udt5320x,ABC,7.19955785679463,line-to-ground,POINT(-97.7169681269636 30.4184849886017),1
p1udt5320-p1udt8813xx,ABC,7.19955785679463,line-to-ground,POINT(-97.7161363417431 30.4185320518222),1
p1udt5320-p1udt8813x,ABC,7.19955785679463,line-to-ground,POINT(-97.7167300113391 30.4187075131602),1
p1udt13035-p1udt8813xx,A,7.19955785679463,line-to-ground,POINT(-97.7162379264121 30.4184629740451),1
p1udt13035-p1udt8813x,A,7.19955785679463,line-to-ground,POINT(-97.7162629811958 30.4184259554339),1
p1udt8813-p1udt8814xx,ABC,7.19955785679463,line-to-ground,POINT(-97.7157212132361 30.4183012925759),1
p1udt8813-p1udt8814x,ABC,7.19955785679463,line-to-ground,POINT(-97.7161660640924 30.4185837124246),1
p1udt309-p1udt8814x,ABC,7.19955785679463,line-to-ground,POINT(-97.7151120086224 30.418114078331),1
p1udt309-p1udt8814xx,ABC,7.19955785679463,line-to-ground,POINT(-97.7156871001876 30.4182292251658),1
p1udt309-p1udt4787xx,ABC,7.19955785679463,line-to-ground,POINT(-97.7148961295649 30.4180308004524),1
p1udt309-p1udt4787x,ABC,7.19955785679463,line-to-ground,POINT(-97.7150803388526 30.4180411814741),1
p1udt308-p1udt4787x,ABC,7.19955785679463,line-to-ground,POINT(-97.7143755312207 30.4180346977176),1
p1udt308-p1udt4787xx,ABC,7.19955785679463,line-to-ground,POINT(-97.7149513271835 30.4179693430158),1
p1udt308-p1udt4316xx,ABC,7.19955785679463,line-to-ground,POINT(-97.7139563075707 30.4182471187088),1
p1udt308-p1udt4316x,ABC,7.19955785679463,line-to-ground,POINT(-97.7144307291595 30.4179732405106),1
p1udt18954-p1udt4316x,ABC,7.19955785679463,line-to-ground,POINT(-97.7137039230459 30.4185042908409),1
p1udt18954-p1udt4316xx,ABC,7.19955785679463,line-to-ground,POINT(-97.7140456176764 30.4182577295048),1
p1udt18361-p1udt18954x,ABC,7.19955785679463,line-to-ground,POINT(-97.7134923193687 30.4189868927277),1
p1udt18361-p1udt18954xx,ABC,7.19955785679463,line-to-ground,POINT(-97.7137445545253 30.4184540284367),1
p1udt11036-p1udt18361x,ABC,7.19955785679463,line-to-ground,POINT(-97.7134629120496 30.4190572900798),1
p1udt11036-p1udt18361xx,ABC,7.19955785679463,line-to-ground,POINT(-97.7135475182029 30.4189254359323),1
p1udt11036-p1udt12703xx,ABC,7.19955785679463,line-to-ground,POINT(-97.7127303290612 30.4191259378243),1
p1udt11036-p1udt12703x,ABC,7.19955785679463,line-to-ground,POINT(-97.7134192784099 30.4191424564625),1
p1udt12703,ABC,7.19955785679463,line-to-ground,POINT(-97.7127618064413 30.4190880636314),1
p1udt13037-p1udt8024xx,ABC,7.19955785679463,line-to-ground,POINT(-97.7116895633785 30.4253734621793),1
p1udt13037-p1udt8024x,ABC,7.19955785679463,line-to-ground,POINT(-97.7111996660152 30.4257579213641),1
p1udt24269-p1udt8024x,ABC,7.19955785679463,line-to-ground,POINT(-97.7118661305388 30.4251638828989),1
p1udt24269-p1udt8024xx,ABC,7.19955785679463,line-to-ground,POINT(-97.7116006034501 30.4253605581895),1
p1udt21911-p1udt24269x,ABC,7.19955785679463,line-to-ground,POINT(-97.7118796530411 30.4249577365129),1
p1udt21911-p1udt24269xx,ABC,7.19955785679463,line-to-ground,POINT(-97.7117971487585 30.4251789939483),1
p1udt14230-p1udt21911x,ABC,7.19955785679463,line-to-ground,POINT(-97.7119647136634 30.4248232322788),1
p1udt14230-p1udt21911xx,ABC,7.19955785679463,line-to-ground,POINT(-97.711968968954 30.4249683488886),1
p1udt14230-p1udt22785xx,ABC,7.19955785679463,line-to-ground,POINT(-97.7121838534773 30.4246275244886),1
p1udt14230-p1udt22785x,ABC,7.19955785679463,line-to-ground,POINT(-97.7120540294658 30.4248338445932),1
p1udt11360,ABC,7.19955785679463,line-to-ground,POINT(-97.7131672482452 30.4239283217804),1
p1udt22785,ABC,7.19955785679463,line-to-ground,POINT(-97.7121379211329 30.4246129344177),1
p1udt21217,ABC,7.19955785679463,line-to-ground,POINT(-97.713476840018 30.4233448841961),1
p1udt22035,ABC,7.19955785679463,line-to-ground,POINT(-97.7153492320302 30.4217956302892),1
p1udt10677-p1udt9930x,ABC,7.19955785679463,line-to-ground,POINT(-97.7156668325326 30.4311945003666),1
p1udt10677-p1udt9930xx,ABC,7.19955785679463,line-to-ground,POINT(-97.7159711933674 30.4314209565962),1
p1udt10677-p1udt13941xx,ABC,7.19955785679463,line-to-ground,POINT(-97.7150678740254 30.4309077318524),1
p1udt10677-p1udt13941x,ABC,7.19955785679463,line-to-ground,POINT(-97.7155775104737 30.4311838903575),1
p1udt11355-p1udt13941x,ABC,7.19955785679463,line-to-ground,POINT(-97.7149023631348 30.4308248961853),1
p1udt11355-p1udt13941xx,ABC,7.19955785679463,line-to-ground,POINT(-97.7150995475781 30.4309806286912),1
p1udt11355-p1udt12032xx,ABC,7.19955785679463,line-to-ground,POINT(-97.7152794924974 30.4305590849428),1
p1udt11355-p1udt12032x,ABC,7.19955785679463,line-to-ground,POINT(-97.7149913285168 30.4308377980686),1
p1udt12032-p1udt3261xx,ABC,7.19955785679463,line-to-ground,POINT(-97.7154512660423 30.4302224785276),1
p1udt12032-p1udt3261x,ABC,7.19955785679463,line-to-ground,POINT(-97.7152453758556 30.4304870174363),1
p1udt13341-p1udt3261x,ABC,7.19955785679463,line-to-ground,POINT(-97.7149205794212 30.4298806736289),1
p1udt13341-p1udt3261xx,ABC,7.19955785679463,line-to-ground,POINT(-97.7155191120467 30.4302049246125),1
p1udt13341-p1udt8413xx,ABC,7.19955785679463,line-to-ground,POINT(-97.7144795125089 30.4296602027131),1
p1udt13341-p1udt8413x,ABC,7.19955785679463,line-to-ground,POINT(-97.7148316149144 30.4298677717207),1
p1udt11025-p1udt11026x,ABC,7.19955785679463,line-to-ground,POINT(-97.7155104249196 30.4284571865329),1
p1udt11025-p1udt11026xx,ABC,7.19955785679463,line-to-ground,POINT(-97.7160082349195 30.4286661753956),1
p1udt11025-p1udt11697xx,ABC,7.19955785679463,line-to-ground,POINT(-97.7153838993591 30.4286567309399),1
p1udt11025-p1udt11697x,ABC,7.19955785679463,line-to-ground,POINT(-97.7155812869692 30.4284608972467),1
p1udt11697-p1udt22528xx,ABC,7.19955785679463,line-to-ground,POINT(-97.7152372488794 30.4290157522511),1
p1udt11697-p1udt22528x,ABC,7.19955785679463,line-to-ground,POINT(-97.7154180155184 30.4287287984146),1
p1udt22528-p1udt22529xx,ABC,7.19955785679463,line-to-ground,POINT(-97.7149620742851 30.4293559137951),1
p1udt22528-p1udt22529x,ABC,7.19955785679463,line-to-ground,POINT(-97.7152031327631 30.4289436847332),1
p1udt22529-p1udt8413xx,ABC,7.19955785679463,line-to-ground,POINT(-97.7144088675675 30.4296838403236),1
p1udt22529-p1udt8413x,ABC,7.19955785679463,line-to-ground,POINT(-97.714927958265 30.4292838462113),1
p1udt8399-p1udt8413x,ABC,7.19955785679463,line-to-ground,POINT(-97.7140888664906 30.4295721783159),1
p1udt8399-p1udt8413xx,ABC,7.19955785679463,line-to-ground,POINT(-97.7144358746672 30.4297453691907),1
p1udt12698-p1udt8399x,ABC,7.19955785679463,line-to-ground,POINT(-97.7137693004169 30.4293759136921),1
p1udt12698-p1udt8399xx,ABC,7.19955785679463,line-to-ground,POINT(-97.7141440713786 30.4295107215277),1
p1udt12698-p1udt9942xx,ABC,7.19955785679463,line-to-ground,POINT(-97.713526804607 30.4292335003175),1
p1udt12698-p1udt9942x,ABC,7.19955785679463,line-to-ground,POINT(-97.7138193425833 30.4293320998857),1
p1udt10309-p1udt9942x,ABC,7.19955785679463,line-to-ground,POINT(-97.7134277825801 30.4286643098599),1
p1udt10309-p1udt9942xx,ABC,7.19955785679463,line-to-ground,POINT(-97.713492689696 30.4291614323887),1
p1udt16708-p1udt7607xx,ABC,7.19955785679463,line-to-ground,POINT(-97.7127316285746 30.4296865264665),1
p1udt16708-p1udt7607x,ABC,7.19955785679463,line-to-ground,POINT(-97.7117942974986 30.4295296054103),1
p1udt14505-p1udt7607x,ABC,7.19955785679463,line-to-ground,POINT(-97.7128416989172 30.4295288833131),1
p1udt14505-p1udt7607xx,ABC,7.19955785679463,line-to-ground,POINT(-97.7126782788291 30.429690464644),1
p1udt14505-p1udt16715xx,ABC,7.19955785679463,line-to-ground,POINT(-97.7128757799924 30.4289771941356),1
p1udt14505-p1udt16715x,ABC,7.19955785679463,line-to-ground,POINT(-97.7128989913092 30.429468889241),1
p1udt10309-p1udt16715x,ABC,7.19955785679463,line-to-ground,POINT(-97.7134001121214 30.4286029103184),1
p1udt10309-p1udt16715xx,ABC,7.19955785679463,line-to-ground,POINT(-97.712870757042 30.4288833814851),1
p1udt10309-p1udt24466xx,ABC,7.19955785679463,line-to-ground,POINT(-97.7135154559042 30.4285115561472),1
p1udt10309-p1udt24466x,ABC,7.19955785679463,line-to-ground,POINT(-97.7133294677139 30.4286265473627),1
p1udt10695-p1udt24466x,ABC,7.19955785679463,line-to-ground,POINT(-97.7137085843067 30.4281239315216),1
p1udt10695-p1udt24466xx,ABC,7.19955785679463,line-to-ground,POINT(-97.7134261365689 30.4285009447381),1
p1udt10695-p1udt21908xx,ABC,7.19955785679463,line-to-ground,POINT(-97.7139516460666 30.4278030450896),1
p1udt10695-p1udt21908x,ABC,7.19955785679463,line-to-ground,POINT(-97.7136375469723 30.428125197359),1
p1udt1536-p1udt21908x,ABC,7.19955785679463,line-to-ground,POINT(-97.7142404206013 30.4272781118069),1
p1udt1536-p1udt21908xx,ABC,7.19955785679463,line-to-ground,POINT(-97.7138623273154 30.4277924339951),1
p1udt1536-p1udt5810xx,ABC,7.19955785679463,line-to-ground,POINT(-97.7144110134925 30.4269436292986),1
p1udt1536-p1udt5810x,ABC,7.19955785679463,line-to-ground,POINT(-97.71430826474 30.4272605584614),1
p1udt4301-p1udt5810x,ABC,7.19955785679463,line-to-ground,POINT(-97.7144422493223 30.4264447107883),1
p1udt4301-p1udt5810xx,ABC,7.19955785679463,line-to-ground,POINT(-97.7144765210901 30.4269203005625),1
p1udt4301-p1udt9941xx,ABC,7.19955785679463,line-to-ground,POINT(-97.7147155696402 30.4260871199938),1
p1udt4301-p1udt9941x,ABC,7.19955785679463,line-to-ground,POINT(-97.7144974521578 30.4263832537651),1
p1udt24781,ABC,7.19955785679463,line-to-ground,POINT(-97.7157813188207 30.4251259866761),1
p1udt9941,ABC,7.19955785679463,line-to-ground,POINT(-97.7146696362091 30.4260725307867),1
p1udt22526,ABC,7.19955785679463,line-to-ground,POINT(-97.7150711331497 30.4239493698005),1
p1udt15270,ABC,7.19955785679463,line-to-ground,POINT(-97.7150038040832 30.4204364997294),1
p1udt15270_b1_1,ABC,7.19955785679463,line-to-ground,POINT(-97.7148797148761 30.4198146581229),1
p1udt10725-p1udt13685x,ABC,7.19955785679463,line-to-ground,POINT(-97.7264103066597 30.408616562929),1
p1udt10725-p1udt13685xx,ABC,7.19955785679463,line-to-ground,POINT(-97.7272871995216 30.4080532765027),1
p1udt10725-p1udt21386x,ABC,7.19955785679463,line-to-ground,POINT(-97.7263551215261 30.4086780256519),1
p1udt10725-p1udt21386xx,ABC,7.19955785679463,line-to-ground,POINT(-97.7254987606996 30.4085621024929),1
p1udt21925,ABC,7.19955785679463,line-to-ground,POINT(-97.7265022528236 30.4103826118331),1
p1udt10725,ABC,7.19955785679463,line-to-ground,POINT(-97.7264032748243 30.4086611790218),1
p1udt19502,ABC,7.19955785679463,line-to-ground,POINT(-97.7264450528316 30.4110530785486),1
p1udt9943,ABC,7.19955785679463,line-to-ground,POINT(-97.7264874896531 30.4112723892231),1
p1udt10310,ABC,7.19955785679463,line-to-ground,POINT(-97.7246351695637 30.4114651877092),1
p1udt17578,ABC,7.19955785679463,line-to-ground,POINT(-97.724109325542 30.411628135576),1
p1udt3280,ABC,7.19955785679463,line-to-ground,POINT(-97.7236236545519 30.4125168873925),1
p1udt3280-p1udt6738xx,ABC,7.19955785679463,line-to-ground,POINT(-97.7231333189469 30.4128023958788),1
p1udt3280-p1udt6738x,ABC,7.19955785679463,line-to-ground,POINT(-97.7235959902644 30.412478082126),1
p1udt15278-p1udt6738x,ABC,7.19955785679463,line-to-ground,POINT(-97.7229186755429 30.4132378473631),1
p1udt15278-p1udt6738xx,ABC,7.19955785679463,line-to-ground,POINT(-97.7231924027783 30.4127236583686),1
p1udt15278-p1udt17979xx,ABC,7.19955785679463,line-to-ground,POINT(-97.722605724631 30.4136130412708),1
p1udt15278-p1udt17979x,ABC,7.19955785679463,line-to-ground,POINT(-97.7228845587527 30.4131657816786),1
p1udt17979-p1udt19326xx,ABC,7.19955785679463,line-to-ground,POINT(-97.7226267016369 30.4140741245346),1
p1udt17979-p1udt19326x,ABC,7.19955785679463,line-to-ground,POINT(-97.722695031696 30.4136236460622),1
p1udt19326-p1udt2118xx,ABC,7.19955785679463,line-to-ground,POINT(-97.7229030513307 30.4144377455442),1
p1udt19326-p1udt2118x,ABC,7.19955785679463,line-to-ground,POINT(-97.7225925847966 30.4140020587807),1
p1udt2118-p1udt24575xx,ABC,7.19955785679463,line-to-ground,POINT(-97.7230365301718 30.4146724843488),1
p1udt2118-p1udt24575x,ABC,7.19955785679463,line-to-ground,POINT(-97.7228689341681 30.414365679857),1
p1udt24575-p1udt8423xx,ABC,7.19955785679463,line-to-ground,POINT(-97.7228254821941 30.4150937061443),1
p1udt24575-p1udt8423x,ABC,7.19955785679463,line-to-ground,POINT(-97.7231254822571 30.4146853803305),1
p1udt2691-p1udt8423x,ABC,7.19955785679463,line-to-ground,POINT(-97.7220159774837 30.4154035426574),1
p1udt2691-p1udt8423xx,ABC,7.19955785679463,line-to-ground,POINT(-97.7228197701473 30.4150325537418),1
p1udt11702-p1udt2691x,ABC,7.19955785679463,line-to-ground,POINT(-97.7215120590494 30.4152535339143),1
p1udt11702-p1udt2691xx,ABC,7.19955785679463,line-to-ground,POINT(-97.721926668896 30.41539293736),1
p1udt11702-p1udt8422xx,ABC,7.19955785679463,line-to-ground,POINT(-97.7211666458582 30.4150704004209),1
p1udt11702-p1udt8422x,ABC,7.19955785679463,line-to-ground,POINT(-97.7215672509977 30.4151920734913),1
p1udt3797-p1udt8422x,ABC,7.19955785679463,line-to-ground,POINT(-97.7209566305312 30.4149154047891),1
p1udt3797-p1udt8422xx,ABC,7.19955785679463,line-to-ground,POINT(-97.7211325297867 30.4149983343168),1
p1udt3797-p1udt5318xx,ABC,7.19955785679463,line-to-ground,POINT(-97.7203844179415 30.4147722123084),1
p1udt3797-p1udt5318x,ABC,7.19955785679463,line-to-ground,POINT(-97.7209907464452 30.4149874709355),1
p1udt17381-p1udt5318x,ABC,7.19955785679463,line-to-ground,POINT(-97.7197473266248 30.4153655281277),1
p1udt17381-p1udt5318xx,ABC,7.19955785679463,line-to-ground,POINT(-97.7203745139706 30.4146852852857),1
p1udt15003-p1udt17381x,ABC,7.19955785679463,line-to-ground,POINT(-97.7191616959075 30.4155379846518),1
p1udt15003-p1udt17381xx,ABC,7.19955785679463,line-to-ground,POINT(-97.7197097381113 30.4153131906543),1
p1udt15003-p1udt18360xx,ABC,7.19955785679463,line-to-ground,POINT(-97.7184567795815 30.4153411060331),1
p1udt15003-p1udt18360x,ABC,7.19955785679463,line-to-ground,POINT(-97.7191275811799 30.4154659180662),1
p1udt16256-p1udt18360x,ABC,7.19955785679463,line-to-ground,POINT(-97.7185768859707 30.4156766129189),1
p1udt16256-p1udt18360xx,ABC,7.19955785679463,line-to-ground,POINT(-97.7185559443627 30.4153790069983),1
p1udt16256-p1udt3295xx,ABC,7.19955785679463,line-to-ground,POINT(-97.7184546630985 30.4159736214675),1
p1udt16256-p1udt3295x,ABC,7.19955785679463,line-to-ground,POINT(-97.7184875775969 30.4156660052725),1
p1udt17784-p1udt3295x,ABC,7.19955785679463,line-to-ground,POINT(-97.7182193459069 30.4163750575215),1
p1udt17784-p1udt3295xx,ABC,7.19955785679463,line-to-ground,POINT(-97.7183994687906 30.4160350804989),1
p1udt17784-p1udt7614xx,ABC,7.19955785679463,line-to-ground,POINT(-97.7181411732234 30.4164471443307),1
p1udt17784-p1udt7614x,ABC,7.19955785679463,line-to-ground,POINT(-97.7182901993987 30.4163787665241),1
p1udt7614-p1udt9950xx,ABC,7.19955785679463,line-to-ground,POINT(-97.7179099030354 30.4168513602036),1
p1udt7614-p1udt9950x,ABC,7.19955785679463,line-to-ground,POINT(-97.7182301261391 30.4164600436726),1
p1udt3799-p1udt9950x,ABC,7.19955785679463,line-to-ground,POINT(-97.7177139205214 30.4175081090707),1
p1udt3799-p1udt9950xx,ABC,7.19955785679463,line-to-ground,POINT(-97.7179650981212 30.4167899014086),1
p1udt302-p1udt6733xx,ABC,7.19955785679463,line-to-ground,POINT(-97.7251402055548 30.4158315482253),1
p1udt302-p1udt6733x,ABC,7.19955785679463,line-to-ground,POINT(-97.7251924997461 30.4155904023352),1
p1udt11029-p1udt6733x,ABC,7.19955785679463,line-to-ground,POINT(-97.7247169316254 30.4161781493502),1
p1udt11029-p1udt6733xx,ABC,7.19955785679463,line-to-ground,POINT(-97.7251743248784 30.4159036133651),1
p1udt11029-p1udt14509xx,ABC,7.19955785679463,line-to-ground,POINT(-97.7240959229836 30.4166112438734),1
p1udt11029-p1udt14509x,ABC,7.19955785679463,line-to-ground,POINT(-97.7247721221586 30.4161166875381),1
p1udt12045-p1udt14509x,ABC,7.19955785679463,line-to-ground,POINT(-97.7234638702542 30.4167064393354),1
p1udt12045-p1udt14509xx,ABC,7.19955785679463,line-to-ground,POINT(-97.7239928331666 30.4165822414265),1
p1udt5816-p1udt6734xx,ABC,7.19955785679463,line-to-ground,POINT(-97.7246484636272 30.4172056405222),1
p1udt5816-p1udt6734x,ABC,7.19955785679463,line-to-ground,POINT(-97.7248771097665 30.4171107829518),1
p1udt3790-p1udt6734x,ABC,7.19955785679463,line-to-ground,POINT(-97.7243157039517 30.4174103720688),1
p1udt3790-p1udt6734xx,ABC,7.19955785679463,line-to-ground,POINT(-97.7247374182518 30.4172185354719),1
p1udt12046-p1udt3790x,ABC,7.19955785679463,line-to-ground,POINT(-97.7239313919539 30.4176331262798),1
p1udt12046-p1udt3790xx,ABC,7.19955785679463,line-to-ground,POINT(-97.724370895453 30.4173489104646),1
p1udt11690-p1udt16003x,ABC,7.19955785679463,line-to-ground,POINT(-97.7282903790126 30.422970734433),1
p1udt11690-p1udt16003xx,ABC,7.19955785679463,line-to-ground,POINT(-97.7284047165223 30.4232096916208),1
p1udt11690-p1udt14499xx,ABC,7.19955785679463,line-to-ground,POINT(-97.7283116527402 30.4224439870591),1
p1udt11690-p1udt14499x,ABC,7.19955785679463,line-to-ground,POINT(-97.7283793394128 30.4229836270517),1
p1udt14499-p1udt15266xx,ABC,7.19955785679463,line-to-ground,POINT(-97.7280146389132 30.4222041012779),1
p1udt14499-p1udt15266x,ABC,7.19955785679463,line-to-ground,POINT(-97.7283789818746 30.4223703714874),1
p1udt15266-p1udt8801xx,ABC,7.19955785679463,line-to-ground,POINT(-97.7275557176634 30.4220527137755),1
p1udt15266-p1udt8801x,ABC,7.19955785679463,line-to-ground,POINT(-97.727925679274 30.4221912084305),1
p1udt3268-p1udt8801x,ABC,7.19955785679463,line-to-ground,POINT(-97.7273758932541 30.4219433936978),1
p1udt3268-p1udt8801xx,ABC,7.19955785679463,line-to-ground,POINT(-97.7276450330456 30.4220633154005),1
p1udt14498-p1udt3268x,ABC,7.19955785679463,line-to-ground,POINT(-97.7268715811528 30.4218204699863),1
p1udt14498-p1udt3268xx,ABC,7.19955785679463,line-to-ground,POINT(-97.7272865780167 30.4219327918924),1
p1udt11018-p1udt14498x,ABC,7.19955785679463,line-to-ground,POINT(-97.7264579700447 30.4217815034531),1
p1udt11018-p1udt14498xx,ABC,7.19955785679463,line-to-ground,POINT(-97.7269608962326 30.4218310720718),1
p1udt11018-p1udt16484xx,ABC,7.19955785679463,line-to-ground,POINT(-97.7261462985136 30.4215117496605),1
p1udt11018-p1udt16484x,ABC,7.19955785679463,line-to-ground,POINT(-97.7264920922552 30.4218535682708),1
p1udt16484-p1udt18944xx,ABC,7.19955785679463,line-to-ground,POINT(-97.7261289363843 30.4213092451355),1
p1udt16484-p1udt18944x,ABC,7.19955785679463,line-to-ground,POINT(-97.7262493941606 30.4215407505508),1
p1udt18944-p1udt901xx,ABC,7.19955785679463,line-to-ground,POINT(-97.726132606766 30.4210011967326),1
p1udt18944-p1udt901x,ABC,7.19955785679463,line-to-ground,POINT(-97.7262178949449 30.4213221391798),1
p1udt3267-p1udt901x,ABC,7.19955785679463,line-to-ground,POINT(-97.7263820704483 30.4206681195336),1
p1udt3267-p1udt901xx,ABC,7.19955785679463,line-to-ground,POINT(-97.726187799264 30.4209397344182),1
p1udt306-p1udt3267x,ABC,7.19955785679463,line-to-ground,POINT(-97.7268848066062 30.4199768676255),1
p1udt306-p1udt3267xx,ABC,7.19955785679463,line-to-ground,POINT(-97.7264533703704 30.4206443455562),1
p1udt306-p1udt6737xx,ABC,7.19955785679463,line-to-ground,POINT(-97.7265269122918 30.4196798316837),1
p1udt306-p1udt6737x,ABC,7.19955785679463,line-to-ground,POINT(-97.7267973246067 30.4199234648591),1
p1udt19325-p1udt6737x,ABC,7.19955785679463,line-to-ground,POINT(-97.7262154167092 30.4195676828722),1
p1udt19325-p1udt6737xx,ABC,7.19955785679463,line-to-ground,POINT(-97.7264717207402 30.4197412941793),1
p1udt19325-p1udt9946xx,ABC,7.19955785679463,line-to-ground,POINT(-97.7262075110792 30.4192424548603),1
p1udt19325-p1udt9946x,ABC,7.19955785679463,line-to-ground,POINT(-97.7262201629844 30.4196615237514),1
p1udt17977-p1udt9946x,ABC,7.19955785679463,line-to-ground,POINT(-97.7263789687629 30.4189156670238),1
p1udt17977-p1udt9946xx,ABC,7.19955785679463,line-to-ground,POINT(-97.7262968237318 30.4192530573355),1
p1udt17977-p1udt4309xx,ABC,7.19955785679463,line-to-ground,POINT(-97.7260975764971 30.4186544360671),1
p1udt17977-p1udt4309x,ABC,7.19955785679463,line-to-ground,POINT(-97.7264203325266 30.4189654782644),1
p1udt11701-p1udt4309x,ABC,7.19955785679463,line-to-ground,POINT(-97.7257236071729 30.4184985595786),1
p1udt11701-p1udt4309xx,ABC,7.19955785679463,line-to-ground,POINT(-97.726129254741 30.4187273304834),1
p1udt11701-p1udt24690xx,ABC,7.19955785679463,line-to-ground,POINT(-97.725420476444 30.4182975473311),1
p1udt11701-p1udt24690x,ABC,7.19955785679463,line-to-ground,POINT(-97.7256894866093 30.4184264945732),1
p1udt24690-p1udt7612xx,ABC,7.19955785679463,line-to-ground,POINT(-97.7250924865577 30.418194640847),1
p1udt24690-p1udt7612x,ABC,7.19955785679463,line-to-ground,POINT(-97.7254545967659 30.4183696124014),1
p1udt7612-p1udt9945xx,ABC,7.19955785679463,line-to-ground,POINT(-97.7248382528624 30.4180889039887),1
p1udt7612-p1udt9945x,ABC,7.19955785679463,line-to-ground,POINT(-97.7250031750264 30.4181840375772),1
p1udt4777-p1udt9945x,ABC,7.19955785679463,line-to-ground,POINT(-97.7243339160272 30.4177906730701),1
p1udt4777-p1udt9945xx,ABC,7.19955785679463,line-to-ground,POINT(-97.7249275642845 30.4180995074272),1
p1udt12046-p1udt4777x,ABC,7.19955785679463,line-to-ground,POINT(-97.7239037176823 30.4175717287651),1
p1udt12046-p1udt4777xx,ABC,7.19955785679463,line-to-ground,POINT(-97.7243680353774 30.4178627384021),1
p1udt12046-p1udt23717xx,ABC,7.19955785679463,line-to-ground,POINT(-97.7235545133436 30.4175021842428),1
p1udt12046-p1udt23717x,ABC,7.19955785679463,line-to-ground,POINT(-97.7238600936901 30.417656898935),1
p1udt10312-p1udt23717x,ABC,7.19955785679463,line-to-ground,POINT(-97.7233881226803 30.4173120455553),1
p1udt10312-p1udt23717xx,ABC,7.19955785679463,line-to-ground,POINT(-97.7236097053637 30.4174407229763),1
p1udt10312-p1udt19504xx,ABC,7.19955785679463,line-to-ground,POINT(-97.7234608430545 30.4168798454275),1
p1udt10312-p1udt19504x,ABC,7.19955785679463,line-to-ground,POINT(-97.7233856846651 30.4172507469102),1
p1udt12045-p1udt19504x,ABC,7.19955785679463,line-to-ground,POINT(-97.7235545034919 30.4166562972687),1
p1udt12045-p1udt19504xx,ABC,7.19955785679463,line-to-ground,POINT(-97.7234949614627 30.4169519109703),1
p1udt12045-p1udt5815xx,ABC,7.19955785679463,line-to-ground,POINT(-97.7232632945674 30.416354131785),1
p1udt12045-p1udt5815x,ABC,7.19955785679463,line-to-ground,POINT(-97.7234799072293 30.4166420451911),1
p1udt5815-p1udt9190xx,ABC,7.19955785679463,line-to-ground,POINT(-97.722592799015 30.4164877309244),1
p1udt5815-p1udt9190x,ABC,7.19955785679463,line-to-ground,POINT(-97.7231739849504 30.416343527314),1
p1udt18168-p1udt9190x,ABC,7.19955785679463,line-to-ground,POINT(-97.7222235217303 30.416759465991),1
p1udt18168-p1udt9190xx,ABC,7.19955785679463,line-to-ground,POINT(-97.7226617731816 30.4164726139272),1
p1udt15529-p1udt18168x,ABC,7.19955785679463,line-to-ground,POINT(-97.7219410036144 30.4171622810744),1
p1udt15529-p1udt18168xx,ABC,7.19955785679463,line-to-ground,POINT(-97.7222576391782 30.4168315318313),1
p1udt15529-p1udt20182xx,ABC,7.19955785679463,line-to-ground,POINT(-97.7215263863593 30.417022877497),1
p1udt15529-p1udt20182x,ABC,7.19955785679463,line-to-ground,POINT(-97.721851693442 30.4171516756831),1
p1udt20182-p1udt2121xx,ABC,7.19955785679463,line-to-ground,POINT(-97.7213504831835 30.4169399484119),1
p1udt20182-p1udt2121x,ABC,7.19955785679463,line-to-ground,POINT(-97.7214922693949 30.4169508114811),1
p1udt2121-p1udt8812xx,ABC,7.19955785679463,line-to-ground,POINT(-97.7208951711768 30.4167279608255),1
p1udt2121-p1udt8812x,ABC,7.19955785679463,line-to-ground,POINT(-97.7212611732919 30.4169293426238),1
p1udt11034-p1udt8812x,ABC,7.19955785679463,line-to-ground,POINT(-97.720350551797 30.4165053653023),1
p1udt11034-p1udt8812xx,ABC,7.19955785679463,line-to-ground,POINT(-97.720861054777 30.4166558946576),1
p1udt11034-p1udt15280xx,ABC,7.19955785679463,line-to-ground,POINT(-97.7200280838361 30.4163577840103),1
p1udt11034-p1udt15280x,ABC,7.19955785679463,line-to-ground,POINT(-97.7204057451892 30.4164439054228),1
p1udt15280-p1udt2120xx,ABC,7.19955785679463,line-to-ground,POINT(-97.7197560166369 30.4162656484505),1
p1udt15280-p1udt2120x,ABC,7.19955785679463,line-to-ground,POINT(-97.7199964108832 30.4162848882387),1
p1udt1554-p1udt2120x,ABC,7.19955785679463,line-to-ground,POINT(-97.7195543501141 30.416561427441),1
p1udt1554-p1udt2120xx,ABC,7.19955785679463,line-to-ground,POINT(-97.7197219012337 30.4161935820084),1
p1udt15528-p1udt1554x,ABC,7.19955785679463,line-to-ground,POINT(-97.7190622230749 30.4166549802938),1
p1udt15528-p1udt1554xx,ABC,7.19955785679463,line-to-ground,POINT(-97.7194650408068 30.4165508204387),1
p1udt19506,ABC,7.19955785679463,line-to-ground,POINT(-97.718500566563 30.4170230576321),1
p1udt15528,ABC,7.19955785679463,line-to-ground,POINT(-97.7190396790569 30.4166980268449),1
p1udt3799,ABC,7.19955785679463,line-to-ground,POINT(-97.7177620795769 30.4174912658167),1
p1udt18751lv,ABC,0.27712812921102,line-to-ground,POINT(-97.7159562150055 30.4223520001089),1
p1ulv33878,ABC,0.27712812921102,line-to-ground,POINT(-97.7159494854863 30.422345747126),1
p1udt18751,ABC,7.19955785679463,line-to-ground,POINT(-97.7159628671697 30.4223938294655),1
p1udt21217lv,ABC,0.27712812921102,line-to-ground,POINT(-97.7134383902311 30.4233186875789),1
p1ulv43317,ABC,0.27712812921102,line-to-ground,POINT(-97.7134696343567 30.423286782187),1
p1udt20023lv,ABC,0.27712812921102,line-to-ground,POINT(-97.7111151472582 30.4234311128942),1
p1ulv38294,ABC,0.27712812921102,line-to-ground,POINT(-97.7110530565773 30.4233712177824),1
p1udt20023,ABC,7.19955785679463,line-to-ground,POINT(-97.7111535964409 30.4234573101788),1
p1udm57955,ABC,0.27712812921102,line-to-ground,POINT(-97.7112039639478 30.4245637314181),1
p1ulv40209,ABC,0.27712812921102,line-to-ground,POINT(-97.7112240729039 30.4246180673906),1
p1udt20497lv,ABC,0.27712812921102,line-to-ground,POINT(-97.7110518465257 30.4245289739403),1
p1udm57956,ABC,0.27712812921102,line-to-ground,POINT(-97.7106268023938 30.4241159093465),1
p1ulv45905,ABC,0.27712812921102,line-to-ground,POINT(-97.71056386637 30.4241513792956),1
p1udt24576lv,ABC,0.27712812921102,line-to-ground,POINT(-97.7110590464718 30.4242256169024),1
p1ulv60698,ABC,0.27712812921102,line-to-ground,POINT(-97.7109776661125 30.4243539701058),1
p1udt20497,ABC,7.19955785679463,line-to-ground,POINT(-97.7110451963568 30.4244871444028),1
p1udt24576,ABC,7.19955785679463,line-to-ground,POINT(-97.7110656966331 30.4242674464405),1
p1udt20024,ABC,7.19955785679463,line-to-ground,POINT(-97.710637628792 30.4255221094999),1
p1udt13037-p1udt20024x,ABC,7.19955785679463,line-to-ground,POINT(-97.711242056667 30.4258432599551),1
p1udt13037-p1udt20024xx,ABC,7.19955785679463,line-to-ground,POINT(-97.7106788507384 30.4255504828023),1
p1udt22526lv,ABC,0.27712812921102,line-to-ground,POINT(-97.7150777850168 30.4239911991845),1
p1ulv49568,ABC,0.27712812921102,line-to-ground,POINT(-97.7151479219059 30.423925893035),1
p1udt24781lv,ABC,0.27712812921102,line-to-ground,POINT(-97.7157746665934 30.4250841573242),1
p1ulv61941,ABC,0.27712812921102,line-to-ground,POINT(-97.7157895848959 30.4250149569184),1
p1udt23372lv,ABC,0.27712812921102,line-to-ground,POINT(-97.715036950553 30.4249686224157),1
p1ulv54017,ABC,0.27712812921102,line-to-ground,POINT(-97.7151137401244 30.424945145697),1
p1udt911lv,ABC,0.27712812921102,line-to-ground,POINT(-97.7147368249149 30.4248303239805),1
p1ulv927,ABC,0.27712812921102,line-to-ground,POINT(-97.7146996923183 30.4247606111954),1
p1udt23372,ABC,7.19955785679463,line-to-ground,POINT(-97.715043602458 30.4250104517966),1
p1udt911,ABC,7.19955785679463,line-to-ground,POINT(-97.7147434766841 30.4248721533737),1
p1udt23479lv,ABC,0.27712812921102,line-to-ground,POINT(-97.7166404183903 30.4255133982934),1
p1ulv54629,ABC,0.27712812921102,line-to-ground,POINT(-97.7166279808669 30.4253931420032),1
p1udt11362lv,ABC,0.27712812921102,line-to-ground,POINT(-97.7182136699211 30.4256765739712),1
p1ulv15355,ABC,0.27712812921102,line-to-ground,POINT(-97.7181132461912 30.4256694010098),1
p1udt23479,ABC,7.19955785679463,line-to-ground,POINT(-97.7166337657748 30.4254715689765),1
p1udt11362,ABC,7.19955785679463,line-to-ground,POINT(-97.7182203232246 30.4257184032259),1
p1udt24266lv,ABC,0.27712812921102,line-to-ground,POINT(-97.7177101674944 30.4251663454576),1
p1ulv58844,ABC,0.27712812921102,line-to-ground,POINT(-97.7177958330224 30.4252602522543),1
p1udt22527lv,ABC,0.27712812921102,line-to-ground,POINT(-97.7178876157817 30.4251319968347),1
p1ulv49569,ABC,0.27712812921102,line-to-ground,POINT(-97.7178196037097 30.4250349128417),1
p1udt24266,ABC,7.19955785679463,line-to-ground,POINT(-97.7177168205557 30.4252081747341),1
p1udt22527,ABC,7.19955785679463,line-to-ground,POINT(-97.7178942689172 30.4251738261045),1
p1udt23478lv,ABC,0.27712812921102,line-to-ground,POINT(-97.7167260899414 30.4213546760041),1
p1ulv54628,ABC,0.27712812921102,line-to-ground,POINT(-97.7168897953569 30.4212993115301),1
p1udt13025,ABC,7.19955785679463,line-to-ground,POINT(-97.7162817689438 30.421097665707),1
p1udt23478,ABC,7.19955785679463,line-to-ground,POINT(-97.7167194375037 30.4213128466726),1
p1udt8410,ABC,7.19955785679463,line-to-ground,POINT(-97.7159654663123 30.4201744444132),1
p1udt21216lv,ABC,0.27712812921102,line-to-ground,POINT(-97.7173847501572 30.4211445990851),1
p1ulv43315,ABC,0.27712812921102,line-to-ground,POINT(-97.717295075586 30.4213574319431),1
p1udt20934lv,ABC,0.27712812921102,line-to-ground,POINT(-97.7177416378789 30.4209225320622),1
p1ulv42052,ABC,0.27712812921102,line-to-ground,POINT(-97.7175632308403 30.4207555308293),1
p1udt21216,ABC,7.19955785679463,line-to-ground,POINT(-97.717378097448 30.4211027697782),1
p1udt20934,ABC,7.19955785679463,line-to-ground,POINT(-97.7177349850282 30.4208807027682),1
p1udt4318-p1udt8410x,ABC,7.19955785679463,line-to-ground,POINT(-97.7153302766439 30.4198577032069),1
p1udt4318-p1udt8410xx,ABC,7.19955785679463,line-to-ground,POINT(-97.7159378030724 30.4201356375929),1
p1udt4318-p1udt6304xx,ABC,7.19955785679463,line-to-ground,POINT(-97.7150716388962 30.4196859914883),1
p1udt4318-p1udt6304x,ABC,7.19955785679463,line-to-ground,POINT(-97.7153854750697 30.4197962456252),1
p1udt10310lv,ABC,0.27712812921102,line-to-ground,POINT(-97.7246418248852 30.4115070167762),1
p1ulv13510,ABC,0.27712812921102,line-to-ground,POINT(-97.7245769820252 30.4114133177917),1
p1udt5812lv,ABC,0.27712812921102,line-to-ground,POINT(-97.7261268092207 30.4109891593694),1
p1ulv6662,ABC,0.27712812921102,line-to-ground,POINT(-97.7260293324664 30.4110034180783),1
p1ulv45333,ABC,0.27712812921102,line-to-ground,POINT(-97.7259985744719 30.4109670261709),1
p1udt5812,ABC,7.19955785679463,line-to-ground,POINT(-97.7261201532897 30.4109473303579),1
p1udt9187lv,ABC,0.27712812921102,line-to-ground,POINT(-97.7273420824856 30.4114464855776),1
p1ulv11620,ABC,0.27712812921102,line-to-ground,POINT(-97.7273571072881 30.411368261607),1
p1udt18566lv,ABC,0.27712812921102,line-to-ground,POINT(-97.7285323594823 30.4114429308678),1
p1ulv33248,ABC,0.27712812921102,line-to-ground,POINT(-97.7285127345526 30.411361474445),1
p1udt24983lv,ABC,0.27712812921102,line-to-ground,POINT(-97.728976165552 30.4120274982852),1
p1ulv63221,ABC,0.27712812921102,line-to-ground,POINT(-97.7288800911062 30.4119334973295),1
p1udt3279lv,ABC,0.27712812921102,line-to-ground,POINT(-97.7290109041469 30.4125601906438),1
p1ulv3517,ABC,0.27712812921102,line-to-ground,POINT(-97.7289862897258 30.4125751607966),1
p1udt24983,ABC,7.19955785679463,line-to-ground,POINT(-97.7289695083464 30.411985669389),1
p1udt3279,ABC,7.19955785679463,line-to-ground,POINT(-97.7290042468989 30.4125183617512),1
p1udt18566,ABC,7.19955785679463,line-to-ground,POINT(-97.7284912079509 30.4114154827399),1
p1udt9187,ABC,7.19955785679463,line-to-ground,POINT(-97.727348738966 30.4114883145394),1
p1udt23481lv,ABC,0.27712812921102,line-to-ground,POINT(-97.7280878277021 30.4120482249044),1
p1ulv54641,ABC,0.27712812921102,line-to-ground,POINT(-97.7281174256288 30.4121426210759),1
p1udt23481,ABC,7.19955785679463,line-to-ground,POINT(-97.7281262772614 30.4120744172358),1
p1udt19502lv,ABC,0.27712812921102,line-to-ground,POINT(-97.7264383964903 30.4110112495472),1
p1ulv36435,ABC,0.27712812921102,line-to-ground,POINT(-97.7265068535785 30.4111073288585),1
p1udt21925lv,ABC,0.27712812921102,line-to-ground,POINT(-97.7265089088891 30.4104244408321),1
p1ulv46629,ABC,0.27712812921102,line-to-ground,POINT(-97.7265255786487 30.41046688203),1
p1udt13685lv,ABC,0.27712812921102,line-to-ground,POINT(-97.7272711666471 30.4081176713084),1
p1ulv19983,ABC,0.27712812921102,line-to-ground,POINT(-97.7273166770353 30.40806546676),1
p1udt13685-p1udt7253x,ABC,7.19955785679463,line-to-ground,POINT(-97.7273451092443 30.4081317886587),1
p1udt13685-p1udt7253xx,ABC,7.19955785679463,line-to-ground,POINT(-97.7272270962773 30.4069779606017),1
p1udt16742lv,ABC,0.27712812921102,line-to-ground,POINT(-97.7287808284506 30.4085037927315),1
p1ulv27643,ABC,0.27712812921102,line-to-ground,POINT(-97.7287058173645 30.4085121007793),1
p1udt13685-p1udt16742x,ABC,7.19955785679463,line-to-ground,POINT(-97.727361789934 30.4080675262527),1
p1udt13685-p1udt16742xx,ABC,7.19955785679463,line-to-ground,POINT(-97.7286964525176 30.4084630164799),1
p1udt17811-p1udt21386xx,ABC,7.19955785679463,line-to-ground,POINT(-97.7254094578473 30.4085514997342),1
p1udt17811-p1udt21386x,ABC,7.19955785679463,line-to-ground,POINT(-97.7253645412984 30.4077177207756),1
p1udt23840lv,ABC,0.27712812921102,line-to-ground,POINT(-97.727310513665 30.410670204071),1
p1ulv61405,ABC,0.27712812921102,line-to-ground,POINT(-97.727390266326 30.4106946995932),1
p1udm62531,ABC,0.27712812921102,line-to-ground,POINT(-97.7271565380668 30.4107798147059),1
p1ulv56459,ABC,0.27712812921102,line-to-ground,POINT(-97.7271668298803 30.4107889379853),1
p1udt23259lv,ABC,0.27712812921102,line-to-ground,POINT(-97.7280758569247 30.4110566257876),1
p1ulv53364,ABC,0.27712812921102,line-to-ground,POINT(-97.7280996521927 30.4111048084865),1
p1udt23840,ABC,7.19955785679463,line-to-ground,POINT(-97.7273171700917 30.4107120330374),1
p1udt23259,ABC,7.19955785679463,line-to-ground,POINT(-97.7280825136993 30.4110984547226),1
p1udt12699lv,ABC,0.27712812921102,line-to-ground,POINT(-97.7247842962579 30.4112049788227),1
p1ulv17938,ABC,0.27712812921102,line-to-ground,POINT(-97.7248201408659 30.4111269585166),1
p1udt16960lv,ABC,0.27712812921102,line-to-ground,POINT(-97.7245494662981 30.4108507901995),1
p1ulv28277,ABC,0.27712812921102,line-to-ground,POINT(-97.7245953679041 30.4107999370327),1
p1udt23273lv,ABC,0.27712812921102,line-to-ground,POINT(-97.724290887928 30.4104749725759),1
p1ulv53453,ABC,0.27712812921102,line-to-ground,POINT(-97.724255512507 30.4105169055385),1
p1udt17606lv,ABC,0.27712812921102,line-to-ground,POINT(-97.7240325446645 30.4103280810905),1
p1ulv30137,ABC,0.27712812921102,line-to-ground,POINT(-97.7239364766983 30.4102340766549),1
p1udm27499,ABC,0.27712812921102,line-to-ground,POINT(-97.7230202665418 30.4102431652477),1
p1ulv9870,ABC,0.27712812921102,line-to-ground,POINT(-97.7230313800346 30.4101891362676),1
p1udm27501,ABC,0.27712812921102,line-to-ground,POINT(-97.7228213245057 30.4103314488918),1
p1ulv13595,ABC,0.27712812921102,line-to-ground,POINT(-97.7228520811024 30.410367841512),1
p1udt8070lv,ABC,0.27712812921102,line-to-ground,POINT(-97.7231522537574 30.4102235739856),1
p1udm27500,ABC,0.27712812921102,line-to-ground,POINT(-97.723301186991 30.4102549352865),1
p1ulv10495,ABC,0.27712812921102,line-to-ground,POINT(-97.723291247873 30.4102187463219),1
p1udm27502,ABC,0.27712812921102,line-to-ground,POINT(-97.7236340342098 30.4102762352766),1
p1ulv41512,ABC,0.27712812921102,line-to-ground,POINT(-97.7235494722885 30.4103746610347),1
p1udt17606,ABC,7.19955785679463,line-to-ground,POINT(-97.7240258896649 30.4102862519949),1
p1udt8070,ABC,7.19955785679463,line-to-ground,POINT(-97.7231589083794 30.4102654031155),1
p1udt23273,ABC,7.19955785679463,line-to-ground,POINT(-97.7242842328102 30.4104331434909),1
p1udt16960,ABC,7.19955785679463,line-to-ground,POINT(-97.7245561215511 30.4108926192724),1
p1udt2109,ABC,7.19955785679463,line-to-ground,POINT(-97.7244844320469 30.4110486597257),1
p1udt21060lv,ABC,0.27712812921102,line-to-ground,POINT(-97.7240504268997 30.4108007997115),1
p1ulv42649,ABC,0.27712812921102,line-to-ground,POINT(-97.7240960940298 30.410767990325),1
p1udt23020lv,ABC,0.27712812921102,line-to-ground,POINT(-97.723690186219 30.4109173979142),1
p1ulv52091,ABC,0.27712812921102,line-to-ground,POINT(-97.7236591967882 30.4110191989058),1
p1udt21060,ABC,7.19955785679463,line-to-ground,POINT(-97.7240570819363 30.410842628804),1
p1udt23020,ABC,7.19955785679463,line-to-ground,POINT(-97.7236442583535 30.4109028119972),1
p1udt12699,ABC,7.19955785679463,line-to-ground,POINT(-97.7247909516298 30.4112468078849),1
p1udt18756lv,ABC,0.27712812921102,line-to-ground,POINT(-97.7221267392143 30.4111846686306),1
p1ulv33893,ABC,0.27712812921102,line-to-ground,POINT(-97.7222381450896 30.4111468310072),1
p1udt23718lv,ABC,0.27712812921102,line-to-ground,POINT(-97.7217767088453 30.4111304554339),1
p1ulv55858,ABC,0.27712812921102,line-to-ground,POINT(-97.7217599234937 30.4110970354798),1
p1udt16524lv,ABC,0.27712812921102,line-to-ground,POINT(-97.7214750488388 30.4106211750227),1
p1ulv26996,ABC,0.27712812921102,line-to-ground,POINT(-97.7215272214861 30.4105804495032),1
p1udt23718,ABC,7.19955785679463,line-to-ground,POINT(-97.7217833629247 30.4111722846132),1
p1udt16524,ABC,7.19955785679463,line-to-ground,POINT(-97.7215134960131 30.4106473692412),1
p1udt18756,ABC,7.19955785679463,line-to-ground,POINT(-97.7221200849871 30.4111428394647),1
p1udt16491,ABC,7.19955785679463,line-to-ground,POINT(-97.7229169894862 30.4115025311587),1
p1udt21062lv,ABC,0.27712812921102,line-to-ground,POINT(-97.7226371281169 30.4111625939812),1
p1ulv42654,ABC,0.27712812921102,line-to-ground,POINT(-97.7225914603293 30.4111954028362),1
p1udt8419lv,ABC,0.27712812921102,line-to-ground,POINT(-97.7228299344472 30.4106293877611),1
p1ulv10396,ABC,0.27712812921102,line-to-ground,POINT(-97.722733707363 30.4106644407619),1
p1udt24905lv,ABC,0.27712812921102,line-to-ground,POINT(-97.7222491543294 30.4104612925874),1
p1ulv62694,ABC,0.27712812921102,line-to-ground,POINT(-97.7222358453192 30.4105242254548),1
p1udt8419,ABC,7.19955785679463,line-to-ground,POINT(-97.7227836045574 30.4106429850914),1
p1udt24905,ABC,7.19955785679463,line-to-ground,POINT(-97.7222028244473 30.4104748897118),1
p1udt19527,ABC,7.19955785679463,line-to-ground,POINT(-97.7228497700093 30.4108218022472),1
p1udt21062,ABC,7.19955785679463,line-to-ground,POINT(-97.7226304736721 30.411120764835),1
p1udt22915,ABC,7.19955785679463,line-to-ground,POINT(-97.7232701889752 30.4115601229892),1
p1udt21211lv,ABC,0.27712812921102,line-to-ground,POINT(-97.7275647654776 30.4208899991801),1
p1ulv43305,ABC,0.27712812921102,line-to-ground,POINT(-97.7275948391119 30.420850857601),1
p1udt21211-p1udt8800xx,ABC,7.19955785679463,line-to-ground,POINT(-97.7274200912029 30.420862742218),1
p1udt21211-p1udt8800x,ABC,7.19955785679463,line-to-ground,POINT(-97.7274675782017 30.4208774053045),1
p1udt8800-p1udt9181xx,ABC,7.19955785679463,line-to-ground,POINT(-97.7271323144914 30.4207488279483),1
p1udt8800-p1udt9181x,ABC,7.19955785679463,line-to-ground,POINT(-97.7273190617482 30.4208333506835),1
p1udt14219-p1udt9181x,ABC,7.19955785679463,line-to-ground,POINT(-97.7268756972041 30.420701665943),1
p1udt14219-p1udt9181xx,ABC,7.19955785679463,line-to-ground,POINT(-97.7271639941321 30.4208217221317),1
p1udt14219-p1udt3267xx,ABC,7.19955785679463,line-to-ground,POINT(-97.7263550580402 30.4206065929127),1
p1udt14219-p1udt3267x,ABC,7.19955785679463,line-to-ground,POINT(-97.7269308890724 30.4206402032936),1
p1udt8070-p1udt8419x,ABC,7.19955785679463,line-to-ground,POINT(-97.7227444208982 30.4106683458925),1
p1udt18566-p1udt23259x,ABC,7.19955785679463,line-to-ground,POINT(-97.7284430536119 30.411432330105),1
p1udt21386lv,ABC,0.27712812921102,line-to-ground,POINT(-97.7254646434842 30.4084900374247),1
p1ulv44072,ABC,0.27712812921102,line-to-ground,POINT(-97.7253562734643 30.4085995808479),1
p1udt7253lv,ABC,0.27712812921102,line-to-ground,POINT(-97.7273114703094 30.4070187377583),1
p1ulv8634,ABC,0.27712812921102,line-to-ground,POINT(-97.7274348066374 30.406983863354),1
p1udt17811lv,ABC,0.27712812921102,line-to-ground,POINT(-97.7254489151353 30.4077584991275),1
p1ulv30765,ABC,0.27712812921102,line-to-ground,POINT(-97.7254568212247 30.4077946834911),1
p1udt7188,B,7.19955785679463,line-to-ground,POINT(-97.7114340968325 30.4268049008765),1
p1udt9596,B,7.19955785679463,line-to-ground,POINT(-97.7115832455477 30.4267741796354),1
p1udt21221,B,7.19955785679463,line-to-ground,POINT(-97.7120731469778 30.4271657775422),1
p1udt8815,B,7.19955785679463,line-to-ground,POINT(-97.710803249831 30.4265356554735),1
p1udt3303,B,7.19955785679463,line-to-ground,POINT(-97.7114544143355 30.4276882089084),1
p1udt2696,B,7.19955785679463,line-to-ground,POINT(-97.7119048900816 30.4280856848286),1
p1udt1561,B,7.19955785679463,line-to-ground,POINT(-97.7110309009398 30.4274313860924),1
p1udt9194,B,7.19955785679463,line-to-ground,POINT(-97.7106077458005 30.4271474967694),1
p1udt6307,B,7.19955785679463,line-to-ground,POINT(-97.7110368612281 30.4261862844304),1
p1udt13037-p1udt6307x,B,7.19955785679463,line-to-ground,POINT(-97.7112660698893 30.4257564984701),1
p1udt18752,A,7.19955785679463,line-to-ground,POINT(-97.7127383711381 30.4266451978542),1
p1udt18354,A,7.19955785679463,line-to-ground,POINT(-97.7128696805069 30.4267676038346),1
p1udt16004,A,7.19955785679463,line-to-ground,POINT(-97.7124602498487 30.426416882129),1
p1udt4789,A,7.19955785679463,line-to-ground,POINT(-97.7122329969865 30.4262792967402),1
p1udt14743,A,7.19955785679463,line-to-ground,POINT(-97.7119848053282 30.4261505272565),1
p1udt14512,A,7.19955785679463,line-to-ground,POINT(-97.7119019958924 30.4261136184839),1
p1udt19135,A,7.19955785679463,line-to-ground,POINT(-97.7116432761015 30.4259937673741),1
p1udt13037-p1udt19135x,A,7.19955785679463,line-to-ground,POINT(-97.7111816998544 30.4258138316529),1
p1udt1559,C,7.19955785679463,line-to-ground,POINT(-97.7080898586415 30.4246413029528),1
p1udt14742,C,7.19955785679463,line-to-ground,POINT(-97.7081152732176 30.4248980089922),1
p1udt2694,C,7.19955785679463,line-to-ground,POINT(-97.7086944621298 30.4245931863794),1
p1udt13955,C,7.19955785679463,line-to-ground,POINT(-97.7082184761754 30.424177198317),1
p1udt3300,C,7.19955785679463,line-to-ground,POINT(-97.7090461786785 30.4247590390877),1
p1udt9193,C,7.19955785679463,line-to-ground,POINT(-97.7093979908044 30.4249249302086),1
p1udt13036,C,7.19955785679463,line-to-ground,POINT(-97.7097602144778 30.4250909233117),1
p1udt17157,C,7.19955785679463,line-to-ground,POINT(-97.7101120290558 30.4252568125686),1
p1udt17157-p1udt20024xxx,C,7.19955785679463,line-to-ground,POINT(-97.7106425758908 30.4254772796629),1
p1udt21913,A,7.19955785679463,line-to-ground,POINT(-97.7125238900158 30.4255423263742),1
p1udt12374,A,7.19955785679463,line-to-ground,POINT(-97.7127635905248 30.4253319155439),1
p1udt14504,A,7.19955785679463,line-to-ground,POINT(-97.712803099303 30.4256803852122),1
p1udt8805,A,7.19955785679463,line-to-ground,POINT(-97.7130687954712 30.4258762993931),1
p1udt21912,A,7.19955785679463,line-to-ground,POINT(-97.7121926952947 30.425385459944),1
p1udt21912-p1udt24269xxx,A,7.19955785679463,line-to-ground,POINT(-97.7117787787505 30.4251099846681),1
p1udt3785,C,7.19955785679463,line-to-ground,POINT(-97.7134122219177 30.4260743755027),1
p1udt11361,C,7.19955785679463,line-to-ground,POINT(-97.7137361222138 30.4258029023424),1
p1udt14223,C,7.19955785679463,line-to-ground,POINT(-97.713554889985 30.4263103772434),1
p1udt298,C,7.19955785679463,line-to-ground,POINT(-97.7138329125783 30.4265475410854),1
p1udt298-p1udt5810xxx,C,7.19955785679463,line-to-ground,POINT(-97.714443646315 30.4268551128602),1
p1udt4302,A,7.19955785679463,line-to-ground,POINT(-97.7135001055145 30.4273113799325),1
p1udt16005,A,7.19955785679463,line-to-ground,POINT(-97.7131475668766 30.4270139622075),1
p1udt1536-p1udt4302x,A,7.19955785679463,line-to-ground,POINT(-97.7142186609245 30.4272094899742),1
p1udt12041,C,7.19955785679463,line-to-ground,POINT(-97.7125731007326 30.4275963053004),1
p1udt4776,C,7.19955785679463,line-to-ground,POINT(-97.7124231893051 30.4274682183211),1
p1udt5306,C,7.19955785679463,line-to-ground,POINT(-97.7131358588576 30.4280926105329),1
p1udt10695-p1udt5306x,C,7.19955785679463,line-to-ground,POINT(-97.7136407172033 30.4281958864307),1
p1udt5802,C,7.19955785679463,line-to-ground,POINT(-97.7182214948175 30.4325189342644),1
p1udt9173,C,7.19955785679463,line-to-ground,POINT(-97.7180703012089 30.4327468352949),1
p1udt15261,C,7.19955785679463,line-to-ground,POINT(-97.7184127888286 30.4322230568615),1
p1udt6288,C,7.19955785679463,line-to-ground,POINT(-97.7175625958533 30.4311500026054),1
p1udt16706,C,7.19955785679463,line-to-ground,POINT(-97.7172003534561 30.4309838589285),1
p1udt13018,C,7.19955785679463,line-to-ground,POINT(-97.7167449695679 30.4307720270594),1
p1udt4289,C,7.19955785679463,line-to-ground,POINT(-97.7162896223403 30.4305598509306),1
p1udt3768,C,7.19955785679463,line-to-ground,POINT(-97.7157411526398 30.4303018139914),1
p1udt3261-p1udt3768x,C,7.19955785679463,line-to-ground,POINT(-97.7154295049348 30.430153856884),1
p1udt15998,A,7.19955785679463,line-to-ground,POINT(-97.7177434316961 30.4332450937243),1
p1udt14731,A,7.19955785679463,line-to-ground,POINT(-97.7177860209185 30.4331733289023),1
p1udt12034,A,7.19955785679463,line-to-ground,POINT(-97.717881610379 30.4330299014856),1
p1udt17568,A,7.19955785679463,line-to-ground,POINT(-97.7176228648846 30.4329100616224),1
p1udt891,A,7.19955785679463,line-to-ground,POINT(-97.7173641200371 30.432790221262),1
p1udt4291,A,7.19955785679463,line-to-ground,POINT(-97.7167535225633 30.4325045090828),1
p1udt17145,A,7.19955785679463,line-to-ground,POINT(-97.7164018059926 30.43232944374),1
p1udt890,A,7.19955785679463,line-to-ground,POINT(-97.7159360240171 30.4321173352087),1
p1udt890-p1udt9930xxx,A,7.19955785679463,line-to-ground,POINT(-97.7159170866332 30.4315019784826),1
p1udt16480,B,7.19955785679463,line-to-ground,POINT(-97.7178204171244 30.4321360325853),1
p1udt23017,B,7.19955785679463,line-to-ground,POINT(-97.7179007467086 30.4321767266617),1
p1udt23136,B,7.19955785679463,line-to-ground,POINT(-97.7177377184144 30.4320901055938),1
p1udt15750,B,7.19955785679463,line-to-ground,POINT(-97.7174789755449 30.4319702655044),1
p1udt9931,B,7.19955785679463,line-to-ground,POINT(-97.7171374343761 30.4318133479443),1
p1udt20646,B,7.19955785679463,line-to-ground,POINT(-97.7168100121688 30.4316613778603),1
p1udt17144,B,7.19955785679463,line-to-ground,POINT(-97.7167027508173 30.4316107422536),1
p1udt17144-p1udt9930xxx,B,7.19955785679463,line-to-ground,POINT(-97.7160014557657 30.4314834309264),1
p1udt6287,C,7.19955785679463,line-to-ground,POINT(-97.7186204455434 30.4298791392014),1
p1udt1523,C,7.19955785679463,line-to-ground,POINT(-97.7182583065139 30.4297041481206),1
p1udt6299,C,7.19955785679463,line-to-ground,POINT(-97.7177411628652 30.4294464655701),1
p1udt15521,C,7.19955785679463,line-to-ground,POINT(-97.7185209058844 30.4287322521152),1
p1udt6729,C,7.19955785679463,line-to-ground,POINT(-97.7188055171008 30.4282799223548),1
p1udt15274,C,7.19955785679463,line-to-ground,POINT(-97.7183296194095 30.4290281300352),1
p1udt5811,C,7.19955785679463,line-to-ground,POINT(-97.7181912117061 30.4292613665721),1
p1udt18355,C,7.19955785679463,line-to-ground,POINT(-97.7175032835532 30.429348717992),1
p1udt912,C,7.19955785679463,line-to-ground,POINT(-97.7171512111525 30.4291697712887),1
p1udt18948,C,7.19955785679463,line-to-ground,POINT(-97.716902846346 30.4290592650019),1
p1udt18753,C,7.19955785679463,line-to-ground,POINT(-97.7171320117116 30.4288589971016),1
p1udt4305,C,7.19955785679463,line-to-ground,POINT(-97.7165820259614 30.4289026829539),1
p1udt11026-p1udt4305x,C,7.19955785679463,line-to-ground,POINT(-97.7160677321501 30.4286223324215),1
p1udt22030,A,7.19955785679463,line-to-ground,POINT(-97.7181128850678 30.4305053982146),1
p1udt3767,A,7.19955785679463,line-to-ground,POINT(-97.7182856650949 30.4306105211494),1
p1udt12033,A,7.19955785679463,line-to-ground,POINT(-97.7178329202656 30.4303855396838),1
p1udt14729,A,7.19955785679463,line-to-ground,POINT(-97.7175534779144 30.4302564735421),1
p1udt3260,A,7.19955785679463,line-to-ground,POINT(-97.7171913222115 30.4300816508849),1
p1udt4766,A,7.19955785679463,line-to-ground,POINT(-97.7168290670401 30.429915677642),1
p1udt15513,A,7.19955785679463,line-to-ground,POINT(-97.7164152314485 30.429713104534),1
p1udt22038,A,7.19955785679463,line-to-ground,POINT(-97.7162103231233 30.4294584478311),1
p1udt21500,A,7.19955785679463,line-to-ground,POINT(-97.7163208116643 30.4289722974793),1
p1udt11026-p1udt21500x,A,7.19955785679463,line-to-ground,POINT(-97.7161138157184 30.4286863036645),1
p1udt2108,B,7.19955785679463,line-to-ground,POINT(-97.7174952705486 30.4275492383),1
p1udt3786,B,7.19955785679463,line-to-ground,POINT(-97.7185347813743 30.4266880001544),1
p1udt22037,B,7.19955785679463,line-to-ground,POINT(-97.7180229496563 30.4277978307282),1
p1udt8013,B,7.19955785679463,line-to-ground,POINT(-97.7183515747291 30.4279596638395),1
p1udt3278,B,7.19955785679463,line-to-ground,POINT(-97.7171434583352 30.4273743073332),1
p1udt2687,B,7.19955785679463,line-to-ground,POINT(-97.7168744359725 30.4272453422683),1
p1udt3277,B,7.19955785679463,line-to-ground,POINT(-97.7166055324502 30.4271073549164),1
p1udt13653,B,7.19955785679463,line-to-ground,POINT(-97.716333929746 30.4271766959031),1
p1udt6727,B,7.19955785679463,line-to-ground,POINT(-97.7162382259468 30.4273291441587),1
p1udt6728,B,7.19955785679463,line-to-ground,POINT(-97.7160999167466 30.4275535280752),1
p1udt11696,B,7.19955785679463,line-to-ground,POINT(-97.7158554847514 30.427939147045),1
p1udt1537,B,7.19955785679463,line-to-ground,POINT(-97.7175252274042 30.4284428009299),1
p1udt4304,B,7.19955785679463,line-to-ground,POINT(-97.7179780036319 30.4286585508139),1
p1udt7175,B,7.19955785679463,line-to-ground,POINT(-97.7176636443995 30.4280160675448),1
p1udt7174,B,7.19955785679463,line-to-ground,POINT(-97.7168939764908 30.4281388025766),1
p1udt7606,B,7.19955785679463,line-to-ground,POINT(-97.7164490342749 30.4279269009611),1
p1udt18164,B,7.19955785679463,line-to-ground,POINT(-97.7156534505398 30.4282529226323),1
p1udt11025-p1udt18164x,B,7.19955785679463,line-to-ground,POINT(-97.7155849756711 30.4283903795018),1
p1udt11695,B,7.19955785679463,line-to-ground,POINT(-97.715323134673 30.4264450901452),1
p1udt15271,B,7.19955785679463,line-to-ground,POINT(-97.71487547988 30.4262550157583),1
p1udt22414,B,7.19955785679463,line-to-ground,POINT(-97.7153879448075 30.4270683471762),1
p1udt19682,B,7.19955785679463,line-to-ground,POINT(-97.7160579080107 30.4267861674606),1
p1udt7605,B,7.19955785679463,line-to-ground,POINT(-97.7162309821884 30.4268999580382),1
p1udt13652,B,7.19955785679463,line-to-ground,POINT(-97.7158303117856 30.4266754820592),1
p1udt22036,B,7.19955785679463,line-to-ground,POINT(-97.715281633815 30.4272295032949),1
p1udt16714,B,7.19955785679463,line-to-ground,POINT(-97.7151432043586 30.4274629078867),1
p1udt10694,B,7.19955785679463,line-to-ground,POINT(-97.7149412806408 30.427776550323),1
p1udt17577,B,7.19955785679463,line-to-ground,POINT(-97.7146966135882 30.4281713207383),1
p1udt12042,B,7.19955785679463,line-to-ground,POINT(-97.7145581986731 30.4284045532389),1
p1udt6298,B,7.19955785679463,line-to-ground,POINT(-97.7143562710623 30.4287181946165),1
p1udt12043,B,7.19955785679463,line-to-ground,POINT(-97.7142178372013 30.4289515980513),1
p1udt12043-p1udt12698xxx,B,7.19955785679463,line-to-ground,POINT(-97.7138762377342 30.4293828396225),1
p1udt889,C,7.19955785679463,line-to-ground,POINT(-97.7141766590201 30.4305031318767),1
p1udt18351,C,7.19955785679463,line-to-ground,POINT(-97.714598534941 30.4307005816348),1
p1udt14993,C,7.19955785679463,line-to-ground,POINT(-97.713876399636 30.430373852862),1
p1udt8400,C,7.19955785679463,line-to-ground,POINT(-97.7136064264767 30.4303170548886),1
p1udt5800,C,7.19955785679463,line-to-ground,POINT(-97.7131494129075 30.4302313436808),1
p1udt5800-p1udt7607xxx,C,7.19955785679463,line-to-ground,POINT(-97.7126568898796 30.4297478392394),1
p1udt276,B,7.19955785679463,line-to-ground,POINT(-97.7153747492833 30.4318541326013),1
p1udt19680,B,7.19955785679463,line-to-ground,POINT(-97.7165356112593 30.4332422444663),1
p1udt12691,B,7.19955785679463,line-to-ground,POINT(-97.7170817240496 30.4334962770637),1
p1udt19849,B,7.19955785679463,line-to-ground,POINT(-97.7160802532374 30.4330300673697),1
p1udt7167,B,7.19955785679463,line-to-ground,POINT(-97.7155316349734 30.4327812223639),1
p1udt2091,B,7.19955785679463,line-to-ground,POINT(-97.7151694912589 30.4326062226377),1
p1udt5294,B,7.19955785679463,line-to-ground,POINT(-97.7149547608309 30.4323063528151),1
p1udt2675,B,7.19955785679463,line-to-ground,POINT(-97.7150933162913 30.4320639270631),1
p1udt15260,B,7.19955785679463,line-to-ground,POINT(-97.7123894180219 30.4302238483605),1
p1udt15260-p1udt7607xxx,B,7.19955785679463,line-to-ground,POINT(-97.7127636163655 30.4297397156493),1
p1udt16010,C,7.19955785679463,line-to-ground,POINT(-97.7103873207278 30.4288684779124),1
p1udt11038,C,7.19955785679463,line-to-ground,POINT(-97.7107011381263 30.4285700594813),1
p1udt11365,C,7.19955785679463,line-to-ground,POINT(-97.7086436867605 30.4276512369289),1
p1udt5321,C,7.19955785679463,line-to-ground,POINT(-97.7080797231429 30.4275955036254),1
p1udt10702,C,7.19955785679463,line-to-ground,POINT(-97.7087892989658 30.4276618718833),1
p1udt5829,C,7.19955785679463,line-to-ground,POINT(-97.7089347367133 30.4276901641438),1
p1udt6308,C,7.19955785679463,line-to-ground,POINT(-97.7094796471264 30.4266310658145),1
p1udt1560,C,7.19955785679463,line-to-ground,POINT(-97.7093546032578 30.4264544162995),1
p1udt8025,C,7.19955785679463,line-to-ground,POINT(-97.7094094635512 30.4272168603579),1
p1udt17785,C,7.19955785679463,line-to-ground,POINT(-97.709303474689 30.427360007198),1
p1udt9196,C,7.19955785679463,line-to-ground,POINT(-97.7094197131598 30.4280199996623),1
p1udt1562,C,7.19955785679463,line-to-ground,POINT(-97.7093108549974 30.4283798391728),1
p1udt14744,C,7.19955785679463,line-to-ground,POINT(-97.7099333341407 30.4285574665267),1
p1udt9195,C,7.19955785679463,line-to-ground,POINT(-97.7098758876875 30.4279832081462),1
p1udt7191,C,7.19955785679463,line-to-ground,POINT(-97.7111940928937 30.4292736692461),1
p1udt16708-p1udt7191x,C,7.19955785679463,line-to-ground,POINT(-97.7118536252097 30.4295476612615),1
p1udt8404,A,7.19955785679463,line-to-ground,POINT(-97.7085847600944 30.4297529885949),1
p1udt7618,A,7.19955785679463,line-to-ground,POINT(-97.7081373248704 30.4295450190533),1
p1udt3803,A,7.19955785679463,line-to-ground,POINT(-97.7089364528213 30.4299280744076),1
p1udt13343,A,7.19955785679463,line-to-ground,POINT(-97.7092985750271 30.4301030908977),1
p1udt23473,A,7.19955785679463,line-to-ground,POINT(-97.7094745079198 30.4301858650901),1
p1udt23254,A,7.19955785679463,line-to-ground,POINT(-97.7098262038523 30.4303609485839),1
p1udt3773,A,7.19955785679463,line-to-ground,POINT(-97.7101883293119 30.4305359626854),1
p1udt17570,A,7.19955785679463,line-to-ground,POINT(-97.7112588778726 30.4298969273638),1
p1udt19327,A,7.19955785679463,line-to-ground,POINT(-97.708080419696 30.4285208403778),1
p1udt2697,A,7.19955785679463,line-to-ground,POINT(-97.7082799632969 30.4282032509577),1
p1udt7189,A,7.19955785679463,line-to-ground,POINT(-97.7078463436344 30.4288976999275),1
p1udt1563,A,7.19955785679463,line-to-ground,POINT(-97.7075247534266 30.4294126340689),1
p1udt7190,A,7.19955785679463,line-to-ground,POINT(-97.7083893832188 30.4287765827239),1
p1udt8428,A,7.19955785679463,line-to-ground,POINT(-97.7089169851653 30.4290346152216),1
p1udt13657,A,7.19955785679463,line-to-ground,POINT(-97.7092686933275 30.4292095287417),1
p1udt11366,A,7.19955785679463,line-to-ground,POINT(-97.7095272995933 30.4293384063844),1
p1udt3801,A,7.19955785679463,line-to-ground,POINT(-97.7099721134915 30.429559353033),1
p1udt3802,A,7.19955785679463,line-to-ground,POINT(-97.7104997586547 30.4298170366246),1
p1udt23138,A,7.19955785679463,line-to-ground,POINT(-97.7109342674625 30.4300290268802),1
p1udt16708-p1udt17570x,A,7.19955785679463,line-to-ground,POINT(-97.7117944895141 30.4296234947305),1
p1udt16708-p1udt21502x,B,7.19955785679463,line-to-ground,POINT(-97.7117507392591 30.4295681224393),1
p1udt21502,B,7.19955785679463,line-to-ground,POINT(-97.7117130932557 30.4292104230493),1
p1udt16934,B,7.19955785679463,line-to-ground,POINT(-97.7125454976366 30.4286463802692),1
p1udt20183,B,7.19955785679463,line-to-ground,POINT(-97.7121722545046 30.4283397328037),1
p1udt16715-p1udt16934x,B,7.19955785679463,line-to-ground,POINT(-97.7129346598448 30.4289273479281),1
p1udt927,ABC,7.19955785679463,line-to-ground,POINT(-97.7148448180285 30.4200431359034),1
p1udt6304,ABC,7.19955785679463,line-to-ground,POINT(-97.7150262051901 30.4197108583892),1
p1udt3298-p1udt8410xxx,B,7.19955785679463,line-to-ground,POINT(-97.7159435659475 30.4202152791795),1
p1udt3298,B,7.19955785679463,line-to-ground,POINT(-97.7161156366256 30.4198068118244),1
p1udt16009,ABC,7.19955785679463,line-to-ground,POINT(-97.7146636083109 30.4195719886047),1
p1udt311,ABC,7.19955785679463,line-to-ground,POINT(-97.7143839467803 30.4194611313372),1
p1udt14229,ABC,7.19955785679463,line-to-ground,POINT(-97.7140938934862 30.4193499995902),1
p1udt1558,ABC,7.19955785679463,line-to-ground,POINT(-97.7138141495845 30.4192478201663),1
p1udt11036,ABC,7.19955785679463,line-to-ground,POINT(-97.7134413704089 30.4190999901923),1
p1udt14227,A,7.19955785679463,line-to-ground,POINT(-97.7160936449043 30.4192883042119),1
p1udt16940,A,7.19955785679463,line-to-ground,POINT(-97.7162967370589 30.4194927905372),1
p1udt4317,A,7.19955785679463,line-to-ground,POINT(-97.7157102569691 30.4191491893113),1
p1udt8020,A,7.19955785679463,line-to-ground,POINT(-97.7155238100478 30.419075343142),1
p1udt13953,A,7.19955785679463,line-to-ground,POINT(-97.7151509517192 30.4189273073057),1
p1udt12382,A,7.19955785679463,line-to-ground,POINT(-97.7148607808077 30.4188251990301),1
p1udt310,A,7.19955785679463,line-to-ground,POINT(-97.7144775148199 30.4186770588463),1
p1udt18954-p1udt310x,A,7.19955785679463,line-to-ground,POINT(-97.7138107383419 30.4184961938846),1
p1udt14511,C,7.19955785679463,line-to-ground,POINT(-97.7153937838256 30.4170799981174),1
p1udt2122,C,7.19955785679463,line-to-ground,POINT(-97.7149791726882 30.4167549059301),1
p1udt8019,C,7.19955785679463,line-to-ground,POINT(-97.7159115419814 30.4172926189194),1
p1udt2124,C,7.19955785679463,line-to-ground,POINT(-97.7162948049644 30.41744075483),1
p1udt5319,C,7.19955785679463,line-to-ground,POINT(-97.7167608734111 30.4176257952795),1
p1udt17155-p1udt5319x,C,7.19955785679463,line-to-ground,POINT(-97.7173113969938 30.4179120289268),1
p1udt9948,B,7.19955785679463,line-to-ground,POINT(-97.7161307886294 30.4147906708948),1
p1udt9949,B,7.19955785679463,line-to-ground,POINT(-97.7162367149472 30.41469771511),1
p1udt23143,B,7.19955785679463,line-to-ground,POINT(-97.7162670686938 30.4147877420182),1
p1udt23023,B,7.19955785679463,line-to-ground,POINT(-97.7164534908649 30.4148617583161),1
p1udt16938,B,7.19955785679463,line-to-ground,POINT(-97.7166399133255 30.414935774355),1
p1udt4784,B,7.19955785679463,line-to-ground,POINT(-97.7170127591151 30.4150838056557),1
p1udt18758,B,7.19955785679463,line-to-ground,POINT(-97.7172097270761 30.4151487300643),1
p1udt13358,B,7.19955785679463,line-to-ground,POINT(-97.7177080589553 30.4152530491886),1
p1udt3796,B,7.19955785679463,line-to-ground,POINT(-97.7182067630256 30.4153301297618),1
p1udt18360-p1udt3796x,B,7.19955785679463,line-to-ground,POINT(-97.7184811924138 30.4154086002862),1
p1udt9593,A,7.19955785679463,line-to-ground,POINT(-97.7216211036169 30.4161574532681),1
p1udt20181,A,7.19955785679463,line-to-ground,POINT(-97.722074028296 30.4163643768743),1
p1udt8017,A,7.19955785679463,line-to-ground,POINT(-97.7212588737247 30.4159916645923),1
p1udt6740,A,7.19955785679463,line-to-ground,POINT(-97.7208139929546 30.4157796074173),1
p1udt17382,A,7.19955785679463,line-to-ground,POINT(-97.7205448616985 30.4156598436073),1
p1udt4786,A,7.19955785679463,line-to-ground,POINT(-97.7201101405982 30.4154661010399),1
p1udt17381-p1udt4786x,A,7.19955785679463,line-to-ground,POINT(-97.7197799504273 30.4152770099538),1
p1udt17579,B,7.19955785679463,line-to-ground,POINT(-97.7233019817004 30.4149920679152),1
p1udt3795,B,7.19955785679463,line-to-ground,POINT(-97.7234121186475 30.4151413252233),1
p1udt17579-p1udt8423xxx,B,7.19955785679463,line-to-ground,POINT(-97.7227381328631 30.4150398152514),1
p1udt6301,C,7.19955785679463,line-to-ground,POINT(-97.7237805519278 30.4126237516371),1
p1udt2111,C,7.19955785679463,line-to-ground,POINT(-97.7239277687254 30.4131162043925),1
p1udt5309,C,7.19955785679463,line-to-ground,POINT(-97.7243779422493 30.4129220986611),1
p1udt3280-p1udt6301x,C,7.19955785679463,line-to-ground,POINT(-97.7236017591594 30.4125577236304),1
p1udt15277,B,7.19955785679463,line-to-ground,POINT(-97.7221371189072 30.4125083866456),1
p1udt1549,B,7.19955785679463,line-to-ground,POINT(-97.7220898164383 30.412756587915),1
p1udt15002,B,7.19955785679463,line-to-ground,POINT(-97.7223871883727 30.4124926164667),1
p1udt17978,B,7.19955785679463,line-to-ground,POINT(-97.7228320581056 30.4127046680558),1
p1udt17978-p1udt6738xxx,B,7.19955785679463,line-to-ground,POINT(-97.7231115558163 30.4127337752942),1
p1udt4783,C,7.19955785679463,line-to-ground,POINT(-97.7217934843138 30.4135750622565),1
p1udt2116,C,7.19955785679463,line-to-ground,POINT(-97.7219530400591 30.4136653344586),1
p1udt5317,C,7.19955785679463,line-to-ground,POINT(-97.7213554411232 30.4133759589161),1
p1udt8016,C,7.19955785679463,line-to-ground,POINT(-97.7210647243848 30.4141220536647),1
p1udt8810,C,7.19955785679463,line-to-ground,POINT(-97.7218716107403 30.4145088801619),1
p1udt4314,C,7.19955785679463,line-to-ground,POINT(-97.7220947187549 30.4147765426216),1
p1udt15279,C,7.19955785679463,line-to-ground,POINT(-97.7214165438567 30.4142788510364),1
p1udt5318-p1udt8016x,C,7.19955785679463,line-to-ground,POINT(-97.7204455025535 30.4146973824121),1
p1udt4315,C,7.19955785679463,line-to-ground,POINT(-97.7168873974684 30.4159126829906),1
p1udt8424,C,7.19955785679463,line-to-ground,POINT(-97.716449841882 30.4157497825956),1
p1udt6741,C,7.19955785679463,line-to-ground,POINT(-97.717261073354 30.4159975613049),1
p1udt13032,C,7.19955785679463,line-to-ground,POINT(-97.7175622380099 30.4160546575262),1
p1udt8018,C,7.19955785679463,line-to-ground,POINT(-97.7178635209919 30.4161027312922),1
p1udt17784-p1udt8018x,C,7.19955785679463,line-to-ground,POINT(-97.7182938853689 30.4163082485065),1
p1udt2119,B,7.19955785679463,line-to-ground,POINT(-97.7229561960201 30.4159631634032),1
p1udt16939,B,7.19955785679463,line-to-ground,POINT(-97.722595960624 30.4154581681059),1
p1udt2119-p1udt9190xxx,B,7.19955785679463,line-to-ground,POINT(-97.7225744227451 30.4164187229034),1
p1udt12700,A,7.19955785679463,line-to-ground,POINT(-97.7236454934135 30.4136563408955),1
p1udt4307,A,7.19955785679463,line-to-ground,POINT(-97.7236511380328 30.4135749019875),1
p1udt9588,A,7.19955785679463,line-to-ground,POINT(-97.7237106850887 30.413985494542),1
p1udt3284,A,7.19955785679463,line-to-ground,POINT(-97.7243881653746 30.4147320350463),1
p1udt5308,A,7.19955785679463,line-to-ground,POINT(-97.7249185351757 30.4131671853474),1
p1udt16936,A,7.19955785679463,line-to-ground,POINT(-97.7246469364823 30.4130510476965),1
p1udt15275,A,7.19955785679463,line-to-ground,POINT(-97.7248630880415 30.4134283092153),1
p1udt7177,A,7.19955785679463,line-to-ground,POINT(-97.7246719692835 30.413715176707),1
p1udt15759,A,7.19955785679463,line-to-ground,POINT(-97.7244893813023 30.4141464943042),1
p1udt23141,A,7.19955785679463,line-to-ground,POINT(-97.7244341670552 30.4143895743125),1
p1udt3285,A,7.19955785679463,line-to-ground,POINT(-97.7243418572619 30.4150834388923),1
p1udt918,A,7.19955785679463,line-to-ground,POINT(-97.7239386726306 30.4156659899243),1
p1udt3788,A,7.19955785679463,line-to-ground,POINT(-97.7241517706959 30.4160919791838),1
p1udt14509-p1udt3788x,A,7.19955785679463,line-to-ground,POINT(-97.7240630449161 30.4165460584099),1
p1udt1542,B,7.19955785679463,line-to-ground,POINT(-97.7279616153324 30.4153262843059),1
p1udt1541,B,7.19955785679463,line-to-ground,POINT(-97.7279931594365 30.4151150857714),1
p1udt2689,B,7.19955785679463,line-to-ground,POINT(-97.7280896827025 30.4158869546969),1
p1udt17781,B,7.19955785679463,line-to-ground,POINT(-97.7281172837877 30.4161669349153),1
p1udt12379,B,7.19955785679463,line-to-ground,POINT(-97.7278816223088 30.4166787752154),1
p1udt1543,B,7.19955785679463,line-to-ground,POINT(-97.7275399641418 30.4165312500917),1
p1udt303,B,7.19955785679463,line-to-ground,POINT(-97.7271504696869 30.4160673215422),1
p1udt8415,B,7.19955785679463,line-to-ground,POINT(-97.727039642812 30.4149276253002),1
p1udt16937,B,7.19955785679463,line-to-ground,POINT(-97.7271875187087 30.4149628330907),1
p1udt18357,B,7.19955785679463,line-to-ground,POINT(-97.7272401910956 30.4145741622397),1
p1udt3286,B,7.19955785679463,line-to-ground,POINT(-97.7271270097873 30.4154623455997),1
p1udt22289,B,7.19955785679463,line-to-ground,POINT(-97.7271432445704 30.4158145702594),1
p1udt917,B,7.19955785679463,line-to-ground,POINT(-97.7263187688755 30.4159780037929),1
p1udt12377,B,7.19955785679463,line-to-ground,POINT(-97.7267564582444 30.4167399903672),1
p1udt11700,B,7.19955785679463,line-to-ground,POINT(-97.7265629454822 30.4170230305683),1
p1udt12378,B,7.19955785679463,line-to-ground,POINT(-97.7268520005873 30.4165967265602),1
p1udt5312,B,7.19955785679463,line-to-ground,POINT(-97.7258841514611 30.4157752583006),1
p1udt18755,B,7.19955785679463,line-to-ground,POINT(-97.7259089733191 30.4162625294876),1
p1udt11699,B,7.19955785679463,line-to-ground,POINT(-97.7258107916358 30.4164189461664),1
p1udt13654,B,7.19955785679463,line-to-ground,POINT(-97.725625363271 30.4156552243322),1
p1udt13654-p1udt302xxx,B,7.19955785679463,line-to-ground,POINT(-97.7252289883429 30.4155022500562),1
p1udt5814,C,7.19955785679463,line-to-ground,POINT(-97.7262390682157 30.4148942630711),1
p1udt7611,C,7.19955785679463,line-to-ground,POINT(-97.7262263319165 30.4149887142109),1
p1udt22531,C,7.19955785679463,line-to-ground,POINT(-97.7262746141607 30.4145609324427),1
p1udt14508,C,7.19955785679463,line-to-ground,POINT(-97.7263606004146 30.4143540720172),1
p1udt18567,C,7.19955785679463,line-to-ground,POINT(-97.7264707446882 30.4138951861458),1
p1udt6731,C,7.19955785679463,line-to-ground,POINT(-97.7275673725298 30.4144199763827),1
p1udt16490,C,7.19955785679463,line-to-ground,POINT(-97.7279269700538 30.4145989013698),1
p1udt301,C,7.19955785679463,line-to-ground,POINT(-97.7270500533602 30.4141714855783),1
p1udt24467,C,7.19955785679463,line-to-ground,POINT(-97.7268741675564 30.4140883925517),1
p1udt13354,C,7.19955785679463,line-to-ground,POINT(-97.7263982544744 30.4138583488582),1
p1udt8414,C,7.19955785679463,line-to-ground,POINT(-97.7259018713696 30.4136099246826),1
p1udt3281,C,7.19955785679463,line-to-ground,POINT(-97.7254671708234 30.4134071387349),1
p1udt9944,C,7.19955785679463,line-to-ground,POINT(-97.7252784861621 30.4133201121003),1
p1udt24267,C,7.19955785679463,line-to-ground,POINT(-97.7256430887708 30.4134898908725),1
p1udt5310,C,7.19955785679463,line-to-ground,POINT(-97.7256274045032 30.4138957703008),1
p1udt9188,C,7.19955785679463,line-to-ground,POINT(-97.7254567364176 30.414210078922),1
p1udt2112,C,7.19955785679463,line-to-ground,POINT(-97.7253680862222 30.414624097348),1
p1udt18358,C,7.19955785679463,line-to-ground,POINT(-97.7253106458916 30.4150385919221),1
p1udt15523,C,7.19955785679463,line-to-ground,POINT(-97.7252761172179 30.4152910687165),1
p1udt15523-p1udt302xxx,C,7.19955785679463,line-to-ground,POINT(-97.7252670151872 30.4155701206205),1
p1udt11032,C,7.19955785679463,line-to-ground,POINT(-97.7252468772537 30.4191434068596),1
p1udt6303,C,7.19955785679463,line-to-ground,POINT(-97.7255134968296 30.4192685245897),1
p1udt922,C,7.19955785679463,line-to-ground,POINT(-97.7248019386858 30.4189317054478),1
p1udt23482,C,7.19955785679463,line-to-ground,POINT(-97.7246157368212 30.4188396571381),1
p1udt10311,C,7.19955785679463,line-to-ground,POINT(-97.7241708356669 30.4186276109195),1
p1udt22914,C,7.19955785679463,line-to-ground,POINT(-97.7238087096411 30.4184528072102),1
p1udt19683,C,7.19955785679463,line-to-ground,POINT(-97.723446484795 30.4182868529534),1
p1udt3297,C,7.19955785679463,line-to-ground,POINT(-97.7230016889612 30.4180659524516),1
p1udt20022,C,7.19955785679463,line-to-ground,POINT(-97.7225865244608 30.4179714464064),1
p1udt6743,C,7.19955785679463,line-to-ground,POINT(-97.7220869974847 30.4187517679003),1
p1udt23261,C,7.19955785679463,line-to-ground,POINT(-97.7219358351473 30.4189796747408),1
p1udt2125,C,7.19955785679463,line-to-ground,POINT(-97.7222654190135 30.4186450240397),1
p1udt8015,C,7.19955785679463,line-to-ground,POINT(-97.7246245873219 30.4197600830421),1
p1udt3266,C,7.19955785679463,line-to-ground,POINT(-97.7251602447098 30.4200127476375),1
p1udt15760,C,7.19955785679463,line-to-ground,POINT(-97.7242624736405 30.4195851091174),1
p1udt11364,C,7.19955785679463,line-to-ground,POINT(-97.7237140592985 30.4193269350535),1
p1udt4310,C,7.19955785679463,line-to-ground,POINT(-97.7233519489086 30.4191519586832),1
p1udt17383,C,7.19955785679463,line-to-ground,POINT(-97.7230828052525 30.4190321998142),1
p1udt21622,C,7.19955785679463,line-to-ground,POINT(-97.7227206971245 30.418857221748),1
p1udt22290,C,7.19955785679463,line-to-ground,POINT(-97.7223845990423 30.4182853166663),1
p1udt21767,C,7.19955785679463,line-to-ground,POINT(-97.7224802667788 30.418133034534),1
p1udt307,C,7.19955785679463,line-to-ground,POINT(-97.7228206779081 30.4175767717523),1
p1udt10312-p1udt307x,C,7.19955785679463,line-to-ground,POINT(-97.7233037736916 30.4172546689284),1
p1udt1546,A,7.19955785679463,line-to-ground,POINT(-97.7279980879325 30.4181327755102),1
p1udt6736,A,7.19955785679463,line-to-ground,POINT(-97.7277620178967 30.4184874147955),1
p1udt9589,A,7.19955785679463,line-to-ground,POINT(-97.7279085915265 30.4178161388762),1
p1udt13655,A,7.19955785679463,line-to-ground,POINT(-97.7288144615941 30.4169268984942),1
p1udt15276,A,7.19955785679463,line-to-ground,POINT(-97.7289203786617 30.4168339321695),1
p1udt17975,A,7.19955785679463,line-to-ground,POINT(-97.7293344950662 30.4170359673654),1
p1udt5818,A,7.19955785679463,line-to-ground,POINT(-97.7293425839407 30.4172163334951),1
p1udt18952,A,7.19955785679463,line-to-ground,POINT(-97.7288879158518 30.4177625170821),1
p1udt4780,A,7.19955785679463,line-to-ground,POINT(-97.7290332082199 30.4185940041505),1
p1udt305,A,7.19955785679463,line-to-ground,POINT(-97.7287183072812 30.4186050058554),1
p1udt21218,A,7.19955785679463,line-to-ground,POINT(-97.72941272849 30.4182368190079),1
p1udt22784,A,7.19955785679463,line-to-ground,POINT(-97.7294478436111 30.4187333843415),1
p1udt12702,A,7.19955785679463,line-to-ground,POINT(-97.7294723722244 30.419063493919),1
p1udt5819,A,7.19955785679463,line-to-ground,POINT(-97.7293857303659 30.417902668865),1
p1udt14741,A,7.19955785679463,line-to-ground,POINT(-97.7285854916231 30.4177954540447),1
p1udt16006,A,7.19955785679463,line-to-ground,POINT(-97.7284915536641 30.4178127565908),1
p1udt4308,A,7.19955785679463,line-to-ground,POINT(-97.727505214157 30.4176046416806),1
p1udt3288,A,7.19955785679463,line-to-ground,POINT(-97.7272442486565 30.4176652967812),1
p1udt21766,A,7.19955785679463,line-to-ground,POINT(-97.7274353908823 30.4173693645784),1
p1udt6735,A,7.19955785679463,line-to-ground,POINT(-97.7275817932985 30.4171322169349),1
p1udt13030,A,7.19955785679463,line-to-ground,POINT(-97.7270634432866 30.4179522297224),1
p1udt20791,A,7.19955785679463,line-to-ground,POINT(-97.726925324208 30.4181672619846),1
p1udt18166,A,7.19955785679463,line-to-ground,POINT(-97.7267494141733 30.4180843400012),1
p1udt22169,A,7.19955785679463,line-to-ground,POINT(-97.7265631946509 30.4179924658141),1
p1udt8418,A,7.19955785679463,line-to-ground,POINT(-97.7262009838279 30.4178263477435),1
p1udt7179,A,7.19955785679463,line-to-ground,POINT(-97.7258387396507 30.4176605714228),1
p1udt919,A,7.19955785679463,line-to-ground,POINT(-97.7253835313231 30.4174395773493),1
p1udt5816-p1udt919x,A,7.19955785679463,line-to-ground,POINT(-97.7249056421336 30.4171729968387),1
p1udt2114,C,7.19955785679463,line-to-ground,POINT(-97.7251920824632 30.4169504693194),1
p1udt12701,C,7.19955785679463,line-to-ground,POINT(-97.7253471460694 30.4168475214116),1
p1udt2114-p1udt5816xxx,C,7.19955785679463,line-to-ground,POINT(-97.7248063491481 30.417137541936),1
p1udt17977-p1udt3791x,C,7.19955785679463,line-to-ground,POINT(-97.7264858959797 30.4189225823328),1
p1udt3791,C,7.19955785679463,line-to-ground,POINT(-97.7266888875002 30.4185479045056),1
p1udt8808,B,7.19955785679463,line-to-ground,POINT(-97.7257137502143 30.4200684759752),1
p1udt18560,B,7.19955785679463,line-to-ground,POINT(-97.725477432605 30.4204411542403),1
p1udt924,B,7.19955785679463,line-to-ground,POINT(-97.7258625363478 30.4198353318607),1
p1udt19325-p1udt924x,B,7.19955785679463,line-to-ground,POINT(-97.7262791422527 30.4196126018967),1
p1udt2103,A,7.19955785679463,line-to-ground,POINT(-97.7298598650019 30.4263076406523),1
p1udt2104,A,7.19955785679463,line-to-ground,POINT(-97.7298239256975 30.4264825400345),1
p1udt5806,A,7.19955785679463,line-to-ground,POINT(-97.7299174287636 30.4258839512545),1
p1udt23837,A,7.19955785679463,line-to-ground,POINT(-97.7296728204403 30.4254757103777),1
p1udt1533,A,7.19955785679463,line-to-ground,POINT(-97.7293312634781 30.4253189960305),1
p1udt3270,A,7.19955785679463,line-to-ground,POINT(-97.7293509118039 30.4246063753227),1
p1udt16486,A,7.19955785679463,line-to-ground,POINT(-97.7293474688112 30.4243619105858),1
p1udt5300,A,7.19955785679463,line-to-ground,POINT(-97.7293065778016 30.4240104299082),1
p1udt11691,A,7.19955785679463,line-to-ground,POINT(-97.7292716020189 30.4234957819794),1
p1udt3269,A,7.19955785679463,line-to-ground,POINT(-97.7291942841155 30.4230348594442),1
p1udt8010,A,7.19955785679463,line-to-ground,POINT(-97.7291334602042 30.4229079461633),1
p1udt8009,A,7.19955785679463,line-to-ground,POINT(-97.7287315576529 30.4225882299719),1
p1udt14499-p1udt8009x,A,7.19955785679463,line-to-ground,POINT(-97.7282970666968 30.4223742965203),1
p1udt13351,C,7.19955785679463,line-to-ground,POINT(-97.7293502189228 30.4270696298896),1
p1udt13651,C,7.19955785679463,line-to-ground,POINT(-97.7295243561078 30.4271034385901),1
p1udt7172,C,7.19955785679463,line-to-ground,POINT(-97.7290803615813 30.4270038421101),1
p1udt11694,C,7.19955785679463,line-to-ground,POINT(-97.7288000940167 30.4269379523953),1
p1udt7603,C,7.19955785679463,line-to-ground,POINT(-97.7284266168996 30.4268348908389),1
p1udt11693,C,7.19955785679463,line-to-ground,POINT(-97.7279714376404 30.4266141153981),1
p1udt3272,C,7.19955785679463,line-to-ground,POINT(-97.7287688598895 30.4277406891762),1
p1udt2682,C,7.19955785679463,line-to-ground,POINT(-97.72914021639 30.4278215336841),1
p1udt292,C,7.19955785679463,line-to-ground,POINT(-97.7284887074979 30.4276657769545),1
p1udt15518,C,7.19955785679463,line-to-ground,POINT(-97.7282084385029 30.4275998859332),1
p1udt1534,C,7.19955785679463,line-to-ground,POINT(-97.7279810427392 30.4274713490744),1
p1udt5808,C,7.19955785679463,line-to-ground,POINT(-97.7278694525666 30.4272446882886),1
p1udt8802,C,7.19955785679463,line-to-ground,POINT(-97.7279037285039 30.4270104261319),1
p1udt13650,C,7.19955785679463,line-to-ground,POINT(-97.7280265568349 30.426370994967),1
p1udt20017,C,7.19955785679463,line-to-ground,POINT(-97.7280816530472 30.4261369356051),1
p1udt18562,C,7.19955785679463,line-to-ground,POINT(-97.7285279049498 30.4254465173039),1
p1udt21621,C,7.19955785679463,line-to-ground,POINT(-97.7283379474616 30.424840130252),1
p1udt17377,C,7.19955785679463,line-to-ground,POINT(-97.7283296435857 30.4246776365277),1
p1udt11357,C,7.19955785679463,line-to-ground,POINT(-97.7284590145158 30.4243360252522),1
p1udt2681,C,7.19955785679463,line-to-ground,POINT(-97.7284219368643 30.4239837695776),1
p1udt7601,C,7.19955785679463,line-to-ground,POINT(-97.7283849764493 30.4236224920848),1
p1udt1530,C,7.19955785679463,line-to-ground,POINT(-97.7283675494886 30.423360657159),1
p1udt1530-p1udt16003xxx,C,7.19955785679463,line-to-ground,POINT(-97.728317075038 30.423185988175),1
p1udt16484-p1udt23476x,B,7.19955785679463,line-to-ground,POINT(-97.7262165131116 30.4214755655899),1
p1udt23476,B,7.19955785679463,line-to-ground,POINT(-97.725968532972 30.4219064320039),1
p1udt13951,B,7.19955785679463,line-to-ground,POINT(-97.7295678578701 30.4199165579886),1
p1udt21910,B,7.19955785679463,line-to-ground,POINT(-97.729517764127 30.4195770119629),1
p1udt3794,B,7.19955785679463,line-to-ground,POINT(-97.7292304161476 30.4202471225665),1
p1udt285,B,7.19955785679463,line-to-ground,POINT(-97.7289291139386 30.4201990745471),1
p1udt8406,B,7.19955785679463,line-to-ground,POINT(-97.728731793919 30.420161061408),1
p1udt3292,B,7.19955785679463,line-to-ground,POINT(-97.7285343570756 30.4201320697766),1
p1udt12380,B,7.19955785679463,line-to-ground,POINT(-97.72823305562 30.4200840201692),1
p1udt1548,B,7.19955785679463,line-to-ground,POINT(-97.7278382997726 30.4200170133191),1
p1udt923,B,7.19955785679463,line-to-ground,POINT(-97.7276408808351 30.4199878489888),1
p1udt7180,B,7.19955785679463,line-to-ground,POINT(-97.727224586193 30.4199749395349),1
p1udt306-p1udt7180x,B,7.19955785679463,line-to-ground,POINT(-97.7268285708222 30.4200082806041),1
p1udt13950,A,7.19955785679463,line-to-ground,POINT(-97.7273497960034 30.4191548576067),1
p1udt921,A,7.19955785679463,line-to-ground,POINT(-97.7274856288509 30.4189268451625),1
p1udt3793,A,7.19955785679463,line-to-ground,POINT(-97.728743860621 30.4193832648616),1
p1udt11031,A,7.19955785679463,line-to-ground,POINT(-97.7289893129081 30.4193836177488),1
p1udt19856,A,7.19955785679463,line-to-ground,POINT(-97.7285907658815 30.4193913905376),1
p1udt13031,A,7.19955785679463,line-to-ground,POINT(-97.7282951849753 30.4193084809144),1
p1udt16007,A,7.19955785679463,line-to-ground,POINT(-97.7279004321812 30.4192414743318),1
p1udt13950-p1udt306xxx,A,7.19955785679463,line-to-ground,POINT(-97.7268666627219 30.419921425633),1
p1udt1557,B,7.19955785679463,line-to-ground,POINT(-97.7213265379098 30.4179954568481),1
p1udt8426,B,7.19955785679463,line-to-ground,POINT(-97.7216110089952 30.4175430796623),1
p1udt20496,B,7.19955785679463,line-to-ground,POINT(-97.7211325831806 30.4183041116179),1
p1udt2123,B,7.19955785679463,line-to-ground,POINT(-97.7208944345561 30.4175940050258),1
p1udt7615,B,7.19955785679463,line-to-ground,POINT(-97.7203667246223 30.417345214506),1
p1udt7183,B,7.19955785679463,line-to-ground,POINT(-97.7197563301397 30.41705049644),1
p1udt15528-p1udt7183x,B,7.19955785679463,line-to-ground,POINT(-97.7190037574821 30.4167337634891),1
p1udt13034,A,7.19955785679463,line-to-ground,POINT(-97.7199617232227 30.4180632501042),1
p1udt1556,A,7.19955785679463,line-to-ground,POINT(-97.7194651243026 30.4178237839158),1
p1udt13033,A,7.19955785679463,line-to-ground,POINT(-97.7190669278395 30.4172243642593),1
p1udt13033-p1udt15528xxx,A,7.19955785679463,line-to-ground,POINT(-97.7190886973607 30.4167190414047),1
p1udt13360,ABC,7.19955785679463,line-to-ground,POINT(-97.7174481061344 30.4176418673968),1
p1udt15281,B,7.19955785679463,line-to-ground,POINT(-97.7161819375904 30.4165193067058),1
p1udt8811,B,7.19955785679463,line-to-ground,POINT(-97.7157237980373 30.4163381555985),1
p1udt926,B,7.19955785679463,line-to-ground,POINT(-97.716679229902 30.4167046544246),1
p1udt1555,B,7.19955785679463,line-to-ground,POINT(-97.7171153654561 30.4167901471513),1
p1udt7184,B,7.19955785679463,line-to-ground,POINT(-97.7174893988437 30.4168479596007),1
p1udt13360-p1udt7184x,B,7.19955785679463,line-to-ground,POINT(-97.7174856602829 30.4176086357183),1
p1udt17155,ABC,7.19955785679463,line-to-ground,POINT(-97.7172649874089 30.4179353656672),1
p1udt20937,ABC,7.19955785679463,line-to-ground,POINT(-97.7171817819906 30.4180809065604),1
p1udt12381,ABC,7.19955785679463,line-to-ground,POINT(-97.7170756619529 30.4182334250021),1
p1udt15530,ABC,7.19955785679463,line-to-ground,POINT(-97.7169269759274 30.418457536865),1
p1udt5320,ABC,7.19955785679463,line-to-ground,POINT(-97.7167781711468 30.418690670294),1
p1udt8813,ABC,7.19955785679463,line-to-ground,POINT(-97.7161906543217 30.4185431052205),1
p1udt13035-p1udt8813xxx,A,7.19955785679463,line-to-ground,POINT(-97.7162155513963 30.4185021121857),1
p1udt13035,A,7.19955785679463,line-to-ground,POINT(-97.7162920959368 30.4183915449787),1
p1udt8814,ABC,7.19955785679463,line-to-ground,POINT(-97.7156800626392 30.4182738404576),1
p1udt309,ABC,7.19955785679463,line-to-ground,POINT(-97.7151205606041 30.4180696592332),1
p1udt4787,ABC,7.19955785679463,line-to-ground,POINT(-97.714944289325 30.4180139582606),1
p1udt308,ABC,7.19955785679463,line-to-ground,POINT(-97.7144236910649 30.4180178557205),1
p1udt4316,ABC,7.19955785679463,line-to-ground,POINT(-97.7140044675867 30.418230276872),1
p1udt18954,ABC,7.19955785679463,line-to-ground,POINT(-97.713757277331 30.4185001576867),1
p1udt18361,ABC,7.19955785679463,line-to-ground,POINT(-97.7135404796933 30.4189700512161),1
p1udt8024,ABC,7.19955785679463,line-to-ground,POINT(-97.7116408270718 30.4253890370471),1
p1udt13037,ABC,7.19955785679463,line-to-ground,POINT(-97.7112334436657 30.4257957316713),1
p1udt24269,ABC,7.19955785679463,line-to-ground,POINT(-97.7118225045984 30.4251369424945),1
p1udt21911,ABC,7.19955785679463,line-to-ground,POINT(-97.7119278167257 30.4249408955643),1
p1udt14230,ABC,7.19955785679463,line-to-ground,POINT(-97.7120128772677 30.4248063912961),1
p1udt10677,ABC,7.19955785679463,line-to-ground,POINT(-97.7156256766759 30.4311670481293),1
p1udt9930,ABC,7.19955785679463,line-to-ground,POINT(-97.7159511224547 30.4314649399252),1
p1udt13941,ABC,7.19955785679463,line-to-ground,POINT(-97.7151081009108 30.430936209712),1
p1udt11355,ABC,7.19955785679463,line-to-ground,POINT(-97.714942589937 30.4308533740939),1
p1udt12032,ABC,7.19955785679463,line-to-ground,POINT(-97.7152383370139 30.4305316325915),1
p1udt3261,ABC,7.19955785679463,line-to-ground,POINT(-97.7154743158001 30.4301794518226),1
p1udt13341,ABC,7.19955785679463,line-to-ground,POINT(-97.714871841313 30.4298962496433),1
p1udt8413,ABC,7.19955785679463,line-to-ground,POINT(-97.7144579687979 30.4297029028716),1
p1udt11025,ABC,7.19955785679463,line-to-ground,POINT(-97.7155474166286 30.428423610443),1
p1udt11026,ABC,7.19955785679463,line-to-ground,POINT(-97.7160627091906 30.4286694942083),1
p1udt11697,ABC,7.19955785679463,line-to-ground,POINT(-97.7153768607435 30.4287013461204),1
p1udt22528,ABC,7.19955785679463,line-to-ground,POINT(-97.71519609404 30.428988299899),1
p1udt22529,ABC,7.19955785679463,line-to-ground,POINT(-97.7149209193868 30.4293284613558),1
p1udt8399,ABC,7.19955785679463,line-to-ground,POINT(-97.7141370321249 30.4295553366177),1
p1udt12698,ABC,7.19955785679463,line-to-ground,POINT(-97.7138227154654 30.4293794648171),1
p1udt9942,ABC,7.19955785679463,line-to-ground,POINT(-97.7134856501782 30.4292060474381),1
p1udt10309,ABC,7.19955785679463,line-to-ground,POINT(-97.7133785681968 30.4286456102987),1
p1udt7607,ABC,7.19955785679463,line-to-ground,POINT(-97.7127089340679 30.4297304558468),1
p1udt16708,ABC,7.19955785679463,line-to-ground,POINT(-97.7118065351136 30.4295755319988),1
p1udt14505,ABC,7.19955785679463,line-to-ground,POINT(-97.712850253135 30.4294844643281),1
p1udt16715,ABC,7.19955785679463,line-to-ground,POINT(-97.7128810864334 30.4289300029828),1
p1udt24466,ABC,7.19955785679463,line-to-ground,POINT(-97.7134743017742 30.42848410327),1
p1udt10695,ABC,7.19955785679463,line-to-ground,POINT(-97.7136748205709 30.4281599657843),1
p1udt21908,ABC,7.19955785679463,line-to-ground,POINT(-97.713910492099 30.4277755923521),1
p1udt1536,ABC,7.19955785679463,line-to-ground,POINT(-97.7142634701407 30.4272350852922),1
p1udt5810,ABC,7.19955785679463,line-to-ground,POINT(-97.7144273643024 30.4268994218576),1
p1udt4301,ABC,7.19955785679463,line-to-ground,POINT(-97.7144904133432 30.426427868906),1
p1udt13685,ABC,7.19955785679463,line-to-ground,POINT(-97.7273163646772 30.4080923977169),1
p1udt21386,ABC,7.19955785679463,line-to-ground,POINT(-97.7254576112318 30.4085346534554),1
p1udt6738,ABC,7.19955785679463,line-to-ground,POINT(-97.723156360998 30.4127593674918),1
p1udt15278,ABC,7.19955785679463,line-to-ground,POINT(-97.7228775249157 30.4132103974961),1
p1udt17979,ABC,7.19955785679463,line-to-ground,POINT(-97.7226538809763 30.4135961961236),1
p1udt19326,ABC,7.19955785679463,line-to-ground,POINT(-97.7225855507529 30.4140466745714),1
p1udt2118,ABC,7.19955785679463,line-to-ground,POINT(-97.7228619002173 30.414410295663),1
p1udt24575,ABC,7.19955785679463,line-to-ground,POINT(-97.7230767529827 30.4147009596972),1
p1udt8423,ABC,7.19955785679463,line-to-ground,POINT(-97.7227818574784 30.4150667694045),1
p1udt2691,ABC,7.19955785679463,line-to-ground,POINT(-97.7219748262342 30.415376092496),1
p1udt11702,ABC,7.19955785679463,line-to-ground,POINT(-97.7215602163837 30.415236689203),1
p1udt8422,ABC,7.19955785679463,line-to-ground,POINT(-97.7211254949929 30.4150429500012),1
p1udt3797,ABC,7.19955785679463,line-to-ground,POINT(-97.7209495956652 30.4149600204624),1
p1udt5318,ABC,7.19955785679463,line-to-ground,POINT(-97.7204020429193 30.4147269930132),1
p1udt17381,ABC,7.19955785679463,line-to-ground,POINT(-97.7197636729236 30.4153213198175),1
p1udt15003,ABC,7.19955785679463,line-to-ground,POINT(-97.7191205454363 30.4155105336124),1
p1udt18360,ABC,7.19955785679463,line-to-ground,POINT(-97.7185032583753 30.4153661983752),1
p1udt16256,ABC,7.19955785679463,line-to-ground,POINT(-97.7185357356135 30.4156491616987),1
p1udt3295,ABC,7.19955785679463,line-to-ground,POINT(-97.7184476270049 30.4160182369642),1
p1udt17784,ABC,7.19955785679463,line-to-ground,POINT(-97.7182563320003 30.416341480446),1
p1udt7614,ABC,7.19955785679463,line-to-ground,POINT(-97.7181813952637 30.4164756211602),1
p1udt9950,ABC,7.19955785679463,line-to-ground,POINT(-97.7179580617331 30.4168345168654),1
p1udt6733,ABC,7.19955785679463,line-to-ground,POINT(-97.7251331725023 30.4158761641704),1
p1udt302,ABC,7.19955785679463,line-to-ground,POINT(-97.7252182799774 30.4155486919044),1
p1udt11029,ABC,7.19955785679463,line-to-ground,POINT(-97.724765088914 30.4161613034561),1
p1udt14509,ABC,7.19955785679463,line-to-ground,POINT(-97.7240467690953 30.4165903688485),1
p1udt12045,ABC,7.19955785679463,line-to-ground,POINT(-97.7235090732584 30.4166811672352),1
p1udt6734,ABC,7.19955785679463,line-to-ground,POINT(-97.7246886879365 30.417234115406),1
p1udt5816,ABC,7.19955785679463,line-to-ground,POINT(-97.7248559926242 30.4171552540011),1
p1udt3790,ABC,7.19955785679463,line-to-ground,POINT(-97.724363861917 30.417393526345),1
p1udt12046,ABC,7.19955785679463,line-to-ground,POINT(-97.7238821808746 30.4176144307495),1
p1udt11690,ABC,7.19955785679463,line-to-ground,POINT(-97.7283306067244 30.4229992082671),1
p1udt16003,ABC,7.19955785679463,line-to-ground,POINT(-97.7283679969536 30.4231770175713),1
p1udt14499,ABC,7.19955785679463,line-to-ground,POINT(-97.7283392700807 30.4224030205037),1
p1udt15266,ABC,7.19955785679463,line-to-ground,POINT(-97.7279659065642 30.4222196823683),1
p1udt8801,ABC,7.19955785679463,line-to-ground,POINT(-97.7276038774279 30.422035866917),1
p1udt3268,ABC,7.19955785679463,line-to-ground,POINT(-97.7273347377639 30.4219159451324),1
p1udt14498,ABC,7.19955785679463,line-to-ground,POINT(-97.7269197409096 30.4218036233797),1
p1udt11018,ABC,7.19955785679463,line-to-ground,POINT(-97.7264509370599 30.4218261194345),1
p1udt16484,ABC,7.19955785679463,line-to-ground,POINT(-97.7262002373512 30.4215198762688),1
p1udt18944,ABC,7.19955785679463,line-to-ground,POINT(-97.7261691627963 30.4213377196118),1
p1udt901,ABC,7.19955785679463,line-to-ground,POINT(-97.7261807662317 30.4209843503887),1
p1udt3267,ABC,7.19955785679463,line-to-ground,POINT(-97.7264041572843 30.4206256509286),1
p1udt306,ABC,7.19955785679463,line-to-ground,POINT(-97.7268331569612 30.4199601002868),1
p1udt6737,ABC,7.19955785679463,line-to-ground,POINT(-97.7265198795252 30.4197244476879),1
p1udt19325,ABC,7.19955785679463,line-to-ground,POINT(-97.7262255196479 30.4196142966345),1
p1udt9946,ABC,7.19955785679463,line-to-ground,POINT(-97.7262556696576 30.4192256084595),1
p1udt17977,ABC,7.19955785679463,line-to-ground,POINT(-97.7264323787783 30.4189192128439),1
p1udt4309,ABC,7.19955785679463,line-to-ground,POINT(-97.7261378018225 30.418682910527),1
p1udt11701,ABC,7.19955785679463,line-to-ground,POINT(-97.7256824535748 30.4184711105323),1
p1udt24690,ABC,7.19955785679463,line-to-ground,POINT(-97.725413443299 30.4183421632734),1
p1udt7612,ABC,7.19955785679463,line-to-ground,POINT(-97.7250513332682 30.4181671916092),1
p1udt9945,ABC,7.19955785679463,line-to-ground,POINT(-97.7248864109492 30.4180720582789),1
p1udt4777,ABC,7.19955785679463,line-to-ground,POINT(-97.7243268824352 30.4178352889442),1
p1udt23717,ABC,7.19955785679463,line-to-ground,POINT(-97.7236026714747 30.4174853388051),1
p1udt10312,ABC,7.19955785679463,line-to-ground,POINT(-97.7233459734042 30.417283394444),1
p1udt19504,ABC,7.19955785679463,line-to-ground,POINT(-97.723453809148 30.4169244612512),1
p1udt5815,ABC,7.19955785679463,line-to-ground,POINT(-97.7232221425649 30.4163266819994),1
p1udt9190,ABC,7.19955785679463,line-to-ground,POINT(-97.7226181479138 30.416445677122),1
p1udt18168,ABC,7.19955785679463,line-to-ground,POINT(-97.722216487274 30.416804081733),1
p1udt15529,ABC,7.19955785679463,line-to-ground,POINT(-97.7218998516673 30.4171348308762),1
p1udt20182,ABC,7.19955785679463,line-to-ground,POINT(-97.7214852345903 30.4169954271725),1
p1udt2121,ABC,7.19955785679463,line-to-ground,POINT(-97.7213093314998 30.416912498034),1
p1udt8812,ABC,7.19955785679463,line-to-ground,POINT(-97.7208540197127 30.4167005103093),1
p1udt11034,ABC,7.19955785679463,line-to-ground,POINT(-97.7203987099375 30.4164885210459),1
p1udt15280,ABC,7.19955785679463,line-to-ground,POINT(-97.7200366334193 30.4163133645107),1
p1udt2120,ABC,7.19955785679463,line-to-ground,POINT(-97.7197148656945 30.416238197588),1
p1udt1554,ABC,7.19955785679463,line-to-ground,POINT(-97.7195131991096 30.4165339765142),1
p1udt4318,ABC,7.19955785679463,line-to-ground,POINT(-97.715378437245 30.4198408608831),1
p1udt7253,ABC,7.19955785679463,line-to-ground,POINT(-97.7272655436607 30.4070041531434),1
p1udt16742,ABC,7.19955785679463,line-to-ground,POINT(-97.7287349008769 30.4084892086108),1
p1udt17811,ABC,7.19955785679463,line-to-ground,POINT(-97.7254029884462 30.407743913857),1
p1udt8800,ABC,7.19955785679463,line-to-ground,POINT(-97.7273693765785 30.4208480190286),1
p1udt21211,ABC,7.19955785679463,line-to-ground,POINT(-97.7275156234707 30.4208877337237),1
p1udt9181,ABC,7.19955785679463,line-to-ground,POINT(-97.7271725409658 30.4207773021133),1
p1udt14219,ABC,7.19955785679463,line-to-ground,POINT(-97.7269238564034 30.4206848193164),1
p1udt15270_b2_1,ABC,7.19955785679463,line-to-ground,POINT(-97.7149011155512 30.419743665226),1
p1udt323lv,S1S2,0.120088855991442,line-to-ground,POINT(-97.7018062215223 30.4115679785369),1
p1ulv17961,S1S2,0.120088855991442,line-to-ground,POINT(-97.7018794113175 30.4116588198398),1
p1udm1142,S1S2,0.120088855991442,line-to-ground,POINT(-97.7016814039072 30.4116748968687),1
p1ulv326,S1S2,0.120088855991442,line-to-ground,POINT(-97.7018262923157 30.4117394978631),1
p1udt324lv,S1S2,0.120088855991442,line-to-ground,POINT(-97.7022530437254 30.4136288780795),1
p1ulv6692,S1S2,0.120088855991442,line-to-ground,POINT(-97.7023829312518 30.4137300703898),1
p1udm1144,S1S2,0.120088855991442,line-to-ground,POINT(-97.7022590964845 30.4136476334292),1
p1ulv327,S1S2,0.120088855991442,line-to-ground,POINT(-97.7021462679216 30.4135201912409),1
p1udm1147,S1S2,0.120088855991442,line-to-ground,POINT(-97.7021855166036 30.4137010394719),1
p1ulv28203,S1S2,0.120088855991442,line-to-ground,POINT(-97.7022778853266 30.4138012095548),1
p1udm1145,S1S2,0.120088855991442,line-to-ground,POINT(-97.7023958469323 30.4135407177597),1
p1ulv1635,S1S2,0.120088855991442,line-to-ground,POINT(-97.7024985054653 30.413650012861),1
p1udt325lv,S1S2,0.120088855991442,line-to-ground,POINT(-97.7126638679466 30.4158260083238),1
p1ulv328,S1S2,0.120088855991442,line-to-ground,POINT(-97.7124383288017 30.4159201027142),1
p1udm1149,S1S2,0.120088855991442,line-to-ground,POINT(-97.7125688167025 30.4157708360377),1
p1ulv21810,S1S2,0.120088855991442,line-to-ground,POINT(-97.7125612498111 30.4155542113489),1
p1ulv53389,S1S2,0.120088855991442,line-to-ground,POINT(-97.7123296385074 30.415750431419),1
p1ulv60072,S1S2,0.120088855991442,line-to-ground,POINT(-97.7127888341145 30.4156647304281),1
p1udm1152,S1S2,0.120088855991442,line-to-ground,POINT(-97.7129782053401 30.4163072246909),1
p1ulv65125,S1S2,0.120088855991442,line-to-ground,POINT(-97.7128519898671 30.4164052325),1
p1udt326lv,S1S2,0.120088855991442,line-to-ground,POINT(-97.708547933839 30.4175575521687),1
p1ulv329,S1S2,0.120088855991442,line-to-ground,POINT(-97.7084861230983 30.4174809571113),1
p1udt327lv,S1S2,0.120088855991442,line-to-ground,POINT(-97.7122187308428 30.4181668299579),1
p1ulv9785,S1S2,0.120088855991442,line-to-ground,POINT(-97.7123902733371 30.4182684234373),1
p1ulv50211,S1S2,0.120088855991442,line-to-ground,POINT(-97.7122063361574 30.4180049445877),1
p1udm1154,S1S2,0.120088855991442,line-to-ground,POINT(-97.7121829103757 30.4182032176529),1
p1ulv330,S1S2,0.120088855991442,line-to-ground,POINT(-97.7121015293361 30.4180580481928),1
p1udm1156,S1S2,0.120088855991442,line-to-ground,POINT(-97.7121093321716 30.4182566293106),1
p1ulv38962,S1S2,0.120088855991442,line-to-ground,POINT(-97.7122328258162 30.4183661225163),1
p1udm1157,S1S2,0.120088855991442,line-to-ground,POINT(-97.7124348732911 30.418043290414),1
p1ulv48391,S1S2,0.120088855991442,line-to-ground,POINT(-97.7123532550651 30.4179161645964),1
p1udt329lv,S1S2,0.120088855991442,line-to-ground,POINT(-97.6992900616756 30.412054234033),1
p1ulv332,S1S2,0.120088855991442,line-to-ground,POINT(-97.6992722895608 30.4120028121969),1
p1udm1161,S1S2,0.120088855991442,line-to-ground,POINT(-97.6994173578315 30.411959548847),1
p1ulv37685,S1S2,0.120088855991442,line-to-ground,POINT(-97.6993680033863 30.4118503763626),1
p1udm1162,S1S2,0.120088855991442,line-to-ground,POINT(-97.6992154789982 30.4122674743959),1
p1ulv52118,S1S2,0.120088855991442,line-to-ground,POINT(-97.6991971539637 30.4121734987733),1
p1udt330lv,S1S2,0.120088855991442,line-to-ground,POINT(-97.7002542101907 30.4134742853841),1
p1ulv38316,S1S2,0.120088855991442,line-to-ground,POINT(-97.7003767265445 30.4135025890668),1
p1udm1164,S1S2,0.120088855991442,line-to-ground,POINT(-97.700157657982 30.4135364998589),1
p1ulv26920,S1S2,0.120088855991442,line-to-ground,POINT(-97.7002921389522 30.4136009989579),1
p1ulv52788,S1S2,0.120088855991442,line-to-ground,POINT(-97.6999990366444 30.4134508783368),1
p1udm1163,S1S2,0.120088855991442,line-to-ground,POINT(-97.7001150651581 30.4136082590125),1
p1ulv333,S1S2,0.120088855991442,line-to-ground,POINT(-97.7002282497928 30.41370863775),1
p1udm1166,S1S2,0.120088855991442,line-to-ground,POINT(-97.7003169023005 30.413303489731),1
p1ulv49012,S1S2,0.120088855991442,line-to-ground,POINT(-97.7004516221454 30.4133499452387),1
p1udm1168,S1S2,0.120088855991442,line-to-ground,POINT(-97.7004127354206 30.4131420314383),1
p1ulv54045,S1S2,0.120088855991442,line-to-ground,POINT(-97.7003098406855 30.4130507781944),1
p1udt332lv,S1S2,0.120088855991442,line-to-ground,POINT(-97.700301122444 30.4157177334369),1
p1ulv335,S1S2,0.120088855991442,line-to-ground,POINT(-97.7002837846756 30.415802503256),1
p1udm1173,S1S2,0.120088855991442,line-to-ground,POINT(-97.700254828551 30.4156307799245),1
p1ulv9170,S1S2,0.120088855991442,line-to-ground,POINT(-97.7001527428489 30.4157498973727),1
p1udm1172,S1S2,0.120088855991442,line-to-ground,POINT(-97.7001617428442 30.4155847386929),1
p1ulv9169,S1S2,0.120088855991442,line-to-ground,POINT(-97.70024645192 30.4154773072609),1
p1ulv55262,S1S2,0.120088855991442,line-to-ground,POINT(-97.7000872037073 30.4157103171198),1
p1udm1174,S1S2,0.120088855991442,line-to-ground,POINT(-97.7004307104854 30.4157137368722),1
p1ulv23727,S1S2,0.120088855991442,line-to-ground,POINT(-97.7005151803031 30.41562434868),1
p1udm1175,S1S2,0.120088855991442,line-to-ground,POINT(-97.7005133871435 30.4157596743101),1
p1ulv50862,S1S2,0.120088855991442,line-to-ground,POINT(-97.7004804855698 30.4158856673974),1
p1udt399lv,S1S2,0.120088855991442,line-to-ground,POINT(-97.7167786475546 30.409381768107),1
p1ulv403,S1S2,0.120088855991442,line-to-ground,POINT(-97.7167445676469 30.4093244594327),1
p1udt925lv,S1S2,0.120088855991442,line-to-ground,POINT(-97.7155322606235 30.4154384055821),1
p1ulv942,S1S2,0.120088855991442,line-to-ground,POINT(-97.7154664003689 30.4155106436696),1
p1ulv2233,S1S2,0.120088855991442,line-to-ground,POINT(-97.7156153212497 30.4152684898133),1
p1udm3365,S1S2,0.120088855991442,line-to-ground,POINT(-97.7154475905723 30.4153570688777),1
p1ulv4756,S1S2,0.120088855991442,line-to-ground,POINT(-97.7153521340164 30.4154914735203),1
p1udm3366,S1S2,0.120088855991442,line-to-ground,POINT(-97.7156340131462 30.415431086353),1
p1ulv28801,S1S2,0.120088855991442,line-to-ground,POINT(-97.7155904853267 30.4155750249396),1
p1udt935lv,S1S2,0.120088855991442,line-to-ground,POINT(-97.7001125731477 30.4127391995686),1
p1ulv953,S1S2,0.120088855991442,line-to-ground,POINT(-97.7002403251591 30.4127974449353),1
p1ulv21831,S1S2,0.120088855991442,line-to-ground,POINT(-97.6999810571348 30.4127226804544),1
p1udm3405,S1S2,0.120088855991442,line-to-ground,POINT(-97.7000201819598 30.4129125509435),1
p1ulv23726,S1S2,0.120088855991442,line-to-ground,POINT(-97.6998749343474 30.4128750130709),1
p1udm3406,S1S2,0.120088855991442,line-to-ground,POINT(-97.7003072023804 30.4124642632993),1
p1ulv55867,S1S2,0.120088855991442,line-to-ground,POINT(-97.7003791087157 30.4125371622852),1
p1udt936lv,S1S2,0.120088855991442,line-to-ground,POINT(-97.699613303555 30.4134921515337),1
p1ulv954,S1S2,0.120088855991442,line-to-ground,POINT(-97.6997408170048 30.4135684408201),1
p1ulv40220,S1S2,0.120088855991442,line-to-ground,POINT(-97.6995029636314 30.4134487741333),1
p1udm3409,S1S2,0.120088855991442,line-to-ground,POINT(-97.6997227498156 30.4133607341864),1
p1ulv51463,S1S2,0.120088855991442,line-to-ground,POINT(-97.6998153548435 30.4134428625164),1
p1ulv54674,S1S2,0.120088855991442,line-to-ground,POINT(-97.6995985589864 30.4133053599021),1
p1udt1550lv,S1S2,0.120088855991442,line-to-ground,POINT(-97.7130298735207 30.4139836207034),1
p1ulv1609,S1S2,0.120088855991442,line-to-ground,POINT(-97.7132689800213 30.4139821770927),1
p1ulv6673,S1S2,0.120088855991442,line-to-ground,POINT(-97.7131604086549 30.4138034847041),1
p1ulv34535,S1S2,0.120088855991442,line-to-ground,POINT(-97.713280691164 30.4138830403557),1
p1ulv34536,S1S2,0.120088855991442,line-to-ground,POINT(-97.7132467413091 30.4140902329947),1
p1udt1551lv,S1S2,0.120088855991442,line-to-ground,POINT(-97.7130012663062 30.4148631353696),1
p1ulv46545,S1S2,0.120088855991442,line-to-ground,POINT(-97.7130269558348 30.4149723130411),1
p1udm5681,S1S2,0.120088855991442,line-to-ground,POINT(-97.7129874498282 30.4148095110223),1
p1ulv1610,S1S2,0.120088855991442,line-to-ground,POINT(-97.7131033721941 30.4147023786395),1
p1udm5682,S1S2,0.120088855991442,line-to-ground,POINT(-97.7129255863023 30.4147637865677),1
p1ulv24986,S1S2,0.120088855991442,line-to-ground,POINT(-97.7127890819779 30.4148526700235),1
p1udm5683,S1S2,0.120088855991442,line-to-ground,POINT(-97.7131945695348 30.4148927588809),1
p1ulv34537,S1S2,0.120088855991442,line-to-ground,POINT(-97.7132136124745 30.4150282903944),1
p1udm5685,S1S2,0.120088855991442,line-to-ground,POINT(-97.7134419064718 30.4150846777974),1
p1ulv1611,S1S2,0.120088855991442,line-to-ground,POINT(-97.7136188643075 30.4150864214704),1
p1udt1552lv,S1S2,0.120088855991442,line-to-ground,POINT(-97.7134147958088 30.4148920492955),1
p1udm5686,S1S2,0.120088855991442,line-to-ground,POINT(-97.7134762113845 30.4148504198683),1
p1ulv51440,S1S2,0.120088855991442,line-to-ground,POINT(-97.7136526954735 30.4148882505094),1
p1ulv54650,S1S2,0.120088855991442,line-to-ground,POINT(-97.7133489218226 30.4147561001467),1
p1udt1553lv,S1S2,0.120088855991442,line-to-ground,POINT(-97.7157656743857 30.4154433030407),1
p1ulv1612,S1S2,0.120088855991442,line-to-ground,POINT(-97.7157946603379 30.4153633193562),1
p1udm5689,S1S2,0.120088855991442,line-to-ground,POINT(-97.7158101448075 30.4154959794176),1
p1ulv7305,S1S2,0.120088855991442,line-to-ground,POINT(-97.7157356254421 30.4156215673612),1
p1udm5766,S1S2,0.120088855991442,line-to-ground,POINT(-97.7026752480501 30.4144548076828),1
p1ulv9801,S1S2,0.120088855991442,line-to-ground,POINT(-97.702778027151 30.4145550808679),1
p1udm5764,S1S2,0.120088855991442,line-to-ground,POINT(-97.7026227248095 30.4144903773821),1
p1ulv1636,S1S2,0.120088855991442,line-to-ground,POINT(-97.7025098948345 30.4143629354824),1
p1udt1574lv,S1S2,0.120088855991442,line-to-ground,POINT(-97.7027217183613 30.4144004826313),1
p1udm5767,S1S2,0.120088855991442,line-to-ground,POINT(-97.7028222890575 30.4143570167493),1
p1ulv56483,S1S2,0.120088855991442,line-to-ground,POINT(-97.7028936020538 30.414475023018),1
p1udm5765,S1S2,0.120088855991442,line-to-ground,POINT(-97.7030016310085 30.4141783403849),1
p1ulv6039,S1S2,0.120088855991442,line-to-ground,POINT(-97.7028663121295 30.4141769960429),1
p1udm5768,S1S2,0.120088855991442,line-to-ground,POINT(-97.701277850762 30.4177793874981),1
p1ulv1637,S1S2,0.120088855991442,line-to-ground,POINT(-97.7014637885279 30.4178895118445),1
p1udt1575lv,S1S2,0.120088855991442,line-to-ground,POINT(-97.7014751081355 30.417552994158),1
p1udm5769,S1S2,0.120088855991442,line-to-ground,POINT(-97.7015527987807 30.4174572980711),1
p1ulv31959,S1S2,0.120088855991442,line-to-ground,POINT(-97.7017497429691 30.4175224169858),1
p1udt1576lv,S1S2,0.120088855991442,line-to-ground,POINT(-97.69835760519 30.4119266580602),1
p1ulv1638,S1S2,0.120088855991442,line-to-ground,POINT(-97.6984936574183 30.4118416636414),1
p1ulv26268,S1S2,0.120088855991442,line-to-ground,POINT(-97.6983238827311 30.4120835894732),1
p1udt1577lv,S1S2,0.120088855991442,line-to-ground,POINT(-97.7002081668965 30.4125957848297),1
p1ulv1639,S1S2,0.120088855991442,line-to-ground,POINT(-97.7000661225218 30.4125881838938),1
p1ulv12306,S1S2,0.120088855991442,line-to-ground,POINT(-97.7003249120778 30.4126990350474),1
p1udt2117lv,S1S2,0.120088855991442,line-to-ground,POINT(-97.7156668700245 30.4145432845189),1
p1ulv2230,S1S2,0.120088855991442,line-to-ground,POINT(-97.7157514562064 30.4144126510012),1
p1udm7667,S1S2,0.120088855991442,line-to-ground,POINT(-97.7155335864876 30.4146175387959),1
p1ulv28189,S1S2,0.120088855991442,line-to-ground,POINT(-97.7155501363325 30.4146813583588),1
p1udm7668,S1S2,0.120088855991442,line-to-ground,POINT(-97.7158010215409 30.414602620001),1
p1ulv47740,S1S2,0.120088855991442,line-to-ground,POINT(-97.7158757762503 30.4144589884461),1
p1ulv56469,S1S2,0.120088855991442,line-to-ground,POINT(-97.7157261484658 30.4147552732679),1
p1udt2136lv,S1S2,0.120088855991442,line-to-ground,POINT(-97.7024815260107 30.4146338509497),1
p1ulv28821,S1S2,0.120088855991442,line-to-ground,POINT(-97.7026088545975 30.4147519037571),1
p1udm7747,S1S2,0.120088855991442,line-to-ground,POINT(-97.7025276099848 30.414597707028),1
p1ulv2254,S1S2,0.120088855991442,line-to-ground,POINT(-97.702407455091 30.4145091199859),1
p1ulv64517,S1S2,0.120088855991442,line-to-ground,POINT(-97.7023827169335 30.4145331067039),1
p1udm7749,S1S2,0.120088855991442,line-to-ground,POINT(-97.7024317787719 30.414759166898),1
p1ulv35178,S1S2,0.120088855991442,line-to-ground,POINT(-97.7025770302361 30.4147967020242),1
p1ulv38309,S1S2,0.120088855991442,line-to-ground,POINT(-97.7023081814436 30.4146586865245),1
p1udm7752,S1S2,0.120088855991442,line-to-ground,POINT(-97.701560630768 30.4145068876672),1
p1ulv2255,S1S2,0.120088855991442,line-to-ground,POINT(-97.7016843465488 30.4145983470087),1
p1udm7757,S1S2,0.120088855991442,line-to-ground,POINT(-97.7016136321343 30.4144352315495),1
p1ulv50214,S1S2,0.120088855991442,line-to-ground,POINT(-97.701451005506 30.4144093815789),1
p1udt2137lv,S1S2,0.120088855991442,line-to-ground,POINT(-97.7015613506437 30.4146061313631),1
p1udm7753,S1S2,0.120088855991442,line-to-ground,POINT(-97.7014649175364 30.4146593250724),1
p1ulv14769,S1S2,0.120088855991442,line-to-ground,POINT(-97.7016095712497 30.4147419698298),1
p1ulv28826,S1S2,0.120088855991442,line-to-ground,POINT(-97.701341082431 30.4145768872407),1
p1ulv39584,S1S2,0.120088855991442,line-to-ground,POINT(-97.7013092575622 30.4146216851847),1
p1udm7755,S1S2,0.120088855991442,line-to-ground,POINT(-97.7014223251333 30.4147310846542),1
p1ulv38310,S1S2,0.120088855991442,line-to-ground,POINT(-97.7015778658864 30.4147777461265),1
p1udt2138lv,S1S2,0.120088855991442,line-to-ground,POINT(-97.7029679878207 30.4154586091538),1
p1ulv2256,S1S2,0.120088855991442,line-to-ground,POINT(-97.7028713799051 30.4153680697041),1
p1udm7759,S1S2,0.120088855991442,line-to-ground,POINT(-97.7031222761369 30.4152893560679),1
p1ulv3553,S1S2,0.120088855991442,line-to-ground,POINT(-97.7029459152604 30.4152424895699),1
p1udm7760,S1S2,0.120088855991442,line-to-ground,POINT(-97.7029734442331 30.4155224730611),1
p1ulv22428,S1S2,0.120088855991442,line-to-ground,POINT(-97.7028183789078 30.4154397263346),1
p1udm7761,S1S2,0.120088855991442,line-to-ground,POINT(-97.7029204432209 30.4155941297311),1
p1ulv37683,S1S2,0.120088855991442,line-to-ground,POINT(-97.7027546105351 30.4155383446624),1
p1udt2139lv,S1S2,0.120088855991442,line-to-ground,POINT(-97.7019819058278 30.4154138771534),1
p1ulv33904,S1S2,0.120088855991442,line-to-ground,POINT(-97.7018303336934 30.4153667453153),1
p1udm7763,S1S2,0.120088855991442,line-to-ground,POINT(-97.7019218676526 30.4155300676575),1
p1ulv4778,S1S2,0.120088855991442,line-to-ground,POINT(-97.7020668812291 30.4155856468031),1
p1udm7762,S1S2,0.120088855991442,line-to-ground,POINT(-97.7018902671371 30.4156719543821),1
p1ulv2257,S1S2,0.120088855991442,line-to-ground,POINT(-97.7020244082353 30.4156483848583),1
p1udm7765,S1S2,0.120088855991442,line-to-ground,POINT(-97.702027990357 30.4153777334283),1
p1ulv52782,S1S2,0.120088855991442,line-to-ground,POINT(-97.7021414177732 30.415460067167),1
p1udt2140lv,S1S2,0.120088855991442,line-to-ground,POINT(-97.7018569362749 30.4170996939102),1
p1ulv44648,S1S2,0.120088855991442,line-to-ground,POINT(-97.7019382095081 30.4171695618466),1
p1udm7766,S1S2,0.120088855991442,line-to-ground,POINT(-97.7017546399254 30.4171525268418),1
p1ulv2258,S1S2,0.120088855991442,line-to-ground,POINT(-97.7019301676236 30.4172625470003),1
p1udm7768,S1S2,0.120088855991442,line-to-ground,POINT(-97.7019137673075 30.4169285366637),1
p1ulv54042,S1S2,0.120088855991442,line-to-ground,POINT(-97.7020691923557 30.4169842193553),1
p1udm7769,S1S2,0.120088855991442,line-to-ground,POINT(-97.7111091792899 30.418309919265),1
p1ulv2259,S1S2,0.120088855991442,line-to-ground,POINT(-97.7109529164488 30.4183173993369),1
p1udm7772,S1S2,0.120088855991442,line-to-ground,POINT(-97.7111107208497 30.4181926366065),1
p1ulv34555,S1S2,0.120088855991442,line-to-ground,POINT(-97.7112560996114 30.4182211405544),1
p1udt2141lv,S1S2,0.120088855991442,line-to-ground,POINT(-97.7110800333958 30.418409200805),1
p1udm7770,S1S2,0.120088855991442,line-to-ground,POINT(-97.711169265458 30.4184909707403),1
p1ulv12902,S1S2,0.120088855991442,line-to-ground,POINT(-97.7113054206851 30.418429154445),1
p1udm7771,S1S2,0.120088855991442,line-to-ground,POINT(-97.7112100739883 30.4185545340046),1
p1ulv23724,S1S2,0.120088855991442,line-to-ground,POINT(-97.7110532178182 30.4186071228975),1
p1udm7773,S1S2,0.120088855991442,line-to-ground,POINT(-97.7124912751095 30.4192980319283),1
p1ulv2260,S1S2,0.120088855991442,line-to-ground,POINT(-97.7123540450904 30.4191675215109),1
p1udt2142lv,S1S2,0.120088855991442,line-to-ground,POINT(-97.712524030312 30.4192132704153),1
p1udm7775,S1S2,0.120088855991442,line-to-ground,POINT(-97.7126384326448 30.4191912081875),1
p1ulv48372,S1S2,0.120088855991442,line-to-ground,POINT(-97.7126785317669 30.4193089015042),1
p1udm7774,S1S2,0.120088855991442,line-to-ground,POINT(-97.7127223025667 30.4191469206444),1
p1ulv26905,S1S2,0.120088855991442,line-to-ground,POINT(-97.7125888715041 30.4190012382264),1
p1udt2143lv,S1S2,0.120088855991442,line-to-ground,POINT(-97.6997619557611 30.4114601285361),1
p1ulv2261,S1S2,0.120088855991442,line-to-ground,POINT(-97.6999144073133 30.4114678333999),1
p1udm7777,S1S2,0.120088855991442,line-to-ground,POINT(-97.6998648743385 30.4112778592145),1
p1ulv35180,S1S2,0.120088855991442,line-to-ground,POINT(-97.6998024213945 30.4112772373195),1
p1udm7778,S1S2,0.120088855991442,line-to-ground,POINT(-97.6996193908607 30.4116398947105),1
p1ulv48392,S1S2,0.120088855991442,line-to-ground,POINT(-97.6996115939896 30.4115370010849),1
p1udt2145lv,S1S2,0.120088855991442,line-to-ground,POINT(-97.6992201516558 30.4140927693926),1
p1ulv2263,S1S2,0.120088855991442,line-to-ground,POINT(-97.6993479048357 30.4141510156568),1
p1ulv26923,S1S2,0.120088855991442,line-to-ground,POINT(-97.699141397586 30.4140226376735),1
p1udm7781,S1S2,0.120088855991442,line-to-ground,POINT(-97.6991278772114 30.4142570983123),1
p1ulv7328,S1S2,0.120088855991442,line-to-ground,POINT(-97.6992411811804 30.4143484561826),1
p1ulv54677,S1S2,0.120088855991442,line-to-ground,POINT(-97.6990353917083 30.4141659477936),1
p1udm7784,S1S2,0.120088855991442,line-to-ground,POINT(-97.7006357683634 30.4143803887364),1
p1ulv2264,S1S2,0.120088855991442,line-to-ground,POINT(-97.700480228725 30.41433372617),1
p1ulv24392,S1S2,0.120088855991442,line-to-ground,POINT(-97.7007597221237 30.4144538055041),1
p1udt2146lv,S1S2,0.120088855991442,line-to-ground,POINT(-97.7007217924654 30.4143270920552),1
p1udm7786,S1S2,0.120088855991442,line-to-ground,POINT(-97.7007313630545 30.4142369736738),1
p1ulv45265,S1S2,0.120088855991442,line-to-ground,POINT(-97.7008341398888 30.4143372483285),1
p1ulv57671,S1S2,0.120088855991442,line-to-ground,POINT(-97.7005972395089 30.4141454098665),1
p1udt2147lv,S1S2,0.120088855991442,line-to-ground,POINT(-97.7009204775445 30.4159269571916),1
p1ulv49013,S1S2,0.120088855991442,line-to-ground,POINT(-97.70100154892 30.4158457383962),1
p1udm7790,S1S2,0.120088855991442,line-to-ground,POINT(-97.7010409157398 30.4160175651642),1
p1ulv27571,S1S2,0.120088855991442,line-to-ground,POINT(-97.7009146891626 30.4161155611005),1
p1udm7789,S1S2,0.120088855991442,line-to-ground,POINT(-97.7011235929494 30.4160635022292),1
p1ulv12309,S1S2,0.120088855991442,line-to-ground,POINT(-97.7010940147738 30.4162104104632),1
p1ulv61341,S1S2,0.120088855991442,line-to-ground,POINT(-97.7012084209107 30.4159470484514),1
p1udm7791,S1S2,0.120088855991442,line-to-ground,POINT(-97.7008650327222 30.4159346090118),1
p1ulv35840,S1S2,0.120088855991442,line-to-ground,POINT(-97.7007492154181 30.4160327083683),1
p1udm7788,S1S2,0.120088855991442,line-to-ground,POINT(-97.7006892695373 30.4158426309208),1
p1ulv2265,S1S2,0.120088855991442,line-to-ground,POINT(-97.7006252597156 30.4159592915503),1
p1udm8002,S1S2,0.120088855991442,line-to-ground,POINT(-97.708354823913 30.4029437349104),1
p1ulv2329,S1S2,0.120088855991442,line-to-ground,POINT(-97.7084274422286 30.4029624990113),1
p1udt2205lv,S1S2,0.120088855991442,line-to-ground,POINT(-97.7084696668128 30.4031913259792),1
p1udm8003,S1S2,0.120088855991442,line-to-ground,POINT(-97.7085579961632 30.4033247073373),1
p1ulv45995,S1S2,0.120088855991442,line-to-ground,POINT(-97.7086410228199 30.4033435742568),1
p1udt2206lv,S1S2,0.120088855991442,line-to-ground,POINT(-97.7018914406964 30.4104503801847),1
p1ulv8012,S1S2,0.120088855991442,line-to-ground,POINT(-97.7020552224274 30.4104453113091),1
p1udm8004,S1S2,0.120088855991442,line-to-ground,POINT(-97.7019042669804 30.4105672952122),1
p1ulv2330,S1S2,0.120088855991442,line-to-ground,POINT(-97.7017475385977 30.4106108514903),1
p1udm9637,S1S2,0.120088855991442,line-to-ground,POINT(-97.7134131453446 30.4172769640337),1
p1ulv2862,S1S2,0.120088855991442,line-to-ground,POINT(-97.7135580501185 30.417341552413),1
p1udm9638,S1S2,0.120088855991442,line-to-ground,POINT(-97.7131803476109 30.4175634030103),1
p1ulv16666,S1S2,0.120088855991442,line-to-ground,POINT(-97.7133248975131 30.4176550569081),1
p1udt2692lv,S1S2,0.120088855991442,line-to-ground,POINT(-97.7134967544416 30.4172417550308),1
p1udm9639,S1S2,0.120088855991442,line-to-ground,POINT(-97.7136497286276 30.4167018284651),1
p1ulv26247,S1S2,0.120088855991442,line-to-ground,POINT(-97.7138264527466 30.4167216154493),1
p1udm9697,S1S2,0.120088855991442,line-to-ground,POINT(-97.7017810745185 30.4120097354442),1
p1ulv2883,S1S2,0.120088855991442,line-to-ground,POINT(-97.7016956537177 30.4121712983701),1
p1udt2708lv,S1S2,0.120088855991442,line-to-ground,POINT(-97.7016992208954 30.4119223461349),1
p1udm9698,S1S2,0.120088855991442,line-to-ground,POINT(-97.701522284994 30.411898887171),1
p1ulv58874,S1S2,0.120088855991442,line-to-ground,POINT(-97.7014473922315 30.412051531727),1
p1udt2709lv,S1S2,0.120088855991442,line-to-ground,POINT(-97.7021719271936 30.4120682688501),1
p1ulv2884,S1S2,0.120088855991442,line-to-ground,POINT(-97.7020569815363 30.412400463457),1
p1udt2710lv,S1S2,0.120088855991442,line-to-ground,POINT(-97.7122801867559 30.4172928472634),1
p1ulv30684,S1S2,0.120088855991442,line-to-ground,POINT(-97.7122071819704 30.4171477758652),1
p1udm9701,S1S2,0.120088855991442,line-to-ground,POINT(-97.7120801352276 30.4173089350975),1
p1ulv26266,S1S2,0.120088855991442,line-to-ground,POINT(-97.7120886489454 30.4174533857508),1
p1udm9703,S1S2,0.120088855991442,line-to-ground,POINT(-97.7118197788707 30.4173153893011),1
p1ulv52783,S1S2,0.120088855991442,line-to-ground,POINT(-97.7118180011878 30.4174507155013),1
p1udm9704,S1S2,0.120088855991442,line-to-ground,POINT(-97.7123306743784 30.4172572689594),1
p1ulv54655,S1S2,0.120088855991442,line-to-ground,POINT(-97.7124020009936 30.4173752703728),1
p1ulv63866,S1S2,0.120088855991442,line-to-ground,POINT(-97.7123497164533 30.41739280053),1
p1udm9700,S1S2,0.120088855991442,line-to-ground,POINT(-97.7124247153382 30.4172311277198),1
p1ulv2885,S1S2,0.120088855991442,line-to-ground,POINT(-97.7123951452311 30.4171045152388),1
p1udt2713lv,S1S2,0.120088855991442,line-to-ground,POINT(-97.7005304830476 30.4146229437856),1
p1ulv50215,S1S2,0.120088855991442,line-to-ground,POINT(-97.700342399141 30.4145218351149),1
p1udm9708,S1S2,0.120088855991442,line-to-ground,POINT(-97.700529644679 30.414532721825),1
p1ulv2888,S1S2,0.120088855991442,line-to-ground,POINT(-97.7006955938331 30.4145794879319),1
p1ulv35182,S1S2,0.120088855991442,line-to-ground,POINT(-97.7003745830611 30.4144499722882),1
p1ulv40221,S1S2,0.120088855991442,line-to-ground,POINT(-97.7006533594921 30.4146241821163),1
p1udm9709,S1S2,0.120088855991442,line-to-ground,POINT(-97.700433929847 30.4146851584264),1
p1ulv29436,S1S2,0.120088855991442,line-to-ground,POINT(-97.7002891576974 30.4146115341059),1
p1ulv50860,S1S2,0.120088855991442,line-to-ground,POINT(-97.7005756186963 30.4147198241794),1
p1udt2715lv,S1S2,0.120088855991442,line-to-ground,POINT(-97.7006279526219 30.4168519358568),1
p1ulv2890,S1S2,0.120088855991442,line-to-ground,POINT(-97.7007717182298 30.4166916038705),1
p1udt3294lv,S1S2,0.120088855991442,line-to-ground,POINT(-97.7145984520925 30.4147085941575),1
p1ulv3533,S1S2,0.120088855991442,line-to-ground,POINT(-97.7144350460593 30.4147696354425),1
p1udm11645,S1S2,0.120088855991442,line-to-ground,POINT(-97.714614841211 30.4145548555046),1
p1ulv27552,S1S2,0.120088855991442,line-to-ground,POINT(-97.7144699397443 30.4144902683698),1
p1udm11647,S1S2,0.120088855991442,line-to-ground,POINT(-97.7146205207726 30.4149158283971),1
p1ulv57075,S1S2,0.120088855991442,line-to-ground,POINT(-97.7147564324502 30.4148720517848),1
p1udm11646,S1S2,0.120088855991442,line-to-ground,POINT(-97.7146299841067 30.4149881049584),1
p1ulv42066,S1S2,0.120088855991442,line-to-ground,POINT(-97.714462844367 30.4150315739523),1
p1udt3296lv,S1S2,0.120088855991442,line-to-ground,POINT(-97.7135305008383 30.4168540926966),1
p1ulv3535,S1S2,0.120088855991442,line-to-ground,POINT(-97.7134506470148 30.4167991188789),1
p1ulv38287,S1S2,0.120088855991442,line-to-ground,POINT(-97.7137513382321 30.416892310909),1
p1udm11702,S1S2,0.120088855991442,line-to-ground,POINT(-97.7076772445408 30.4140803380787),1
p1ulv3551,S1S2,0.120088855991442,line-to-ground,POINT(-97.7077789587119 30.4142618030974),1
p1ulv3552,S1S2,0.120088855991442,line-to-ground,POINT(-97.7081753360538 30.4144760887889),1
p1udt3310lv,S1S2,0.120088855991442,line-to-ground,POINT(-97.7077964957513 30.4139941253966),1
p1udm11704,S1S2,0.120088855991442,line-to-ground,POINT(-97.708025025062 30.4137589551338),1
p1ulv16007,S1S2,0.120088855991442,line-to-ground,POINT(-97.7083143417554 30.4139242302197),1
p1udt3311lv,S1S2,0.120088855991442,line-to-ground,POINT(-97.7009459737366 30.4155106354921),1
p1ulv57094,S1S2,0.120088855991442,line-to-ground,POINT(-97.700798979994 30.4154196464701),1
p1udm11706,S1S2,0.120088855991442,line-to-ground,POINT(-97.700933105433 30.4155112101087),1
p1ulv12906,S1S2,0.120088855991442,line-to-ground,POINT(-97.7007774443477 30.4154735695583),1
p1udm11705,S1S2,0.120088855991442,line-to-ground,POINT(-97.7009113308238 30.4155831766404),1
p1ulv3554,S1S2,0.120088855991442,line-to-ground,POINT(-97.7010882886823 30.4155849373204),1
p1udm11707,S1S2,0.120088855991442,line-to-ground,POINT(-97.7009864663172 30.4154124891534),1
p1ulv35183,S1S2,0.120088855991442,line-to-ground,POINT(-97.7011421273963 30.4154501294544),1
p1udt3798lv,S1S2,0.120088855991442,line-to-ground,POINT(-97.7146982190993 30.415361037394),1
p1ulv31291,S1S2,0.120088855991442,line-to-ground,POINT(-97.7145096875918 30.4154290438201),1
p1udm13401,S1S2,0.120088855991442,line-to-ground,POINT(-97.7148039861829 30.4152153910274),1
p1ulv4132,S1S2,0.120088855991442,line-to-ground,POINT(-97.7148231496281 30.4153419006051),1
p1udt3809lv,S1S2,0.120088855991442,line-to-ground,POINT(-97.702937537809 30.4138251609868),1
p1ulv46563,S1S2,0.120088855991442,line-to-ground,POINT(-97.7031424374344 30.413764685446),1
p1udm13435,S1S2,0.120088855991442,line-to-ground,POINT(-97.7029945624927 30.4139256288242),1
p1ulv4146,S1S2,0.120088855991442,line-to-ground,POINT(-97.7027970279108 30.4139056205347),1
p1udm13437,S1S2,0.120088855991442,line-to-ground,POINT(-97.7029761304328 30.4137449876109),1
p1ulv18600,S1S2,0.120088855991442,line-to-ground,POINT(-97.7031326248023 30.4137194734489),1
p1udm13436,S1S2,0.120088855991442,line-to-ground,POINT(-97.7029457383132 30.4136815253476),1
p1ulv6691,S1S2,0.120088855991442,line-to-ground,POINT(-97.7027888859887 30.4137341044447),1
p1udm13439,S1S2,0.120088855991442,line-to-ground,POINT(-97.7078646942995 30.4164461963042),1
p1ulv4147,S1S2,0.120088855991442,line-to-ground,POINT(-97.7077275887664 30.4165801829117),1
p1udt3810lv,S1S2,0.120088855991442,line-to-ground,POINT(-97.7077789270344 30.4163613050944),1
p1udm13440,S1S2,0.120088855991442,line-to-ground,POINT(-97.7077523307085 30.4162826717763),1
p1ulv12302,S1S2,0.120088855991442,line-to-ground,POINT(-97.7076170086719 30.416281332274),1
p1udt3811lv,S1S2,0.120088855991442,line-to-ground,POINT(-97.7026568580398 30.4200516592242),1
p1ulv25008,S1S2,0.120088855991442,line-to-ground,POINT(-97.7026225443172 30.420012390506),1
p1udm13441,S1S2,0.120088855991442,line-to-ground,POINT(-97.7027264032227 30.4200314684217),1
p1ulv4148,S1S2,0.120088855991442,line-to-ground,POINT(-97.7027565582908 30.42011297415),1
p1udt3871lv,S1S2,0.120088855991442,line-to-ground,POINT(-97.6992509392967 30.4106574844343),1
p1ulv21898,S1S2,0.120088855991442,line-to-ground,POINT(-97.6991676032075 30.4104768988006),1
p1udm13669,S1S2,0.120088855991442,line-to-ground,POINT(-97.6991817470995 30.4106545653273),1
p1ulv4221,S1S2,0.120088855991442,line-to-ground,POINT(-97.6991045525468 30.4105213851408),1
p1udm15178,S1S2,0.120088855991442,line-to-ground,POINT(-97.7136328312548 30.4132278368544),1
p1ulv4753,S1S2,0.120088855991442,line-to-ground,POINT(-97.7135274386888 30.4133260506037),1
p1udt4312lv,S1S2,0.120088855991442,line-to-ground,POINT(-97.713619708586 30.413166445694),1
p1udm15179,S1S2,0.120088855991442,line-to-ground,POINT(-97.7135088689017 30.4131544320644),1
p1ulv17943,S1S2,0.120088855991442,line-to-ground,POINT(-97.7135728616781 30.4130377645738),1
p1udm15180,S1S2,0.120088855991442,line-to-ground,POINT(-97.7139779864269 30.4138989334653),1
p1ulv4754,S1S2,0.120088855991442,line-to-ground,POINT(-97.714165469602 30.4138917571061),1
p1ulv22407,S1S2,0.120088855991442,line-to-ground,POINT(-97.7138216124044 30.4139154389434),1
p1ulv50838,S1S2,0.120088855991442,line-to-ground,POINT(-97.7138107299923 30.4139514234349),1
p1udt4313lv,S1S2,0.120088855991442,line-to-ground,POINT(-97.7139495727496 30.4138708821556),1
p1udm15182,S1S2,0.120088855991442,line-to-ground,POINT(-97.7139383608946 30.4137451534346),1
p1ulv31939,S1S2,0.120088855991442,line-to-ground,POINT(-97.7137715779685 30.4137615563271),1
p1ulv64494,S1S2,0.120088855991442,line-to-ground,POINT(-97.7141153163483 30.4137468963658),1
p1udt4319lv,S1S2,0.120088855991442,line-to-ground,POINT(-97.7072827866753 30.4205847859965),1
p1ulv4761,S1S2,0.120088855991442,line-to-ground,POINT(-97.7070486615326 30.4206969289759),1
p1ulv12286,S1S2,0.120088855991442,line-to-ground,POINT(-97.7072161708036 30.4206264047085),1
p1udt4334lv,S1S2,0.120088855991442,line-to-ground,POINT(-97.699761931954 30.4154267188745),1
p1ulv4780,S1S2,0.120088855991442,line-to-ground,POINT(-97.6997046914133 30.4155080042485),1
p1udm15262,S1S2,0.120088855991442,line-to-ground,POINT(-97.6997170145444 30.415363760622),1
p1ulv16011,S1S2,0.120088855991442,line-to-ground,POINT(-97.6997707353786 30.415237975075),1
p1udm15264,S1S2,0.120088855991442,line-to-ground,POINT(-97.6996239293537 30.4153177190196),1
p1ulv57672,S1S2,0.120088855991442,line-to-ground,POINT(-97.6995495093876 30.4154342754248),1
p1udm15263,S1S2,0.120088855991442,line-to-ground,POINT(-97.6999859809701 30.4154927596874),1
p1ulv33274,S1S2,0.120088855991442,line-to-ground,POINT(-97.6998805726375 30.4155909619191),1
p1udt4379lv,S1S2,0.120088855991442,line-to-ground,POINT(-97.7132436286569 30.4042851143001),1
p1ulv4840,S1S2,0.120088855991442,line-to-ground,POINT(-97.7131563285799 30.4043175096467),1
p1udt4381lv,S1S2,0.120088855991442,line-to-ground,POINT(-97.6989896003141 30.4108341449887),1
p1ulv32030,S1S2,0.120088855991442,line-to-ground,POINT(-97.6988422995988 30.4106721613229),1
p1udm15429,S1S2,0.120088855991442,line-to-ground,POINT(-97.6988503148874 30.4108526992392),1
p1ulv4842,S1S2,0.120088855991442,line-to-ground,POINT(-97.6987688399075 30.4107165437649),1
p1udt4785lv,S1S2,0.120088855991442,line-to-ground,POINT(-97.7137115327064 30.4156562888695),1
p1ulv31293,S1S2,0.120088855991442,line-to-ground,POINT(-97.7138820520404 30.4156574584792),1
p1ulv39560,S1S2,0.120088855991442,line-to-ground,POINT(-97.7135472961434 30.4157804812599),1
p1udm16757,S1S2,0.120088855991442,line-to-ground,POINT(-97.7136227650963 30.4155827206083),1
p1ulv5356,S1S2,0.120088855991442,line-to-ground,POINT(-97.7137696790688 30.4154939388494),1
p1ulv36447,S1S2,0.120088855991442,line-to-ground,POINT(-97.713475850861 30.4156715021929),1
p1udm16761,S1S2,0.120088855991442,line-to-ground,POINT(-97.713804335411 30.4160266326508),1
p1ulv42657,S1S2,0.120088855991442,line-to-ground,POINT(-97.7136274942056 30.4160158674257),1
p1udt4794lv,S1S2,0.120088855991442,line-to-ground,POINT(-97.7020563183997 30.4108666214866),1
p1ulv5372,S1S2,0.120088855991442,line-to-ground,POINT(-97.7018272267047 30.4108823310269),1
p1ulv19906,S1S2,0.120088855991442,line-to-ground,POINT(-97.7021823192811 30.410795631962),1
p1udm16791,S1S2,0.120088855991442,line-to-ground,POINT(-97.7020245162014 30.4109203840521),1
p1ulv45910,S1S2,0.120088855991442,line-to-ground,POINT(-97.7022117551578 30.4109312681611),1
p1udm16793,S1S2,0.120088855991442,line-to-ground,POINT(-97.7029928921835 30.4140519329028),1
p1ulv15373,S1S2,0.120088855991442,line-to-ground,POINT(-97.7031593190005 30.4140626090105),1
p1udt4795lv,S1S2,0.120088855991442,line-to-ground,POINT(-97.7029067995418 30.4136623900375),1
p1udm16795,S1S2,0.120088855991442,line-to-ground,POINT(-97.7028743064766 30.4135725408284),1
p1ulv50856,S1S2,0.120088855991442,line-to-ground,POINT(-97.7030002891871 30.4134925862496),1
p1udm16794,S1S2,0.120088855991442,line-to-ground,POINT(-97.7027815793597 30.4134994363122),1
p1ulv17962,S1S2,0.120088855991442,line-to-ground,POINT(-97.7028768121176 30.4133830847044),1
p1udm16792,S1S2,0.120088855991442,line-to-ground,POINT(-97.7027404203872 30.4134629357427),1
p1ulv5373,S1S2,0.120088855991442,line-to-ground,POINT(-97.7028357724749 30.4133375624445),1
p1udt4796lv,S1S2,0.120088855991442,line-to-ground,POINT(-97.7027786465135 30.4157827121471),1
p1ulv5374,S1S2,0.120088855991442,line-to-ground,POINT(-97.7029376821779 30.4158649880812),1
p1ulv41444,S1S2,0.120088855991442,line-to-ground,POINT(-97.7025847200401 30.4157892977378),1
p1udm16797,S1S2,0.120088855991442,line-to-ground,POINT(-97.7028247309384 30.4157465681392),1
p1ulv25005,S1S2,0.120088855991442,line-to-ground,POINT(-97.7026697847439 30.4156547995156),1
p1udt5314lv,S1S2,0.120088855991442,line-to-ground,POINT(-97.7158387069201 30.4112041826015),1
p1ulv6022,S1S2,0.120088855991442,line-to-ground,POINT(-97.715928116232 30.4112563633824),1
p1udt5315lv,S1S2,0.120088855991442,line-to-ground,POINT(-97.7156297057283 30.4120389641748),1
p1ulv6023,S1S2,0.120088855991442,line-to-ground,POINT(-97.715867213385 30.4119324842208),1
p1ulv64493,S1S2,0.120088855991442,line-to-ground,POINT(-97.7160225210828 30.4119971721086),1
p1udt5316lv,S1S2,0.120088855991442,line-to-ground,POINT(-97.7160128177592 30.4124634329197),1
p1ulv6024,S1S2,0.120088855991442,line-to-ground,POINT(-97.7161130132968 30.4122416810924),1
p1udm18601,S1S2,0.120088855991442,line-to-ground,POINT(-97.7014726289468 30.4172219053407),1
p1ulv6040,S1S2,0.120088855991442,line-to-ground,POINT(-97.7015255124624 30.4171592710425),1
p1udt5329lv,S1S2,0.120088855991442,line-to-ground,POINT(-97.7014620364899 30.4175459749329),1
p1udm18602,S1S2,0.120088855991442,line-to-ground,POINT(-97.7013664332195 30.4177097096296),1
p1ulv38967,S1S2,0.120088855991442,line-to-ground,POINT(-97.7013088629872 30.4175242187558),1
p1ulv46565,S1S2,0.120088855991442,line-to-ground,POINT(-97.7016013820826 30.4177194453045),1
p1udt5330lv,S1S2,0.120088855991442,line-to-ground,POINT(-97.6992500841387 30.4121929802813),1
p1ulv12305,S1S2,0.120088855991442,line-to-ground,POINT(-97.6993833181544 30.4122655823808),1
p1udm18604,S1S2,0.120088855991442,line-to-ground,POINT(-97.6991424770011 30.4123714578363),1
p1ulv6041,S1S2,0.120088855991442,line-to-ground,POINT(-97.6991017985159 30.4122988693333),1
p1ulv16010,S1S2,0.120088855991442,line-to-ground,POINT(-97.6992982521451 30.4124000784838),1
p1udt5333lv,S1S2,0.120088855991442,line-to-ground,POINT(-97.6980194578938 30.4141135422179),1
p1ulv6044,S1S2,0.120088855991442,line-to-ground,POINT(-97.6981190294558 30.4141838821829),1
p1ulv10429,S1S2,0.120088855991442,line-to-ground,POINT(-97.6981719133476 30.4141212492296),1
p1udm18611,S1S2,0.120088855991442,line-to-ground,POINT(-97.6979202978816 30.414254083544),1
p1ulv15380,S1S2,0.120088855991442,line-to-ground,POINT(-97.6980127823975 30.4143452348239),1
p1udt5334lv,S1S2,0.120088855991442,line-to-ground,POINT(-97.699258054845 30.4149098629687),1
p1ulv47764,S1S2,0.120088855991442,line-to-ground,POINT(-97.6994521165652 30.4149280230267),1
p1udm18612,S1S2,0.120088855991442,line-to-ground,POINT(-97.6993499388247 30.4147826387872),1
p1ulv6045,S1S2,0.120088855991442,line-to-ground,POINT(-97.6992051673944 30.414709013285),1
p1udm18613,S1S2,0.120088855991442,line-to-ground,POINT(-97.6992421375172 30.4150612746215),1
p1ulv11027,S1S2,0.120088855991442,line-to-ground,POINT(-97.6993980365815 30.415080873558),1
p1udm20229,S1S2,0.120088855991442,line-to-ground,POINT(-97.7147227263055 30.4158552186608),1
p1ulv8531,S1S2,0.120088855991442,line-to-ground,POINT(-97.7148793397704 30.4158206686731),1
p1udm20228,S1S2,0.120088855991442,line-to-ground,POINT(-97.7145143023818 30.415871212486),1
p1ulv6674,S1S2,0.120088855991442,line-to-ground,POINT(-97.7145470677984 30.4157542371001),1
p1udm20232,S1S2,0.120088855991442,line-to-ground,POINT(-97.7144099721324 30.415888231031),1
p1ulv57657,S1S2,0.120088855991442,line-to-ground,POINT(-97.7144189623117 30.4159965946268),1
p1udt5823lv,S1S2,0.120088855991442,line-to-ground,POINT(-97.7146869055342 30.4159616514955),1
p1udm20230,S1S2,0.120088855991442,line-to-ground,POINT(-97.7147414167916 30.4160178152748),1
p1ulv26244,S1S2,0.120088855991442,line-to-ground,POINT(-97.7148980305126 30.4159832652727),1
p1udm20231,S1S2,0.120088855991442,line-to-ground,POINT(-97.7147611714511 30.4160992160544),1
p1ulv48999,S1S2,0.120088855991442,line-to-ground,POINT(-97.7146042027509 30.4161608311599),1
p1udt5824lv,S1S2,0.120088855991442,line-to-ground,POINT(-97.7140104461844 30.4158848065705),1
p1ulv6675,S1S2,0.120088855991442,line-to-ground,POINT(-97.7139947932435 30.4160674366592),1
p1ulv43985,S1S2,0.120088855991442,line-to-ground,POINT(-97.7140049530482 30.4158120587963),1
p1udt5834lv,S1S2,0.120088855991442,line-to-ground,POINT(-97.7032219836905 30.4150463135447),1
p1ulv6693,S1S2,0.120088855991442,line-to-ground,POINT(-97.7031266902805 30.4149555524722),1
p1ulv16682,S1S2,0.120088855991442,line-to-ground,POINT(-97.7034051154043 30.4151568217521),1
p1udm20263,S1S2,0.120088855991442,line-to-ground,POINT(-97.703313698542 30.4149844786598),1
p1ulv26264,S1S2,0.120088855991442,line-to-ground,POINT(-97.7034762074305 30.4150193480696),1
p1udm20264,S1S2,0.120088855991442,line-to-ground,POINT(-97.7032179874915 30.415136917405),1
p1ulv44000,S1S2,0.120088855991442,line-to-ground,POINT(-97.7030629225458 30.4150541709758),1
p1udt5835lv,S1S2,0.120088855991442,line-to-ground,POINT(-97.7117296268863 30.4170348480652),1
p1ulv9803,S1S2,0.120088855991442,line-to-ground,POINT(-97.7118131617374 30.4170265906861),1
p1udm20267,S1S2,0.120088855991442,line-to-ground,POINT(-97.7116457803239 30.417088099417),1
p1ulv21209,S1S2,0.120088855991442,line-to-ground,POINT(-97.711511286741 30.4170236116955),1
p1udm20265,S1S2,0.120088855991442,line-to-ground,POINT(-97.7116136036179 30.4171599652078),1
p1ulv6694,S1S2,0.120088855991442,line-to-ground,POINT(-97.7114580538939 30.4171133154643),1
p1udm20268,S1S2,0.120088855991442,line-to-ground,POINT(-97.7117310710561 30.4169355514961),1
p1ulv40837,S1S2,0.120088855991442,line-to-ground,POINT(-97.7116176336078 30.4168532258275),1
p1udm20269,S1S2,0.120088855991442,line-to-ground,POINT(-97.7069533077886 30.4192432969496),1
p1ulv6695,S1S2,0.120088855991442,line-to-ground,POINT(-97.7068606912949 30.4191611734236),1
p1udm20270,S1S2,0.120088855991442,line-to-ground,POINT(-97.7068264877197 30.419386407238),1
p1ulv26267,S1S2,0.120088855991442,line-to-ground,POINT(-97.7066511885555 30.4192583499789),1
p1udm20271,S1S2,0.120088855991442,line-to-ground,POINT(-97.7072492991231 30.4189033579251),1
p1ulv33269,S1S2,0.120088855991442,line-to-ground,POINT(-97.7071358633742 30.4188210284285),1
p1udt5836lv,S1S2,0.120088855991442,line-to-ground,POINT(-97.7068131437103 30.4188381986262),1
p1udm20272,S1S2,0.120088855991442,line-to-ground,POINT(-97.7064200966519 30.4186244569969),1
p1ulv39579,S1S2,0.120088855991442,line-to-ground,POINT(-97.7065257400252 30.4185082059809),1
p1udt5838lv,S1S2,0.120088855991442,line-to-ground,POINT(-97.7008341138497 30.414040002624),1
p1ulv49590,S1S2,0.120088855991442,line-to-ground,POINT(-97.7006750993283 30.4140407460569),1
p1ulv55260,S1S2,0.120088855991442,line-to-ground,POINT(-97.7009720877708 30.4141401171119),1
p1udm20274,S1S2,0.120088855991442,line-to-ground,POINT(-97.7008800786187 30.4140128810026),1
p1ulv6697,S1S2,0.120088855991442,line-to-ground,POINT(-97.7009935034979 30.4140952156818),1
p1ulv33905,S1S2,0.120088855991442,line-to-ground,POINT(-97.7007037212032 30.4139660115638),1
p1udt6318lv,S1S2,0.120088855991442,line-to-ground,POINT(-97.6985106917751 30.4124366954433),1
p1ulv7325,S1S2,0.120088855991442,line-to-ground,POINT(-97.6984450783302 30.4123645075646),1
p1udm21841,S1S2,0.120088855991442,line-to-ground,POINT(-97.700744258899 30.4124776361142),1
p1ulv7326,S1S2,0.120088855991442,line-to-ground,POINT(-97.7008186750916 30.4123610788701),1
p1udt6319lv,S1S2,0.120088855991442,line-to-ground,POINT(-97.7006686216438 30.4123871646799),1
p1udm21842,S1S2,0.120088855991442,line-to-ground,POINT(-97.7005787913273 30.4123947833032),1
p1ulv7948,S1S2,0.120088855991442,line-to-ground,POINT(-97.7006946043587 30.4122966839249),1
p1udm23244,S1S2,0.120088855991442,line-to-ground,POINT(-97.7124604998747 30.4137125419617),1
p1ulv26262,S1S2,0.120088855991442,line-to-ground,POINT(-97.7123241150959 30.4137924032216),1
p1udm23247,S1S2,0.120088855991442,line-to-ground,POINT(-97.7124094017267 30.4136398546695),1
p1ulv56468,S1S2,0.120088855991442,line-to-ground,POINT(-97.7125137298549 30.4136228376591),1
p1udm23246,S1S2,0.120088855991442,line-to-ground,POINT(-97.7123276685342 30.4135217506125),1
p1ulv42673,S1S2,0.120088855991442,line-to-ground,POINT(-97.7121776682179 30.4135715725452),1
p1udm23243,S1S2,0.120088855991442,line-to-ground,POINT(-97.7122352895241 30.4134215873485),1
p1ulv19265,S1S2,0.120088855991442,line-to-ground,POINT(-97.7121194862733 30.4135196972441),1
p1udt6739lv,S1S2,0.120088855991442,line-to-ground,POINT(-97.7125083389634 30.4137315698556),1
p1udm23245,S1S2,0.120088855991442,line-to-ground,POINT(-97.7126404038239 30.41428276005),1
p1ulv38284,S1S2,0.120088855991442,line-to-ground,POINT(-97.7127763154185 30.4142389854955),1
p1udm23242,S1S2,0.120088855991442,line-to-ground,POINT(-97.7128833673121 30.4140144678454),1
p1ulv7926,S1S2,0.120088855991442,line-to-ground,POINT(-97.7128235171815 30.4138153735156),1
p1udm23256,S1S2,0.120088855991442,line-to-ground,POINT(-97.7137577280889 30.4164051361621),1
p1ulv7930,S1S2,0.120088855991442,line-to-ground,POINT(-97.7139241605886 30.4164157986895),1
p1udt6742lv,S1S2,0.120088855991442,line-to-ground,POINT(-97.7137490087169 30.4162731278471),1
p1udm23257,S1S2,0.120088855991442,line-to-ground,POINT(-97.7137908495804 30.4162610957409),1
p1ulv45249,S1S2,0.120088855991442,line-to-ground,POINT(-97.713963774208 30.4162960548066),1
p1ulv63849,S1S2,0.120088855991442,line-to-ground,POINT(-97.7136144813217 30.4162142434672),1
p1udt6754lv,S1S2,0.120088855991442,line-to-ground,POINT(-97.7036703905621 30.4145117054091),1
p1ulv65141,S1S2,0.120088855991442,line-to-ground,POINT(-97.7037558944773 30.4146099077162),1
p1udm23294,S1S2,0.120088855991442,line-to-ground,POINT(-97.7036642389652 30.4144556082958),1
p1ulv7947,S1S2,0.120088855991442,line-to-ground,POINT(-97.7038300704055 30.4145113921798),1
p1udm23296,S1S2,0.120088855991442,line-to-ground,POINT(-97.7035685289977 30.4146080473408),1
p1ulv57090,S1S2,0.120088855991442,line-to-ground,POINT(-97.7037135422346 30.4146636246522),1
p1udm23295,S1S2,0.120088855991442,line-to-ground,POINT(-97.703287838662 30.4145781911134),1
p1ulv40836,S1S2,0.120088855991442,line-to-ground,POINT(-97.7033623728536 30.4144526106937),1
p1udt6755lv,S1S2,0.120088855991442,line-to-ground,POINT(-97.6990499648328 30.4125538302021),1
p1ulv9167,S1S2,0.120088855991442,line-to-ground,POINT(-97.6991708321634 30.4125882899545),1
p1ulv12904,S1S2,0.120088855991442,line-to-ground,POINT(-97.6989960338786 30.4124241360951),1
p1udm23298,S1S2,0.120088855991442,line-to-ground,POINT(-97.6989094111816 30.4127347885343),1
p1ulv7949,S1S2,0.120088855991442,line-to-ground,POINT(-97.69884683791 30.4126843134455),1
p1udm23477,S1S2,0.120088855991442,line-to-ground,POINT(-97.7146643797748 30.4107747367153),1
p1ulv8010,S1S2,0.120088855991442,line-to-ground,POINT(-97.7146646162133 30.4107566931835),1
p1ulv14754,S1S2,0.120088855991442,line-to-ground,POINT(-97.7146867496858 30.4109311828608),1
p1udt6804lv,S1S2,0.120088855991442,line-to-ground,POINT(-97.714786669474 30.4107009209176),1
p1udm23479,S1S2,0.120088855991442,line-to-ground,POINT(-97.7150809694463 30.4107607911385),1
p1ulv65121,S1S2,0.120088855991442,line-to-ground,POINT(-97.7149971078495 30.4108050804891),1
p1udt6805lv,S1S2,0.120088855991442,line-to-ground,POINT(-97.7017037915868 30.410293965364),1
p1ulv44076,S1S2,0.120088855991442,line-to-ground,POINT(-97.7016466751977 30.4103662300654),1
p1udm23480,S1S2,0.120088855991442,line-to-ground,POINT(-97.7018134537596 30.4103498425477),1
p1ulv8011,S1S2,0.120088855991442,line-to-ground,POINT(-97.7019909991542 30.4103064931259),1
p1udm23483,S1S2,0.120088855991442,line-to-ground,POINT(-97.7017008682371 30.4102043565973),1
p1ulv58349,S1S2,0.120088855991442,line-to-ground,POINT(-97.7018752100522 30.4101310706236),1
p1udm23482,S1S2,0.120088855991442,line-to-ground,POINT(-97.7015878053704 30.4100949574374),1
p1ulv58348,S1S2,0.120088855991442,line-to-ground,POINT(-97.7017557775047 30.4099883527718),1
p1udt7181lv,S1S2,0.120088855991442,line-to-ground,POINT(-97.7143081846894 30.4114465488286),1
p1ulv60068,S1S2,0.120088855991442,line-to-ground,POINT(-97.7143648916539 30.4113853473381),1
p1udm24634,S1S2,0.120088855991442,line-to-ground,POINT(-97.7141254870777 30.4113829898197),1
p1ulv8529,S1S2,0.120088855991442,line-to-ground,POINT(-97.714167240922 30.4113743780911),1
p1udm24635,S1S2,0.120088855991442,line-to-ground,POINT(-97.7145613601231 30.4114865339333),1
p1ulv56467,S1S2,0.120088855991442,line-to-ground,POINT(-97.7145944785045 30.4113424931207),1
p1udt7182lv,S1S2,0.120088855991442,line-to-ground,POINT(-97.7140173899964 30.4119622286822),1
p1ulv8530,S1S2,0.120088855991442,line-to-ground,POINT(-97.7140652814043 30.412004978873),1
p1ulv45244,S1S2,0.120088855991442,line-to-ground,POINT(-97.7138903401278 30.411849866017),1
p1udt7202lv,S1S2,0.120088855991442,line-to-ground,POINT(-97.7015714605662 30.4128919544714),1
p1ulv8561,S1S2,0.120088855991442,line-to-ground,POINT(-97.7015840403782 30.4127386314642),1
p1udm24708,S1S2,0.120088855991442,line-to-ground,POINT(-97.7016129981836 30.4129103546178),1
p1ulv57670,S1S2,0.120088855991442,line-to-ground,POINT(-97.7016428132523 30.4127454027089),1
p1udt7204lv,S1S2,0.120088855991442,line-to-ground,POINT(-97.7125229265517 30.4139019362716),1
p1ulv45896,S1S2,0.120088855991442,line-to-ground,POINT(-97.7126362709685 30.4138045044398),1
p1udm24711,S1S2,0.120088855991442,line-to-ground,POINT(-97.712561630548 30.4139391122775),1
p1ulv8563,S1S2,0.120088855991442,line-to-ground,POINT(-97.7123947286847 30.4139645351479),1
p1udt7205lv,S1S2,0.120088855991442,line-to-ground,POINT(-97.711966853115 30.4165769458512),1
p1ulv8564,S1S2,0.120088855991442,line-to-ground,POINT(-97.712071164904 30.4164065548846),1
p1ulv17966,S1S2,0.120088855991442,line-to-ground,POINT(-97.7117797012024 30.4164036792581),1
p1ulv28823,S1S2,0.120088855991442,line-to-ground,POINT(-97.7117060056572 30.416466112483),1
p1ulv41445,S1S2,0.120088855991442,line-to-ground,POINT(-97.711884861889 30.4163235106073),1
p1ulv54041,S1S2,0.120088855991442,line-to-ground,POINT(-97.7121517152764 30.4166148766015),1
p1udt7208lv,S1S2,0.120088855991442,line-to-ground,POINT(-97.7001463992727 30.4121829371429),1
p1ulv8567,S1S2,0.120088855991442,line-to-ground,POINT(-97.7000287913023 30.4122629877368),1
p1ulv11645,S1S2,0.120088855991442,line-to-ground,POINT(-97.7001666181328 30.4120748789849),1
p1udm26105,S1S2,0.120088855991442,line-to-ground,POINT(-97.7013050446754 30.4133674598785),1
p1ulv15378,S1S2,0.120088855991442,line-to-ground,POINT(-97.7011607516337 30.4132577496899),1
p1ulv40834,S1S2,0.120088855991442,line-to-ground,POINT(-97.701460344337 30.4134321648661),1
p1udm26107,S1S2,0.120088855991442,line-to-ground,POINT(-97.7012732202044 30.4134122578327),1
p1ulv32595,S1S2,0.120088855991442,line-to-ground,POINT(-97.7011426588532 30.4133235661446),1
p1udm26104,S1S2,0.120088855991442,line-to-ground,POINT(-97.7012202191764 30.413483913832),1
p1ulv9168,S1S2,0.120088855991442,line-to-ground,POINT(-97.7013651098883 30.4135485153895),1
p1udt7620lv,S1S2,0.120088855991442,line-to-ground,POINT(-97.7012887025275 30.4133395792357),1
p1udm26106,S1S2,0.120088855991442,line-to-ground,POINT(-97.7014209776405 30.413260338167),1
p1ulv29432,S1S2,0.120088855991442,line-to-ground,POINT(-97.7015552202462 30.4133428794116),1
p1ulv61969,S1S2,0.120088855991442,line-to-ground,POINT(-97.7012973832148 30.4131598568987),1
p1udt8031lv,S1S2,0.120088855991442,line-to-ground,POINT(-97.7021286568706 30.4151615351709),1
p1ulv33268,S1S2,0.120088855991442,line-to-ground,POINT(-97.7023219567798 30.4151911747042),1
p1ulv55256,S1S2,0.120088855991442,line-to-ground,POINT(-97.7020318112332 30.4150890385569),1
p1udm27366,S1S2,0.120088855991442,line-to-ground,POINT(-97.7021237034735 30.4152252956215),1
p1ulv9802,S1S2,0.120088855991442,line-to-ground,POINT(-97.7019480596976 30.4151242975038),1
p1ulv19907,S1S2,0.120088855991442,line-to-ground,POINT(-97.7022688361096 30.4152718528202),1
p1udt8034lv,S1S2,0.120088855991442,line-to-ground,POINT(-97.7010338939709 30.4152859910629),1
p1ulv9806,S1S2,0.120088855991442,line-to-ground,POINT(-97.7012274326837 30.4152975887909),1
p1udm27374,S1S2,0.120088855991442,line-to-ground,POINT(-97.7011247739519 30.4151882927078),1
p1ulv14163,S1S2,0.120088855991442,line-to-ground,POINT(-97.7009906487564 30.4150967292693),1
p1udm27375,S1S2,0.120088855991442,line-to-ground,POINT(-97.7010290593491 30.415340729739),1
p1ulv63872,S1S2,0.120088855991442,line-to-ground,POINT(-97.7008737570176 30.4152760241773),1
p1udt8077lv,S1S2,0.120088855991442,line-to-ground,POINT(-97.6995879227682 30.409124813848),1
p1ulv9877,S1S2,0.120088855991442,line-to-ground,POINT(-97.6997478522929 30.4091111968469),1
p1udt8420lv,S1S2,0.120088855991442,line-to-ground,POINT(-97.716987701248 30.411949686323),1
p1ulv10397,S1S2,0.120088855991442,line-to-ground,POINT(-97.7168772367646 30.4119153451999),1
p1udt8421lv,S1S2,0.120088855991442,line-to-ground,POINT(-97.7134318274593 30.4153726625901),1
p1ulv10398,S1S2,0.120088855991442,line-to-ground,POINT(-97.7136577797986 30.4152943321053),1
p1ulv34538,S1S2,0.120088855991442,line-to-ground,POINT(-97.7133330791271 30.4154445221954),1
p1udm28620,S1S2,0.120088855991442,line-to-ground,POINT(-97.7134499487234 30.4152652154837),1
p1ulv62609,S1S2,0.120088855991442,line-to-ground,POINT(-97.7132928622478 30.4153358507894),1
p1udt8425lv,S1S2,0.120088855991442,line-to-ground,POINT(-97.7132078970344 30.4165705040981),1
p1ulv10402,S1S2,0.120088855991442,line-to-ground,POINT(-97.7131090289146 30.4166513852341),1
p1ulv44630,S1S2,0.120088855991442,line-to-ground,POINT(-97.7133097677338 30.4164277907954),1
p1udm28635,S1S2,0.120088855991442,line-to-ground,POINT(-97.7134941785606 30.4166551811379),1
p1ulv31941,S1S2,0.120088855991442,line-to-ground,POINT(-97.7135270638332 30.4165291843103),1
p1udm28637,S1S2,0.120088855991442,line-to-ground,POINT(-97.7131014608349 30.4164347605688),1
p1ulv59482,S1S2,0.120088855991442,line-to-ground,POINT(-97.7129856547473 30.4165328711113),1
p1udm28642,S1S2,0.120088855991442,line-to-ground,POINT(-97.7128446017561 30.4201406471635),1
p1ulv10407,S1S2,0.120088855991442,line-to-ground,POINT(-97.7129397111852 30.4200333099179),1
p1udt8427lv,S1S2,0.120088855991442,line-to-ground,POINT(-97.7130798058093 30.4200288641475),1
p1udm28643,S1S2,0.120088855991442,line-to-ground,POINT(-97.7131906121582 30.419954577094),1
p1ulv26906,S1S2,0.120088855991442,line-to-ground,POINT(-97.7130459406678 30.4198719447328),1
p1udm28644,S1S2,0.120088855991442,line-to-ground,POINT(-97.7132221967436 30.4199278196784),1
p1ulv28806,S1S2,0.120088855991442,line-to-ground,POINT(-97.713324992473 30.4200280849525),1
p1udt8436lv,S1S2,0.120088855991442,line-to-ground,POINT(-97.702391583189 30.4132876195366),1
p1ulv42672,S1S2,0.120088855991442,line-to-ground,POINT(-97.7024840129596 30.4131716548713),1
p1udm28677,S1S2,0.120088855991442,line-to-ground,POINT(-97.7023577915441 30.4132696523927),1
p1ulv10422,S1S2,0.120088855991442,line-to-ground,POINT(-97.7022834957862 30.4133771888133),1
p1ulv31306,S1S2,0.120088855991442,line-to-ground,POINT(-97.702401098749 30.4131437621383),1
p1udm28678,S1S2,0.120088855991442,line-to-ground,POINT(-97.7025232621537 30.4133525030241),1
p1ulv23085,S1S2,0.120088855991442,line-to-ground,POINT(-97.7026184950614 30.413236151607),1
p1udt8437lv,S1S2,0.120088855991442,line-to-ground,POINT(-97.701930901184 30.4140504602509),1
p1ulv29433,S1S2,0.120088855991442,line-to-ground,POINT(-97.7017342236411 30.4139762627166),1
p1udm28683,S1S2,0.120088855991442,line-to-ground,POINT(-97.701847290984 30.4140856618208),1
p1ulv39578,S1S2,0.120088855991442,line-to-ground,POINT(-97.7019817738721 30.4141501592278),1
p1ulv44647,S1S2,0.120088855991442,line-to-ground,POINT(-97.701691990031 30.4140209572624),1
p1udm28681,S1S2,0.120088855991442,line-to-ground,POINT(-97.7017942899837 30.4141573180475),1
p1ulv10423,S1S2,0.120088855991442,line-to-ground,POINT(-97.7019180055625 30.4142487771659),1
p1udm28684,S1S2,0.120088855991442,line-to-ground,POINT(-97.7019323551128 30.4139511640314),1
p1ulv40835,S1S2,0.120088855991442,line-to-ground,POINT(-97.7018086398848 30.4138597049331),1
p1udm28686,S1S2,0.120088855991442,line-to-ground,POINT(-97.7019748273872 30.4138884259706),1
p1ulv54040,S1S2,0.120088855991442,line-to-ground,POINT(-97.7021165157054 30.4139230900376),1
p1udt8438lv,S1S2,0.120088855991442,line-to-ground,POINT(-97.7094150812537 30.41409217577),1
p1ulv17963,S1S2,0.120088855991442,line-to-ground,POINT(-97.7092077469337 30.4140684096721),1
p1ulv30683,S1S2,0.120088855991442,line-to-ground,POINT(-97.7092394493451 30.4140326314314),1
p1udm28687,S1S2,0.120088855991442,line-to-ground,POINT(-97.7094568544768 30.4141250097419),1
p1ulv10424,S1S2,0.120088855991442,line-to-ground,POINT(-97.7092624842637 30.4146554403358),1
p1udt8439lv,S1S2,0.120088855991442,line-to-ground,POINT(-97.7025766921189 30.4160965069116),1
p1ulv32591,S1S2,0.120088855991442,line-to-ground,POINT(-97.7027039033104 30.4162235813746),1
p1udm28690,S1S2,0.120088855991442,line-to-ground,POINT(-97.7025273022701 30.4161947577054),1
p1ulv10425,S1S2,0.120088855991442,line-to-ground,POINT(-97.7026826072006 30.4162594613646),1
p1ulv17964,S1S2,0.120088855991442,line-to-ground,POINT(-97.7023727138003 30.4160759235781),1
p1ulv30055,S1S2,0.120088855991442,line-to-ground,POINT(-97.7023511788514 30.4161298469416),1
p1udm28695,S1S2,0.120088855991442,line-to-ground,POINT(-97.7026227767675 30.4160603629831),1
p1ulv47157,S1S2,0.120088855991442,line-to-ground,POINT(-97.70278872958 30.4161071265221),1
p1udm28693,S1S2,0.120088855991442,line-to-ground,POINT(-97.7026758976043 30.4159796847366),1
p1ulv32590,S1S2,0.120088855991442,line-to-ground,POINT(-97.7025209511959 30.4158879159329),1
p1udt8440lv,S1S2,0.120088855991442,line-to-ground,POINT(-97.7005258946176 30.4129451641919),1
p1ulv10428,S1S2,0.120088855991442,line-to-ground,POINT(-97.7006638667142 30.4130452789681),1
p1ulv48393,S1S2,0.120088855991442,line-to-ground,POINT(-97.7003739683878 30.4129250959127),1
p1udm28697,S1S2,0.120088855991442,line-to-ground,POINT(-97.7005719784683 30.4129090209494),1
p1ulv27569,S1S2,0.120088855991442,line-to-ground,POINT(-97.7006958108467 30.4129914594515),1
p1udm28699,S1S2,0.120088855991442,line-to-ground,POINT(-97.7004658563674 30.4130613540629),1
p1ulv64521,S1S2,0.120088855991442,line-to-ground,POINT(-97.7005997392934 30.4131709613985),1
p1udt8809lv,S1S2,0.120088855991442,line-to-ground,POINT(-97.7151154124268 30.4115850528411),1
p1ulv11008,S1S2,0.120088855991442,line-to-ground,POINT(-97.7151654313354 30.4114654108407),1
p1udt8818lv,S1S2,0.120088855991442,line-to-ground,POINT(-97.7120159933218 30.4131725114939),1
p1ulv11025,S1S2,0.120088855991442,line-to-ground,POINT(-97.7117282060969 30.4131910118608),1
p1ulv18599,S1S2,0.120088855991442,line-to-ground,POINT(-97.7117303391009 30.4130286203199),1
p1ulv26260,S1S2,0.120088855991442,line-to-ground,POINT(-97.7118774877617 30.4129217970902),1
p1ulv47155,S1S2,0.120088855991442,line-to-ground,POINT(-97.7120857872003 30.4129148290543),1
p1udm29818,S1S2,0.120088855991442,line-to-ground,POINT(-97.7121433845537 30.4132853370092),1
p1ulv26261,S1S2,0.120088855991442,line-to-ground,POINT(-97.7120068816609 30.4133742197054),1
p1udt8819lv,S1S2,0.120088855991442,line-to-ground,POINT(-97.7009355866037 30.413831870833),1
p1ulv11026,S1S2,0.120088855991442,line-to-ground,POINT(-97.7011210415994 30.4138979807163),1
p1ulv47160,S1S2,0.120088855991442,line-to-ground,POINT(-97.7008207310995 30.4137776950244),1
p1udm29821,S1S2,0.120088855991442,line-to-ground,POINT(-97.70102879349 30.4137887881347),1
p1ulv41447,S1S2,0.120088855991442,line-to-ground,POINT(-97.7011528663047 30.413853182809),1
p1udt9198lv,S1S2,0.120088855991442,line-to-ground,POINT(-97.7013174435662 30.4149466885455),1
p1ulv19911,S1S2,0.120088855991442,line-to-ground,POINT(-97.7011498938118 30.4148637181957),1
p1udm30991,S1S2,0.120088855991442,line-to-ground,POINT(-97.7013266114583 30.4148835219403),1
p1ulv11646,S1S2,0.120088855991442,line-to-ground,POINT(-97.7011818383131 30.4148098985842),1
p1ulv49010,S1S2,0.120088855991442,line-to-ground,POINT(-97.7014400377063 30.4149658562609),1
p1udm30993,S1S2,0.120088855991442,line-to-ground,POINT(-97.7012204882508 30.4150358555944),1
p1ulv19270,S1S2,0.120088855991442,line-to-ground,POINT(-97.7010650667694 30.4149801719795),1
p1ulv46564,S1S2,0.120088855991442,line-to-ground,POINT(-97.7013865580714 30.4150735991411),1
p1udm30992,S1S2,0.120088855991442,line-to-ground,POINT(-97.7011777760175 30.4151166367943),1
p1ulv12307,S1S2,0.120088855991442,line-to-ground,POINT(-97.7013335561796 30.415145255145),1
p1udt9591lv,S1S2,0.120088855991442,line-to-ground,POINT(-97.7164307301525 30.4116706477757),1
p1ulv12282,S1S2,0.120088855991442,line-to-ground,POINT(-97.7163459075051 30.4119462142794),1
p1ulv62603,S1S2,0.120088855991442,line-to-ground,POINT(-97.7164144026558 30.4117602422427),1
p1udt9592lv,S1S2,0.120088855991442,line-to-ground,POINT(-97.7128643558365 30.4132382936761),1
p1ulv20538,S1S2,0.120088855991442,line-to-ground,POINT(-97.7127396628356 30.4130656441913),1
p1udm32180,S1S2,0.120088855991442,line-to-ground,POINT(-97.7129149595034 30.4131936933022),1
p1ulv15361,S1S2,0.120088855991442,line-to-ground,POINT(-97.7130176297298 30.4133029804639),1
p1udm32182,S1S2,0.120088855991442,line-to-ground,POINT(-97.712726767188 30.4132549984358),1
p1ulv25630,S1S2,0.120088855991442,line-to-ground,POINT(-97.7127979731578 30.413382021389),1
p1ulv58852,S1S2,0.120088855991442,line-to-ground,POINT(-97.7127078435848 30.4131104450888),1
p1udm32179,S1S2,0.120088855991442,line-to-ground,POINT(-97.7126222026462 30.4132900591402),1
p1ulv12283,S1S2,0.120088855991442,line-to-ground,POINT(-97.712527090562 30.413123872539),1
p1udt9601lv,S1S2,0.120088855991442,line-to-ground,POINT(-97.7126325807717 30.4141045452647),1
p1ulv12301,S1S2,0.120088855991442,line-to-ground,POINT(-97.7124543411395 30.4141816731542),1
p1ulv16681,S1S2,0.120088855991442,line-to-ground,POINT(-97.7124338780927 30.4141544025886),1
p1udm32208,S1S2,0.120088855991442,line-to-ground,POINT(-97.7112396674434 30.4178871305166),1
p1ulv12303,S1S2,0.120088855991442,line-to-ground,POINT(-97.7111055288072 30.4177955771299),1
p1udm32209,S1S2,0.120088855991442,line-to-ground,POINT(-97.7111969620069 30.417967915163),1
p1ulv14159,S1S2,0.120088855991442,line-to-ground,POINT(-97.7110525323191 30.4178672372135),1
p1ulv19267,S1S2,0.120088855991442,line-to-ground,POINT(-97.7113315752023 30.4180233814865),1
p1udt9602lv,S1S2,0.120088855991442,line-to-ground,POINT(-97.7113311156675 30.4177906797745),1
p1udm32212,S1S2,0.120088855991442,line-to-ground,POINT(-97.7113250780993 30.417725561173),1
p1ulv56484,S1S2,0.120088855991442,line-to-ground,POINT(-97.7114600466859 30.4177539621243),1
p1udm32210,S1S2,0.120088855991442,line-to-ground,POINT(-97.7113573737715 30.4176446737261),1
p1ulv17298,S1S2,0.120088855991442,line-to-ground,POINT(-97.7112229982081 30.417571163952),1
p1udt9605lv,S1S2,0.120088855991442,line-to-ground,POINT(-97.7001832175724 30.4166309592189),1
p1ulv12310,S1S2,0.120088855991442,line-to-ground,POINT(-97.7003372733638 30.4164797530612),1
p1ulv33907,S1S2,0.120088855991442,line-to-ground,POINT(-97.7001878351498 30.4167579751233),1
p1udm32222,S1S2,0.120088855991442,line-to-ground,POINT(-97.7001487087515 30.4165681047395),1
p1ulv45266,S1S2,0.120088855991442,line-to-ground,POINT(-97.7002650055712 30.4164339191325),1
p1udm32390,S1S2,0.120088855991442,line-to-ground,POINT(-97.711047248051 30.4048019930257),1
p1ulv12379,S1S2,0.120088855991442,line-to-ground,POINT(-97.7110169717117 30.4047295107247),1
p1udt9654lv,S1S2,0.120088855991442,line-to-ground,POINT(-97.710956069236 30.4048851355104),1
p1udm32391,S1S2,0.120088855991442,line-to-ground,POINT(-97.7109710718997 30.4050538831607),1
p1ulv61406,S1S2,0.120088855991442,line-to-ground,POINT(-97.7110129417946 30.4050362506024),1
p1udt9955lv,S1S2,0.120088855991442,line-to-ground,POINT(-97.7019495767269 30.4112618068709),1
p1ulv61338,S1S2,0.120088855991442,line-to-ground,POINT(-97.7017958603779 30.4111645654041),1
p1udm33266,S1S2,0.120088855991442,line-to-ground,POINT(-97.7019900663964 30.4111636600786),1
p1ulv12898,S1S2,0.120088855991442,line-to-ground,POINT(-97.7021664195057 30.4112105276708),1
p1udm33267,S1S2,0.120088855991442,line-to-ground,POINT(-97.7019260613668 30.4112803215609),1
p1ulv33267,S1S2,0.120088855991442,line-to-ground,POINT(-97.7020707106139 30.4113629657158),1
p1udt9956lv,S1S2,0.120088855991442,line-to-ground,POINT(-97.7082276825322 30.4152232133085),1
p1ulv12899,S1S2,0.120088855991442,line-to-ground,POINT(-97.7084680569788 30.4149002256136),1
p1ulv31308,S1S2,0.120088855991442,line-to-ground,POINT(-97.7079471194189 30.4149311629229),1
p1ulv36461,S1S2,0.120088855991442,line-to-ground,POINT(-97.708924638565 30.4150130164548),1
p1udm33273,S1S2,0.120088855991442,line-to-ground,POINT(-97.7017199111186 30.4158438610439),1
p1ulv14770,S1S2,0.120088855991442,line-to-ground,POINT(-97.7015857844706 30.4157522981838),1
p1ulv63865,S1S2,0.120088855991442,line-to-ground,POINT(-97.7018332193662 30.4159352167657),1
p1udm33272,S1S2,0.120088855991442,line-to-ground,POINT(-97.70177303256 30.4157631831803),1
p1ulv12900,S1S2,0.120088855991442,line-to-ground,POINT(-97.7019077564874 30.415809637286),1
p1ulv58875,S1S2,0.120088855991442,line-to-ground,POINT(-97.7016176096025 30.4157075001868),1
p1udt9957lv,S1S2,0.120088855991442,line-to-ground,POINT(-97.7017206311132 30.415943104724),1
p1udm33275,S1S2,0.120088855991442,line-to-ground,POINT(-97.7016241967449 30.4159962985048),1
p1ulv48389,S1S2,0.120088855991442,line-to-ground,POINT(-97.7017482727099 30.4160606926842),1
p1udm33274,S1S2,0.120088855991442,line-to-ground,POINT(-97.701547747896 30.4162662251913),1
p1ulv40839,S1S2,0.120088855991442,line-to-ground,POINT(-97.7014423402175 30.4163644286942),1
p1udm33281,S1S2,0.120088855991442,line-to-ground,POINT(-97.6969097106838 30.4119612084043),1
p1ulv12903,S1S2,0.120088855991442,line-to-ground,POINT(-97.6968386464534 30.4118251556829),1
p1ulv63246,S1S2,0.120088855991442,line-to-ground,POINT(-97.6970050345094 30.4121093622118),1
p1udt9959lv,S1S2,0.120088855991442,line-to-ground,POINT(-97.6968692698001 30.4120239496788),1
p1udm33282,S1S2,0.120088855991442,line-to-ground,POINT(-97.6967523787009 30.4120498670488),1
p1ulv53391,S1S2,0.120088855991442,line-to-ground,POINT(-97.6968653183181 30.4121682919739),1
p1udm33283,S1S2,0.120088855991442,line-to-ground,POINT(-97.6963931034788 30.4116673187761),1
p1ulv57093,S1S2,0.120088855991442,line-to-ground,POINT(-97.6965272196316 30.4117588867244),1
p1udt10322lv,S1S2,0.120088855991442,line-to-ground,POINT(-97.7039581640671 30.4139717997097),1
p1ulv13533,S1S2,0.120088855991442,line-to-ground,POINT(-97.7038065930968 30.4139246701933),1
p1udm34377,S1S2,0.120088855991442,line-to-ground,POINT(-97.7039085382866 30.4140880945745),1
p1ulv42082,S1S2,0.120088855991442,line-to-ground,POINT(-97.7040746076826 30.4141258346902),1
p1udm34379,S1S2,0.120088855991442,line-to-ground,POINT(-97.7038555387589 30.4141597516817),1
p1ulv47156,S1S2,0.120088855991442,line-to-ground,POINT(-97.7039895462778 30.4142603339527),1
p1udm34375,S1S2,0.120088855991442,line-to-ground,POINT(-97.7038129483063 30.4142315121059),1
p1ulv27565,S1S2,0.120088855991442,line-to-ground,POINT(-97.7039681318647 30.4143052359119),1
p1udm34378,S1S2,0.120088855991442,line-to-ground,POINT(-97.7040041279818 30.4139446769619),1
p1ulv44646,S1S2,0.120088855991442,line-to-ground,POINT(-97.7038384166095 30.4138798715961),1
p1udm34376,S1S2,0.120088855991442,line-to-ground,POINT(-97.7040467181641 30.4138729164647),1
p1ulv31307,S1S2,0.120088855991442,line-to-ground,POINT(-97.7042020205483 30.4139376182611),1
p1udt10323lv,S1S2,0.120088855991442,line-to-ground,POINT(-97.7017006781767 30.4143361425908),1
p1ulv50857,S1S2,0.120088855991442,line-to-ground,POINT(-97.7015855100501 30.4142003564205),1
p1udm34380,S1S2,0.120088855991442,line-to-ground,POINT(-97.7017516980497 30.4142290777555),1
p1ulv13534,S1S2,0.120088855991442,line-to-ground,POINT(-97.7018861810641 30.4142935752635),1
p1udm34381,S1S2,0.120088855991442,line-to-ground,POINT(-97.7016562242629 30.4143634718944),1
p1ulv20553,S1S2,0.120088855991442,line-to-ground,POINT(-97.7018012359776 30.4144190512904),1
p1ulv60090,S1S2,0.120088855991442,line-to-ground,POINT(-97.7015326282408 30.4142629908181),1
p1udm34384,S1S2,0.120088855991442,line-to-ground,POINT(-97.6972449518908 30.4118021416386),1
p1ulv13535,S1S2,0.120088855991442,line-to-ground,POINT(-97.6972157623684 30.4116484611243),1
p1udt10324lv,S1S2,0.120088855991442,line-to-ground,POINT(-97.6973772043388 30.4117692681593),1
p1udm34385,S1S2,0.120088855991442,line-to-ground,POINT(-97.6974223819092 30.4117678202778),1
p1ulv52116,S1S2,0.120088855991442,line-to-ground,POINT(-97.6974141296242 30.4116053257792),1
p1ulv58876,S1S2,0.120088855991442,line-to-ground,POINT(-97.697444604557 30.4119332902676),1
p1udt10325lv,S1S2,0.120088855991442,line-to-ground,POINT(-97.6989379875638 30.4117924649388),1
p1ulv13536,S1S2,0.120088855991442,line-to-ground,POINT(-97.698785943823 30.4117814165772),1
p1udt10700lv,S1S2,0.120088855991442,line-to-ground,POINT(-97.7127015082975 30.4178338553734),1
p1ulv17946,S1S2,0.120088855991442,line-to-ground,POINT(-97.712862969295 30.4179482597495),1
p1udm35474,S1S2,0.120088855991442,line-to-ground,POINT(-97.7129283871197 30.4177233317701),1
p1ulv14150,S1S2,0.120088855991442,line-to-ground,POINT(-97.7130276181718 30.4178207259894),1
p1ulv40203,S1S2,0.120088855991442,line-to-ground,POINT(-97.7128254757136 30.4176320879801),1
p1udm35475,S1S2,0.120088855991442,line-to-ground,POINT(-97.7126028481161 30.4179366719692),1
p1ulv14152,S1S2,0.120088855991442,line-to-ground,POINT(-97.7126947578501 30.418072922034),1
p1ulv43339,S1S2,0.120088855991442,line-to-ground,POINT(-97.7124655013255 30.4178151834415),1
p1udt10705lv,S1S2,0.120088855991442,line-to-ground,POINT(-97.7117476426302 30.4185423042638),1
p1ulv24389,S1S2,0.120088855991442,line-to-ground,POINT(-97.7116375806068 30.4185046161854),1
p1udm35491,S1S2,0.120088855991442,line-to-ground,POINT(-97.7116876137978 30.418658499484),1
p1ulv14160,S1S2,0.120088855991442,line-to-ground,POINT(-97.7118319267817 30.4187681985159),1
p1ulv61968,S1S2,0.120088855991442,line-to-ground,POINT(-97.7118534572113 30.4187142734759),1
p1udm35494,S1S2,0.120088855991442,line-to-ground,POINT(-97.711835719316 30.4184795026753),1
p1ulv63867,S1S2,0.120088855991442,line-to-ground,POINT(-97.7119771810977 30.4185321997975),1
p1udt10706lv,S1S2,0.120088855991442,line-to-ground,POINT(-97.6994520093561 30.4118815362009),1
p1ulv14161,S1S2,0.120088855991442,line-to-ground,POINT(-97.6996064508319 30.4119249346535),1
p1ulv47158,S1S2,0.120088855991442,line-to-ground,POINT(-97.6995746260945 30.4119697321944),1
p1udt10707lv,S1S2,0.120088855991442,line-to-ground,POINT(-97.6988375967892 30.4128675154628),1
p1ulv14162,S1S2,0.120088855991442,line-to-ground,POINT(-97.6989444938851 30.4128990000815),1
p1ulv33271,S1S2,0.120088855991442,line-to-ground,POINT(-97.6987405937466 30.412845666797),1
p1udm35498,S1S2,0.120088855991442,line-to-ground,POINT(-97.698946646776 30.4126823756251),1
p1ulv31312,S1S2,0.120088855991442,line-to-ground,POINT(-97.6990434116835 30.4127765012813),1
p1udt10728lv,S1S2,0.120088855991442,line-to-ground,POINT(-97.7038807309715 30.408586679456),1
p1ulv14226,S1S2,0.120088855991442,line-to-ground,POINT(-97.7039690196413 30.4079350698448),1
p1udt11033lv,S1S2,0.120088855991442,line-to-ground,POINT(-97.713925418167 30.4131713590738),1
p1ulv14755,S1S2,0.120088855991442,line-to-ground,POINT(-97.7139374156607 30.4130233101243),1
p1udm36434,S1S2,0.120088855991442,line-to-ground,POINT(-97.7140609050451 30.4131328015554),1
p1ulv63847,S1S2,0.120088855991442,line-to-ground,POINT(-97.7140490765196 30.4132409601591),1
p1udm36467,S1S2,0.120088855991442,line-to-ground,POINT(-97.7005090364451 30.412159493583),1
p1ulv14772,S1S2,0.120088855991442,line-to-ground,POINT(-97.7005704142694 30.4122413105796),1
p1udt11042lv,S1S2,0.120088855991442,line-to-ground,POINT(-97.7006087815808 30.4119535004326),1
p1udm36468,S1S2,0.120088855991442,line-to-ground,POINT(-97.7007107497231 30.4118637452191),1
p1ulv24390,S1S2,0.120088855991442,line-to-ground,POINT(-97.7006180258451 30.411790639241),1
p1ulv63870,S1S2,0.120088855991442,line-to-ground,POINT(-97.7007619576516 30.4119274151176),1
p1udt11367lv,S1S2,0.120088855991442,line-to-ground,POINT(-97.7102615351244 30.4149568828188),1
p1ulv45261,S1S2,0.120088855991442,line-to-ground,POINT(-97.7096040893435 30.4148031837247),1
p1udm37375,S1S2,0.120088855991442,line-to-ground,POINT(-97.7102247283865 30.4151070726637),1
p1ulv15374,S1S2,0.120088855991442,line-to-ground,POINT(-97.7098718812525 30.41502238019),1
p1udt11368lv,S1S2,0.120088855991442,line-to-ground,POINT(-97.7017501698801 30.4163396995289),1
p1ulv37069,S1S2,0.120088855991442,line-to-ground,POINT(-97.7018082207795 30.4162507697025),1
p1udm37377,S1S2,0.120088855991442,line-to-ground,POINT(-97.7018475891577 30.4164225962625),1
p1ulv15375,S1S2,0.120088855991442,line-to-ground,POINT(-97.7017731708967 30.4165391539686),1
p1ulv27566,S1S2,0.120088855991442,line-to-ground,POINT(-97.7019529965077 30.4163243924233),1
p1udm37382,S1S2,0.120088855991442,line-to-ground,POINT(-97.7021468344021 30.4166240752353),1
p1ulv61967,S1S2,0.120088855991442,line-to-ground,POINT(-97.7022810821439 30.4167066158431),1
p1udm37378,S1S2,0.120088855991442,line-to-ground,POINT(-97.7016925234398 30.4163398481959),1
p1ulv21828,S1S2,0.120088855991442,line-to-ground,POINT(-97.7016078151307 30.4164472805767),1
p1udm37381,S1S2,0.120088855991442,line-to-ground,POINT(-97.7013821538697 30.4161923949518),1
p1ulv41449,S1S2,0.120088855991442,line-to-ground,POINT(-97.701297325887 30.4163088488381),1
p1udt11369lv,S1S2,0.120088855991442,line-to-ground,POINT(-97.7122574024495 30.4196182381004),1
p1ulv50846,S1S2,0.120088855991442,line-to-ground,POINT(-97.712406820756 30.4196609516814),1
p1udm37383,S1S2,0.120088855991442,line-to-ground,POINT(-97.7123219945472 30.4195038893389),1
p1ulv15376,S1S2,0.120088855991442,line-to-ground,POINT(-97.7121458582758 30.4194389914657),1
p1ulv27554,S1S2,0.120088855991442,line-to-ground,POINT(-97.7124356725239 30.4195681709762),1
p1udm37386,S1S2,0.120088855991442,line-to-ground,POINT(-97.7119652189121 30.4197169196413),1
p1ulv54670,S1S2,0.120088855991442,line-to-ground,POINT(-97.7120189268254 30.4195911287506),1
p1udt11703lv,S1S2,0.120088855991442,line-to-ground,POINT(-97.7151879812165 30.4162567913453),1
p1ulv15999,S1S2,0.120088855991442,line-to-ground,POINT(-97.7151326001299 30.4163555138607),1
p1udm38335,S1S2,0.120088855991442,line-to-ground,POINT(-97.7153112149785 30.4162309506598),1
p1ulv34541,S1S2,0.120088855991442,line-to-ground,POINT(-97.715330261045 30.4163664819289),1
p1udm38338,S1S2,0.120088855991442,line-to-ground,POINT(-97.7153944902866 30.4162317700774),1
p1ulv56472,S1S2,0.120088855991442,line-to-ground,POINT(-97.7153963811256 30.4160874219003),1
p1udm38336,S1S2,0.120088855991442,line-to-ground,POINT(-97.7150611526577 30.4162465356083),1
p1ulv38285,S1S2,0.120088855991442,line-to-ground,POINT(-97.7150553692734 30.4161681085088),1
p1udm38337,S1S2,0.120088855991442,line-to-ground,POINT(-97.7147998532314 30.4163251699158),1
p1ulv54654,S1S2,0.120088855991442,line-to-ground,POINT(-97.7146227748294 30.4163324495375),1
p1udm38346,S1S2,0.120088855991442,line-to-ground,POINT(-97.6987932242831 30.4151560531504),1
p1ulv16012,S1S2,0.120088855991442,line-to-ground,POINT(-97.6987603207481 30.4152820457571),1
p1udm38347,S1S2,0.120088855991442,line-to-ground,POINT(-97.6988763784426 30.4151659047794),1
p1ulv29438,S1S2,0.120088855991442,line-to-ground,POINT(-97.6988987528759 30.4150488301047),1
p1udt11707lv,S1S2,0.120088855991442,line-to-ground,POINT(-97.6987144221536 30.4149749073104),1
p1udm38348,S1S2,0.120088855991442,line-to-ground,POINT(-97.698734719147 30.4148577144651),1
p1ulv63871,S1S2,0.120088855991442,line-to-ground,POINT(-97.6986421137635 30.4147755853733),1
p1udt11742lv,S1S2,0.120088855991442,line-to-ground,POINT(-97.7207696514356 30.4090780574204),1
p1ulv35249,S1S2,0.120088855991442,line-to-ground,POINT(-97.7207986095123 30.4089762526144),1
p1udm38452,S1S2,0.120088855991442,line-to-ground,POINT(-97.7206297176138 30.4091550567573),1
p1ulv16079,S1S2,0.120088855991442,line-to-ground,POINT(-97.7206395379867 30.4092002676884),1
p1udm39319,S1S2,0.120088855991442,line-to-ground,POINT(-97.712933360366 30.4173444182522),1
p1ulv16665,S1S2,0.120088855991442,line-to-ground,POINT(-97.7130386395827 30.417255226934),1
p1udt12048lv,S1S2,0.120088855991442,line-to-ground,POINT(-97.7128414575423 30.4172882702277),1
p1udm39321,S1S2,0.120088855991442,line-to-ground,POINT(-97.7128196845691 30.4172801370918),1
p1ulv34542,S1S2,0.120088855991442,line-to-ground,POINT(-97.7129147911299 30.4171727997396),1
p1udm39320,S1S2,0.120088855991442,line-to-ground,POINT(-97.7127574643341 30.4172614777826),1
p1ulv23708,S1S2,0.120088855991442,line-to-ground,POINT(-97.7127246962271 30.4173784526171),1
p1udt12049lv,S1S2,0.120088855991442,line-to-ground,POINT(-97.7138259871488 30.4200871439692),1
p1ulv16669,S1S2,0.120088855991442,line-to-ground,POINT(-97.7140433876853 30.420026140652),1
p1ulv60696,S1S2,0.120088855991442,line-to-ground,POINT(-97.7139815204491 30.4199804166249),1
p1udt12054lv,S1S2,0.120088855991442,line-to-ground,POINT(-97.7059043192969 30.4106459295059),1
p1ulv16680,S1S2,0.120088855991442,line-to-ground,POINT(-97.7058780356296 30.4107871995048),1
p1udt12055lv,S1S2,0.120088855991442,line-to-ground,POINT(-97.7011315431923 30.4135918168066),1
p1ulv25012,S1S2,0.120088855991442,line-to-ground,POINT(-97.7009902638669 30.4135538093394),1
p1ulv45263,S1S2,0.120088855991442,line-to-ground,POINT(-97.7012769615827 30.4136440543958),1
p1udm39337,S1S2,0.120088855991442,line-to-ground,POINT(-97.7010715052235 30.4137080069543),1
p1ulv16683,S1S2,0.120088855991442,line-to-ground,POINT(-97.7009056768288 30.4136522196438),1
p1udm39338,S1S2,0.120088855991442,line-to-ground,POINT(-97.7011670985961 30.4135645915207),1
p1ulv19910,S1S2,0.120088855991442,line-to-ground,POINT(-97.7010222079998 30.4134999897466),1
p1udt12099lv,S1S2,0.120088855991442,line-to-ground,POINT(-97.7121876520881 30.4040885737629),1
p1ulv16763,S1S2,0.120088855991442,line-to-ground,POINT(-97.7121875336726 30.4040975955292),1
p1udt12387lv,S1S2,0.120088855991442,line-to-ground,POINT(-97.7051672124775 30.412684087772),1
p1ulv17297,S1S2,0.120088855991442,line-to-ground,POINT(-97.7052693012655 30.4127391365776),1
p1udt12388lv,S1S2,0.120088855991442,line-to-ground,POINT(-97.7111060891103 30.4180656207055),1
p1ulv17299,S1S2,0.120088855991442,line-to-ground,POINT(-97.7109363667153 30.4179924110377),1
p1udt12390lv,S1S2,0.120088855991442,line-to-ground,POINT(-97.7013101035952 30.4127197597527),1
p1ulv25010,S1S2,0.120088855991442,line-to-ground,POINT(-97.7013151985932 30.4126006140809),1
p1udm40254,S1S2,0.120088855991442,line-to-ground,POINT(-97.7013544454302 30.4127814625315),1
p1ulv17301,S1S2,0.120088855991442,line-to-ground,POINT(-97.701290319067 30.4129071453367),1
p1udt12712lv,S1S2,0.120088855991442,line-to-ground,POINT(-97.702348636063 30.4164303895678),1
p1ulv30056,S1S2,0.120088855991442,line-to-ground,POINT(-97.7024816064003 30.4165010822044),1
p1udm41108,S1S2,0.120088855991442,line-to-ground,POINT(-97.7023158918534 30.4164362748345),1
p1ulv17965,S1S2,0.120088855991442,line-to-ground,POINT(-97.7022030601457 30.4163088326533),1
p1udm41111,S1S2,0.120088855991442,line-to-ground,POINT(-97.7022630092382 30.4164989094856),1
p1ulv42675,S1S2,0.120088855991442,line-to-ground,POINT(-97.7023866087657 30.4165993899402),1
p1udm41109,S1S2,0.120088855991442,line-to-ground,POINT(-97.7024319468772 30.4163201306328),1
p1ulv25006,S1S2,0.120088855991442,line-to-ground,POINT(-97.7025977806687 30.4163759161379),1
p1udt12714lv,S1S2,0.120088855991442,line-to-ground,POINT(-97.6994219925817 30.4137880016266),1
p1ulv17969,S1S2,0.120088855991442,line-to-ground,POINT(-97.6993255034442 30.4137566210682),1
p1ulv33272,S1S2,0.120088855991442,line-to-ground,POINT(-97.6995595564793 30.413891459906),1
p1udm41117,S1S2,0.120088855991442,line-to-ground,POINT(-97.6995209107373 30.4136655024896),1
p1ulv29435,S1S2,0.120088855991442,line-to-ground,POINT(-97.6996342144234 30.4137568600175),1
p1udt12747lv,S1S2,0.120088855991442,line-to-ground,POINT(-97.7137565510332 30.410663708464),1
p1ulv18039,S1S2,0.120088855991442,line-to-ground,POINT(-97.7137187142918 30.4106481260032),1
p1udt13039lv,S1S2,0.120088855991442,line-to-ground,POINT(-97.6990621774574 30.4110628473757),1
p1ulv37072,S1S2,0.120088855991442,line-to-ground,POINT(-97.6989599051703 30.4112237302686),1
p1udm42000,S1S2,0.120088855991442,line-to-ground,POINT(-97.6991065857968 30.4111530085696),1
p1ulv18601,S1S2,0.120088855991442,line-to-ground,POINT(-97.6992329271734 30.4110459924657),1
p1udm42001,S1S2,0.120088855991442,line-to-ground,POINT(-97.6990038139931 30.4110527326553),1
p1ulv35839,S1S2,0.120088855991442,line-to-ground,POINT(-97.698843522197 30.4110934137731),1
p1udt13040lv,S1S2,0.120088855991442,line-to-ground,POINT(-97.7009040338748 30.4116033016004),1
p1ulv21830,S1S2,0.120088855991442,line-to-ground,POINT(-97.7010075752425 30.4114606679436),1
p1udm42003,S1S2,0.120088855991442,line-to-ground,POINT(-97.7008168700833 30.4117114118306),1
p1ulv18602,S1S2,0.120088855991442,line-to-ground,POINT(-97.7007341966156 30.4116654746521),1
p1udt13041lv,S1S2,0.120088855991442,line-to-ground,POINT(-97.6995533567419 30.4117320887783),1
p1ulv18603,S1S2,0.120088855991442,line-to-ground,POINT(-97.6994737669129 30.4117251092569),1
p1ulv28205,S1S2,0.120088855991442,line-to-ground,POINT(-97.6995054719942 30.4116893334486),1
p1udt13091lv,S1S2,0.120088855991442,line-to-ground,POINT(-97.701055874022 30.410658620147),1
p1ulv18698,S1S2,0.120088855991442,line-to-ground,POINT(-97.7008615992142 30.4106922686243),1
p1udm42138,S1S2,0.120088855991442,line-to-ground,POINT(-97.7010664494907 30.4106191909953),1
p1ulv60774,S1S2,0.120088855991442,line-to-ground,POINT(-97.7008834921207 30.4106112803009),1
p1udt13352lv,S1S2,0.120088855991442,line-to-ground,POINT(-97.7142284102344 30.4212759616371),1
p1ulv19232,S1S2,0.120088855991442,line-to-ground,POINT(-97.7144526838308 30.4213655634405),1
p1udt13357lv,S1S2,0.120088855991442,line-to-ground,POINT(-97.7138141365205 30.4144748453067),1
p1ulv57654,S1S2,0.120088855991442,line-to-ground,POINT(-97.7137019054062 30.4143112682763),1
p1ulv62606,S1S2,0.120088855991442,line-to-ground,POINT(-97.7139067769061 30.4145659283988),1
p1udm42792,S1S2,0.120088855991442,line-to-ground,POINT(-97.7139200254628 30.4143495087394),1
p1ulv38283,S1S2,0.120088855991442,line-to-ground,POINT(-97.7138727245576 30.4142616496879),1
p1udm42790,S1S2,0.120088855991442,line-to-ground,POINT(-97.7140035357218 30.4143322854812),1
p1ulv19243,S1S2,0.120088855991442,line-to-ground,POINT(-97.7140955625416 30.4144595128332),1
p1udm42793,S1S2,0.120088855991442,line-to-ground,POINT(-97.7136886563774 30.4145276879011),1
p1ulv48368,S1S2,0.120088855991442,line-to-ground,POINT(-97.7138329657815 30.414637384678),1
p1udm42791,S1S2,0.120088855991442,line-to-ground,POINT(-97.71364630949 30.4145814082182),1
p1ulv30047,S1S2,0.120088855991442,line-to-ground,POINT(-97.7135125279444 30.4144627920547),1
p1udt13359lv,S1S2,0.120088855991442,line-to-ground,POINT(-97.7146957307438 30.4157189063896),1
p1ulv19245,S1S2,0.120088855991442,line-to-ground,POINT(-97.7148711766538 30.4156491527729),1
p1udt13367lv,S1S2,0.120088855991442,line-to-ground,POINT(-97.7018351859347 30.4113780206589),1
p1ulv19264,S1S2,0.120088855991442,line-to-ground,POINT(-97.7020492960182 30.4114078673725),1
p1ulv44645,S1S2,0.120088855991442,line-to-ground,POINT(-97.7017072370605 30.4112961916857),1
p1udm42820,S1S2,0.120088855991442,line-to-ground,POINT(-97.7021120560309 30.4137454237532),1
p1ulv19266,S1S2,0.120088855991442,line-to-ground,POINT(-97.7019989887613 30.4136360248757),1
p1udt13368lv,S1S2,0.120088855991442,line-to-ground,POINT(-97.7020216559856 30.4138070360174),1
p1udm42821,S1S2,0.120088855991442,line-to-ground,POINT(-97.7020171802095 30.4138347096105),1
p1ulv33903,S1S2,0.120088855991442,line-to-ground,POINT(-97.7018938232653 30.4137161854439),1
p1udt13369lv,S1S2,0.120088855991442,line-to-ground,POINT(-97.6996606636741 30.4116054712681),1
p1ulv19268,S1S2,0.120088855991442,line-to-ground,POINT(-97.6998184555409 30.4116383131026),1
p1udt13370lv,S1S2,0.120088855991442,line-to-ground,POINT(-97.7002400870441 30.4151615011852),1
p1ulv44652,S1S2,0.120088855991442,line-to-ground,POINT(-97.700333312866 30.4152074850126),1
p1udm42823,S1S2,0.120088855991442,line-to-ground,POINT(-97.700156236167 30.4152147450372),1
p1ulv19271,S1S2,0.120088855991442,line-to-ground,POINT(-97.7000114634712 30.415141120398),1
p1udm42826,S1S2,0.120088855991442,line-to-ground,POINT(-97.7001348197975 30.4152596463042),1
p1ulv51464,S1S2,0.120088855991442,line-to-ground,POINT(-97.7002795927627 30.4153332708131),1
p1udm42824,S1S2,0.120088855991442,line-to-ground,POINT(-97.7002313726509 30.4150440580055),1
p1ulv29437,S1S2,0.120088855991442,line-to-ground,POINT(-97.700075951764 30.4149883732288),1
p1udt13656lv,S1S2,0.120088855991442,line-to-ground,POINT(-97.7143742477656 30.4109461520902),1
p1ulv19887,S1S2,0.120088855991442,line-to-ground,POINT(-97.714494646122 30.4110166848199),1
p1udt13662lv,S1S2,0.120088855991442,line-to-ground,POINT(-97.699815141974 30.4131873830611),1
p1ulv19909,S1S2,0.120088855991442,line-to-ground,POINT(-97.6996942736636 30.4131529238804),1
p1ulv39583,S1S2,0.120088855991442,line-to-ground,POINT(-97.6999424160313 30.4132817155668),1
p1udm43574,S1S2,0.120088855991442,line-to-ground,POINT(-97.6999140590151 30.4130648835833),1
p1ulv41446,S1S2,0.120088855991442,line-to-ground,POINT(-97.699796835472 30.4129977198431),1
p1ulv54673,S1S2,0.120088855991442,line-to-ground,POINT(-97.7000272428316 30.4131652624791),1
p1udt13663lv,S1S2,0.120088855991442,line-to-ground,POINT(-97.7003472878909 30.4149279729976),1
p1ulv19912,S1S2,0.120088855991442,line-to-ground,POINT(-97.7001508490507 30.4148357296536),1
p1ulv40222,S1S2,0.120088855991442,line-to-ground,POINT(-97.7004723389263 30.41492915903),1
p1udm43577,S1S2,0.120088855991442,line-to-ground,POINT(-97.7003383342671 30.4148285732363),1
p1ulv31961,S1S2,0.120088855991442,line-to-ground,POINT(-97.7002040907482 30.4147460307292),1
p1udm43579,S1S2,0.120088855991442,line-to-ground,POINT(-97.7002636764012 30.4149631735103),1
p1ulv45917,S1S2,0.120088855991442,line-to-ground,POINT(-97.7004083294889 30.4150458195788),1
p1udm44264,S1S2,0.120088855991442,line-to-ground,POINT(-97.7144628416563 30.4142375565904),1
p1ulv20539,S1S2,0.120088855991442,line-to-ground,POINT(-97.71442286047 30.4141108419703),1
p1udt13952lv,S1S2,0.120088855991442,line-to-ground,POINT(-97.7146602395 30.4142576046692),1
p1udm44265,S1S2,0.120088855991442,line-to-ground,POINT(-97.7146586064141 30.4143928737277),1
p1ulv24373,S1S2,0.120088855991442,line-to-ground,POINT(-97.714790127696 30.4144093781855),1
p1udt13954lv,S1S2,0.120088855991442,line-to-ground,POINT(-97.7099046060809 30.4209659663948),1
p1ulv20542,S1S2,0.120088855991442,line-to-ground,POINT(-97.7099169162725 30.4210952448869),1
p1udt13958lv,S1S2,0.120088855991442,line-to-ground,POINT(-97.6984270304632 30.41345326225),1
p1ulv20554,S1S2,0.120088855991442,line-to-ground,POINT(-97.6985405722862 30.4135265772845),1
p1udt13959lv,S1S2,0.120088855991442,line-to-ground,POINT(-97.6988226639165 30.4138750797834),1
p1ulv20555,S1S2,0.120088855991442,line-to-ground,POINT(-97.6986341044395 30.4138100555516),1
p1udt13996lv,S1S2,0.120088855991442,line-to-ground,POINT(-97.6994923741264 30.4105065000653),1
p1ulv20631,S1S2,0.120088855991442,line-to-ground,POINT(-97.6994297355288 30.4103351436431),1
p1udm44363,S1S2,0.120088855991442,line-to-ground,POINT(-97.6993462795421 30.4106074356181),1
p1ulv61413,S1S2,0.120088855991442,line-to-ground,POINT(-97.6995613411209 30.4106161644797),1
p1udm45679,S1S2,0.120088855991442,line-to-ground,POINT(-97.7009398511156 30.4110720092291),1
p1ulv21829,S1S2,0.120088855991442,line-to-ground,POINT(-97.7010918243357 30.4111157995713),1
p1ulv52115,S1S2,0.120088855991442,line-to-ground,POINT(-97.7007953227854 30.4109803421414),1
p1udt14516lv,S1S2,0.120088855991442,line-to-ground,POINT(-97.7010256331391 30.411036755666),1
p1udm45680,S1S2,0.120088855991442,line-to-ground,POINT(-97.70101474385 30.4109193649432),1
p1ulv40838,S1S2,0.120088855991442,line-to-ground,POINT(-97.7012049468888 30.4109782306382),1
p1udm45735,S1S2,0.120088855991442,line-to-ground,POINT(-97.701029215832 30.4106716045809),1
p1ulv21899,S1S2,0.120088855991442,line-to-ground,POINT(-97.7012266227896 30.4106417625977),1
p1udt14540lv,S1S2,0.120088855991442,line-to-ground,POINT(-97.7010314818671 30.4105214191519),1
p1udm45737,S1S2,0.120088855991442,line-to-ground,POINT(-97.7010831700003 30.4104689003715),1
p1ulv56554,S1S2,0.120088855991442,line-to-ground,POINT(-97.7009064603368 30.4104490965164),1
p1udm45736,S1S2,0.120088855991442,line-to-ground,POINT(-97.7011047042751 30.4104149771557),1
p1ulv46000,S1S2,0.120088855991442,line-to-ground,POINT(-97.7012706468391 30.4104617423662),1
p1udt14747lv,S1S2,0.120088855991442,line-to-ground,POINT(-97.7018105090714 30.4129507310143),1
p1ulv22427,S1S2,0.120088855991442,line-to-ground,POINT(-97.701873700938 30.4128768552975),1
p1udm46260,S1S2,0.120088855991442,line-to-ground,POINT(-97.7018716710365 30.413030224492),1
p1ulv58272,S1S2,0.120088855991442,line-to-ground,POINT(-97.7019252683459 30.4129134596148),1
p1udt14748lv,S1S2,0.120088855991442,line-to-ground,POINT(-97.7001201605972 30.4111388706623),1
p1ulv51462,S1S2,0.120088855991442,line-to-ground,POINT(-97.7001887434402 30.4111908547265),1
p1udm46261,S1S2,0.120088855991442,line-to-ground,POINT(-97.6999908563703 30.4111979074984),1
p1ulv22429,S1S2,0.120088855991442,line-to-ground,POINT(-97.7000423026219 30.4112435342358),1
p1udm46262,S1S2,0.120088855991442,line-to-ground,POINT(-97.7002428198244 30.4110380036808),1
p1ulv44649,S1S2,0.120088855991442,line-to-ground,POINT(-97.7001499775101 30.4109739191079),1
p1udt15282lv,S1S2,0.120088855991442,line-to-ground,POINT(-97.7133498101406 30.4199103289974),1
p1ulv34546,S1S2,0.120088855991442,line-to-ground,POINT(-97.7132983801802 30.4196759289555),1
p1ulv60079,S1S2,0.120088855991442,line-to-ground,POINT(-97.7134227055545 30.4197222688587),1
p1udm47607,S1S2,0.120088855991442,line-to-ground,POINT(-97.7134307478245 30.419902806431),1
p1ulv23709,S1S2,0.120088855991442,line-to-ground,POINT(-97.7135263298533 30.4197593817317),1
p1udt15287lv,S1S2,0.120088855991442,line-to-ground,POINT(-97.7023744000943 30.414895838766),1
p1ulv23723,S1S2,0.120088855991442,line-to-ground,POINT(-97.7024600223606 30.4149850201719),1
p1ulv60091,S1S2,0.120088855991442,line-to-ground,POINT(-97.702202059987 30.414811021033),1
p1udm47621,S1S2,0.120088855991442,line-to-ground,POINT(-97.7022725368819 30.4149921796323),1
p1ulv37682,S1S2,0.120088855991442,line-to-ground,POINT(-97.702116876037 30.4149545406853),1
p1udm47623,S1S2,0.120088855991442,line-to-ground,POINT(-97.7012224578343 30.411742515663),1
p1ulv23725,S1S2,0.120088855991442,line-to-ground,POINT(-97.7011165769967 30.4118768059655),1
p1udm47625,S1S2,0.120088855991442,line-to-ground,POINT(-97.7011500735484 30.4117057039976),1
p1ulv62626,S1S2,0.120088855991442,line-to-ground,POINT(-97.7012555957788 30.4115984788088),1
p1udt15288lv,S1S2,0.120088855991442,line-to-ground,POINT(-97.7012643147494 30.4117570995129),1
p1udm47624,S1S2,0.120088855991442,line-to-ground,POINT(-97.7013775160134 30.4118252641226),1
p1ulv38314,S1S2,0.120088855991442,line-to-ground,POINT(-97.7013130319938 30.4119780121261),1
p1udt15526lv,S1S2,0.120088855991442,line-to-ground,POINT(-97.7166077383182 30.4116040381643),1
p1ulv62602,S1S2,0.120088855991442,line-to-ground,POINT(-97.716516936963 30.4116050242326),1
p1udm48193,S1S2,0.120088855991442,line-to-ground,POINT(-97.7164465537109 30.411414850774),1
p1ulv24371,S1S2,0.120088855991442,line-to-ground,POINT(-97.716394391114 30.4114233609076),1
p1udm48194,S1S2,0.120088855991442,line-to-ground,POINT(-97.7166925903302 30.4117060030501),1
p1ulv44626,S1S2,0.120088855991442,line-to-ground,POINT(-97.7166667939389 30.411811188551),1
p1udt15534lv,S1S2,0.120088855991442,line-to-ground,POINT(-97.7093683534789 30.4124216396905),1
p1ulv24387,S1S2,0.120088855991442,line-to-ground,POINT(-97.7095301484008 30.4125106319873),1
p1udt15535lv,S1S2,0.120088855991442,line-to-ground,POINT(-97.7096114479532 30.4139703120399),1
p1ulv24388,S1S2,0.120088855991442,line-to-ground,POINT(-97.7098014251176 30.4140472089901),1
p1udm48716,S1S2,0.120088855991442,line-to-ground,POINT(-97.7144929032666 30.4206802178946),1
p1ulv24973,S1S2,0.120088855991442,line-to-ground,POINT(-97.7147425039368 30.4207007213822),1
p1udt15757lv,S1S2,0.120088855991442,line-to-ground,POINT(-97.7142144599363 30.420588422931),1
p1udm48717,S1S2,0.120088855991442,line-to-ground,POINT(-97.7141198039648 30.4205502225193),1
p1ulv31268,S1S2,0.120088855991442,line-to-ground,POINT(-97.7140388914842 30.420368967178),1
p1udt15765lv,S1S2,0.120088855991442,line-to-ground,POINT(-97.7118003713292 30.4167280588506),1
p1ulv25007,S1S2,0.120088855991442,line-to-ground,POINT(-97.7116929887984 30.4166644882061),1
p1udm48744,S1S2,0.120088855991442,line-to-ground,POINT(-97.7118059520584 30.416782900797),1
p1ulv55866,S1S2,0.120088855991442,line-to-ground,POINT(-97.7119721478995 30.4168116093209),1
p1udt15766lv,S1S2,0.120088855991442,line-to-ground,POINT(-97.7010521012529 30.4126253528146),1
p1ulv25009,S1S2,0.120088855991442,line-to-ground,POINT(-97.7010979244534 30.4124992007942),1
p1ulv58274,S1S2,0.120088855991442,line-to-ground,POINT(-97.7008975253808 30.412695710869),1
p1udm48748,S1S2,0.120088855991442,line-to-ground,POINT(-97.7009097267557 30.4125604887225),1
p1ulv64520,S1S2,0.120088855991442,line-to-ground,POINT(-97.7009531549408 30.4124255772653),1
p1udm48746,S1S2,0.120088855991442,line-to-ground,POINT(-97.7006676912492 30.4127565841499),1
p1ulv27568,S1S2,0.120088855991442,line-to-ground,POINT(-97.7008128195228 30.4128031428585),1
p1udt15768lv,S1S2,0.120088855991442,line-to-ground,POINT(-97.6999996533762 30.4138327799071),1
p1ulv55259,S1S2,0.120088855991442,line-to-ground,POINT(-97.7000725661856 30.4139445193147),1
p1udm48750,S1S2,0.120088855991442,line-to-ground,POINT(-97.7000088219818 30.4137696134056),1
p1ulv25013,S1S2,0.120088855991442,line-to-ground,POINT(-97.7001399806897 30.4138131976599),1
p1udt15792lv,S1S2,0.120088855991442,line-to-ground,POINT(-97.7012440821989 30.4102629588003),1
p1ulv63952,S1S2,0.120088855991442,line-to-ground,POINT(-97.7010595672156 30.4101647228691),1
p1udm48808,S1S2,0.120088855991442,line-to-ground,POINT(-97.7010767822855 30.4097838628535),1
p1ulv25078,S1S2,0.120088855991442,line-to-ground,POINT(-97.7009866094689 30.4098994966273),1
p1udm48809,S1S2,0.120088855991442,line-to-ground,POINT(-97.7011583009361 30.4102982125329),1
p1ulv58955,S1S2,0.120088855991442,line-to-ground,POINT(-97.701003603735 30.4101883987154),1
p1udt16012lv,S1S2,0.120088855991442,line-to-ground,POINT(-97.6990342848684 30.4143464957775),1
p1ulv45264,S1S2,0.120088855991442,line-to-ground,POINT(-97.6989290264664 30.4143363229301),1
p1ulv55261,S1S2,0.120088855991442,line-to-ground,POINT(-97.6991666418858 30.4144740341001),1
p1udm49291,S1S2,0.120088855991442,line-to-ground,POINT(-97.6989260343669 30.4145618655475),1
p1ulv25643,S1S2,0.120088855991442,line-to-ground,POINT(-97.6988229002343 30.4144886545565),1
p1udt16255lv,S1S2,0.120088855991442,line-to-ground,POINT(-97.7147880074547 30.4119427476494),1
p1ulv26241,S1S2,0.120088855991442,line-to-ground,POINT(-97.714649010819 30.4119475661762),1
p1udm49828,S1S2,0.120088855991442,line-to-ground,POINT(-97.7030821602476 30.4143866671584),1
p1ulv26263,S1S2,0.120088855991442,line-to-ground,POINT(-97.7032183144499 30.4143248592437),1
p1udt16259lv,S1S2,0.120088855991442,line-to-ground,POINT(-97.7032071382482 30.4145003105967),1
p1udm49829,S1S2,0.120088855991442,line-to-ground,POINT(-97.7034198185044 30.4148321432069),1
p1ulv53388,S1S2,0.120088855991442,line-to-ground,POINT(-97.7032403737007 30.4147463187476),1
p1udt16260lv,S1S2,0.120088855991442,line-to-ground,POINT(-97.7032987104673 30.4155159784768),1
p1ulv26265,S1S2,0.120088855991442,line-to-ground,POINT(-97.703350444973 30.4153547826874),1
p1udm49831,S1S2,0.120088855991442,line-to-ground,POINT(-97.7033796450423 30.4155084620557),1
p1ulv28204,S1S2,0.120088855991442,line-to-ground,POINT(-97.7033157578903 30.4156161023905),1
p1udm49908,S1S2,0.120088855991442,line-to-ground,POINT(-97.7000003022837 30.4104851921308),1
p1ulv26351,S1S2,0.120088855991442,line-to-ground,POINT(-97.6998537428606 30.4105468931753),1
p1udt16289lv,S1S2,0.120088855991442,line-to-ground,POINT(-97.699482507924 30.4105567440472),1
p1udm49909,S1S2,0.120088855991442,line-to-ground,POINT(-97.6991445124401 30.4107069783454),1
p1ulv31310,S1S2,0.120088855991442,line-to-ground,POINT(-97.6992885601799 30.4107758596108),1
p1udt16495lv,S1S2,0.120088855991442,line-to-ground,POINT(-97.6993262768309 30.4139404374039),1
p1ulv26922,S1S2,0.120088855991442,line-to-ground,POINT(-97.6992265849539 30.4138791200458),1
p1ulv42084,S1S2,0.120088855991442,line-to-ground,POINT(-97.6994432618685 30.4140256449949),1
p1ulv54676,S1S2,0.120088855991442,line-to-ground,POINT(-97.6994748481053 30.4139988909355),1
p1udt16496lv,S1S2,0.120088855991442,line-to-ground,POINT(-97.6981255849202 30.4139612112607),1
p1ulv26924,S1S2,0.120088855991442,line-to-ground,POINT(-97.6982571022012 30.4139777322805),1
p1udm51282,S1S2,0.120088855991442,line-to-ground,POINT(-97.7135169787431 30.4204720998989),1
p1ulv28167,S1S2,0.120088855991442,line-to-ground,POINT(-97.7136538455285 30.420356150715),1
p1udt16930lv,S1S2,0.120088855991442,line-to-ground,POINT(-97.713393349034 30.4204038427789),1
p1udm51283,S1S2,0.120088855991442,line-to-ground,POINT(-97.7133516049088 30.420380240931),1
p1ulv58259,S1S2,0.120088855991442,line-to-ground,POINT(-97.7134677704571 30.4202550649945),1
p1udt16943lv,S1S2,0.120088855991442,line-to-ground,POINT(-97.7091974959747 30.4135387923976),1
p1ulv28202,S1S2,0.120088855991442,line-to-ground,POINT(-97.7089338253197 30.4135243263047),1
p1udt17154lv,S1S2,0.120088855991442,line-to-ground,POINT(-97.7132695173594 30.4174282887489),1
p1ulv28803,S1S2,0.120088855991442,line-to-ground,POINT(-97.7134411780961 30.4175208591005),1
p1udt17162lv,S1S2,0.120088855991442,line-to-ground,POINT(-97.6999011224667 30.4140302638357),1
p1ulv28825,S1S2,0.120088855991442,line-to-ground,POINT(-97.6999840575286 30.4140671225227),1
p1udm52257,S1S2,0.120088855991442,line-to-ground,POINT(-97.7153349691892 30.4144175765046),1
p1ulv29417,S1S2,0.120088855991442,line-to-ground,POINT(-97.7152291042111 30.4145518786739),1
p1udt17380lv,S1S2,0.120088855991442,line-to-ground,POINT(-97.7156697744027 30.4145697623549),1
p1udm52258,S1S2,0.120088855991442,line-to-ground,POINT(-97.7159935707876 30.4146737647601),1
p1ulv63231,S1S2,0.120088855991442,line-to-ground,POINT(-97.7161043068523 30.414497327672),1
p1udt17384lv,S1S2,0.120088855991442,line-to-ground,POINT(-97.7119096118592 30.4129901897091),1
p1ulv29431,S1S2,0.120088855991442,line-to-ground,POINT(-97.7113023765888 30.4128411023601),1
p1udt17402lv,S1S2,0.120088855991442,line-to-ground,POINT(-97.7164998645369 30.4106214578314),1
p1ulv29516,S1S2,0.120088855991442,line-to-ground,POINT(-97.7163947258262 30.4106022773525),1
p1udm52659,S1S2,0.120088855991442,line-to-ground,POINT(-97.7126801459096 30.4144275186563),1
p1ulv30048,S1S2,0.120088855991442,line-to-ground,POINT(-97.7125231787138 30.4144891313139),1
p1udt17582lv,S1S2,0.120088855991442,line-to-ground,POINT(-97.7127321641857 30.4146168102355),1
p1udm52660,S1S2,0.120088855991442,line-to-ground,POINT(-97.7127817514138 30.4146180017979),1
p1ulv41435,S1S2,0.120088855991442,line-to-ground,POINT(-97.7128974369641 30.4145289131036),1
p1ulv59478,S1S2,0.120088855991442,line-to-ground,POINT(-97.7126249023928 30.4146705928158),1
p1udt17783lv,S1S2,0.120088855991442,line-to-ground,POINT(-97.7145911638589 30.4150863255447),1
p1ulv30672,S1S2,0.120088855991442,line-to-ground,POINT(-97.7147848227811 30.4150888814459),1
p1udm53082,S1S2,0.120088855991442,line-to-ground,POINT(-97.7146486743282 30.4151507015977),1
p1ulv44628,S1S2,0.120088855991442,line-to-ground,POINT(-97.71447195282 30.4151309157985),1
p1udt17787lv,S1S2,0.120088855991442,line-to-ground,POINT(-97.6994872756357 30.4162328149942),1
p1ulv63249,S1S2,0.120088855991442,line-to-ground,POINT(-97.6994323755557 30.4164166043271),1
p1udm53089,S1S2,0.120088855991442,line-to-ground,POINT(-97.6994454171221 30.4162182305364),1
p1ulv30686,S1S2,0.120088855991442,line-to-ground,POINT(-97.6995718845144 30.4161021926595),1
p1udm53091,S1S2,0.120088855991442,line-to-ground,POINT(-97.6993523312707 30.4161721887264),1
p1ulv48395,S1S2,0.120088855991442,line-to-ground,POINT(-97.699458099692 30.4160469218502),1
p1udm53090,S1S2,0.120088855991442,line-to-ground,POINT(-97.6996212993642 30.4163011885781),1
p1ulv45918,S1S2,0.120088855991442,line-to-ground,POINT(-97.6995568094293 30.4164539354472),1
p1udm53092,S1S2,0.120088855991442,line-to-ground,POINT(-97.699703976108 30.416347126528),1
p1ulv49591,S1S2,0.120088855991442,line-to-ground,POINT(-97.6997890452045 30.4162126303231),1
p1udm53094,S1S2,0.120088855991442,line-to-ground,POINT(-97.70094509279 30.4169640160568),1
p1ulv30687,S1S2,0.120088855991442,line-to-ground,POINT(-97.7010440124447 30.4168415158614),1
p1udt17788lv,S1S2,0.120088855991442,line-to-ground,POINT(-97.7008117988473 30.4168894020336),1
p1udm53095,S1S2,0.120088855991442,line-to-ground,POINT(-97.7007589182962 30.41687193444),1
p1ulv54050,S1S2,0.120088855991442,line-to-ground,POINT(-97.7006944297022 30.4170246818986),1
p1udt17818lv,S1S2,0.120088855991442,line-to-ground,POINT(-97.7108256351863 30.4071339079343),1
p1ulv30772,S1S2,0.120088855991442,line-to-ground,POINT(-97.7107562193157 30.4071450816457),1
p1udt17981lv,S1S2,0.120088855991442,line-to-ground,POINT(-97.7093280172196 30.4241871162765),1
p1ulv31296,S1S2,0.120088855991442,line-to-ground,POINT(-97.7092427172586 30.4240661389817),1
p1udt18174lv,S1S2,0.120088855991442,line-to-ground,POINT(-97.7016390658513 30.4116982629498),1
p1ulv31958,S1S2,0.120088855991442,line-to-ground,POINT(-97.7015585277099 30.4115202855645),1
p1udt18385lv,S1S2,0.120088855991442,line-to-ground,POINT(-97.7088714794461 30.4049260418632),1
p1ulv32679,S1S2,0.120088855991442,line-to-ground,POINT(-97.708942303064 30.4049706803299),1
p1udt18757lv,S1S2,0.120088855991442,line-to-ground,POINT(-97.7132039828423 30.413079754442),1
p1ulv33894,S1S2,0.120088855991442,line-to-ground,POINT(-97.7132473399616 30.4132511070168),1
p1udm54935,S1S2,0.120088855991442,line-to-ground,POINT(-97.7131136790407 30.4131234687296),1
p1ulv37055,S1S2,0.120088855991442,line-to-ground,POINT(-97.7130841090738 30.4129968563369),1
p1ulv48365,S1S2,0.120088855991442,line-to-ground,POINT(-97.7131054006882 30.4129609745024),1
p1udm54937,S1S2,0.120088855991442,line-to-ground,POINT(-97.7132907516722 30.4131161909884),1
p1ulv52764,S1S2,0.120088855991442,line-to-ground,POINT(-97.7133347550163 30.4129361661486),1
p1udt18953lv,S1S2,0.120088855991442,line-to-ground,POINT(-97.7170481212443 30.4124080630825),1
p1ulv34534,S1S2,0.120088855991442,line-to-ground,POINT(-97.7171824259983 30.4124597199789),1
p1udm55307,S1S2,0.120088855991442,line-to-ground,POINT(-97.7169736555195 30.4125027832732),1
p1ulv37054,S1S2,0.120088855991442,line-to-ground,POINT(-97.7169225545548 30.4124300976566),1
p1udt18956lv,S1S2,0.120088855991442,line-to-ground,POINT(-97.697952212246 30.4113754480409),1
p1ulv34556,S1S2,0.120088855991442,line-to-ground,POINT(-97.6978661415652 30.4112759871764),1
p1udm55316,S1S2,0.120088855991442,line-to-ground,POINT(-97.6980635498279 30.4113050244583),1
p1ulv60092,S1S2,0.120088855991442,line-to-ground,POINT(-97.6979190239744 30.4112133542574),1
p1udt18958lv,S1S2,0.120088855991442,line-to-ground,POINT(-97.7000154159729 30.4164934899317),1
p1ulv34559,S1S2,0.120088855991442,line-to-ground,POINT(-97.6999599046077 30.416674499545),1
p1udt19133lv,S1S2,0.120088855991442,line-to-ground,POINT(-97.7139281580055 30.4135378129116),1
p1ulv61951,S1S2,0.120088855991442,line-to-ground,POINT(-97.713732781037 30.4135446239303),1
p1udm55625,S1S2,0.120088855991442,line-to-ground,POINT(-97.7138988537808 30.4135823516326),1
p1ulv35164,S1S2,0.120088855991442,line-to-ground,POINT(-97.7140450547139 30.4135477000028),1
p1udt19140lv,S1S2,0.120088855991442,line-to-ground,POINT(-97.7015810054344 30.4131529522088),1
p1ulv35177,S1S2,0.120088855991442,line-to-ground,POINT(-97.7016712723423 30.4132267357526),1
p1udm55638,S1S2,0.120088855991442,line-to-ground,POINT(-97.7016319053422 30.4130549091036),1
p1ulv43999,S1S2,0.120088855991442,line-to-ground,POINT(-97.7017453298008 30.4131372431275),1
p1udt19142lv,S1S2,0.120088855991442,line-to-ground,POINT(-97.6985228667973 30.413291805443),1
p1ulv35181,S1S2,0.120088855991442,line-to-ground,POINT(-97.6986394912407 30.4134040788349),1
p1udt19507lv,S1S2,0.120088855991442,line-to-ground,POINT(-97.7135664373713 30.4199571766649),1
p1ulv36455,S1S2,0.120088855991442,line-to-ground,POINT(-97.7137234056022 30.4198154611692),1
p1udt19684lv,S1S2,0.120088855991442,line-to-ground,POINT(-97.7160488381886 30.4155846779735),1
p1ulv37058,S1S2,0.120088855991442,line-to-ground,POINT(-97.7160565436137 30.4157600676633),1
p1ulv54652,S1S2,0.120088855991442,line-to-ground,POINT(-97.7161331886098 30.415472087769),1
p1udt19685lv,S1S2,0.120088855991442,line-to-ground,POINT(-97.7063124395864 30.4160095834274),1
p1ulv37070,S1S2,0.120088855991442,line-to-ground,POINT(-97.7066619628683 30.4160733706527),1
p1udt19688lv,S1S2,0.120088855991442,line-to-ground,POINT(-97.7004601500105 30.4167144671168),1
p1ulv44653,S1S2,0.120088855991442,line-to-ground,POINT(-97.7004152878583 30.4168775371406),1
p1udm56608,S1S2,0.120088855991442,line-to-ground,POINT(-97.7005830340271 30.4167889778806),1
p1ulv37074,S1S2,0.120088855991442,line-to-ground,POINT(-97.7004667371918 30.4169231637642),1
p1udt19708lv,S1S2,0.120088855991442,line-to-ground,POINT(-97.7174096417701 30.4059535788537),1
p1ulv37153,S1S2,0.120088855991442,line-to-ground,POINT(-97.717369329287 30.4061274548995),1
p1udt19858lv,S1S2,0.120088855991442,line-to-ground,POINT(-97.7150758186071 30.4152079392527),1
p1ulv58853,S1S2,0.120088855991442,line-to-ground,POINT(-97.7151493843517 30.4150744238298),1
p1udm56910,S1S2,0.120088855991442,line-to-ground,POINT(-97.7151886576786 30.4152552688171),1
p1ulv37668,S1S2,0.120088855991442,line-to-ground,POINT(-97.7152735867326 30.4151297836216),1
p1udt19862lv,S1S2,0.120088855991442,line-to-ground,POINT(-97.7000571166594 30.4106593771436),1
p1ulv37684,S1S2,0.120088855991442,line-to-ground,POINT(-97.6999555584778 30.4107193421467),1
p1udt20021lv,S1S2,0.120088855991442,line-to-ground,POINT(-97.7125743292439 30.4172499996553),1
p1ulv38288,S1S2,0.120088855991442,line-to-ground,POINT(-97.7126140999314 30.4170796057843),1
p1ulv49585,S1S2,0.120088855991442,line-to-ground,POINT(-97.7126659105279 30.4170981625146),1
p1udm57181,S1S2,0.120088855991442,line-to-ground,POINT(-97.7115068561338 30.4189454488051),1
p1ulv38311,S1S2,0.120088855991442,line-to-ground,POINT(-97.7113582697773 30.4188870085889),1
p1ulv39580,S1S2,0.120088855991442,line-to-ground,POINT(-97.7116515249243 30.4190280828072),1
p1udt20025lv,S1S2,0.120088855991442,line-to-ground,POINT(-97.7114858987861 30.4189746314814),1
p1udm57183,S1S2,0.120088855991442,line-to-ground,POINT(-97.7114215631901 30.4190979964735),1
p1ulv43356,S1S2,0.120088855991442,line-to-ground,POINT(-97.7115559409591 30.4191715060909),1
p1udt20027lv,S1S2,0.120088855991442,line-to-ground,POINT(-97.6977628630473 30.411699543704),1
p1ulv38313,S1S2,0.120088855991442,line-to-ground,POINT(-97.6977851351594 30.411888736425),1
p1udt20029lv,S1S2,0.120088855991442,line-to-ground,POINT(-97.6988269948436 30.4146933858736),1
p1ulv38317,S1S2,0.120088855991442,line-to-ground,POINT(-97.6989329726857 30.4148235987058),1
p1ulv42677,S1S2,0.120088855991442,line-to-ground,POINT(-97.698737831424 30.4146231501713),1
p1udt20185lv,S1S2,0.120088855991442,line-to-ground,POINT(-97.6978583312253 30.4115192032884),1
p1ulv38963,S1S2,0.120088855991442,line-to-ground,POINT(-97.6977277126972 30.4115092019486),1
p1udt20203lv,S1S2,0.120088855991442,line-to-ground,POINT(-97.7119892640683 30.4078548517874),1
p1ulv39036,S1S2,0.120088855991442,line-to-ground,POINT(-97.7119136719431 30.4077881094887),1
p1udt20344lv,S1S2,0.120088855991442,line-to-ground,POINT(-97.7020441770631 30.4130685414354),1
p1ulv40219,S1S2,0.120088855991442,line-to-ground,POINT(-97.702070278112 30.4129690386663),1
p1udm57693,S1S2,0.120088855991442,line-to-ground,POINT(-97.7021199355037 30.4131499903975),1
p1ulv39576,S1S2,0.120088855991442,line-to-ground,POINT(-97.7021943506325 30.4130334323483),1
p1udt20345lv,S1S2,0.120088855991442,line-to-ground,POINT(-97.7093997269511 30.4137506271531),1
p1ulv39577,S1S2,0.120088855991442,line-to-ground,POINT(-97.7094573288293 30.4138153991437),1
p1udt20347lv,S1S2,0.120088855991442,line-to-ground,POINT(-97.6982192963775 30.4118213929603),1
p1ulv39582,S1S2,0.120088855991442,line-to-ground,POINT(-97.6981481288253 30.4119916081774),1
p1ulv52786,S1S2,0.120088855991442,line-to-ground,POINT(-97.6982455206308 30.4117128693344),1
p1udm57958,S1S2,0.120088855991442,line-to-ground,POINT(-97.7012968628992 30.4171299280022),1
p1ulv40223,S1S2,0.120088855991442,line-to-ground,POINT(-97.7014230904538 30.417031931738),1
p1udt20499lv,S1S2,0.120088855991442,line-to-ground,POINT(-97.7019738064125 30.4168123462127),1
p1udm57960,S1S2,0.120088855991442,line-to-ground,POINT(-97.7020198916217 30.4167762025172),1
p1ulv50210,S1S2,0.120088855991442,line-to-ground,POINT(-97.7021751971002 30.4168409067915),1
p1udm57959,S1S2,0.120088855991442,line-to-ground,POINT(-97.7020622457283 30.416722486201),1
p1ulv48390,S1S2,0.120088855991442,line-to-ground,POINT(-97.7019141464124 30.4166279486243),1
p1udt20668lv,S1S2,0.120088855991442,line-to-ground,POINT(-97.7010849000783 30.409685189422),1
p1ulv40912,S1S2,0.120088855991442,line-to-ground,POINT(-97.7012718245317 30.4095865320714),1
p1udm58239,S1S2,0.120088855991442,line-to-ground,POINT(-97.7010521676929 30.4096655532429),1
p1ulv40911,S1S2,0.120088855991442,line-to-ground,POINT(-97.7011275369285 30.4094768219465),1
p1udm58241,S1S2,0.120088855991442,line-to-ground,POINT(-97.701258190816 30.4098300149712),1
p1ulv57750,S1S2,0.120088855991442,line-to-ground,POINT(-97.701394817396 30.4097321218866),1
p1udt20792lv,S1S2,0.120088855991442,line-to-ground,POINT(-97.7155513874909 30.4122322789366),1
p1ulv41434,S1S2,0.120088855991442,line-to-ground,POINT(-97.7157483441865 30.4122651634796),1
p1udt20793lv,S1S2,0.120088855991442,line-to-ground,POINT(-97.6998315708317 30.4164560226614),1
p1ulv41448,S1S2,0.120088855991442,line-to-ground,POINT(-97.6999959166276 30.4163139422805),1
p1udt20805lv,S1S2,0.120088855991442,line-to-ground,POINT(-97.7086040198898 30.4046853403214),1
p1ulv41513,S1S2,0.120088855991442,line-to-ground,POINT(-97.7086452152885 30.404606825655),1
p1udt20936lv,S1S2,0.120088855991442,line-to-ground,POINT(-97.7167093957002 30.4125334417861),1
p1ulv59475,S1S2,0.120088855991442,line-to-ground,POINT(-97.7167450111023 30.4124734674522),1
p1udm58641,S1S2,0.120088855991442,line-to-ground,POINT(-97.7165964516224 30.4126885575898),1
p1ulv42065,S1S2,0.120088855991442,line-to-ground,POINT(-97.7166353520505 30.4126229433149),1
p1udm58646,S1S2,0.120088855991442,line-to-ground,POINT(-97.7035853263245 30.4156999855947),1
p1ulv42083,S1S2,0.120088855991442,line-to-ground,POINT(-97.7036359417841 30.4158087630397),1
p1udm58647,S1S2,0.120088855991442,line-to-ground,POINT(-97.7028673228026 30.4156748080937),1
p1ulv55865,S1S2,0.120088855991442,line-to-ground,POINT(-97.7030329171608 30.4157486364619),1
p1udt20940lv,S1S2,0.120088855991442,line-to-ground,POINT(-97.7034861724349 30.4158405313005),1
p1udt20942lv,S1S2,0.120088855991442,line-to-ground,POINT(-97.7011124298372 30.4170912989315),1
p1ulv42087,S1S2,0.120088855991442,line-to-ground,POINT(-97.701237154325 30.416921807368),1
p1udt20954lv,S1S2,0.120088855991442,line-to-ground,POINT(-97.7105597019983 30.4057384005415),1
p1ulv42160,S1S2,0.120088855991442,line-to-ground,POINT(-97.7105153372733 30.4056719658148),1
p1ulv58347,S1S2,0.120088855991442,line-to-ground,POINT(-97.7105555474894 30.4057806380308),1
p1udt21066lv,S1S2,0.120088855991442,line-to-ground,POINT(-97.7083271493499 30.4155964320404),1
p1ulv42674,S1S2,0.120088855991442,line-to-ground,POINT(-97.7082819501608 30.4155931487242),1
p1udt21220lv,S1S2,0.120088855991442,line-to-ground,POINT(-97.7127769767977 30.4160880413681),1
p1ulv51443,S1S2,0.120088855991442,line-to-ground,POINT(-97.7129407118109 30.4159910528845),1
p1udm59078,S1S2,0.120088855991442,line-to-ground,POINT(-97.7127943884425 30.4160347249009),1
p1ulv43337,S1S2,0.120088855991442,line-to-ground,POINT(-97.7129202482676 30.4159637823877),1
p1udm59079,S1S2,0.120088855991442,line-to-ground,POINT(-97.7127533430132 30.4159892056126),1
p1ulv45248,S1S2,0.120088855991442,line-to-ground,POINT(-97.7126271277453 30.4160872132142),1
p1udm59081,S1S2,0.120088855991442,line-to-ground,POINT(-97.7128761241874 30.4161528286977),1
p1ulv63850,S1S2,0.120088855991442,line-to-ground,POINT(-97.7127604366459 30.4162419172959),1
p1udt21225lv,S1S2,0.120088855991442,line-to-ground,POINT(-97.6997608981983 30.4141105250758),1
p1ulv43357,S1S2,0.120088855991442,line-to-ground,POINT(-97.6998881031573 30.4142376021401),1
p1ulv44650,S1S2,0.120088855991442,line-to-ground,POINT(-97.699920048122 30.4141837828466),1
p1udt21235lv,S1S2,0.120088855991442,line-to-ground,POINT(-97.7203792892907 30.4089241931164),1
p1ulv43431,S1S2,0.120088855991442,line-to-ground,POINT(-97.720455358923 30.4089548435362),1
p1udt21368lv,S1S2,0.120088855991442,line-to-ground,POINT(-97.7114915266838 30.4174674381431),1
p1ulv54669,S1S2,0.120088855991442,line-to-ground,POINT(-97.7113082900366 30.4174186163493),1
p1udm59316,S1S2,0.120088855991442,line-to-ground,POINT(-97.7114856075634 30.4173932977979),1
p1ulv44001,S1S2,0.120088855991442,line-to-ground,POINT(-97.7116094550341 30.4174757263191),1
p1ulv55257,S1S2,0.120088855991442,line-to-ground,POINT(-97.7113512322361 30.4173197881602),1
p1udm59317,S1S2,0.120088855991442,line-to-ground,POINT(-97.7114000789269 30.4175638890155),1
p1ulv45262,S1S2,0.120088855991442,line-to-ground,POINT(-97.7115345731598 30.4176283768656),1
p1udt21512lv,S1S2,0.120088855991442,line-to-ground,POINT(-97.7019762443816 30.4108199495341),1
p1ulv44727,S1S2,0.120088855991442,line-to-ground,POINT(-97.7021624566673 30.4107232512682),1
p1udt21770lv,S1S2,0.120088855991442,line-to-ground,POINT(-97.698078555135 30.4112684331028),1
p1ulv45913,S1S2,0.120088855991442,line-to-ground,POINT(-97.6982396616421 30.4113699407199),1
p1udt21773lv,S1S2,0.120088855991442,line-to-ground,POINT(-97.6995037330421 30.4144857658081),1
p1ulv63247,S1S2,0.120088855991442,line-to-ground,POINT(-97.699679056279 30.414572203667),1
p1udm59891,S1S2,0.120088855991442,line-to-ground,POINT(-97.699498777993 30.4145495261171),1
p1ulv45916,S1S2,0.120088855991442,line-to-ground,POINT(-97.6996439082821 30.4145960861738),1
p1udm59892,S1S2,0.120088855991442,line-to-ground,POINT(-97.6994456554122 30.4146302030345),1
p1ulv54046,S1S2,0.120088855991442,line-to-ground,POINT(-97.6995797784823 30.4147217680065),1
p1udm59893,S1S2,0.120088855991442,line-to-ground,POINT(-97.6996049032658 30.4143971939141),1
p1ulv62628,S1S2,0.120088855991442,line-to-ground,POINT(-97.6997606817614 30.4144258140984),1
p1udt21926lv,S1S2,0.120088855991442,line-to-ground,POINT(-97.7134519157341 30.4046402524731),1
p1ulv46630,S1S2,0.120088855991442,line-to-ground,POINT(-97.7135669763011 30.4047546566206),1
p1udt21928lv,S1S2,0.120088855991442,line-to-ground,POINT(-97.7014816595503 30.409950045632),1
p1ulv46633,S1S2,0.120088855991442,line-to-ground,POINT(-97.7016319478911 30.4099059153224),1
p1udm60107,S1S2,0.120088855991442,line-to-ground,POINT(-97.7014024790753 30.4099397249651),1
p1ulv51543,S1S2,0.120088855991442,line-to-ground,POINT(-97.701539225096 30.409832810011),1
p1udt22054lv,S1S2,0.120088855991442,line-to-ground,POINT(-97.7098366063994 30.4039751377718),1
p1ulv47226,S1S2,0.120088855991442,line-to-ground,POINT(-97.7099029723789 30.4039515607778),1
p1udt22175lv,S1S2,0.120088855991442,line-to-ground,POINT(-97.6984641079256 30.4110101577849),1
p1ulv47762,S1S2,0.120088855991442,line-to-ground,POINT(-97.698380722902 30.4109382477951),1
p1udt22187lv,S1S2,0.120088855991442,line-to-ground,POINT(-97.7199104860934 30.4041645063608),1
p1ulv47851,S1S2,0.120088855991442,line-to-ground,POINT(-97.7198857968367 30.4042150513511),1
p1udt22418lv,S1S2,0.120088855991442,line-to-ground,POINT(-97.6982545648318 30.4112159973403),1
p1ulv49011,S1S2,0.120088855991442,line-to-ground,POINT(-97.6983759341592 30.4112991160882),1
p1ulv65143,S1S2,0.120088855991442,line-to-ground,POINT(-97.6981499336275 30.4110712903879),1
p1udm60784,S1S2,0.120088855991442,line-to-ground,POINT(-97.6983261648132 30.4111271848176),1
p1ulv57092,S1S2,0.120088855991442,line-to-ground,POINT(-97.698220191601 30.4109969715603),1
p1udt22649lv,S1S2,0.120088855991442,line-to-ground,POINT(-97.6992633822813 30.4112892115705),1
p1ulv50212,S1S2,0.120088855991442,line-to-ground,POINT(-97.6995031970675 30.4110757534246),1
p1udt22651lv,S1S2,0.120088855991442,line-to-ground,POINT(-97.6980216031018 30.4147361434228),1
p1ulv50216,S1S2,0.120088855991442,line-to-ground,POINT(-97.698060516611 30.4146705350865),1
p1udt22786lv,S1S2,0.120088855991442,line-to-ground,POINT(-97.7010547987885 30.4107398156046),1
p1ulv50858,S1S2,0.120088855991442,line-to-ground,POINT(-97.701214183279 30.4107950282681),1
p1udt22787lv,S1S2,0.120088855991442,line-to-ground,POINT(-97.6982250674882 30.413767050126),1
p1ulv50859,S1S2,0.120088855991442,line-to-ground,POINT(-97.6983526998887 30.4138343190409),1
p1udt23022lv,S1S2,0.120088855991442,line-to-ground,POINT(-97.7155335272795 30.4111766834912),1
p1ulv52098,S1S2,0.120088855991442,line-to-ground,POINT(-97.7156211836074 30.4111208366617),1
p1udt23026lv,S1S2,0.120088855991442,line-to-ground,POINT(-97.6971370417253 30.4117591332316),1
p1ulv52117,S1S2,0.120088855991442,line-to-ground,POINT(-97.6972114485247 30.411973242403),1
p1udt23145lv,S1S2,0.120088855991442,line-to-ground,POINT(-97.7012151571453 30.417950183464),1
p1ulv52784,S1S2,0.120088855991442,line-to-ground,POINT(-97.7013574231399 30.4180598888704),1
p1ulv52791,S1S2,0.120088855991442,line-to-ground,POINT(-97.7010242215083 30.4177920738177),1
p1udt23262lv,S1S2,0.120088855991442,line-to-ground,POINT(-97.7103007938241 30.4145906817044),1
p1ulv53387,S1S2,0.120088855991442,line-to-ground,POINT(-97.7099710234514 30.4146083056924),1
p1udt23384lv,S1S2,0.120088855991442,line-to-ground,POINT(-97.7006039151395 30.4096790731265),1
p1ulv54111,S1S2,0.120088855991442,line-to-ground,POINT(-97.7004914149276 30.4095607216032),1
p1udt23483lv,S1S2,0.120088855991442,line-to-ground,POINT(-97.7092953937273 30.4224643832548),1
p1ulv54657,S1S2,0.120088855991442,line-to-ground,POINT(-97.709378607471 30.422443359879),1
p1udt23486lv,S1S2,0.120088855991442,line-to-ground,POINT(-97.7006137600056 30.4120792638372),1
p1ulv54672,S1S2,0.120088855991442,line-to-ground,POINT(-97.7004696718513 30.4119876666276),1
p1udt23488lv,S1S2,0.120088855991442,line-to-ground,POINT(-97.6982024772466 30.4149825294084),1
p1ulv54678,S1S2,0.120088855991442,line-to-ground,POINT(-97.6983391696113 30.4148537714519),1
p1udt23842lv,S1S2,0.120088855991442,line-to-ground,POINT(-97.6984326157057 30.4125499858974),1
p1ulv56486,S1S2,0.120088855991442,line-to-ground,POINT(-97.6982971980846 30.4125254454925),1
p1udt23944lv,S1S2,0.120088855991442,line-to-ground,POINT(-97.7119034799714 30.4183892927409),1
p1ulv57091,S1S2,0.120088855991442,line-to-ground,POINT(-97.7118391562527 30.4182178720583),1
p1ulv60707,S1S2,0.120088855991442,line-to-ground,POINT(-97.7118177444513 30.4182627753574),1
p1udt24577lv,S1S2,0.120088855991442,line-to-ground,POINT(-97.7100445734646 30.4128167822261),1
p1ulv60705,S1S2,0.120088855991442,line-to-ground,POINT(-97.7097978153983 30.4127388502401),1
p1udt24578lv,S1S2,0.120088855991442,line-to-ground,POINT(-97.7041213491195 30.4137586802199),1
p1ulv65140,S1S2,0.120088855991442,line-to-ground,POINT(-97.7042551388931 30.4138569392755),1
p1udm63334,S1S2,0.120088855991442,line-to-ground,POINT(-97.7041423074393 30.4137294987344),1
p1ulv60706,S1S2,0.120088855991442,line-to-ground,POINT(-97.7039556589206 30.4136735086194),1
p1udt24588lv,S1S2,0.120088855991442,line-to-ground,POINT(-97.6996650665389 30.4100126475611),1
p1ulv60773,S1S2,0.120088855991442,line-to-ground,POINT(-97.6994958958222 30.4100560926082),1
p1udt24691lv,S1S2,0.120088855991442,line-to-ground,POINT(-97.706976750561 30.4219295182394),1
p1ulv61324,S1S2,0.120088855991442,line-to-ground,POINT(-97.7069251691505 30.4221664388687),1
p1udt24782lv,S1S2,0.120088855991442,line-to-ground,POINT(-97.7158570368723 30.4124348320754),1
p1ulv61950,S1S2,0.120088855991442,line-to-ground,POINT(-97.7159243522118 30.412339078028),1
p1udt24894lv,S1S2,0.120088855991442,line-to-ground,POINT(-97.6990335820208 30.4116490510629),1
p1ulv62625,S1S2,0.120088855991442,line-to-ground,POINT(-97.6988920670187 30.4116290848359),1
p1udt24989lv,S1S2,0.120088855991442,line-to-ground,POINT(-97.7062473906552 30.41990914252),1
p1ulv63245,S1S2,0.120088855991442,line-to-ground,POINT(-97.7059176281053 30.419621019475),1
p1udt24990lv,S1S2,0.120088855991442,line-to-ground,POINT(-97.6990379708953 30.414472252149),1
p1ulv63248,S1S2,0.120088855991442,line-to-ground,POINT(-97.699124287248 30.4145277494769),1
p1udt25185lv,S1S2,0.120088855991442,line-to-ground,POINT(-97.7019142783702 30.4155762418317),1
p1ulv64518,S1S2,0.120088855991442,line-to-ground,POINT(-97.7017025560992 30.4155820243427),1
p1udt25186lv,S1S2,0.120088855991442,line-to-ground,POINT(-97.7094415018591 30.4163563540541),1
p1ulv64519,S1S2,0.120088855991442,line-to-ground,POINT(-97.7094167648877 30.4163803421348),1
p1udt25187lv,S1S2,0.120088855991442,line-to-ground,POINT(-97.6990818161551 30.4131738761421),1
p1ulv64522,S1S2,0.120088855991442,line-to-ground,POINT(-97.6989849045203 30.4132631548592),1
p1udt25188lv,S1S2,0.120088855991442,line-to-ground,POINT(-97.7004143069255 30.4166524652419),1
p1ulv64523,S1S2,0.120088855991442,line-to-ground,POINT(-97.7005131568675 30.4165627099335),1
p1udt15757-p1udt6726x,C,7.19955785679463,line-to-ground,POINT(-97.7143091926307 30.4206090948506),1
p1udt15757,C,7.19955785679463,line-to-ground,POINT(-97.7142616296149 30.4205991850997),1
p1udt16930-p1udt8427xx,A,7.19955785679463,line-to-ground,POINT(-97.7132371505942 30.4200237494706),1
p1udt16930-p1udt8427x,A,7.19955785679463,line-to-ground,POINT(-97.7134777283129 30.4204446289615),1
p1udt326-p1udt3810x,A,7.19955785679463,line-to-ground,POINT(-97.7086334587856 30.4175186037122),1
p1udt3810,A,7.19955785679463,line-to-ground,POINT(-97.7077855753849 30.4164031347931),1
p1udt4319-p1udt5836x,C,7.19955785679463,line-to-ground,POINT(-97.7067425049788 30.4188618322964),1
p1udt4319,C,7.19955785679463,line-to-ground,POINT(-97.7072761383252 30.4205429562963),1
p1udt22648-p1udt3310x,A,7.19955785679463,line-to-ground,POINT(-97.7070548347012 30.414859266621),1
p1udt3310,A,7.19955785679463,line-to-ground,POINT(-97.70778984752 30.413952295688),1
p1udt935,A,7.19955785679463,line-to-ground,POINT(-97.7001192180267 30.4127810295785),1
p1udt1577,A,7.19955785679463,line-to-ground,POINT(-97.7002148118091 30.4126376148366),1
p1udt13662,A,7.19955785679463,line-to-ground,POINT(-97.6998217867486 30.4132292130806),1
p1udt936,A,7.19955785679463,line-to-ground,POINT(-97.6996199482586 30.4135339815597),1
p1udt12714,A,7.19955785679463,line-to-ground,POINT(-97.6994286372185 30.4138298316587),1
p1udt16495,A,7.19955785679463,line-to-ground,POINT(-97.6993329214345 30.413982267439),1
p1udt2145,A,7.19955785679463,line-to-ground,POINT(-97.6992267962217 30.4141345994311),1
p1udt16012,A,7.19955785679463,line-to-ground,POINT(-97.699029008813 30.414388526089),1
p1udt13959-p1udt25187x,A,7.19955785679463,line-to-ground,POINT(-97.6987382966475 30.413834284427),1
p1udt13959-p1udt25187xx,A,7.19955785679463,line-to-ground,POINT(-97.6989974493639 30.4131330809633),1
p1udt13959,A,7.19955785679463,line-to-ground,POINT(-97.6987767387177 30.4138604851903),1
p1udt24990,A,7.19955785679463,line-to-ground,POINT(-97.6990273775258 30.4144308613303),1
p1udt20029,A,7.19955785679463,line-to-ground,POINT(-97.6988336392719 30.4147352159247),1
p1udt11707-p1udt20029x,A,7.19955785679463,line-to-ground,POINT(-97.6986288957753 30.4150138492326),1
p1udt13958,C,7.19955785679463,line-to-ground,POINT(-97.6984336746564 30.4134950923218),1
p1udt19142,C,7.19955785679463,line-to-ground,POINT(-97.6985295110234 30.4133336355118),1
p1udt22787,C,7.19955785679463,line-to-ground,POINT(-97.698231711611 30.4138088802042),1
p1udt16496,C,7.19955785679463,line-to-ground,POINT(-97.6981189408351 30.413919381179),1
p1udt5333,C,7.19955785679463,line-to-ground,POINT(-97.6980128138463 30.4140717121328),1
p1udt22651,C,7.19955785679463,line-to-ground,POINT(-97.6980149590215 30.4146943133404),1
p1udt22651-p1udt23488x,C,7.19955785679463,line-to-ground,POINT(-97.6982880037557 30.4149435877695),1
p1udt15768-p1udt17162xx,B,7.19955785679463,line-to-ground,POINT(-97.6998670225706 30.4139581926241),1
p1udt15768-p1udt17162x,B,7.19955785679463,line-to-ground,POINT(-97.6999141284895 30.4138717227218),1
p1udt17162-p1udt21225xx,B,7.19955785679463,line-to-ground,POINT(-97.699794998064 30.4141825963128),1
p1udt17162-p1udt21225x,B,7.19955785679463,line-to-ground,POINT(-97.6998118180974 30.4140196435106),1
p1udt21225-p1udt21773xx,B,7.19955785679463,line-to-ground,POINT(-97.6995589379771 30.4144243150695),1
p1udt21225-p1udt21773x,B,7.19955785679463,line-to-ground,POINT(-97.6997056935709 30.4141719759116),1
p1udt21773-p1udt5334xx,B,7.19955785679463,line-to-ground,POINT(-97.6993893765197 30.4148730042259),1
p1udt21773-p1udt5334x,B,7.19955785679463,line-to-ground,POINT(-97.6995930377924 30.4144963863546),1
p1udt13663-p1udt2713x,B,7.19955785679463,line-to-ground,POINT(-97.7003131873757 30.4148559018937),1
p1udt13663-p1udt2713xx,B,7.19955785679463,line-to-ground,POINT(-97.700446114394 30.4145821494983),1
p1udt13370-p1udt13663x,B,7.19955785679463,line-to-ground,POINT(-97.7001507816035 30.4151508810629),1
p1udt13370-p1udt13663xx,B,7.19955785679463,line-to-ground,POINT(-97.7002579826476 30.414917352954),1
p1udt13370-p1udt332xx,B,7.19955785679463,line-to-ground,POINT(-97.70038338059 30.4156014147311),1
p1udt13370-p1udt332x,B,7.19955785679463,line-to-ground,POINT(-97.7002059865341 30.4150894300557),1
p1udt8034-p1udt9198x,C,7.19955785679463,line-to-ground,POINT(-97.701123199653 30.4152966105871),1
p1udt8034-p1udt9198xx,C,7.19955785679463,line-to-ground,POINT(-97.7012319181808 30.4149856322041),1
p1udt3311-p1udt8034x,C,7.19955785679463,line-to-ground,POINT(-97.7010032646854 30.41545064649),1
p1udt3311-p1udt8034xx,C,7.19955785679463,line-to-ground,POINT(-97.7010890984419 30.4152245396696),1
p1udt2147-p1udt3311xx,C,7.19955785679463,line-to-ground,POINT(-97.7010363079485 30.4159622726494),1
p1udt2147-p1udt3311xxx,C,7.19955785679463,line-to-ground,POINT(-97.7009143153981 30.4154377354983),1
p1udt11368-p1udt9957xx,B,7.19955785679463,line-to-ground,POINT(-97.7018643227779 30.4163832013843),1
p1udt11368-p1udt9957xxx,B,7.19955785679463,line-to-ground,POINT(-97.7016362608201 30.4159023111666),1
p1udt1575-p1udt23145x,C,7.19955785679463,line-to-ground,POINT(-97.7014199027366 30.4176144456055),1
p1udt1575-p1udt23145xx,C,7.19955785679463,line-to-ground,POINT(-97.70113078538 30.4179093895482),1
p1udt1575-p1udt5329xx,C,7.19955785679463,line-to-ground,POINT(-97.7015172420267 30.4174845234084),1
p1udt1575-p1udt5329x,C,7.19955785679463,line-to-ground,POINT(-97.7015092105811 30.4176250649834),1
p1udt2140-p1udt5329x,C,7.19955785679463,line-to-ground,POINT(-97.7017586376289 30.4170619230951),1
p1udt2140-p1udt5329xx,C,7.19955785679463,line-to-ground,POINT(-97.7015513442788 30.4175565942217),1
p1udt17787-p1udt20793xx,C,7.19955785679463,line-to-ground,POINT(-97.6998867767236 30.4163945718284),1
p1udt17787-p1udt20793x,C,7.19955785679463,line-to-ground,POINT(-97.6995716452602 30.4162736099209),1
p1udt18958-p1udt20793x,C,7.19955785679463,line-to-ground,POINT(-97.7001043660707 30.4165064015583),1
p1udt18958-p1udt20793xx,C,7.19955785679463,line-to-ground,POINT(-97.6999208774126 30.4164666430336),1
p1udt18958-p1udt9605xx,C,7.19955785679463,line-to-ground,POINT(-97.7002725243593 30.416641579356),1
p1udt18958-p1udt9605x,C,7.19955785679463,line-to-ground,POINT(-97.7000470739453 30.4165663901226),1
p1udt25188-p1udt9605x,C,7.19955785679463,line-to-ground,POINT(-97.7004484080899 30.4167245363203),1
p1udt25188-p1udt9605xx,C,7.19955785679463,line-to-ground,POINT(-97.7002384233524 30.4165695082352),1
p1udt19688-p1udt25188x,C,7.19955785679463,line-to-ground,POINT(-97.7004918083828 30.4167873672091),1
p1udt19688-p1udt25188xx,C,7.19955785679463,line-to-ground,POINT(-97.7003591012041 30.416713916301),1
p1udt19688-p1udt2715xx,C,7.19955785679463,line-to-ground,POINT(-97.7007172596691 30.4168625556964),1
p1udt19688-p1udt2715x,C,7.19955785679463,line-to-ground,POINT(-97.7005491003779 30.4167273784474),1
p1udt17788-p1udt2715x,C,7.19955785679463,line-to-ground,POINT(-97.7008434575357 30.4169623020478),1
p1udt17788-p1udt2715xx,C,7.19955785679463,line-to-ground,POINT(-97.7006831582602 30.4167904846826),1
p1udt17788-p1udt20942xx,C,7.19955785679463,line-to-ground,POINT(-97.701169721648 30.4170313098943),1
p1udt17788-p1udt20942x,C,7.19955785679463,line-to-ground,POINT(-97.7009007494281 30.4169023131301),1
p1udt20942-p1udt2140xx,C,7.19955785679463,line-to-ground,POINT(-97.7018292761444 30.4170382921131),1
p1udt20942-p1udt2140x,C,7.19955785679463,line-to-ground,POINT(-97.7010807709083 30.4170183989769),1
p1udt20499-p1udt2140x,C,7.19955785679463,line-to-ground,POINT(-97.7019186015492 30.4168737979557),1
p1udt20499-p1udt2140xx,C,7.19955785679463,line-to-ground,POINT(-97.7017856335142 30.4171234543664),1
p1udt12712-p1udt20499xx,C,7.19955785679463,line-to-ground,POINT(-97.7024577765621 30.4163800779897),1
p1udt12712-p1udt20499xxx,C,7.19955785679463,line-to-ground,POINT(-97.7020079087901 30.4168844169169),1
p1udt20668-p1udt21928xx,C,7.19955785679463,line-to-ground,POINT(-97.7014264584158 30.4100114973329),1
p1udt20668-p1udt21928x,C,7.19955785679463,line-to-ground,POINT(-97.7011692648776 30.4097259833291),1
p1udt21928-p1udt6805xx,C,7.19955785679463,line-to-ground,POINT(-97.7017589927178 30.410232513548),1
p1udt21928-p1udt6805x,C,7.19955785679463,line-to-ground,POINT(-97.7015157593693 30.4100221164589),1
p1udt2206-p1udt6805x,C,7.19955785679463,line-to-ground,POINT(-97.7019255409805 30.4105224509129),1
p1udt2206-p1udt6805xx,C,7.19955785679463,line-to-ground,POINT(-97.7017930928337 30.4103045843082),1
p1udt21512-p1udt2206x,C,7.19955785679463,line-to-ground,POINT(-97.7020335318664 30.4107599599401),1
p1udt21512-p1udt2206xx,C,7.19955785679463,line-to-ground,POINT(-97.7018362395183 30.4105118320535),1
p1udt21512-p1udt4794xx,C,7.19955785679463,line-to-ground,POINT(-97.7020222179083 30.4107945507899),1
p1udt21512-p1udt4794x,C,7.19955785679463,line-to-ground,POINT(-97.7019445866473 30.4107470497608),1
p1udt4794-p1udt9955xx,C,7.19955785679463,line-to-ground,POINT(-97.7020068644961 30.4112018173004),1
p1udt4794-p1udt9955x,C,7.19955785679463,line-to-ground,POINT(-97.7019670166079 30.4108560027077),1
p1udt13367-p1udt9955x,C,7.19955785679463,line-to-ground,POINT(-97.701924488182 30.4113886395405),1
p1udt13367-p1udt9955xx,C,7.19955785679463,line-to-ground,POINT(-97.7019179188827 30.4111889070923),1
p1udt13367-p1udt323xx,C,7.19955785679463,line-to-ground,POINT(-97.7017790583547 30.4115144359106),1
p1udt13367-p1udt323x,C,7.19955785679463,line-to-ground,POINT(-97.701890387622 30.4113165688126),1
p1udt18174-p1udt323xx,C,7.19955785679463,line-to-ground,POINT(-97.7017265085314 30.4115947830043),1
p1udt18174-p1udt323x,C,7.19955785679463,line-to-ground,POINT(-97.7017022395397 30.4116330718364),1
p1udt2708-p1udt323xx,C,7.19955785679463,line-to-ground,POINT(-97.7016146566955 30.4119995223234),1
p1udt2708-p1udt323xxx,C,7.19955785679463,line-to-ground,POINT(-97.701712508787 30.4115213574955),1
p1udt11042,C,7.19955785679463,line-to-ground,POINT(-97.7006196919773 30.411994816884),1
p1udt23486,C,7.19955785679463,line-to-ground,POINT(-97.7006179181874 30.4120371484096),1
p1udt11042-p1udt13040x,C,7.19955785679463,line-to-ground,POINT(-97.7009613224734 30.4115433125162),1
p1udt14540-p1udt15792x,B,7.19955785679463,line-to-ground,POINT(-97.7011204267385 30.4105343299444),1
p1udt14540-p1udt15792xx,B,7.19955785679463,line-to-ground,POINT(-97.7011597169118 30.4102221650478),1
p1udt13091-p1udt14540x,B,7.19955785679463,line-to-ground,POINT(-97.7010899737501 30.4107306910755),1
p1udt13091-p1udt14540xx,B,7.19955785679463,line-to-ground,POINT(-97.7010631388478 30.4105943191273),1
p1udt13091-p1udt22786xx,B,7.19955785679463,line-to-ground,POINT(-97.7010888985417 30.4108118865333),1
p1udt13091-p1udt22786x,B,7.19955785679463,line-to-ground,POINT(-97.7010006722117 30.410720071642),1
p1udt14516-p1udt22786x,B,7.19955785679463,line-to-ground,POINT(-97.700941267295 30.4109959617604),1
p1udt14516-p1udt22786xx,B,7.19955785679463,line-to-ground,POINT(-97.7009995969299 30.410801267097),1
p1udt13040-p1udt14516x,B,7.19955785679463,line-to-ground,POINT(-97.7008723767171 30.4115304015914),1
p1udt14516,B,7.19955785679463,line-to-ground,POINT(-97.7009797088954 30.4110221618709),1
p1udt6755,A,7.19955785679463,line-to-ground,POINT(-97.6990433204237 30.41251200015),1
p1udt10707,A,7.19955785679463,line-to-ground,POINT(-97.698830952455 30.4128256854038),1
p1udt5330,A,7.19955785679463,line-to-ground,POINT(-97.6992567288907 30.4122348103295),1
p1udt329-p1udt5330x,A,7.19955785679463,line-to-ground,POINT(-97.699353592181 30.4120011674941),1
p1udt23842-p1udt6318xx,B,7.19955785679463,line-to-ground,POINT(-97.6985999945341 30.4124473166151),1
p1udt23842-p1udt6318x,B,7.19955785679463,line-to-ground,POINT(-97.6985169817555 30.4125907814234),1
p1udt10325-p1udt6318x,B,7.19955785679463,line-to-ground,POINT(-97.6988827837953 30.4118539154707),1
p1udt10325-p1udt6318xx,B,7.19955785679463,line-to-ground,POINT(-97.6985658961129 30.4123752450904),1
p1udt10325-p1udt24894xx,B,7.19955785679463,line-to-ground,POINT(-97.6990676805585 30.4117211224759),1
p1udt10325-p1udt24894x,B,7.19955785679463,line-to-ground,POINT(-97.6989720860761 30.4118645363746),1
p1udt22649-p1udt24894x,B,7.19955785679463,line-to-ground,POINT(-97.6993206716648 30.4112292232274),1
p1udt22649-p1udt24894xx,B,7.19955785679463,line-to-ground,POINT(-97.6989783783948 30.4117105016407),1
p1udt13039-p1udt22649x,B,7.19955785679463,line-to-ground,POINT(-97.699006974193 30.4111242979811),1
p1udt13039-p1udt22649xx,B,7.19955785679463,line-to-ground,POINT(-97.699231726451 30.4112163111986),1
p1udt13039-p1udt4381xx,B,7.19955785679463,line-to-ground,POINT(-97.6988634352347 30.4107525670023),1
p1udt13039-p1udt4381x,B,7.19955785679463,line-to-ground,POINT(-97.6990962758292 30.4111349187823),1
p1udt23026-p1udt9959xx,A,7.19955785679463,line-to-ground,POINT(-97.6970302433667 30.4118582725445),1
p1udt23026-p1udt9959xxx,A,7.19955785679463,line-to-ground,POINT(-97.6967849049556 30.4119831531185),1
p1udt1576-p1udt20347xx,A,7.19955785679463,line-to-ground,POINT(-97.6981640921534 30.4118828431745),1
p1udt1576-p1udt20347x,A,7.19955785679463,line-to-ground,POINT(-97.6984419706805 30.411967453622),1
p1udt20185-p1udt20347xx,A,7.19955785679463,line-to-ground,POINT(-97.6979720245534 30.4115594588155),1
p1udt20185-p1udt20347xxx,A,7.19955785679463,line-to-ground,POINT(-97.6982533943636 30.4118934645685),1
p1udt19862-p1udt24588xx,C,7.19955785679463,line-to-ground,POINT(-97.7001930547956 30.4106466019558),1
p1udt19862-p1udt24588xxx,C,7.19955785679463,line-to-ground,POINT(-97.6995807021593 30.4099718528119),1
p1udt2139-p1udt25185x,A,7.19955785679463,line-to-ground,POINT(-97.7019267017907 30.4154753289357),1
p1udt2139-p1udt25185xx,A,7.19955785679463,line-to-ground,POINT(-97.7018287526465 30.415615185986),1
p1udt2139-p1udt8031xx,A,7.19955785679463,line-to-ground,POINT(-97.7021838606002 30.4151000832916),1
p1udt2139-p1udt8031x,A,7.19955785679463,line-to-ground,POINT(-97.7020160077647 30.4154859478566),1
p1udt15287-p1udt8031x,A,7.19955785679463,line-to-ground,POINT(-97.7022854510908 30.4148829287169),1
p1udt15287-p1udt8031xx,A,7.19955785679463,line-to-ground,POINT(-97.7022179625873 30.4151721539465),1
p1udt15287-p1udt2136xx,A,7.19955785679463,line-to-ground,POINT(-97.7025156280706 30.4147059215335),1
p1udt15287-p1udt2136x,A,7.19955785679463,line-to-ground,POINT(-97.7023171102984 30.4149558284086),1
p1udt1574-p1udt2136x,A,7.19955785679463,line-to-ground,POINT(-97.702776921282 30.414339030471),1
p1udt1574-p1udt2136xx,A,7.19955785679463,line-to-ground,POINT(-97.7024263227365 30.4146953029721),1
p1udt1574-p1udt16259xx,A,7.19955785679463,line-to-ground,POINT(-97.7031488043313 30.4145904973569),1
p1udt1574-p1udt16259x,A,7.19955785679463,line-to-ground,POINT(-97.7028110234679 30.4144111009841),1
p1udt10323-p1udt2137x,B,7.19955785679463,line-to-ground,POINT(-97.7016690196154 30.414263242762),1
p1udt10323-p1udt2137xx,B,7.19955785679463,line-to-ground,POINT(-97.7014769815498 30.4145653377299),1
p1udt10323-p1udt8437xx,B,7.19955785679463,line-to-ground,POINT(-97.7018415965229 30.4140398413076),1
p1udt10323-p1udt8437x,B,7.19955785679463,line-to-ground,POINT(-97.7017579679625 30.4142761532136),1
p1udt13368-p1udt8437x,B,7.19955785679463,line-to-ground,POINT(-97.7020768589852 30.4137455841507),1
p1udt13368-p1udt8437xx,B,7.19955785679463,line-to-ground,POINT(-97.7018967997691 30.4139783895263),1
p1udt13368-p1udt324xx,B,7.19955785679463,line-to-ground,POINT(-97.7023423480693 30.4136394967324),1
p1udt13368-p1udt324x,B,7.19955785679463,line-to-ground,POINT(-97.7021109604599 30.4138176548322),1
p1udt324-p1udt8436xx,B,7.19955785679463,line-to-ground,POINT(-97.7024622188109 30.4132639881154),1
p1udt324-p1udt8436x,B,7.19955785679463,line-to-ground,POINT(-97.7023082464791 30.4135674261063),1
p1udt6319-p1udt7208x,B,7.19955785679463,line-to-ground,POINT(-97.7007027216354 30.4124592357002),1
p1udt6319-p1udt7208xx,B,7.19955785679463,line-to-ground,POINT(-97.7000620328486 30.412142142658),1
p1udt15766-p1udt6319x,B,7.19955785679463,line-to-ground,POINT(-97.701024442787 30.4125639508571),1
p1udt15766-p1udt6319xx,B,7.19955785679463,line-to-ground,POINT(-97.7006134185823 30.41244861596),1
p1udt330-p1udt8440xx,B,7.19955785679463,line-to-ground,POINT(-97.7005599946811 30.4130172352461),1
p1udt330-p1udt8440x,B,7.19955785679463,line-to-ground,POINT(-97.7001698426289 30.4134334909432),1
p1udt15766-p1udt8440x,B,7.19955785679463,line-to-ground,POINT(-97.7009538073593 30.4125875815072),1
p1udt15766-p1udt8440xx,B,7.19955785679463,line-to-ground,POINT(-97.7004706911414 30.4130066153949),1
p1udt12390-p1udt15766x,B,7.19955785679463,line-to-ground,POINT(-97.7012211567227 30.4127068490355),1
p1udt12390-p1udt15766xx,B,7.19955785679463,line-to-ground,POINT(-97.7009808016096 30.4126491129357),1
p1udt12390-p1udt7202xx,B,7.19955785679463,line-to-ground,POINT(-97.7015373597891 30.4128198836598),1
p1udt12390-p1udt7202x,B,7.19955785679463,line-to-ground,POINT(-97.701252814489 30.4127797489657),1
p1udt14747-p1udt7202x,B,7.19955785679463,line-to-ground,POINT(-97.7018381681357 30.4130121328192),1
p1udt14747-p1udt7202xx,B,7.19955785679463,line-to-ground,POINT(-97.7014821570038 30.4128813353121),1
p1udt2146-p1udt5838xx,B,7.19955785679463,line-to-ground,POINT(-97.7007789099187 30.414101453935),1
p1udt2146-p1udt5838x,B,7.19955785679463,line-to-ground,POINT(-97.7006374239773 30.4142862978948),1
p1udt5838-p1udt8819xx,B,7.19955785679463,line-to-ground,POINT(-97.7010245344458 30.4138447817712),1
p1udt5838-p1udt8819x,B,7.19955785679463,line-to-ground,POINT(-97.7008682144924 30.4141120736035),1
p1udt12055-p1udt8819x,B,7.19955785679463,line-to-ground,POINT(-97.701076339706 30.4136532682602),1
p1udt12055-p1udt8819xx,B,7.19955785679463,line-to-ground,POINT(-97.7009672444859 30.4139047708246),1
p1udt12055-p1udt7620xx,B,7.19955785679463,line-to-ground,POINT(-97.7013780064793 30.4133501985382),1
p1udt12055-p1udt7620x,B,7.19955785679463,line-to-ground,POINT(-97.7011656439136 30.413663887715),1
p1udt19140-p1udt7620x,B,7.19955785679463,line-to-ground,POINT(-97.7015493473113 30.4130800523517),1
p1udt19140-p1udt7620xx,B,7.19955785679463,line-to-ground,POINT(-97.7013439057 30.4132781276805),1
p1udt14747-p1udt19140x,B,7.19955785679463,line-to-ground,POINT(-97.7017398735345 30.4129743620859),1
p1udt14747-p1udt19140xx,B,7.19955785679463,line-to-ground,POINT(-97.7016382945722 30.4130929628556),1
p1udt14747-p1udt20344xx,B,7.19955785679463,line-to-ground,POINT(-97.7020782782972 30.4131406121252),1
p1udt14747-p1udt20344x,B,7.19955785679463,line-to-ground,POINT(-97.7017668683815 30.4130358933656),1
p1udt20344-p1udt8436xx,B,7.19955785679463,line-to-ground,POINT(-97.7024185785287 30.413349150693),1
p1udt20344-p1udt8436x,B,7.19955785679463,line-to-ground,POINT(-97.7019889744411 30.4131299933048),1
p1udt4795-p1udt8436x,B,7.19955785679463,line-to-ground,POINT(-97.7028751402708 30.4135894904742),1
p1udt4795-p1udt8436xx,B,7.19955785679463,line-to-ground,POINT(-97.7024898783695 30.4133253897937),1
p1udt3809-p1udt4795x,B,7.19955785679463,line-to-ground,POINT(-97.7030268424231 30.4138357791784),1
p1udt3809-p1udt4795xx,B,7.19955785679463,line-to-ground,POINT(-97.7029640882006 30.4136024000922),1
p1udt16259-p1udt3809xx,B,7.19955785679463,line-to-ground,POINT(-97.7033245466505 30.4144937538288),1
p1udt16259-p1udt3809xxx,B,7.19955785679463,line-to-ground,POINT(-97.7029927402602 30.4137637087167),1
p1udt5836-p1udt8032x,ABC,7.19955785679463,line-to-ground,POINT(-97.7068408074673 30.4188995994555),1
p1udt5836-p1udt8032xx,ABC,7.19955785679463,line-to-ground,POINT(-97.7061645524033 30.4184235182073),1
p1udt13352-p1udt16932x,B,7.19955785679463,line-to-ground,POINT(-97.7139206605089 30.4214723984188),1
p1udt13352,B,7.19955785679463,line-to-ground,POINT(-97.7142217588714 30.4212341322085),1
p1udt17981-p1udt23483x,A,7.19955785679463,line-to-ground,POINT(-97.7093809227514 30.4224254344519),1
p1udt17981,A,7.19955785679463,line-to-ground,POINT(-97.7093213678074 30.4241452866708),1
p1udt15535-p1udt20345x,C,7.19955785679463,line-to-ground,POINT(-97.70948409885 30.4137914157453),1
p1udt15535,C,7.19955785679463,line-to-ground,POINT(-97.7096180969661 30.4140121416781),1
p1udt24577-p1udt8030x,A,7.19955785679463,line-to-ground,POINT(-97.7101289929994 30.4127753707523),1
p1udt24577,A,7.19955785679463,line-to-ground,POINT(-97.7100836064017 30.4127911875386),1
p1udt2141,ABC,7.19955785679463,line-to-ground,POINT(-97.7110999356915 30.4183669725344),1
p1udt326,ABC,7.19955785679463,line-to-ground,POINT(-97.7085871238282 30.4175321958397),1
p1udt15765-p1udt7205x,A,7.19955785679463,line-to-ground,POINT(-97.7118896797677 30.4167386710778),1
p1udt15765-p1udt7205xx,A,7.19955785679463,line-to-ground,POINT(-97.7118824777692 30.4165361587821),1
p1udt15765-p1udt5835xx,A,7.19955785679463,line-to-ground,POINT(-97.7116403182007 30.4170242357218),1
p1udt15765-p1udt5835x,A,7.19955785679463,line-to-ground,POINT(-97.7118555700737 30.4166666027459),1
p1udt21368-p1udt5835x,A,7.19955785679463,line-to-ground,POINT(-97.7114025739214 30.4174545342101),1
p1udt21368-p1udt5835xx,A,7.19955785679463,line-to-ground,POINT(-97.7116955172168 30.4169627796952),1
p1udt21368-p1udt9602xx,A,7.19955785679463,line-to-ground,POINT(-97.7112421626388 30.417777775725),1
p1udt21368-p1udt9602x,A,7.19955785679463,line-to-ground,POINT(-97.7114342407497 30.4175274318818),1
p1udt12388-p1udt9602x,A,7.19955785679463,line-to-ground,POINT(-97.7111612890638 30.4180041649409),1
p1udt12388-p1udt9602xx,A,7.19955785679463,line-to-ground,POINT(-97.7112738294415 30.4178506734316),1
p1udt12388-p1udt2141xx,A,7.19955785679463,line-to-ground,POINT(-97.7111999697771 30.4183521728796),1
p1udt12388-p1udt2141x,A,7.19955785679463,line-to-ground,POINT(-97.7111953986683 30.4180762334385),1
p1udt20025-p1udt2141x,ABC,7.19955785679463,line-to-ground,POINT(-97.7114422634937 30.419059797156),1
p1udt20025-p1udt2141xx,ABC,7.19955785679463,line-to-ground,POINT(-97.7110635048429 30.4183340743049),1
p1udt20021-p1udt2710x,B,7.19955785679463,line-to-ground,POINT(-97.7126636382597 30.4172606113681),1
p1udt20021-p1udt2710xx,B,7.19955785679463,line-to-ground,POINT(-97.7121958106673 30.4172520603797),1
p1udt12048-p1udt20021x,B,7.19955785679463,line-to-ground,POINT(-97.7128731254048 30.4173611675813),1
p1udt12048-p1udt20021xx,B,7.19955785679463,line-to-ground,POINT(-97.7126295278221 30.4171885432226),1
p1udt10700-p1udt12048xx,B,7.19955785679463,line-to-ground,POINT(-97.7127901115979 30.4177571199578),1
p1udt10700-p1udt12048xxx,B,7.19955785679463,line-to-ground,POINT(-97.7129304103816 30.4173011731815),1
p1udt1550-p1udt9601xx,C,7.19955785679463,line-to-ground,POINT(-97.7126602469985 30.4141659449706),1
p1udt1550-p1udt9601x,C,7.19955785679463,line-to-ground,POINT(-97.7131153936275 30.4139446691486),1
p1udt17384-p1udt8818xx,C,7.19955785679463,line-to-ground,POINT(-97.7119957230105 30.4130936708541),1
p1udt17384-p1udt8818x,C,7.19955785679463,line-to-ground,POINT(-97.7119629753958 30.4130612838044),1
p1udt6739-p1udt8818x,C,7.19955785679463,line-to-ground,POINT(-97.7125424482053 30.4138036380329),1
p1udt6739-p1udt8818xx,C,7.19955785679463,line-to-ground,POINT(-97.7120823145364 30.4131240683071),1
p1udt6739-p1udt7204xx,C,7.19955785679463,line-to-ground,POINT(-97.7124912599716 30.413829038835),1
p1udt6739-p1udt7204x,C,7.19955785679463,line-to-ground,POINT(-97.7124531423403 30.4137930263226),1
p1udt7204-p1udt9601xx,C,7.19955785679463,line-to-ground,POINT(-97.7125619467764 30.4141281822396),1
p1udt7204-p1udt9601x,C,7.19955785679463,line-to-ground,POINT(-97.7125802096349 30.4138419419426),1
p1udt17582-p1udt9601x,C,7.19955785679463,line-to-ground,POINT(-97.7127004972376 30.4145439128462),1
p1udt17582-p1udt9601xx,C,7.19955785679463,line-to-ground,POINT(-97.71258894879 30.4141897114756),1
p1udt1551-p1udt17582x,C,7.19955785679463,line-to-ground,POINT(-97.7130905732152 30.4148737467329),1
p1udt1551-p1udt17582xx,C,7.19955785679463,line-to-ground,POINT(-97.7127894475788 30.4145568158293),1
p1udt1551-p1udt1552xx,C,7.19955785679463,line-to-ground,POINT(-97.7133987526007 30.4149564420388),1
p1udt1551-p1udt1552x,C,7.19955785679463,line-to-ground,POINT(-97.7130564632228 30.4148016786881),1
p1udt18757-p1udt9592x,C,7.19955785679463,line-to-ground,POINT(-97.7131487870264 30.4131412112322),1
p1udt18757-p1udt9592xx,C,7.19955785679463,line-to-ground,POINT(-97.712779982915 30.4131975072387),1
p1udt18757-p1udt4312xx,C,7.19955785679463,line-to-ground,POINT(-97.7135307593681 30.4131535433071),1
p1udt18757-p1udt4312x,C,7.19955785679463,line-to-ground,POINT(-97.713238092394 30.4131518224528),1
p1udt19133-p1udt4312x,C,7.19955785679463,line-to-ground,POINT(-97.7138568605404 30.4135615801332),1
p1udt19133-p1udt4312xx,C,7.19955785679463,line-to-ground,POINT(-97.7135624265317 30.4132264405149),1
p1udt11033-p1udt19133xx,C,7.19955785679463,line-to-ground,POINT(-97.7138298578791 30.4135000511359),1
p1udt11033-p1udt19133x,C,7.19955785679463,line-to-ground,POINT(-97.7140109372198 30.413132406897),1
p1udt19133-p1udt4313xx,C,7.19955785679463,line-to-ground,POINT(-97.7139179051048 30.4137979850345),1
p1udt19133-p1udt4313x,C,7.19955785679463,line-to-ground,POINT(-97.7139004911368 30.413476413451),1
p1udt13357-p1udt4313x,C,7.19955785679463,line-to-ground,POINT(-97.7137800261166 30.4144027774354),1
p1udt13357-p1udt4313xx,C,7.19955785679463,line-to-ground,POINT(-97.714006854965 30.4138108871747),1
p1udt13357-p1udt1552xx,C,7.19955785679463,line-to-ground,POINT(-97.7134726980205 30.4149705673229),1
p1udt13357-p1udt1552x,C,7.19955785679463,line-to-ground,POINT(-97.713724829876 30.4144642344459),1
p1udt1552-p1udt8421xx,C,7.19955785679463,line-to-ground,POINT(-97.713521134888 30.4153832736727),1
p1udt1552-p1udt8421x,C,7.19955785679463,line-to-ground,POINT(-97.7134893890674 30.4149063070488),1
p1udt4785-p1udt8421x,C,7.19955785679463,line-to-ground,POINT(-97.7136563356883 30.4157177458181),1
p1udt4785-p1udt8421xx,C,7.19955785679463,line-to-ground,POINT(-97.7134870244119 30.4153112057317),1
p1udt4785-p1udt6742xx,C,7.19955785679463,line-to-ground,POINT(-97.713768346017 30.41640861805),1
p1udt4785-p1udt6742x,C,7.19955785679463,line-to-ground,POINT(-97.7137456434601 30.4157283567563),1
p1udt11703-p1udt5823xx,A,7.19955785679463,line-to-ground,POINT(-97.7147775423252 30.4159115156263),1
p1udt11703-p1udt5823x,A,7.19955785679463,line-to-ground,POINT(-97.7151036047216 30.4162160063259),1
p1udt17380-p1udt2117x,A,7.19955785679463,line-to-ground,POINT(-97.7155804674228 30.4145591527556),1
p1udt17380-p1udt2117xx,A,7.19955785679463,line-to-ground,POINT(-97.7157512453548 30.4145840691499),1
p1udt13952-p1udt17380x,A,7.19955785679463,line-to-ground,POINT(-97.7146261285353 30.4141855370009),1
p1udt13952-p1udt17380xx,A,7.19955785679463,line-to-ground,POINT(-97.7156356623831 30.4144976949275),1
p1udt13952-p1udt3294xx,A,7.19955785679463,line-to-ground,POINT(-97.7146325632039 30.414780661832),1
p1udt13952-p1udt3294x,A,7.19955785679463,line-to-ground,POINT(-97.7145709329388 30.41424699439),1
p1udt17783-p1udt3294x,A,7.19955785679463,line-to-ground,POINT(-97.7146804711838 30.4150969358307),1
p1udt17783-p1udt3294xx,A,7.19955785679463,line-to-ground,POINT(-97.7145432561721 30.4147700515211),1
p1udt17783-p1udt3798xx,A,7.19955785679463,line-to-ground,POINT(-97.7146545882845 30.4154462043147),1
p1udt17783-p1udt3798x,A,7.19955785679463,line-to-ground,POINT(-97.7146463599356 30.415024868168),1
p1udt1553-p1udt19684x,A,7.19955785679463,line-to-ground,POINT(-97.7157083922252 30.4155032987824),1
p1udt1553-p1udt19684xx,A,7.19955785679463,line-to-ground,POINT(-97.7161332145667 30.4156254623815),1
p1udt1553-p1udt925xx,A,7.19955785679463,line-to-ground,POINT(-97.7155005913257 30.4153655088137),1
p1udt1553-p1udt925x,A,7.19955785679463,line-to-ground,POINT(-97.7156767227756 30.4154304020531),1
p1udt19858-p1udt925x,A,7.19955785679463,line-to-ground,POINT(-97.7151647699217 30.4152208406421),1
p1udt19858-p1udt925xx,A,7.19955785679463,line-to-ground,POINT(-97.7155895428495 30.4153784099191),1
p1udt19858-p1udt3798xx,A,7.19955785679463,line-to-ground,POINT(-97.7146275846425 30.4153846754704),1
p1udt19858-p1udt3798x,A,7.19955785679463,line-to-ground,POINT(-97.7151074875387 30.4152808361153),1
p1udt13359-p1udt3798x,A,7.19955785679463,line-to-ground,POINT(-97.714664061993 30.4156460094366),1
p1udt13359-p1udt3798xx,A,7.19955785679463,line-to-ground,POINT(-97.7147258869607 30.4154224366978),1
p1udt13359-p1udt5823xx,A,7.19955785679463,line-to-ground,POINT(-97.71476085192 30.4159757760748),1
p1udt13359-p1udt5823x,A,7.19955785679463,line-to-ground,POINT(-97.714753013638 30.4156589111157),1
p1udt5823-p1udt5824xx,A,7.19955785679463,line-to-ground,POINT(-97.7139552492147 30.4159462636451),1
p1udt5823-p1udt5824x,A,7.19955785679463,line-to-ground,POINT(-97.7147029480921 30.4158972585839),1
p1udt5824-p1udt6742xx,A,7.19955785679463,line-to-ground,POINT(-97.7138661342939 30.4162839289062),1
p1udt5824-p1udt6742x,A,7.19955785679463,line-to-ground,POINT(-97.7140445572339 30.4159568743854),1
p1udt21220-p1udt325x,B,7.19955785679463,line-to-ground,POINT(-97.7128321745701 30.4160265848167),1
p1udt21220-p1udt325xx,B,7.19955785679463,line-to-ground,POINT(-97.7125783460022 30.4158649595195),1
p1udt21220-p1udt8425xx,B,7.19955785679463,line-to-ground,POINT(-97.7132630948268 30.4165090473689),1
p1udt21220-p1udt8425x,B,7.19955785679463,line-to-ground,POINT(-97.7128662847871 30.4160986529144),1
p1udt3296-p1udt8425xx,B,7.19955785679463,line-to-ground,POINT(-97.7136459747601 30.4168163345158),1
p1udt3296-p1udt8425xxx,B,7.19955785679463,line-to-ground,POINT(-97.7132972055192 30.4165811153627),1
p1udt11369-p1udt2142xx,ABC,7.19955785679463,line-to-ground,POINT(-97.7126084082019 30.4192540571273),1
p1udt11369-p1udt2142x,ABC,7.19955785679463,line-to-ground,POINT(-97.7122303992819 30.4195567088087),1
p1udt12097-p1udt21926x,C,7.19955785679463,line-to-ground,POINT(-97.7135475535604 30.4046548320074),1
p1udt21926,C,7.19955785679463,line-to-ground,POINT(-97.7134988051879 30.4046521384497),1
p1udt17997-p1udt4379x,B,7.19955785679463,line-to-ground,POINT(-97.7136212882801 30.4039431120037),1
p1udt4379,B,7.19955785679463,line-to-ground,POINT(-97.7132369785912 30.4042432847603),1
p1udt13089-p1udt18385x,B,7.19955785679463,line-to-ground,POINT(-97.7089661958623 30.4049467172407),1
p1udt18385,B,7.19955785679463,line-to-ground,POINT(-97.7089186409968 30.404936805754),1
p1udt20805-p1udt8490x,C,7.19955785679463,line-to-ground,POINT(-97.7086949920967 30.4046550679884),1
p1udt20805,C,7.19955785679463,line-to-ground,POINT(-97.7086479241705 30.4046666388466),1
p1udt19712-p1udt9654x,C,7.19955785679463,line-to-ground,POINT(-97.7114600880992 30.4050986015186),1
p1udt9654,C,7.19955785679463,line-to-ground,POINT(-97.7109494201193 30.4048433058848),1
p1udt20954-p1udt22667x,B,7.19955785679463,line-to-ground,POINT(-97.710802012602 30.4060679269603),1
p1udt20954,B,7.19955785679463,line-to-ground,POINT(-97.7105530530075 30.4056965709042),1
p1udt6804,A,7.19955785679463,line-to-ground,POINT(-97.7147933205362 30.4107427503696),1
p1udt13656,A,7.19955785679463,line-to-ground,POINT(-97.7143675968724 30.4109043226228),1
p1udt22798-p1udt6804x,A,7.19955785679463,line-to-ground,POINT(-97.7156366794855 30.4106128534243),1
p1udt18953-p1udt20936x,C,7.19955785679463,line-to-ground,POINT(-97.7171336384575 30.4123691088008),1
p1udt20936,C,7.19955785679463,line-to-ground,POINT(-97.7167160476808 30.4125752711558),1
p1udt15526-p1udt9591x,B,7.19955785679463,line-to-ground,POINT(-97.7165151461431 30.4116292320591),1
p1udt15526,B,7.19955785679463,line-to-ground,POINT(-97.7165595380369 30.411611478481),1
p1udt14510-p1udt5314x,A,7.19955785679463,line-to-ground,POINT(-97.7157523719753 30.4113177800385),1
p1udt5314,A,7.19955785679463,line-to-ground,POINT(-97.7158320553861 30.411162353192),1
p1udt15527-p1udt16255x,A,7.19955785679463,line-to-ground,POINT(-97.7147732768943 30.4121564142878),1
p1udt16255,A,7.19955785679463,line-to-ground,POINT(-97.7147813563329 30.4119009182024),1
p1udt24782,C,7.19955785679463,line-to-ground,POINT(-97.7158636884825 30.4124766614785),1
p1udt5316,C,7.19955785679463,line-to-ground,POINT(-97.7160194694377 30.4125052623167),1
p1udt20792-p1udt24782x,C,7.19955785679463,line-to-ground,POINT(-97.7156357608185 30.4122730635979),1
p1udt7181-p1udt7182x,C,7.19955785679463,line-to-ground,POINT(-97.7143254650415 30.4115215328659),1
p1udt7182,C,7.19955785679463,line-to-ground,POINT(-97.7140107392038 30.4119203992054),1
p1udt22187-p1udt398x,A,7.19955785679463,line-to-ground,POINT(-97.7176145285397 30.4058411136367),1
p1udt22187,A,7.19955785679463,line-to-ground,POINT(-97.7199171390137 30.4042063356425),1
p1udt2142,ABC,7.19955785679463,line-to-ground,POINT(-97.7125624782759 30.4192394672646),1
p1udt2142_b1_1,ABC,7.19955785679463,line-to-ground,POINT(-97.7119604575228 30.4197249430019),1
p1udt5334,ABC,7.19955785679463,line-to-ground,POINT(-97.6992878996327 30.4148723001019),1
p1udt11707,ABC,7.19955785679463,line-to-ground,POINT(-97.6986680871727 30.414988495917),1
p1udt4334-p1udt5334x,ABC,7.19955785679463,line-to-ground,POINT(-97.699817137284 30.415365268046),1
p1udt4334-p1udt5334xx,ABC,7.19955785679463,line-to-ground,POINT(-97.6992603616664 30.4148334348513),1
p1udt332-p1udt4334x,ABC,7.19955785679463,line-to-ground,POINT(-97.7003716306548 30.4157096051644),1
p1udt332-p1udt4334xx,ABC,7.19955785679463,line-to-ground,POINT(-97.6998512375923 30.4154373392686),1
p1udt2147-p1udt332x,ABC,7.19955785679463,line-to-ground,POINT(-97.7008798407415 30.4159772154629),1
p1udt2147-p1udt332xx,ABC,7.19955785679463,line-to-ground,POINT(-97.7002802595063 30.4156591021163),1
p1udt11368-p1udt2147x,ABC,7.19955785679463,line-to-ground,POINT(-97.70175518199 30.4164335124572),1
p1udt11368-p1udt2147xx,ABC,7.19955785679463,line-to-ground,POINT(-97.7009305049137 30.4160204851606),1
p1udt11368-p1udt12712xx,ABC,7.19955785679463,line-to-ground,POINT(-97.7023004375695 30.4163851798275),1
p1udt11368-p1udt12712x,ABC,7.19955785679463,line-to-ground,POINT(-97.7017069837771 30.4163883025057),1
p1udt12712-p1udt8439xx,ABC,7.19955785679463,line-to-ground,POINT(-97.7025214880441 30.4161579589388),1
p1udt12712-p1udt8439x,ABC,7.19955785679463,line-to-ground,POINT(-97.7023436233845 30.4163365766457),1
p1udt4796-p1udt8439x,ABC,7.19955785679463,line-to-ground,POINT(-97.7028127491619 30.4158547826588),1
p1udt4796-p1udt8439xx,ABC,7.19955785679463,line-to-ground,POINT(-97.7026107947171 30.4161685774716),1
p1udt2138-p1udt4796x,ABC,7.19955785679463,line-to-ground,POINT(-97.7030572939197 30.4154692273651),1
p1udt2138-p1udt4796xx,ABC,7.19955785679463,line-to-ground,POINT(-97.7027234427462 30.4158441642713),1
p1udt16260-p1udt2138x,ABC,7.19955785679463,line-to-ground,POINT(-97.7033560000197 30.4154559884005),1
p1udt16260-p1udt2138xx,ABC,7.19955785679463,line-to-ground,POINT(-97.7030231912124 30.4153971569118),1
p1udt14748,ABC,7.19955785679463,line-to-ground,POINT(-97.700113515802 30.4110970406453),1
p1udt19862,ABC,7.19955785679463,line-to-ground,POINT(-97.7000941572 30.4106269866438),1
p1udt13040,ABC,7.19955785679463,line-to-ground,POINT(-97.7009125915758 30.4115588835598),1
p1udt15288,ABC,7.19955785679463,line-to-ground,POINT(-97.7013027567303 30.4117832995365),1
p1udt15288-p1udt2708xx,ABC,7.19955785679463,line-to-ground,POINT(-97.7017618035429 30.41195106065),1
p1udt15288-p1udt2708x,ABC,7.19955785679463,line-to-ground,POINT(-97.7013486813785 30.411797893228),1
p1udt2708-p1udt2709xx,ABC,7.19955785679463,line-to-ground,POINT(-97.7021167252369 30.4121297208014),1
p1udt2708-p1udt2709x,ABC,7.19955785679463,line-to-ground,POINT(-97.701739434596 30.4120095703973),1
p1udt20498-p1udt2709x,ABC,7.19955785679463,line-to-ground,POINT(-97.702883645082 30.412389983509),1
p1udt20498-p1udt2709xx,ABC,7.19955785679463,line-to-ground,POINT(-97.7022060282034 30.4121403395099),1
p1udt20498,ABC,7.19955785679463,line-to-ground,POINT(-97.7029318039275 30.4123731457147),1
p1udt23484,ABC,7.19955785679463,line-to-ground,POINT(-97.7033183572316 30.4112101137359),1
p1udt20498-p1udt22173xx,ABC,7.19955785679463,line-to-ground,POINT(-97.7043571968994 30.4129575598772),1
p1udt20498-p1udt22173x,ABC,7.19955785679463,line-to-ground,POINT(-97.7029388467235 30.4123285312261),1
p1udt22173-p1udt24578xx,ABC,7.19955785679463,line-to-ground,POINT(-97.7041490098581 30.4138200815762),1
p1udt22173-p1udt24578x,ABC,7.19955785679463,line-to-ground,POINT(-97.7042682493312 30.4129446512188),1
p1udt10322-p1udt24578x,ABC,7.19955785679463,line-to-ground,POINT(-97.7039922670158 30.4140438699396),1
p1udt10322-p1udt24578xx,ABC,7.19955785679463,line-to-ground,POINT(-97.7040777100202 30.4138438433812),1
p1udt10322-p1udt6754xx,ABC,7.19955785679463,line-to-ground,POINT(-97.7035814417004 30.4144987962476),1
p1udt10322-p1udt6754x,ABC,7.19955785679463,line-to-ground,POINT(-97.7039029620831 30.4140332524003),1
p1udt5834-p1udt6754x,ABC,7.19955785679463,line-to-ground,POINT(-97.7032489799996 30.4151078445424),1
p1udt5834-p1udt6754xx,ABC,7.19955785679463,line-to-ground,POINT(-97.7036131017707 30.4145716956534),1
p1udt16259-p1udt5834xx,ABC,7.19955785679463,line-to-ground,POINT(-97.7032926204129 30.4150226817113),1
p1udt16259-p1udt5834x,ABC,7.19955785679463,line-to-ground,POINT(-97.7032650806106 30.4145824156716),1
p1udt16260-p1udt5834x,ABC,7.19955785679463,line-to-ground,POINT(-97.7032670503559 30.4154430790029),1
p1udt16260-p1udt5834xx,ABC,7.19955785679463,line-to-ground,POINT(-97.7033202809519 30.415084083227),1
p1udt20940,ABC,7.19955785679463,line-to-ground,POINT(-97.7034928189188 30.4158823611671),1
p1udt16260,ABC,7.19955785679463,line-to-ground,POINT(-97.7033072674995 30.4154715602837),1
p1udt24987,ABC,7.19955785679463,line-to-ground,POINT(-97.7042138428311 30.4164669853063),1
p1udt21769,ABC,7.19955785679463,line-to-ground,POINT(-97.7058215363855 30.41716300081),1
p1udt8032,ABC,7.19955785679463,line-to-ground,POINT(-97.7061182167048 30.4184371094343),1
p1udt15005,ABC,7.19955785679463,line-to-ground,POINT(-97.7106146144919 30.4208105687634),1
p1udt23719,ABC,7.19955785679463,line-to-ground,POINT(-97.7114655085731 30.421573544127),1
p1udt19134,ABC,7.19955785679463,line-to-ground,POINT(-97.7102326531589 30.4205631770137),1
p1udt20341,ABC,7.19955785679463,line-to-ground,POINT(-97.7099144605908 30.4207642091449),1
p1udt13954,ABC,7.19955785679463,line-to-ground,POINT(-97.7099112555794 30.4210077959916),1
p1udt6745,ABC,7.19955785679463,line-to-ground,POINT(-97.7093074418846 30.421248796563),1
p1udt23483,ABC,7.19955785679463,line-to-ground,POINT(-97.7093345855421 30.4224390267709),1
p1udt24691,ABC,7.19955785679463,line-to-ground,POINT(-97.706983398854 30.4219713479452),1
p1udt24989,ABC,7.19955785679463,line-to-ground,POINT(-97.7062858371367 30.419935341175),1
p1udt18362-p1udt24989x,ABC,7.19955785679463,line-to-ground,POINT(-97.7063139830366 30.4198769397793),1
p1udt18362-p1udt24989xx,ABC,7.19955785679463,line-to-ground,POINT(-97.7063317663659 30.4199499332274),1
p1udt18362-p1udt5836xx,ABC,7.19955785679463,line-to-ground,POINT(-97.7067695044839 30.418923362625),1
p1udt18362-p1udt5836x,ABC,7.19955785679463,line-to-ground,POINT(-97.7063691869799 30.4198154861741),1
p1udt5836,ABC,7.19955785679463,line-to-ground,POINT(-97.7067915992672 30.4188808975605),1
p1udt12387,ABC,7.19955785679463,line-to-ground,POINT(-97.7051619391583 30.4127261184204),1
p1udt7201,ABC,7.19955785679463,line-to-ground,POINT(-97.7049572120623 30.4122065257906),1
p1udt15534,ABC,7.19955785679463,line-to-ground,POINT(-97.7093617046548 30.4123798100358),1
p1udt7203,ABC,7.19955785679463,line-to-ground,POINT(-97.7094553482175 30.4131747524553),1
p1udt8030,ABC,7.19955785679463,line-to-ground,POINT(-97.7101733864931 30.4127576193971),1
p1udt23262,ABC,7.19955785679463,line-to-ground,POINT(-97.7103074431644 30.4146325113133),1
p1udt11367,ABC,7.19955785679463,line-to-ground,POINT(-97.7102548857871 30.4149150532096),1
p1udt25186,ABC,7.19955785679463,line-to-ground,POINT(-97.7094348528013 30.4163145244192),1
p1udt3296-p1udt6742x,ABC,7.19955785679463,line-to-ground,POINT(-97.7135378197593 30.4169155005044),1
p1udt3296-p1udt6742xx,ABC,7.19955785679463,line-to-ground,POINT(-97.7137136804058 30.4163190869094),1
p1udt2692-p1udt3296x,ABC,7.19955785679463,line-to-ground,POINT(-97.7134074453309 30.4172311438859),1
p1udt2692-p1udt3296xx,ABC,7.19955785679463,line-to-ground,POINT(-97.7136086733667 30.416919212054),1
p1udt17154-p1udt2692x,ABC,7.19955785679463,line-to-ground,POINT(-97.7133247156177 30.4173668320142),1
p1udt17154-p1udt2692xx,ABC,7.19955785679463,line-to-ground,POINT(-97.7134626433893 30.4171696870854),1
p1udt10700-p1udt17154x,ABC,7.19955785679463,line-to-ground,POINT(-97.7127390939079 30.4178861947657),1
p1udt10700-p1udt17154xx,ABC,7.19955785679463,line-to-ground,POINT(-97.7133588266303 30.4174388999926),1
p1udt10700-p1udt327xx,ABC,7.19955785679463,line-to-ground,POINT(-97.7122739301763 30.4181053737052),1
p1udt10700-p1udt327x,ABC,7.19955785679463,line-to-ground,POINT(-97.7128045957362 30.4178628666749),1
p1udt23944-p1udt327x,ABC,7.19955785679463,line-to-ground,POINT(-97.7119927899301 30.4183999049387),1
p1udt23944-p1udt327xx,ABC,7.19955785679463,line-to-ground,POINT(-97.7123080406422 30.4181774419355),1
p1udt10705-p1udt23944x,ABC,7.19955785679463,line-to-ground,POINT(-97.7117817528436 30.4186143726201),1
p1udt10705-p1udt23944xx,ABC,7.19955785679463,line-to-ground,POINT(-97.711958679628 30.4183278366329),1
p1udt10705-p1udt20025xx,ABC,7.19955785679463,line-to-ground,POINT(-97.7114152609845 30.4189982677097),1
p1udt10705-p1udt20025x,ABC,7.19955785679463,line-to-ground,POINT(-97.7116924427188 30.4186037602733),1
p1udt23729,ABC,7.19955785679463,line-to-ground,POINT(-97.7140773179521 30.4044590901314),1
p1udt10726,ABC,7.19955785679463,line-to-ground,POINT(-97.7146811181046 30.4026210043219),1
p1udt21080,ABC,7.19955785679463,line-to-ground,POINT(-97.7138381675187 30.4052327074046),1
p1udt22435,ABC,7.19955785679463,line-to-ground,POINT(-97.7136567597784 30.4053268221469),1
p1udt19525,ABC,7.19955785679463,line-to-ground,POINT(-97.7131068690813 30.405433030015),1
p1udt8489,ABC,7.19955785679463,line-to-ground,POINT(-97.7128787159112 30.405367620829),1
p1udt16525,ABC,7.19955785679463,line-to-ground,POINT(-97.7123683449671 30.4061836760724),1
p1udt17816,ABC,7.19955785679463,line-to-ground,POINT(-97.7114605387397 30.4037261560391),1
p1udt20201,ABC,7.19955785679463,line-to-ground,POINT(-97.7088865805019 30.4031503339841),1
p1udt24586,ABC,7.19955785679463,line-to-ground,POINT(-97.711782801823 30.4040033741845),1
p1udt16044,ABC,7.19955785679463,line-to-ground,POINT(-97.7122464300372 30.404368864362),1
p1udt12751,ABC,7.19955785679463,line-to-ground,POINT(-97.7120885139334 30.4053858366751),1
p1udt23732,ABC,7.19955785679463,line-to-ground,POINT(-97.7120984700661 30.4058799072051),1
p1udt13090,ABC,7.19955785679463,line-to-ground,POINT(-97.7121724681372 30.4068313954506),1
p1udt7257,ABC,7.19955785679463,line-to-ground,POINT(-97.7118329158434 30.4070773375663),1
p1udt1644,ABC,7.19955785679463,line-to-ground,POINT(-97.7118462375956 30.4078928832702),1
p1udt22532,ABC,7.19955785679463,line-to-ground,POINT(-97.7101521941802 30.4125206721885),1
p1udt22532_b1_1,ABC,7.19955785679463,line-to-ground,POINT(-97.7103649143874 30.4115714732914),1
p1udt22798,ABC,7.19955785679463,line-to-ground,POINT(-97.7155907530666 30.4105982647115),1
p1udt19857,ABC,7.19955785679463,line-to-ground,POINT(-97.7162109077551 30.410850276118),1
p1umv42,ABC,7.19955785679463,line-to-ground,POINT(-97.7150486705448 30.4100476617481),1
p1udt22547,ABC,7.19955785679463,line-to-ground,POINT(-97.7157435808092 30.4097234861423),1
p1udt399,ABC,7.19955785679463,line-to-ground,POINT(-97.7167719957119 30.409339938726),1
p1udt5891,ABC,7.19955785679463,line-to-ground,POINT(-97.7170209209382 30.406776519974),1
p1udt24792,ABC,7.19955785679463,line-to-ground,POINT(-97.7153784484415 30.4097830548518),1
p1udt12747,ABC,7.19955785679463,line-to-ground,POINT(-97.7137632016521 30.4107055379561),1
p1udt6726lv,ABC,0.27712812921102,line-to-ground,POINT(-97.7143929767072 30.4206522381414),1
p1ulv7912,ABC,0.27712812921102,line-to-ground,POINT(-97.714360177263 30.4204804066764),1
p1udt12049,ABC,7.19955785679463,line-to-ground,POINT(-97.7137800566396 30.4200725545204),1
p1udt6726,ABC,7.19955785679463,line-to-ground,POINT(-97.7143535063897 30.4206271605652),1
p1udt12049-p1udt19507xx,ABC,7.19955785679463,line-to-ground,POINT(-97.7135981065658 30.4200300738538),1
p1udt12049-p1udt19507x,ABC,7.19955785679463,line-to-ground,POINT(-97.7137416080184 30.4200463580143),1
p1udt15282-p1udt19507x,ABC,7.19955785679463,line-to-ground,POINT(-97.7133181411682 30.4198374317534),1
p1udt15282-p1udt19507xx,ABC,7.19955785679463,line-to-ground,POINT(-97.7136553927331 30.4199700791918),1
p1udt15282-p1udt8427xx,ABC,7.19955785679463,line-to-ground,POINT(-97.7131229880914 30.4199802573179),1
p1udt15282-p1udt8427x,ABC,7.19955785679463,line-to-ground,POINT(-97.7134070963829 30.4198503344456),1
p1udt11369-p1udt8427x,ABC,7.19955785679463,line-to-ground,POINT(-97.7123287047295 30.4195944719116),1
p1udt11369-p1udt8427xx,ABC,7.19955785679463,line-to-ground,POINT(-97.7131280111532 30.4200740700774),1
p1udt8032lv,ABC,0.27712812921102,line-to-ground,POINT(-97.7060790257348 30.4184624649897),1
p1ulv9804,ABC,0.27712812921102,line-to-ground,POINT(-97.70623688939 30.4183068398383),1
p1udt21769lv,ABC,0.27712812921102,line-to-ground,POINT(-97.7058281839383 30.4172048305808),1
p1ulv45912,ABC,0.27712812921102,line-to-ground,POINT(-97.7060939590473 30.4173038807904),1
p1udt9958lv,ABC,0.27712812921102,line-to-ground,POINT(-97.7059841070288 30.4166773753321),1
p1ulv25641,ABC,0.27712812921102,line-to-ground,POINT(-97.7064013086947 30.4168918728526),1
p1udm33278,ABC,0.27712812921102,line-to-ground,POINT(-97.7059332407934 30.416860165407),1
p1ulv12901,ABC,0.27712812921102,line-to-ground,POINT(-97.7065867748847 30.4170380769469),1
p1udm33280,ABC,0.27712812921102,line-to-ground,POINT(-97.7061056245546 30.4164197515412),1
p1ulv32592,ABC,0.27712812921102,line-to-ground,POINT(-97.7063652644134 30.4164674390483),1
p1udt19141lv,ABC,0.27712812921102,line-to-ground,POINT(-97.7066113974603 30.4154441022078),1
p1ulv35179,ABC,0.27712812921102,line-to-ground,POINT(-97.7070322378138 30.415625892741),1
p1udt22648lv,ABC,0.27712812921102,line-to-ground,POINT(-97.7069693115275 30.4148982141074),1
p1ulv50209,ABC,0.27712812921102,line-to-ground,POINT(-97.7074247547487 30.4150703589554),1
p1udt19141,ABC,7.19955785679463,line-to-ground,POINT(-97.7066047496623 30.4154022724597),1
p1udt22648,ABC,7.19955785679463,line-to-ground,POINT(-97.7070085008174 30.4148728582234),1
p1udt19685,ABC,7.19955785679463,line-to-ground,POINT(-97.7063057918874 30.4159677536701),1
p1udt9958,ABC,7.19955785679463,line-to-ground,POINT(-97.7059907546263 30.4167192050987),1
p1udt24987lv,ABC,0.27712812921102,line-to-ground,POINT(-97.7042071960081 30.41642515547),1
p1ulv63243,ABC,0.27712812921102,line-to-ground,POINT(-97.7042742869802 30.4163474513371),1
p1udt16494lv,ABC,0.27712812921102,line-to-ground,POINT(-97.7045259132734 30.4159410815795),1
p1ulv26919,ABC,0.27712812921102,line-to-ground,POINT(-97.7045390502049 30.4160072083947),1
p1udt16494,ABC,7.19955785679463,line-to-ground,POINT(-97.7045325602081 30.4159829114055),1
p1udm38349,ABC,0.27712812921102,line-to-ground,POINT(-97.6973019485148 30.4153487083265),1
p1ulv16013,ABC,0.27712812921102,line-to-ground,POINT(-97.6973116387383 30.4154029423752),1
p1udt11708lv,ABC,0.27712812921102,line-to-ground,POINT(-97.6976668682421 30.415460608329),1
p1udm38350,ABC,0.27712812921102,line-to-ground,POINT(-97.6979439680218 30.41560775386),1
p1ulv32597,ABC,0.27712812921102,line-to-ground,POINT(-97.6979452855983 30.415508515164),1
p1udt16261lv,ABC,0.27712812921102,line-to-ground,POINT(-97.6978981583087 30.4164345670685),1
p1ulv26270,ABC,0.27712812921102,line-to-ground,POINT(-97.6979126084542 30.416401455737),1
p1udt11708,ABC,7.19955785679463,line-to-ground,POINT(-97.6976209424976 30.4154460133162),1
p1udt16261,ABC,7.19955785679463,line-to-ground,POINT(-97.6979048024281 30.4164763971479),1
p1udt23488,ABC,7.19955785679463,line-to-ground,POINT(-97.6982416687365 30.4149571762235),1
p1udt21224lv,ABC,0.27712812921102,line-to-ground,POINT(-97.7049867018577 30.4136694938952),1
p1ulv43355,ABC,0.27712812921102,line-to-ground,POINT(-97.7048607738729 30.4137185819192),1
p1udt21224-p1udt24578xx,ABC,7.19955785679463,line-to-ground,POINT(-97.7040507135018 30.4137823125383),1
p1udt21224-p1udt24578x,ABC,7.19955785679463,line-to-ground,POINT(-97.7050722246784 30.4136305476924),1
p1udt22173lv,ABC,0.27712812921102,line-to-ground,POINT(-97.7042999094612 30.4130175504752),1
p1ulv47760,ABC,0.27712812921102,line-to-ground,POINT(-97.7040868859285 30.4131965970929),1
p1udt20498lv,ABC,0.27712812921102,line-to-ground,POINT(-97.7029729483878 30.4124006017018),1
p1ulv40218,ABC,0.27712812921102,line-to-ground,POINT(-97.702855846133 30.4126069064756),1
p1udt2144lv,ABC,0.27712812921102,line-to-ground,POINT(-97.6994108546707 30.412109989041),1
p1ulv2262,ABC,0.27712812921102,line-to-ground,POINT(-97.6994789124606 30.4121221681834),1
p1udt329,ABC,7.19955785679463,line-to-ground,POINT(-97.6993417356352 30.4120455955369),1
p1udt2144,ABC,7.19955785679463,line-to-ground,POINT(-97.699377970845 30.4120778737927),1
p1udt10706,ABC,7.19955785679463,line-to-ground,POINT(-97.6994586541787 30.4119233662426),1
p1udt13041,ABC,7.19955785679463,line-to-ground,POINT(-97.6995600013296 30.4117739188141),1
p1udt13369,ABC,7.19955785679463,line-to-ground,POINT(-97.6996540187812 30.4115636412328),1
p1udt2143,ABC,7.19955785679463,line-to-ground,POINT(-97.6997553111029 30.4114182985067),1
p1udt13415lv,ABC,0.27712812921102,line-to-ground,POINT(-97.7000889774952 30.4098065209802),1
p1ulv19361,ABC,0.27712812921102,line-to-ground,POINT(-97.6999666784046 30.4098803227317),1
p1ulv42746,ABC,0.27712812921102,line-to-ground,POINT(-97.7000390609 30.4099171350112),1
p1udt25192lv,ABC,0.27712812921102,line-to-ground,POINT(-97.7005989367304 30.4095533096804),1
p1ulv64586,ABC,0.27712812921102,line-to-ground,POINT(-97.7005024211508 30.4095157166086),1
p1udt23384,ABC,7.19955785679463,line-to-ground,POINT(-97.7006080731841 30.4096369576813),1
p1udt25192,ABC,7.19955785679463,line-to-ground,POINT(-97.7006098468947 30.4095946261395),1
p1udt13415,ABC,7.19955785679463,line-to-ground,POINT(-97.7000956222137 30.4098483510036),1
p1udt25193lv,ABC,0.27712812921102,line-to-ground,POINT(-97.6997576369252 30.4094299321047),1
p1ulv64587,ABC,0.27712812921102,line-to-ground,POINT(-97.6999529154998 30.4093478342737),1
p1udt6807lv,ABC,0.27712812921102,line-to-ground,POINT(-97.6994580593529 30.4092555133592),1
p1ulv8014,ABC,0.27712812921102,line-to-ground,POINT(-97.6994353552797 30.4091261304206),1
p1udt8077,ABC,7.19955785679463,line-to-ground,POINT(-97.6995945672371 30.4091666438936),1
p1udt6807,ABC,7.19955785679463,line-to-ground,POINT(-97.699451414938 30.4092136833087),1
p1udt18598lv,ABC,0.27712812921102,line-to-ground,POINT(-97.6995303302123 30.4090600377256),1
p1ulv33359,ABC,0.27712812921102,line-to-ground,POINT(-97.6996764272106 30.409002210703),1
p1udt18598,ABC,7.19955785679463,line-to-ground,POINT(-97.6995687706809 30.4090862382262),1
p1udt25193,ABC,7.19955785679463,line-to-ground,POINT(-97.699750992373 30.4093881020665),1
p1udt23373lv,ABC,0.27712812921102,line-to-ground,POINT(-97.6972939006287 30.4118903005644),1
p1ulv54043,ABC,0.27712812921102,line-to-ground,POINT(-97.6971216033511 30.4116836131682),1
p1udt23026-p1udt23373x,ABC,7.19955785679463,line-to-ground,POINT(-97.6971635204343 30.4118272875811),1
p1udt23026-p1udt23373xx,ABC,7.19955785679463,line-to-ground,POINT(-97.6972098624709 30.4118454848128),1
p1udt10324-p1udt23026x,ABC,7.19955785679463,line-to-ground,POINT(-97.6972882589451 30.4117563548006),1
p1udt10324-p1udt23026xx,ABC,7.19955785679463,line-to-ground,POINT(-97.6970794434489 30.4117696630408),1
p1udt10324-p1udt20027xx,ABC,7.19955785679463,line-to-ground,POINT(-97.6977076586162 30.4117609937199),1
p1udt10324-p1udt20027x,ABC,7.19955785679463,line-to-ground,POINT(-97.6973199134712 30.411829255601),1
p1udt20027-p1udt20185xx,ABC,7.19955785679463,line-to-ground,POINT(-97.6978630502276 30.411613044517),1
p1udt20027-p1udt20185x,ABC,7.19955785679463,line-to-ground,POINT(-97.6977969606544 30.4117716154217),1
p1udt18956-p1udt20185x,ABC,7.19955785679463,line-to-ground,POINT(-97.6980415139677 30.4113860695666),1
p1udt18956-p1udt20185xx,ABC,7.19955785679463,line-to-ground,POINT(-97.6978149022276 30.4115676753244),1
p1udt18956-p1udt21770xx,ABC,7.19955785679463,line-to-ground,POINT(-97.6981337590506 30.4112069829107),1
p1udt18956-p1udt21770x,ABC,7.19955785679463,line-to-ground,POINT(-97.6980074163015 30.4113139979072),1
p1udt21770-p1udt22418xx,ABC,7.19955785679463,line-to-ground,POINT(-97.6983118547707 30.4111560094559),1
p1udt21770-p1udt22418x,ABC,7.19955785679463,line-to-ground,POINT(-97.6981678567768 30.4112790545398),1
p1udt22175-p1udt22418x,ABC,7.19955785679463,line-to-ground,POINT(-97.6984957631174 30.4110830583268),1
p1udt22175-p1udt22418xx,ABC,7.19955785679463,line-to-ground,POINT(-97.6982229097824 30.4111430967454),1
p1udt22175-p1udt4381xx,ABC,7.19955785679463,line-to-ground,POINT(-97.6989206269782 30.4108492494995),1
p1udt22175-p1udt4381x,ABC,7.19955785679463,line-to-ground,POINT(-97.6985530528321 30.4110230703288),1
p1udt3871-p1udt4381x,ABC,7.19955785679463,line-to-ground,POINT(-97.6993082283036 30.4105974960805),1
p1udt3871-p1udt4381xx,ABC,7.19955785679463,line-to-ground,POINT(-97.6989839033179 30.4107729919407),1
p1udt16289-p1udt3871x,ABC,7.19955785679463,line-to-ground,POINT(-97.6993932067598 30.4105461235234),1
p1udt16289-p1udt3871xx,ABC,7.19955785679463,line-to-ground,POINT(-97.6992192836615 30.4105845840587),1
p1udt13996-p1udt16289x,ABC,7.19955785679463,line-to-ground,POINT(-97.6995496628979 30.4104465115972),1
p1udt13996-p1udt16289xx,ABC,7.19955785679463,line-to-ground,POINT(-97.699448409246 30.4104846727309),1
p1udt13996-p1udt19862xx,ABC,7.19955785679463,line-to-ground,POINT(-97.7000750097779 30.4105845070077),1
p1udt13996-p1udt19862x,ABC,7.19955785679463,line-to-ground,POINT(-97.6994607183539 30.4104335997427),1
p1udt23484lv,ABC,0.27712812921102,line-to-ground,POINT(-97.7033250034059 30.4112519436288),1
p1ulv54668,ABC,0.27712812921102,line-to-ground,POINT(-97.7034144057727 30.4113041327893),1
p1udt16287lv,ABC,0.27712812921102,line-to-ground,POINT(-97.7042031470139 30.4096398880946),1
p1ulv26348,ABC,0.27712812921102,line-to-ground,POINT(-97.7042997907852 30.4096887978466),1
p1udt19880lv,ABC,0.27712812921102,line-to-ground,POINT(-97.7030235319504 30.4088578781086),1
p1ulv37766,ABC,0.27712812921102,line-to-ground,POINT(-97.7030102775371 30.4088007728547),1
p1udm27505,ABC,0.27712812921102,line-to-ground,POINT(-97.7028998692903 30.4092778904297),1
p1ulv9873,ABC,0.27712812921102,line-to-ground,POINT(-97.7029071935529 30.409239035417),1
p1udt8073lv,ABC,0.27712812921102,line-to-ground,POINT(-97.7028155440932 30.409084735461),1
p1udm27506,ABC,0.27712812921102,line-to-ground,POINT(-97.7027469612343 30.4090327527628),1
p1ulv39037,ABC,0.27712812921102,line-to-ground,POINT(-97.7027048496 30.4090684260186),1
p1udt8074lv,ABC,0.27712812921102,line-to-ground,POINT(-97.7025211468895 30.4100923763537),1
p1ulv9874,ABC,0.27712812921102,line-to-ground,POINT(-97.7025772293005 30.4100596781204),1
p1udt8073,ABC,7.19955785679463,line-to-ground,POINT(-97.702822189943 30.4091265653824),1
p1udt8074,ABC,7.19955785679463,line-to-ground,POINT(-97.7025277926649 30.4101342062821),1
p1udt19880,ABC,7.19955785679463,line-to-ground,POINT(-97.7030168860281 30.4088160481938),1
p1udt10728,ABC,7.19955785679463,line-to-ground,POINT(-97.7038740846959 30.408544849573),1
p1udt16287,ABC,7.19955785679463,line-to-ground,POINT(-97.7042097934868 30.4096817179601),1
p1udt21067lv,ABC,0.27712812921102,line-to-ground,POINT(-97.7039857373808 30.4166395069234),1
p1ulv42676,ABC,0.27712812921102,line-to-ground,POINT(-97.704083103124 30.4166342866611),1
p1udt21067,ABC,7.19955785679463,line-to-ground,POINT(-97.7039923841199 30.4166813367674),1
p1udt24988lv,ABC,0.27712812921102,line-to-ground,POINT(-97.7035626280535 30.4187195962107),1
p1ulv63244,ABC,0.27712812921102,line-to-ground,POINT(-97.7036597573391 30.4187324197576),1
p1udt328lv,ABC,0.27712812921102,line-to-ground,POINT(-97.7031757075079 30.4178191355165),1
p1ulv331,ABC,0.27712812921102,line-to-ground,POINT(-97.703058476059 30.4177519745237),1
p1udt24988,ABC,7.19955785679463,line-to-ground,POINT(-97.7035692747181 30.4187614260621),1
p1udt328,ABC,7.19955785679463,line-to-ground,POINT(-97.7031690610604 30.4177773056459),1
p1udm49289,ABC,0.27712812921102,line-to-ground,POINT(-97.702868386861 30.4187426048962),1
p1ulv25642,ABC,0.27712812921102,line-to-ground,POINT(-97.7028574998601 30.4187785883169),1
p1udt16011lv,ABC,0.27712812921102,line-to-ground,POINT(-97.7027567266974 30.4187984689057),1
p1udm49290,ABC,0.27712812921102,line-to-ground,POINT(-97.7026375845902 30.4188756549125),1
p1ulv31309,ABC,0.27712812921102,line-to-ground,POINT(-97.7026378233178 30.4188576114887),1
p1udt20650lv,ABC,0.27712812921102,line-to-ground,POINT(-97.7009156565483 30.4186718867038),1
p1ulv40840,ABC,0.27712812921102,line-to-ground,POINT(-97.7009216677105 30.418732270666),1
p1udt16011,ABC,7.19955785679463,line-to-ground,POINT(-97.7027500803792 30.4187566390232),1
p1udt20650,ABC,7.19955785679463,line-to-ground,POINT(-97.7009090110257 30.4186300567497),1
p1udt24693lv,ABC,0.27712812921102,line-to-ground,POINT(-97.7022298594066 30.4195184148437),1
p1ulv61339,ABC,0.27712812921102,line-to-ground,POINT(-97.7022534048824 30.4195846453059),1
p1udt2718lv,ABC,0.27712812921102,line-to-ground,POINT(-97.7014238312251 30.4196063007853),1
p1ulv2893,ABC,0.27712812921102,line-to-ground,POINT(-97.7014111739372 30.4195040869126),1
p1udt24693,ABC,7.19955785679463,line-to-ground,POINT(-97.7022365055409 30.419560244743),1
p1udt2718,ABC,7.19955785679463,line-to-ground,POINT(-97.7014171854368 30.4195644708548),1
p1udt23841lv,ABC,0.27712812921102,line-to-ground,POINT(-97.703448684987 30.4192203963406),1
p1ulv56485,ABC,0.27712812921102,line-to-ground,POINT(-97.7034044387186 30.4191449375798),1
p1udt9192lv,ABC,0.27712812921102,line-to-ground,POINT(-97.7025821275531 30.4208601256671),1
p1ulv11633,ABC,0.27712812921102,line-to-ground,POINT(-97.7026021071496 30.4207701106642),1
p1udt3811,ABC,7.19955785679463,line-to-ground,POINT(-97.7026502117001 30.4200098293432),1
p1udt9192,ABC,7.19955785679463,line-to-ground,POINT(-97.7025361985117 30.420845532301),1
p1udt23841,ABC,7.19955785679463,line-to-ground,POINT(-97.7034420383505 30.4191785664866),1
p1udt18362lv,ABC,0.27712812921102,line-to-ground,POINT(-97.7064032935925 30.4198875558211),1
p1ulv32593,ABC,0.27712812921102,line-to-ground,POINT(-97.7059294666125 30.4195128619921),1
p1udt6745lv,ABC,0.27712812921102,line-to-ground,POINT(-97.7093140911418 30.4212906261817),1
p1ulv45904,ABC,0.27712812921102,line-to-ground,POINT(-97.7091862037525 30.4212414110265),1
p1udm23262,ABC,0.27712812921102,line-to-ground,POINT(-97.7093591346521 30.4215498996865),1
p1ulv7935,ABC,0.27712812921102,line-to-ground,POINT(-97.7092546788166 30.4215759356285),1
p1udm23265,ABC,0.27712812921102,line-to-ground,POINT(-97.7094365168463 30.4212077942729),1
p1ulv46553,ABC,0.27712812921102,line-to-ground,POINT(-97.7094350918488 30.421316055067),1
p1udm23263,ABC,0.27712812921102,line-to-ground,POINT(-97.7094497767126 30.4209913755918),1
p1ulv33256,ABC,0.27712812921102,line-to-ground,POINT(-97.7094650549555 30.4208951107768),1
p1udt20341lv,ABC,0.27712812921102,line-to-ground,POINT(-97.7099078111033 30.4207223795472),1
p1ulv39565,ABC,0.27712812921102,line-to-ground,POINT(-97.7098392164378 30.4206704003224),1
p1udt19134lv,ABC,0.27712812921102,line-to-ground,POINT(-97.7102393027774 30.4206050065995),1
p1ulv35167,ABC,0.27712812921102,line-to-ground,POINT(-97.7101853528247 30.4204753167164),1
p1udt15005lv,ABC,0.27712812921102,line-to-ground,POINT(-97.7106212642868 30.4208523983334),1
p1ulv23072,ABC,0.27712812921102,line-to-ground,POINT(-97.7105243690972 30.4208215364098),1
p1udm62389,ABC,0.27712812921102,line-to-ground,POINT(-97.7115552803578 30.4215986628078),1
p1ulv55860,ABC,0.27712812921102,line-to-ground,POINT(-97.7115545690185 30.421652793247),1
p1udt23719lv,ABC,0.27712812921102,line-to-ground,POINT(-97.7114588583792 30.4215317145928),1
p1udm62390,ABC,0.27712812921102,line-to-ground,POINT(-97.7114311907237 30.4215342776166),1
p1ulv61323,ABC,0.27712812921102,line-to-ground,POINT(-97.7114735419465 30.4214805581952),1
p1udm11663,ABC,0.27712812921102,line-to-ground,POINT(-97.7118138909236 30.4209335196239),1
p1ulv3539,ABC,0.27712812921102,line-to-ground,POINT(-97.7118767058841 30.4209070707245),1
p1udt3299lv,ABC,0.27712812921102,line-to-ground,POINT(-97.7118288112612 30.42086431969),1
p1udm11664,ABC,0.27712812921102,line-to-ground,POINT(-97.711826434326 30.4207712309927),1
p1ulv41438,ABC,0.27712812921102,line-to-ground,POINT(-97.7117120441771 30.4207610792577),1
p1udt18750lv,ABC,0.27712812921102,line-to-ground,POINT(-97.7123595815052 30.4203315320109),1
p1ulv33877,ABC,0.27712812921102,line-to-ground,POINT(-97.7123830155945 30.4204067825849),1
p1udt3299,ABC,7.19955785679463,line-to-ground,POINT(-97.7118221609481 30.4208224901668),1
p1udt18750,ABC,7.19955785679463,line-to-ground,POINT(-97.7123662320235 30.4203733615154),1
p1udt23144lv,ABC,0.27712812921102,line-to-ground,POINT(-97.7117947242552 30.4205334862502),1
p1ulv52768,ABC,0.27712812921102,line-to-ground,POINT(-97.7116835409653 30.420553271002),1
p1udt25095lv,ABC,0.27712812921102,line-to-ground,POINT(-97.7117435381934 30.4202228514725),1
p1ulv63868,ABC,0.27712812921102,line-to-ground,POINT(-97.7116152952331 30.4202007039212),1
p1udt23144,ABC,7.19955785679463,line-to-ground,POINT(-97.7118013745417 30.4205753157757),1
p1udt25095,ABC,7.19955785679463,line-to-ground,POINT(-97.7117368879498 30.4201810219432),1
p1udt3779lv,ABC,0.27712812921102,line-to-ground,POINT(-97.7126226733865 30.4214586402205),1
p1ulv4112,ABC,0.27712812921102,line-to-ground,POINT(-97.7127003683762 30.4213364362942),1
p1udm13337,ABC,0.27712812921102,line-to-ground,POINT(-97.7125460045025 30.4214730938034),1
p1ulv38263,ABC,0.27712812921102,line-to-ground,POINT(-97.7126073981214 30.4215549054836),1
p1udm13335,ABC,0.27712812921102,line-to-ground,POINT(-97.7121397791622 30.4214871326492),1
p1ulv29427,ABC,0.27712812921102,line-to-ground,POINT(-97.7121719570291 30.4214152668048),1
p1udm13338,ABC,0.27712812921102,line-to-ground,POINT(-97.7128279024687 30.4214127132937),1
p1ulv45234,ABC,0.27712812921102,line-to-ground,POINT(-97.712822918937 30.4215181029774),1
p1udm13336,ABC,0.27712812921102,line-to-ground,POINT(-97.7131903659916 30.4207666369755),1
p1ulv31269,ABC,0.27712812921102,line-to-ground,POINT(-97.7130870960139 30.4207024585747),1
p1udt16932lv,ABC,0.27712812921102,line-to-ground,POINT(-97.7140061869305 30.4214334465013),1
p1ulv28169,ABC,0.27712812921102,line-to-ground,POINT(-97.7139615226688 30.421505092321),1
p1udt3779,ABC,7.19955785679463,line-to-ground,POINT(-97.7126160227025 30.4214168107305),1
p1udt16932,ABC,7.19955785679463,line-to-ground,POINT(-97.713959850774 30.4214470404964),1
p1udt24574lv,ABC,0.27712812921102,line-to-ground,POINT(-97.7134503873016 30.4210607692076),1
p1ulv60678,ABC,0.27712812921102,line-to-ground,POINT(-97.7134275441544 30.4209404100673),1
p1udt23258lv,ABC,0.27712812921102,line-to-ground,POINT(-97.713981975274 30.421258838988),1
p1ulv53359,ABC,0.27712812921102,line-to-ground,POINT(-97.7140071857543 30.4211987630662),1
p1udt24574,ABC,7.19955785679463,line-to-ground,POINT(-97.7134437362832 30.421018939748),1
p1udt23258,ABC,7.19955785679463,line-to-ground,POINT(-97.7139886265354 30.4213006684257),1
p1udt13361lv,ABC,0.27712812921102,line-to-ground,POINT(-97.7109574088537 30.4222091543678),1
p1ulv19250,ABC,0.27712812921102,line-to-ground,POINT(-97.7108717526037 30.4221152433042),1
p1udt7187lv,ABC,0.27712812921102,line-to-ground,POINT(-97.7107662320861 30.4224959994641),1
p1ulv8538,ABC,0.27712812921102,line-to-ground,POINT(-97.710719961872 30.4225739125229),1
p1ulv28809,ABC,0.27712812921102,line-to-ground,POINT(-97.7106170476688 30.4224826669705),1
p1udt16492lv,ABC,0.27712812921102,line-to-ground,POINT(-97.7113926143941 30.4223668406104),1
p1ulv26907,ABC,0.27712812921102,line-to-ground,POINT(-97.711408686501 30.422454392225),1
p1udt7187,ABC,7.19955785679463,line-to-ground,POINT(-97.7107595821443 30.4224541699068),1
p1udt16492,ABC,7.19955785679463,line-to-ground,POINT(-97.7113859641905 30.4223250110768),1
p1udt13361,ABC,7.19955785679463,line-to-ground,POINT(-97.7109507588448 30.4221673248166),1
p1udt15006lv,ABC,0.27712812921102,line-to-ground,POINT(-97.7117285608403 30.4219122965068),1
p1ulv23073,ABC,0.27712812921102,line-to-ground,POINT(-97.7118523097231 30.4219715334693),1
p1udt15006,ABC,7.19955785679463,line-to-ground,POINT(-97.7117670096137 30.4219384936042),1
p1udt8030lv,ABC,0.27712812921102,line-to-ground,POINT(-97.7102215877353 30.4127501814698),1
p1ulv9800,ABC,0.27712812921102,line-to-ground,POINT(-97.7103069084133 30.4128160633366),1
p1udt7203lv,ABC,0.27712812921102,line-to-ground,POINT(-97.7094619971226 30.4132165821029),1
p1ulv8562,ABC,0.27712812921102,line-to-ground,POINT(-97.7094071021906 30.413159065854),1
p1udm24710,ABC,0.27712812921102,line-to-ground,POINT(-97.7096456798109 30.4132245843599),1
p1ulv20552,ABC,0.27712812921102,line-to-ground,POINT(-97.7096246242802 30.4132424221014),1
p1udt7201lv,ABC,0.27712812921102,line-to-ground,POINT(-97.7049505651396 30.4121646959647),1
p1ulv8560,ABC,0.27712812921102,line-to-ground,POINT(-97.7050791532242 30.4121597845543),1
p1udt11399lv,ABC,0.27712812921102,line-to-ground,POINT(-97.7059873691095 30.4101177512707),1
p1ulv15440,ABC,0.27712812921102,line-to-ground,POINT(-97.7060847283148 30.41011252932),1
p1udt12054,ABC,7.19955785679463,line-to-ground,POINT(-97.7058976720485 30.4106040997099),1
p1udt11399,ABC,7.19955785679463,line-to-ground,POINT(-97.7059940163714 30.4101595810653),1
p1umv49,ABC,7.19955785679463,line-to-ground,POINT(-97.705021536802 30.4110042803993),1
p1udt21768lv,ABC,0.27712812921102,line-to-ground,POINT(-97.7051709063962 30.4128098442274),1
p1ulv45911,ABC,0.27712812921102,line-to-ground,POINT(-97.7052917865326 30.4126130387976),1
p1udt21768,ABC,7.19955785679463,line-to-ground,POINT(-97.7051603105714 30.4127684538264),1
p1udt22174lv,ABC,0.27712812921102,line-to-ground,POINT(-97.7092700475618 30.4140942407422),1
p1ulv47761,ABC,0.27712812921102,line-to-ground,POINT(-97.708920880239 30.4145076960792),1
p1udt8438,ABC,7.19955785679463,line-to-ground,POINT(-97.7093672809299 30.4141011287896),1
p1udt22174,ABC,7.19955785679463,line-to-ground,POINT(-97.7093184295731 30.4140997053161),1
p1udt20345,ABC,7.19955785679463,line-to-ground,POINT(-97.7094381719588 30.4137768248583),1
p1udt16943,ABC,7.19955785679463,line-to-ground,POINT(-97.7091908471663 30.4134969627412),1
p1udt17160lv,ABC,0.27712812921102,line-to-ground,POINT(-97.7082326707445 30.4153489766482),1
p1ulv28822,ABC,0.27712812921102,line-to-ground,POINT(-97.7084238061158 30.4150982919529),1
p1udt9956,ABC,7.19955785679463,line-to-ground,POINT(-97.7082385964742 30.4152645292061),1
p1udt17160,ABC,7.19955785679463,line-to-ground,POINT(-97.7082368258561 30.415306860908),1
p1udt21066,ABC,7.19955785679463,line-to-ground,POINT(-97.7083205008088 30.4155546023592),1
p1udt22532lv,ABC,0.27712812921102,line-to-ground,POINT(-97.7101137494532 30.4124944746973),1
p1ulv49589,ABC,0.27712812921102,line-to-ground,POINT(-97.7099019037146 30.4124663550749),1
p1udt1644lv,ABC,0.27712812921102,line-to-ground,POINT(-97.7118528872534 30.4079347128481),1
p1ulv1715,ABC,0.27712812921102,line-to-ground,POINT(-97.7117135408493 30.4079665936897),1
p1udt7257lv,ABC,0.27712812921102,line-to-ground,POINT(-97.7118262662383 30.407035507984),1
p1ulv8638,ABC,0.27712812921102,line-to-ground,POINT(-97.7118001427361 30.4069207883161),1
p1udt13090lv,ABC,0.27712812921102,line-to-ground,POINT(-97.7121791178801 30.4068732250204),1
p1ulv18697,ABC,0.27712812921102,line-to-ground,POINT(-97.7120310228802 30.4067786989303),1
p1udt16525lv,ABC,0.27712812921102,line-to-ground,POINT(-97.7123749947606 30.4062255056374),1
p1ulv26997,ABC,0.27712812921102,line-to-ground,POINT(-97.7123913024698 30.4062950137632),1
p1udt8489lv,ABC,0.27712812921102,line-to-ground,POINT(-97.7128853658814 30.4054094503778),1
p1ulv10497,ABC,0.27712812921102,line-to-ground,POINT(-97.7129869518639 30.4053264091023),1
p1udt19525lv,ABC,0.27712812921102,line-to-ground,POINT(-97.7131135191525 30.4054748595547),1
p1ulv36521,ABC,0.27712812921102,line-to-ground,POINT(-97.7131505254915 30.4055535945175),1
p1udt22435lv,ABC,0.27712812921102,line-to-ground,POINT(-97.7136501094821 30.4052849926276),1
p1ulv49085,ABC,0.27712812921102,line-to-ground,POINT(-97.713652015189 30.4054141686251),1
p1udt21080lv,ABC,0.27712812921102,line-to-ground,POINT(-97.7138448178929 30.4052745369169),1
p1ulv42740,ABC,0.27712812921102,line-to-ground,POINT(-97.713718013158 30.4051441306853),1
p1udt17401lv,ABC,0.27712812921102,line-to-ground,POINT(-97.7148492181031 30.4056814349429),1
p1ulv29515,ABC,0.27712812921102,line-to-ground,POINT(-97.714939449131 30.4056704638677),1
p1udt17401,ABC,7.19955785679463,line-to-ground,POINT(-97.7148425672777 30.4056396054713),1
p1udt17812lv,ABC,0.27712812921102,line-to-ground,POINT(-97.7148352558773 30.4051579671833),1
p1ulv30766,ABC,0.27712812921102,line-to-ground,POINT(-97.7147277299533 30.4051450498277),1
p1udt21509lv,ABC,0.27712812921102,line-to-ground,POINT(-97.7152965030435 30.4051568335615),1
p1ulv44724,ABC,0.27712812921102,line-to-ground,POINT(-97.7151408520706 30.4051192103946),1
p1udt17812,ABC,7.19955785679463,line-to-ground,POINT(-97.7148286050848 30.4051161377088),1
p1udt21509,ABC,7.19955785679463,line-to-ground,POINT(-97.7153031540385 30.4051986630176),1
p1udt23729lv,ABC,0.27712812921102,line-to-ground,POINT(-97.7140839683889 30.4045009196377),1
p1ulv55922,ABC,0.27712812921102,line-to-ground,POINT(-97.7141233399688 30.4043992188951),1
p1udt10726lv,ABC,0.27712812921102,line-to-ground,POINT(-97.7146744675088 30.4025791748306),1
p1ulv14224,ABC,0.27712812921102,line-to-ground,POINT(-97.7146986087354 30.402600294454),1
p1umv24,ABC,7.19955785679463,line-to-ground,POINT(-97.7154236419182 30.4022803467702),1
p1udt12097lv,ABC,0.27712812921102,line-to-ground,POINT(-97.7136427240084 30.4046710825781),1
p1ulv16761,ABC,0.27712812921102,line-to-ground,POINT(-97.7136406616163 30.4046922219489),1
p1udt12097,ABC,7.19955785679463,line-to-ground,POINT(-97.7135963081159 30.4046577550314),1
p1udt17997lv,ABC,0.27712812921102,line-to-ground,POINT(-97.7135369228732 30.4039023262195),1
p1ulv31385,ABC,0.27712812921102,line-to-ground,POINT(-97.7134624234314 30.4039956999674),1
p1udt17997,ABC,7.19955785679463,line-to-ground,POINT(-97.7135753652731 30.4039285226657),1
p1udt24073lv,ABC,0.27712812921102,line-to-ground,POINT(-97.7132532903089 30.4061743534836),1
p1ulv57747,ABC,0.27712812921102,line-to-ground,POINT(-97.7133507637308 30.4061601042196),1
p1udt25282lv,ABC,0.27712812921102,line-to-ground,POINT(-97.7135581151319 30.4064988318228),1
p1ulv65218,ABC,0.27712812921102,line-to-ground,POINT(-97.7136377020659 30.4065058026693),1
p1udt25104lv,ABC,0.27712812921102,line-to-ground,POINT(-97.7141481710723 30.4062012144662),1
p1ulv63949,ABC,0.27712812921102,line-to-ground,POINT(-97.7140520389375 30.4061427795258),1
p1udm31130,ABC,0.27712812921102,line-to-ground,POINT(-97.7143207491699 30.4060162682539),1
p1ulv11720,ABC,0.27712812921102,line-to-ground,POINT(-97.7143096314674 30.4060702964022),1
p1udt9242lv,ABC,0.27712812921102,line-to-ground,POINT(-97.7143842499947 30.4059679004504),1
p1udm31131,ABC,0.27712812921102,line-to-ground,POINT(-97.7145296249444 30.4059641870256),1
p1ulv51541,ABC,0.27712812921102,line-to-ground,POINT(-97.7144860848703 30.4058346011656),1
p1udt25104,ABC,7.19955785679463,line-to-ground,POINT(-97.7141548216292 30.4062430439623),1
p1udt9242,ABC,7.19955785679463,line-to-ground,POINT(-97.7144226934188 30.4059940966687),1
p1udt25282,ABC,7.19955785679463,line-to-ground,POINT(-97.7135514648175 30.4064570023047),1
p1udt24073,ABC,7.19955785679463,line-to-ground,POINT(-97.7132599404811 30.4062161830144),1
p1udt23732lv,ABC,0.27712812921102,line-to-ground,POINT(-97.7120918204088 30.4058380776279),1
p1ulv55925,ABC,0.27712812921102,line-to-ground,POINT(-97.7119493106011 30.4058665769229),1
p1udt12751lv,ABC,0.27712812921102,line-to-ground,POINT(-97.7121348426499 30.405372243101),1
p1ulv18044,ABC,0.27712812921102,line-to-ground,POINT(-97.7120448716754 30.4054496285001),1
p1udm41212,ABC,0.27712812921102,line-to-ground,POINT(-97.7119981686572 30.4053166600043),1
p1ulv27646,ABC,0.27712812921102,line-to-ground,POINT(-97.7118614401025 30.4054235864965),1
p1udt16044lv,ABC,0.27712812921102,line-to-ground,POINT(-97.7122530796851 30.4044106939396),1
p1ulv25711,ABC,0.27712812921102,line-to-ground,POINT(-97.7123010851445 30.4044444229314),1
p1udt22546lv,ABC,0.27712812921102,line-to-ground,POINT(-97.7123791420211 30.4037746593419),1
p1ulv49670,ABC,0.27712812921102,line-to-ground,POINT(-97.712451288242 30.4038295083128),1
p1udt24278lv,ABC,0.27712812921102,line-to-ground,POINT(-97.7125810387482 30.4034608471999),1
p1ulv58952,ABC,0.27712812921102,line-to-ground,POINT(-97.7126141672864 30.4035903310319),1
p1udt24794lv,ABC,0.27712812921102,line-to-ground,POINT(-97.7121014706227 30.4032723090547),1
p1ulv62043,ABC,0.27712812921102,line-to-ground,POINT(-97.7120041183692 30.4032775357026),1
p1udt24278,ABC,7.19955785679463,line-to-ground,POINT(-97.7125876884927 30.4035026767684),1
p1udt24794,ABC,7.19955785679463,line-to-ground,POINT(-97.7120948210984 30.4032304794664),1
p1udt24997lv,ABC,0.27712812921102,line-to-ground,POINT(-97.7131726692675 30.4033460296972),1
p1ulv63311,ABC,0.27712812921102,line-to-ground,POINT(-97.713087263282 30.4032340766939),1
p1udt24997,ABC,7.19955785679463,line-to-ground,POINT(-97.7131660192805 30.4033042001506),1
p1udt22546,ABC,7.19955785679463,line-to-ground,POINT(-97.7123857916953 30.4038164889169),1
p1udt12099,ABC,7.19955785679463,line-to-ground,POINT(-97.7121943016963 30.4041304033439),1
p1udt24586lv,ABC,0.27712812921102,line-to-ground,POINT(-97.7117894512534 30.4040452037815),1
p1ulv60770,ABC,0.27712812921102,line-to-ground,POINT(-97.7118398253132 30.4038984976306),1
p1udt17816lv,ABC,0.27712812921102,line-to-ground,POINT(-97.7114538894665 30.403684326428),1
p1ulv30770,ABC,0.27712812921102,line-to-ground,POINT(-97.7115573777753 30.4037304622087),1
p1udt20201lv,ABC,0.27712812921102,line-to-ground,POINT(-97.708879932361 30.403108504271),1
p1ulv39034,ABC,0.27712812921102,line-to-ground,POINT(-97.7089875738132 30.403112404604),1
p1udt8858lv,ABC,0.27712812921102,line-to-ground,POINT(-97.7087456568804 30.403819988018),1
p1ulv11093,ABC,0.27712812921102,line-to-ground,POINT(-97.7088593146081 30.4038842723291),1
p1udt24793lv,ABC,0.27712812921102,line-to-ground,POINT(-97.7086622351754 30.4027962214616),1
p1ulv62042,ABC,0.27712812921102,line-to-ground,POINT(-97.7086372640948 30.4028382530473),1
p1udt2205,ABC,7.19955785679463,line-to-ground,POINT(-97.7084630188483 30.4031494962502),1
p1udt24793,ABC,7.19955785679463,line-to-ground,POINT(-97.7086555871488 30.4027543917384),1
p1udt8858,ABC,7.19955785679463,line-to-ground,POINT(-97.7087523050004 30.4038618177332),1
p1udt5892lv,ABC,0.27712812921102,line-to-ground,POINT(-97.708723059748 30.4039551084991),1
p1ulv6770,ABC,0.27712812921102,line-to-ground,POINT(-97.7086001805831 30.4040740275704),1
p1udt18596lv,ABC,0.27712812921102,line-to-ground,POINT(-97.7087987652196 30.4042863547557),1
p1ulv33356,ABC,0.27712812921102,line-to-ground,POINT(-97.7085972119376 30.4042995714071),1
p1udt8490lv,ABC,0.27712812921102,line-to-ground,POINT(-97.7087923273723 30.4046510623079),1
p1ulv10498,ABC,0.27712812921102,line-to-ground,POINT(-97.7085411337644 30.4046057963484),1
p1udt13089lv,ABC,0.27712812921102,line-to-ground,POINT(-97.7090499643397 30.404989863609),1
p1ulv18696,ABC,0.27712812921102,line-to-ground,POINT(-97.7090806963203 30.405010976368),1
p1udt8490,ABC,7.19955785679463,line-to-ground,POINT(-97.7087434561474 30.4046492447991),1
p1udt13089,ABC,7.19955785679463,line-to-ground,POINT(-97.7090105016008 30.4049647845794),1
p1udt18596,ABC,7.19955785679463,line-to-ground,POINT(-97.7087921170579 30.4042445250441),1
p1udt19528lv,ABC,0.27712812921102,line-to-ground,POINT(-97.7092564469506 30.404555895009),1
p1ulv36524,ABC,0.27712812921102,line-to-ground,POINT(-97.7093272057818 30.4044720373717),1
p1udt19157lv,ABC,0.27712812921102,line-to-ground,POINT(-97.7095127121561 30.4044982008912),1
p1ulv35251,ABC,0.27712812921102,line-to-ground,POINT(-97.7095819492475 30.4046160856832),1
p1udt19528,ABC,7.19955785679463,line-to-ground,POINT(-97.7092630953272 30.4045977247013),1
p1udt19157,ABC,7.19955785679463,line-to-ground,POINT(-97.7094663835294 30.4045117935381),1
p1udt5892,ABC,7.19955785679463,line-to-ground,POINT(-97.7087297078652 30.4039969382146),1
p1udt17817lv,ABC,0.27712812921102,line-to-ground,POINT(-97.7092272766032 30.4036081991296),1
p1ulv30771,ABC,0.27712812921102,line-to-ground,POINT(-97.7092326193817 30.4037492681475),1
p1udm53155,ABC,0.27712812921102,line-to-ground,POINT(-97.7092840651776 30.4035213672714),1
p1ulv62695,ABC,0.27712812921102,line-to-ground,POINT(-97.7093980789459 30.4035585858454),1
p1udt4859lv,ABC,0.27712812921102,line-to-ground,POINT(-97.7095896599206 30.403756147443),1
p1ulv5455,ABC,0.27712812921102,line-to-ground,POINT(-97.7097190673931 30.4036880788254),1
p1udm57460,ABC,0.27712812921102,line-to-ground,POINT(-97.7096590777441 30.4042920223789),1
p1ulv39035,ABC,0.27712812921102,line-to-ground,POINT(-97.70969386368 30.4042952022335),1
p1udt20202lv,ABC,0.27712812921102,line-to-ground,POINT(-97.7097887231654 30.4042059102017),1
p1udm57461,ABC,0.27712812921102,line-to-ground,POINT(-97.7098178095478 30.4040950862856),1
p1ulv63314,ABC,0.27712812921102,line-to-ground,POINT(-97.709755954124 30.4040493604928),1
p1udt22054,ABC,7.19955785679463,line-to-ground,POINT(-97.7098432549947 30.4040169674442),1
p1udt20202,ABC,7.19955785679463,line-to-ground,POINT(-97.7097820745837 30.404164080528),1
p1udt4859,ABC,7.19955785679463,line-to-ground,POINT(-97.7095963083989 30.4037979771258),1
p1udt17817,ABC,7.19955785679463,line-to-ground,POINT(-97.7092339249186 30.4036500288271),1
p1udt17813lv,ABC,0.27712812921102,line-to-ground,POINT(-97.7125532286127 30.406922028766),1
p1ulv30767,ABC,0.27712812921102,line-to-ground,POINT(-97.7126539877826 30.4069021401701),1
p1udt17813,ABC,7.19955785679463,line-to-ground,POINT(-97.712546578707 30.4068801992109),1
p1udt13994lv,ABC,0.27712812921102,line-to-ground,POINT(-97.7107628635857 30.4069133872551),1
p1ulv20629,ABC,0.27712812921102,line-to-ground,POINT(-97.7108103954811 30.4069832038329),1
p1udt24906lv,ABC,0.27712812921102,line-to-ground,POINT(-97.7108727565442 30.406472348715),1
p1ulv62696,ABC,0.27712812921102,line-to-ground,POINT(-97.7107547029166 30.4064683470663),1
p1udt20518lv,ABC,0.27712812921102,line-to-ground,POINT(-97.7112730998709 30.4063533300708),1
p1ulv40309,ABC,0.27712812921102,line-to-ground,POINT(-97.711360165355 30.4063389795841),1
p1udt24075lv,ABC,0.27712812921102,line-to-ground,POINT(-97.71163493649 30.4062994123721),1
p1ulv57749,ABC,0.27712812921102,line-to-ground,POINT(-97.7116129276745 30.4061159004812),1
p1udt20518,ABC,7.19955785679463,line-to-ground,POINT(-97.7112797492039 30.4063951596775),1
p1udt24075,ABC,7.19955785679463,line-to-ground,POINT(-97.7116282870097 30.4062575827787),1
p1udt24906,ABC,7.19955785679463,line-to-ground,POINT(-97.7108661073816 30.406430519093),1
p1udt22667lv,ABC,0.27712812921102,line-to-ground,POINT(-97.7108863786321 30.4061087145194),1
p1ulv50293,ABC,0.27712812921102,line-to-ground,POINT(-97.7107551722083 30.4061587359902),1
p1udt12100lv,ABC,0.27712812921102,line-to-ground,POINT(-97.7108320955254 30.4056057460828),1
p1ulv40909,ABC,0.27712812921102,line-to-ground,POINT(-97.7109225639039 30.4055767342751),1
p1udm39462,ABC,0.27712812921102,line-to-ground,POINT(-97.7107145171743 30.4055656573907),1
p1ulv16764,ABC,0.27712812921102,line-to-ground,POINT(-97.710674069737 30.4054750287358),1
p1udt19712lv,ABC,0.27712812921102,line-to-ground,POINT(-97.7115456009076 30.4050596507355),1
p1ulv37157,ABC,0.27712812921102,line-to-ground,POINT(-97.7114075058015 30.4051123281886),1
p1udm56651,ABC,0.27712812921102,line-to-ground,POINT(-97.7116466578814 30.4051327337775),1
p1ulv42741,ABC,0.27712812921102,line-to-ground,POINT(-97.7116487903341 30.4049703420413),1
p1udt12100,ABC,7.19955785679463,line-to-ground,POINT(-97.7108254464248 30.4055639164555),1
p1udt19712,ABC,7.19955785679463,line-to-ground,POINT(-97.7114992722668 30.4050732441031),1
p1udt22667,ABC,7.19955785679463,line-to-ground,POINT(-97.7108404550672 30.4060941242067),1
p1udt13994,ABC,7.19955785679463,line-to-ground,POINT(-97.7107562144475 30.4068715576307),1
p1udt17818,ABC,7.19955785679463,line-to-ground,POINT(-97.7108322843677 30.4071757375549),1
p1udt15557lv,ABC,0.27712812921102,line-to-ground,POINT(-97.7130679397614 30.4076071730927),1
p1ulv24451,ABC,0.27712812921102,line-to-ground,POINT(-97.7130917267796 30.407655358317),1
p1udt20203,ABC,7.19955785679463,line-to-ground,POINT(-97.7119826143562 30.4078130222144),1
p1udt15557,ABC,7.19955785679463,line-to-ground,POINT(-97.7130745899279 30.4076490026245),1
p1udt22798lv,ABC,0.27712812921102,line-to-ground,POINT(-97.7155523075595 30.4105720687944),1
p1ulv50933,ABC,0.27712812921102,line-to-ground,POINT(-97.7155607208634 30.4106933279931),1
p1udt19857lv,ABC,0.27712812921102,line-to-ground,POINT(-97.7162175594353 30.4108921055143),1
p1ulv37667,ABC,0.27712812921102,line-to-ground,POINT(-97.7161423163276 30.4107983002312),1
p1udt3293lv,ABC,0.27712812921102,line-to-ground,POINT(-97.7165423381945 30.4109798554667),1
p1ulv3531,ABC,0.27712812921102,line-to-ground,POINT(-97.7164606223726 30.4111352781797),1
p1udt16008lv,ABC,0.27712812921102,line-to-ground,POINT(-97.7169445311859 30.4120665602206),1
p1ulv25629,ABC,0.27712812921102,line-to-ground,POINT(-97.7167804873194 30.4121489905967),1
p1udt18167lv,ABC,0.27712812921102,line-to-ground,POINT(-97.7168935715676 30.4127788710162),1
p1ulv31938,ABC,0.27712812921102,line-to-ground,POINT(-97.7169811141751 30.4127284298492),1
p1udt18953,ABC,7.19955785679463,line-to-ground,POINT(-97.7170873070238 30.4123827040598),1
p1udt18167,ABC,7.19955785679463,line-to-ground,POINT(-97.7169002236397 30.4128207003777),1
p1udt16008,ABC,7.19955785679463,line-to-ground,POINT(-97.7169511832432 30.4121083895832),1
p1udt8420,ABC,7.19955785679463,line-to-ground,POINT(-97.7169943533177 30.4119915156844),1
p1udt9591,ABC,7.19955785679463,line-to-ground,POINT(-97.7164697610282 30.4116450511133),1
p1udt3293,ABC,7.19955785679463,line-to-ground,POINT(-97.7165489900234 30.4110216848495),1
p1udt9189lv,ABC,0.27712812921102,line-to-ground,POINT(-97.7177811109784 30.4109830034781),1
p1ulv11627,ABC,0.27712812921102,line-to-ground,POINT(-97.717846300732 30.4110496403202),1
p1udt17402,ABC,7.19955785679463,line-to-ground,POINT(-97.7164945962021 30.4106634890934),1
p1udt9189,ABC,7.19955785679463,line-to-ground,POINT(-97.7177877633382 30.411024832813),1
p1udt21236lv,ABC,0.27712812921102,line-to-ground,POINT(-97.7165035730243 30.4107472144203),1
p1ulv43432,ABC,0.27712812921102,line-to-ground,POINT(-97.7164831904995 30.4107266319299),1
p1udt21236,ABC,7.19955785679463,line-to-ground,POINT(-97.7164929725705 30.4107058247954),1
p1udt14510lv,ABC,0.27712812921102,line-to-ground,POINT(-97.7156679994031 30.4112769954689),1
p1ulv21808,ABC,0.27712812921102,line-to-ground,POINT(-97.7157775304988 30.4113512984667),1
p1udt10698lv,ABC,0.27712812921102,line-to-ground,POINT(-97.7154787794551 30.4116608115957),1
p1ulv44625,ABC,0.27712812921102,line-to-ground,POINT(-97.7155167350253 30.4116673717955),1
p1udm35471,ABC,0.27712812921102,line-to-ground,POINT(-97.7152989746649 30.4116020688374),1
p1ulv14146,ABC,0.27712812921102,line-to-ground,POINT(-97.7153180200596 30.4117376001758),1
p1udt10699lv,ABC,0.27712812921102,line-to-ground,POINT(-97.7156347034393 30.4121647275596),1
p1ulv14147,ABC,0.27712812921102,line-to-ground,POINT(-97.7155639358779 30.4120377762594),1
p1udt5315,ABC,7.19955785679463,line-to-ground,POINT(-97.7156406225098 30.4120802795526),1
p1udt10699,ABC,7.19955785679463,line-to-ground,POINT(-97.7156388551934 30.4121226114684),1
p1udt4311lv,ABC,0.27712812921102,line-to-ground,POINT(-97.7151815147746 30.412346980026),1
p1ulv4752,ABC,0.27712812921102,line-to-ground,POINT(-97.7152206930373 30.4122898773149),1
p1udt15527lv,ABC,0.27712812921102,line-to-ground,POINT(-97.7146877589912 30.4121953670028),1
p1ulv24372,ABC,0.27712812921102,line-to-ground,POINT(-97.7148329439533 30.4122110416844),1
p1udt4311,ABC,7.19955785679463,line-to-ground,POINT(-97.7151881660908 30.4123888094556),1
p1udt15527,ABC,7.19955785679463,line-to-ground,POINT(-97.714726945267 30.4121700087029),1
p1udt20792,ABC,7.19955785679463,line-to-ground,POINT(-97.7155898336316 30.4122584748661),1
p1udt10698,ABC,7.19955785679463,line-to-ground,POINT(-97.7154721280518 30.4116189821741),1
p1udt25272lv,ABC,0.27712812921102,line-to-ground,POINT(-97.7144439636775 30.4114599299331),1
p1ulv65122,ABC,0.27712812921102,line-to-ground,POINT(-97.7143205362285 30.4115924379319),1
p1udt7181,ABC,7.19955785679463,line-to-ground,POINT(-97.7143449607227 30.4114791819995),1
p1udt25272,ABC,7.19955785679463,line-to-ground,POINT(-97.7143959729808 30.41147063105),1
p1udt8809,ABC,7.19955785679463,line-to-ground,POINT(-97.7151087611832 30.4115432234052),1
p1udt14510,ABC,7.19955785679463,line-to-ground,POINT(-97.7157064452115 30.411303191358),1
p1udt23022,ABC,7.19955785679463,line-to-ground,POINT(-97.7155268756071 30.4111348540671),1
p1udm59076,ABC,0.27712812921102,line-to-ground,POINT(-97.7153758544654 30.4112960456442),1
p1ulv43333,ABC,0.27712812921102,line-to-ground,POINT(-97.7152715292373 30.4113130650334),1
p1udt21219lv,ABC,0.27712812921102,line-to-ground,POINT(-97.7154528694281 30.4112545248327),1
p1udm59077,ABC,0.27712812921102,line-to-ground,POINT(-97.7154881468119 30.4112151770882),1
p1ulv63846,ABC,0.27712812921102,line-to-ground,POINT(-97.7155453502185 30.4110721398928),1
p1udt21219,ABC,7.19955785679463,line-to-ground,POINT(-97.7154462180569 30.4112126954084),1
p1udt24166lv,ABC,0.27712812921102,line-to-ground,POINT(-97.7152743481574 30.4108230183984),1
p1ulv58253,ABC,0.27712812921102,line-to-ground,POINT(-97.7151947575773 30.4108160484502),1
p1udt24166,ABC,7.19955785679463,line-to-ground,POINT(-97.7152809994349 30.4108648478311),1
p1udt24792lv,ABC,0.27712812921102,line-to-ground,POINT(-97.715371797178 30.4097412254183),1
p1ulv62041,ABC,0.27712812921102,line-to-ground,POINT(-97.7154685650744 30.4097811052942),1
p1udt22547lv,ABC,0.27712812921102,line-to-ground,POINT(-97.7157369293923 30.4096816567227),1
p1ulv49671,ABC,0.27712812921102,line-to-ground,POINT(-97.7158122893964 30.409766440448),1
p1udt10727lv,ABC,0.27712812921102,line-to-ground,POINT(-97.7169931989019 30.4099376261756),1
p1ulv14225,ABC,0.27712812921102,line-to-ground,POINT(-97.7170703301213 30.4098870825756),1
p1udt18191lv,ABC,0.27712812921102,line-to-ground,POINT(-97.7173312795294 30.4101090328535),1
p1ulv32022,ABC,0.27712812921102,line-to-ground,POINT(-97.7172663266894 30.4100243522205),1
p1udt10366lv,ABC,0.27712812921102,line-to-ground,POINT(-97.7182433105462 30.4098686974724),1
p1ulv13594,ABC,0.27712812921102,line-to-ground,POINT(-97.7180915666138 30.409806883366),1
p1udt18191,ABC,7.19955785679463,line-to-ground,POINT(-97.7173246274124 30.410067203497),1
p1udt10366,ABC,7.19955785679463,line-to-ground,POINT(-97.7182499630466 30.4099105267941),1
p1udt10727,ABC,7.19955785679463,line-to-ground,POINT(-97.7169998508702 30.4099794555455),1
p1udt17815lv,ABC,0.27712812921102,line-to-ground,POINT(-97.717187182172 30.4091872778035),1
p1ulv30769,ABC,0.27712812921102,line-to-ground,POINT(-97.7171615050557 30.409283441699),1
p1udt24791lv,ABC,0.27712812921102,line-to-ground,POINT(-97.7180047016566 30.4090091759126),1
p1ulv62040,ABC,0.27712812921102,line-to-ground,POINT(-97.7179333985526 30.4091647019008),1
p1udt4857lv,ABC,0.27712812921102,line-to-ground,POINT(-97.718725020257 30.4088538332304),1
p1ulv5453,ABC,0.27712812921102,line-to-ground,POINT(-97.7187379303795 30.4089380025001),1
p1udt11398lv,ABC,0.27712812921102,line-to-ground,POINT(-97.7190425187071 30.4090069876421),1
p1ulv15439,ABC,0.27712812921102,line-to-ground,POINT(-97.7190588315605 30.4090764950548),1
p1udt18781lv,ABC,0.27712812921102,line-to-ground,POINT(-97.7192587313601 30.4094365373897),1
p1ulv33983,ABC,0.27712812921102,line-to-ground,POINT(-97.7192091896966 30.4095200940326),1
p1udt2788lv,ABC,0.27712812921102,line-to-ground,POINT(-97.7202819628367 30.4092029504761),1
p1ulv2973,ABC,0.27712812921102,line-to-ground,POINT(-97.7203367445048 30.4092694840933),1
p1udt19526lv,ABC,0.27712812921102,line-to-ground,POINT(-97.7210427471575 30.4088912508487),1
p1ulv36522,ABC,0.27712812921102,line-to-ground,POINT(-97.7210592966672 30.4089427144705),1
p1udt18780lv,ABC,0.27712812921102,line-to-ground,POINT(-97.7218608526689 30.4084210454431),1
p1ulv33982,ABC,0.27712812921102,line-to-ground,POINT(-97.7217957793426 30.4083453887572),1
p1udt17814lv,ABC,0.27712812921102,line-to-ground,POINT(-97.7221287006906 30.408084145729),1
p1ulv30768,ABC,0.27712812921102,line-to-ground,POINT(-97.7223083860561 30.4081519008403),1
p1udt18780,ABC,7.19955785679463,line-to-ground,POINT(-97.7218541986983 30.408379216255),1
p1udt17814,ABC,7.19955785679463,line-to-ground,POINT(-97.7221353547635 30.4081259749078),1
p1udt23497lv,ABC,0.27712812921102,line-to-ground,POINT(-97.7220548986456 30.4085916420399),1
p1ulv54752,ABC,0.27712812921102,line-to-ground,POINT(-97.721964462035 30.4087051215563),1
p1udt23497,ABC,7.19955785679463,line-to-ground,POINT(-97.7220085696322 30.4086052391236),1
p1udt19526,ABC,7.19955785679463,line-to-ground,POINT(-97.7210360935132 30.4088494216308),1
p1udt24904lv,ABC,0.27712812921102,line-to-ground,POINT(-97.7211847634792 30.4083783340076),1
p1ulv62693,ABC,0.27712812921102,line-to-ground,POINT(-97.7211515045569 30.4082578738652),1
p1udt24904,ABC,7.19955785679463,line-to-ground,POINT(-97.7211781098004 30.408336504793),1
p1udt11742,ABC,7.19955785679463,line-to-ground,POINT(-97.7207629978986 30.4090362281927),1
p1udt2788,ABC,7.19955785679463,line-to-ground,POINT(-97.7202886161762 30.4092447797217),1
p1udt8855lv,ABC,0.27712812921102,line-to-ground,POINT(-97.7205431316407 30.4088863562232),1
p1ulv11090,ABC,0.27712812921102,line-to-ground,POINT(-97.7204460093708 30.4088735454368),1
p1udm29962,ABC,0.27712812921102,line-to-ground,POINT(-97.7206864673246 30.4087946950846),1
p1ulv49086,ABC,0.27712812921102,line-to-ground,POINT(-97.720634777077 30.408767119807),1
p1udt21235,ABC,7.19955785679463,line-to-ground,POINT(-97.7203859426576 30.4089660223594),1
p1udt8855,ABC,7.19955785679463,line-to-ground,POINT(-97.7205364782107 30.4088445269859),1
p1udt18781,ABC,7.19955785679463,line-to-ground,POINT(-97.7192653842732 30.409478366674),1
p1udt24478lv,ABC,0.27712812921102,line-to-ground,POINT(-97.7190436204202 30.4097198106409),1
p1ulv60163,ABC,0.27712812921102,line-to-ground,POINT(-97.7191959538511 30.4097365147379),1
p1udt24478,ABC,7.19955785679463,line-to-ground,POINT(-97.7190369675896 30.409677981349),1
p1udt11398,ABC,7.19955785679463,line-to-ground,POINT(-97.7190358659138 30.4089651583472),1
p1udt4857,ABC,7.19955785679463,line-to-ground,POINT(-97.7187316729114 30.4088956625378),1
p1udt24791,ABC,7.19955785679463,line-to-ground,POINT(-97.7180113540105 30.4090510052473),1
p1udt17815,ABC,7.19955785679463,line-to-ground,POINT(-97.7171805301643 30.4091454484375),1
p1udm20466,ABC,0.27712812921102,line-to-ground,POINT(-97.7168745911521 30.4065466725526),1
p1ulv6769,ABC,0.27712812921102,line-to-ground,POINT(-97.7167285196384 30.4065723059365),1
p1udt5891lv,ABC,0.27712812921102,line-to-ground,POINT(-97.717014269126 30.4067346905911),1
p1udm20467,ABC,0.27712812921102,line-to-ground,POINT(-97.7171934763815 30.406838539705),1
p1ulv35248,ABC,0.27712812921102,line-to-ground,POINT(-97.7171390747909 30.4070184640346),1
p1udt13992lv,ABC,0.27712812921102,line-to-ground,POINT(-97.7166395631489 30.405690019781),1
p1ulv20627,ABC,0.27712812921102,line-to-ground,POINT(-97.7166569359362 30.4056783314441),1
p1udt398lv,ABC,0.27712812921102,line-to-ground,POINT(-97.7175301597717 30.4058003303501),1
p1ulv12376,ABC,0.27712812921102,line-to-ground,POINT(-97.7176123770443 30.4058501308332),1
p1udm1440,ABC,0.27712812921102,line-to-ground,POINT(-97.7173227133394 30.4057119417358),1
p1ulv402,ABC,0.27712812921102,line-to-ground,POINT(-97.7173845734463 30.4057576640635),1
p1udt19708,ABC,7.19955785679463,line-to-ground,POINT(-97.7174162937114 30.4059954082246),1
p1udt398,ABC,7.19955785679463,line-to-ground,POINT(-97.7175686040074 30.405826525665),1
p1udt13992,ABC,7.19955785679463,line-to-ground,POINT(-97.7166329115561 30.4056481903787),1
p1udt19709lv,ABC,0.27712812921102,line-to-ground,POINT(-97.7189537066728 30.4070391152676),1
p1ulv37154,ABC,0.27712812921102,line-to-ground,POINT(-97.7189501447302 30.4070362441868),1
p1udt19709,ABC,7.19955785679463,line-to-ground,POINT(-97.718947054019 30.4069972859608),1
p1udt12749-p1udt2205x,ABC,7.19955785679463,line-to-ground,POINT(-97.7080832963338 30.4022514280396),1
p1udt22532-p1udt8030x,ABC,7.19955785679463,line-to-ground,POINT(-97.7101981206061 30.4125352628131),1
p1udt17156-p1udt9192x,ABC,0.0692820323027551,line-to-ground,POINT(-97.7024977527272 30.4208193325636),1
p1udt17156,ABC,0.0692820323027551,line-to-ground,POINT(-97.7018898582381 30.4216083459725),1
p1udt20023-p1udt23483x,ABC,7.19955785679463,line-to-ground,POINT(-97.7111995280906 30.4234719005789),1
p1udt17401-p1udt9242x,ABC,7.19955785679463,line-to-ground,POINT(-97.7144686175185 30.4060086857356),1
p1udt17811-p1udt23497x,ABC,7.19955785679463,line-to-ground,POINT(-97.7219693866155 30.4086305997174),1
p1udt15006-p1udt16492x,ABC,7.19955785679463,line-to-ground,POINT(-97.7118129406599 30.4219530837739),1
p1udt12751-p1udt19712x,ABC,7.19955785679463,line-to-ground,POINT(-97.7120493297834 30.4054111942671),1
p1udt19157-p1udt20202x,ABC,7.19955785679463,line-to-ground,POINT(-97.7094271990895 30.4045371503369),1
p1udt11708-p1udt22042x,ABC,0.0692820323027551,line-to-ground,POINT(-97.6975825001443 30.4154198122095),1
p1udt22042,ABC,0.0692820323027551,line-to-ground,POINT(-97.6961610465586 30.4147570182276),1
p1udt11369-p1udt20025x,ABC,7.19955785679463,line-to-ground,POINT(-97.7123010373113 30.4195330721472),1
p1udt11369-p1udt20025xx,ABC,7.19955785679463,line-to-ground,POINT(-97.7115135655429 30.4190360314045),1
p1udt16930-p1udt8427xxx,A,7.19955785679463,line-to-ground,POINT(-97.7131868853604 30.4200242235325),1
p1udt16930,A,7.19955785679463,line-to-ground,POINT(-97.7134317976947 30.4204300393876),1
p1udt25187,A,7.19955785679463,line-to-ground,POINT(-97.6990358912386 30.4131592816471),1
p1udt17162,B,7.19955785679463,line-to-ground,POINT(-97.6998599782377 30.4140028068922),1
p1udt15768,B,7.19955785679463,line-to-ground,POINT(-97.6999533191016 30.4138463689931),1
p1udt21225,B,7.19955785679463,line-to-ground,POINT(-97.6997538538037 30.4141551393354),1
p1udt21773,B,7.19955785679463,line-to-ground,POINT(-97.6995518934629 30.4144689293128),1
p1udt21773-p1udt5334xxx,B,7.19955785679463,line-to-ground,POINT(-97.6993398370733 30.4148736031078),1
p1udt13663,B,7.19955785679463,line-to-ground,POINT(-97.7003061431646 30.4149005161839),1
p1udt2713,B,7.19955785679463,line-to-ground,POINT(-97.7004845572254 30.4146083497776),1
p1udt13370,B,7.19955785679463,line-to-ground,POINT(-97.7001989422536 30.4151340443367),1
p1udt13370-p1udt332xxx,B,7.19955785679463,line-to-ground,POINT(-97.7003592447098 30.4156396305137),1
p1udt8034,C,7.19955785679463,line-to-ground,POINT(-97.7010820545492 30.4152691540087),1
p1udt9198,C,7.19955785679463,line-to-ground,POINT(-97.7012711089238 30.414960278087),1
p1udt3311,C,7.19955785679463,line-to-ground,POINT(-97.7009545318281 30.4154662174841),1
p1udt2147-p1udt3311x,C,7.19955785679463,line-to-ground,POINT(-97.7009866539315 30.4159691289493),1
p1udt11368-p1udt9957x,B,7.19955785679463,line-to-ground,POINT(-97.7018140595248 30.416383671119),1
p1udt9957,B,7.19955785679463,line-to-ground,POINT(-97.701674704487 30.4159285111144),1
p1udt1575,C,7.19955785679463,line-to-ground,POINT(-97.7014680642796 30.4175976086441),1
p1udt23145,C,7.19955785679463,line-to-ground,POINT(-97.7011692296724 30.417935589656),1
p1udt5329,C,7.19955785679463,line-to-ground,POINT(-97.7015101981259 30.4175291377565),1
p1udt2140,C,7.19955785679463,line-to-ground,POINT(-97.7018077299881 30.4170809901849),1
p1udt20793,C,7.19955785679463,line-to-ground,POINT(-97.6998797321818 30.4164391860765),1
p1udt17787,C,7.19955785679463,line-to-ground,POINT(-97.6995257188301 30.4162590155608),1
p1udt18958,C,7.19955785679463,line-to-ground,POINT(-97.7000556325524 30.416521972195),1
p1udt9605,C,7.19955785679463,line-to-ground,POINT(-97.7002313789542 30.4166141225054),1
p1udt25188,C,7.19955785679463,line-to-ground,POINT(-97.7004072625995 30.4166970795231),1
p1udt19688,C,7.19955785679463,line-to-ground,POINT(-97.7005003668126 30.4167429492485),1
p1udt2715,C,7.19955785679463,line-to-ground,POINT(-97.7006761140437 30.4168350989807),1
p1udt17788,C,7.19955785679463,line-to-ground,POINT(-97.7008520158255 30.4169178840612),1
p1udt20942,C,7.19955785679463,line-to-ground,POINT(-97.7011209880194 30.4170468809248),1
p1udt20499,C,7.19955785679463,line-to-ground,POINT(-97.7019667627786 30.4168569605973),1
p1udt12712-p1udt20499x,C,7.19955785679463,line-to-ground,POINT(-97.7024075133046 30.416380547953),1
p1udt21928,C,7.19955785679463,line-to-ground,POINT(-97.7014746163069 30.4099946600435),1
p1udt20668,C,7.19955785679463,line-to-ground,POINT(-97.7011233412161 30.4097113896574),1
p1udt6805,C,7.19955785679463,line-to-ground,POINT(-97.7017519495748 30.4102771279757),1
p1udt2206,C,7.19955785679463,line-to-ground,POINT(-97.7018843975939 30.4104949946194),1
p1udt21512,C,7.19955785679463,line-to-ground,POINT(-97.7019848015177 30.410775531402),1
p1udt4794,C,7.19955785679463,line-to-ground,POINT(-97.7020151748342 30.4108391652304),1
p1udt9955,C,7.19955785679463,line-to-ground,POINT(-97.7019581339213 30.4112173887449),1
p1udt13367,C,7.19955785679463,line-to-ground,POINT(-97.7018833444416 30.4113611832397),1
p1udt323,C,7.19955785679463,line-to-ground,POINT(-97.7017528756607 30.4115544526999),1
p1udt18174,C,7.19955785679463,line-to-ground,POINT(-97.7016744356928 30.4116685747047),1
p1udt2708-p1udt323x,C,7.19955785679463,line-to-ground,POINT(-97.7016624347131 30.411985987975),1
p1udt14540,B,7.19955785679463,line-to-ground,POINT(-97.7010716963715 30.410549901065),1
p1udt15792,B,7.19955785679463,line-to-ground,POINT(-97.7011981582777 30.41024836509),1
p1udt13091,B,7.19955785679463,line-to-ground,POINT(-97.7010488305225 30.4107032345237),1
p1udt22786,B,7.19955785679463,line-to-ground,POINT(-97.7010477552812 30.4107844299806),1
p1udt6318,B,7.19955785679463,line-to-ground,POINT(-97.6985588513323 30.4124198592849),1
p1udt23842,B,7.19955785679463,line-to-ground,POINT(-97.6984710572005 30.4125761867388),1
p1udt10325,B,7.19955785679463,line-to-ground,POINT(-97.6989309430038 30.4118370791634),1
p1udt24894,B,7.19955785679463,line-to-ground,POINT(-97.6990265375169 30.4116936652952),1
p1udt22649,B,7.19955785679463,line-to-ground,POINT(-97.6992719406884 30.4112447936563),1
p1udt13039,B,7.19955785679463,line-to-ground,POINT(-97.6990551330189 30.4111074616151),1
p1udt13039-p1udt4381xxx,B,7.19955785679463,line-to-ground,POINT(-97.6989022683999 30.4107802385994),1
p1udt23026-p1udt9959x,A,7.19955785679463,line-to-ground,POINT(-97.6970739933999 30.4118350830403),1
p1udt9959,A,7.19955785679463,line-to-ground,POINT(-97.696823345775 30.4120093544281),1
p1udt20347,A,7.19955785679463,line-to-ground,POINT(-97.6982122514895 30.4118660071363),1
p1udt1576,A,7.19955785679463,line-to-ground,POINT(-97.698396046426 30.4119528589185),1
p1udt20185-p1udt20347x,A,7.19955785679463,line-to-ground,POINT(-97.6979220381569 30.411564135685),1
p1udt19862-p1udt24588x,C,7.19955785679463,line-to-ground,POINT(-97.7001450885703 30.4106359248194),1
p1udt24588,C,7.19955785679463,line-to-ground,POINT(-97.6996191429899 30.4099980533049),1
p1udt2139,A,7.19955785679463,line-to-ground,POINT(-97.7019748623226 30.4154584915508),1
p1udt25185,A,7.19955785679463,line-to-ground,POINT(-97.7018679435008 30.4155898316362),1
p1udt8031,A,7.19955785679463,line-to-ground,POINT(-97.7021768172145 30.4151446977053),1
p1udt15287,A,7.19955785679463,line-to-ground,POINT(-97.7023256677141 30.4149114102875),1
p1udt2136,A,7.19955785679463,line-to-ground,POINT(-97.7024744828015 30.4146784653874),1
p1udt1574,A,7.19955785679463,line-to-ground,POINT(-97.702769878233 30.4143836449312),1
p1udt1574-p1udt16259xxx,A,7.19955785679463,line-to-ground,POINT(-97.703190134415 30.4145654120431),1
p1udt10323,B,7.19955785679463,line-to-ground,POINT(-97.7017092358052 30.4142917245126),1
p1udt2137,B,7.19955785679463,line-to-ground,POINT(-97.7015154246619 30.4145915377134),1
p1udt8437,B,7.19955785679463,line-to-ground,POINT(-97.7018897563537 30.4140230039305),1
p1udt13368,B,7.19955785679463,line-to-ground,POINT(-97.7020698156721 30.4137901985691),1
p1udt324,B,7.19955785679463,line-to-ground,POINT(-97.7023012032868 30.4136120405417),1
p1udt8436,B,7.19955785679463,line-to-ground,POINT(-97.702440673819 30.4133066863478),1
p1udt6319,B,7.19955785679463,line-to-ground,POINT(-97.7006615778144 30.4124317790155),1
p1udt7208,B,7.19955785679463,line-to-ground,POINT(-97.7001004746416 30.4121683430292),1
p1udt15766,B,7.19955785679463,line-to-ground,POINT(-97.7010028973437 30.4126066488429),1
p1udt8440,B,7.19955785679463,line-to-ground,POINT(-97.7005188506737 30.4129897785131),1
p1udt330,B,7.19955785679463,line-to-ground,POINT(-97.7002082849448 30.4134596912931),1
p1udt12390,B,7.19955785679463,line-to-ground,POINT(-97.7012613721562 30.4127353309084),1
p1udt7202,B,7.19955785679463,line-to-ground,POINT(-97.7015303163145 30.41286449805),1
p1udt14747,B,7.19955785679463,line-to-ground,POINT(-97.7017889638739 30.4129934291349),1
p1udt5838,B,7.19955785679463,line-to-ground,POINT(-97.7008270699474 30.4140846169563),1
p1udt2146,B,7.19955785679463,line-to-ground,POINT(-97.7006758667491 30.414312498117),1
p1udt8819,B,7.19955785679463,line-to-ground,POINT(-97.7009758023996 30.4138603528002),1
p1udt12055,B,7.19955785679463,line-to-ground,POINT(-97.7011244994649 30.4136364311628),1
p1udt7620,B,7.19955785679463,line-to-ground,POINT(-97.7013368620967 30.4133227420537),1
p1udt19140,B,7.19955785679463,line-to-ground,POINT(-97.7015895629929 30.4131085341292),1
p1udt20344,B,7.19955785679463,line-to-ground,POINT(-97.7020371337958 30.4131131558574),1
p1udt4795,B,7.19955785679463,line-to-ground,POINT(-97.7029153565564 30.4136179718583),1
p1udt3809,B,7.19955785679463,line-to-ground,POINT(-97.7029856973603 30.4138083231964),1
p1udt16259-p1udt3809x,B,7.19955785679463,line-to-ground,POINT(-97.7032820812339 30.4145173487858),1
p1udt15765,A,7.19955785679463,line-to-ground,POINT(-97.711848530929 30.4167112177947),1
p1udt7205,A,7.19955785679463,line-to-ground,POINT(-97.711920924532 30.4165623557957),1
p1udt5835,A,7.19955785679463,line-to-ground,POINT(-97.7116884779732 30.4170073947306),1
p1udt21368,A,7.19955785679463,line-to-ground,POINT(-97.7114427943271 30.4174830130675),1
p1udt9602,A,7.19955785679463,line-to-ground,POINT(-97.711282383125 30.4178062546329),1
p1udt12388,A,7.19955785679463,line-to-ground,POINT(-97.7111542494853 30.4180487799315),1
p1udt12388-p1udt2141xxx,A,7.19955785679463,line-to-ground,POINT(-97.711150944065 30.4183583414333),1
p1udt20025,ABC,7.19955785679463,line-to-ground,POINT(-97.7114643563164 30.4190173312439),1
p1udt20021,B,7.19955785679463,line-to-ground,POINT(-97.7126224889815 30.4172331583187),1
p1udt2710,B,7.19955785679463,line-to-ground,POINT(-97.7122342577908 30.4172782573087),1
p1udt12048,B,7.19955785679463,line-to-ground,POINT(-97.7128816783166 30.4173167486524),1
p1udt10700-p1udt12048x,B,7.19955785679463,line-to-ground,POINT(-97.7127717248964 30.4177976785823),1
p1udt9601,C,7.19955785679463,line-to-ground,POINT(-97.7126110399454 30.4141472452927),1
p1udt1550,C,7.19955785679463,line-to-ground,POINT(-97.7130690609385 30.4139582629408),1
p1udt8818,C,7.19955785679463,line-to-ground,POINT(-97.7120293964906 30.413127973708),1
p1udt17384,C,7.19955785679463,line-to-ground,POINT(-97.7119329689129 30.4130275291163),1
p1udt6739,C,7.19955785679463,line-to-ground,POINT(-97.7125013003762 30.4137761849737),1
p1udt7204,C,7.19955785679463,line-to-ground,POINT(-97.7125314792595 30.4138575173387),1
p1udt17582,C,7.19955785679463,line-to-ground,POINT(-97.7127407168741 30.4145723912926),1
p1udt1551,C,7.19955785679463,line-to-ground,POINT(-97.7130494247884 30.4148462938336),1
p1udt1552,C,7.19955785679463,line-to-ground,POINT(-97.7134439572422 30.4149311734688),1
p1udt18757,C,7.19955785679463,line-to-ground,POINT(-97.7131969446283 30.4131243696124),1
p1udt9592,C,7.19955785679463,line-to-ground,POINT(-97.7128184286527 30.4132237039703),1
p1udt4312,C,7.19955785679463,line-to-ground,POINT(-97.7135709787007 30.4131820214941),1
p1udt19133,C,7.19955785679463,line-to-ground,POINT(-97.713878951003 30.413519113712),1
p1udt11033,C,7.19955785679463,line-to-ground,POINT(-97.7139646050308 30.4131460010233),1
p1udt4313,C,7.19955785679463,line-to-ground,POINT(-97.7139581248115 30.4138264631103),1
p1udt13357,C,7.19955785679463,line-to-ground,POINT(-97.7137729880456 30.4144473926328),1
p1udt8421,C,7.19955785679463,line-to-ground,POINT(-97.7134799861272 30.4153558209016),1
p1udt4785,C,7.19955785679463,line-to-ground,POINT(-97.7137044944925 30.4157009040514),1
p1udt4785-p1udt6742xxx,C,7.19955785679463,line-to-ground,POINT(-97.7137720051127 30.4163646978582),1
p1udt5823,A,7.19955785679463,line-to-ground,POINT(-97.7147321103341 30.415936382487),1
p1udt11703,A,7.19955785679463,line-to-ground,POINT(-97.715142052259 30.4162422024131),1
p1udt17380,A,7.19955785679463,line-to-ground,POINT(-97.7156286252142 30.4145423103898),1
p1udt2117,A,7.19955785679463,line-to-ground,POINT(-97.71570531708 30.4145694804323),1
p1udt13952,A,7.19955785679463,line-to-ground,POINT(-97.7146190908669 30.414230152257),1
p1udt3294,A,7.19955785679463,line-to-ground,POINT(-97.7145914143649 30.4147532094071),1
p1udt17783,A,7.19955785679463,line-to-ground,POINT(-97.7146393222015 30.415069483418),1
p1udt3798,A,7.19955785679463,line-to-ground,POINT(-97.7146766788625 30.4154037377727),1
p1udt1553,A,7.19955785679463,line-to-ground,POINT(-97.7157169436653 30.4154588796139),1
p1udt19684,A,7.19955785679463,line-to-ground,POINT(-97.716087285748 30.4156108737849),1
p1udt925,A,7.19955785679463,line-to-ground,POINT(-97.7155408121363 30.4153939864268),1
p1udt19858,A,7.19955785679463,line-to-ground,POINT(-97.7151160392264 30.415236416992),1
p1udt13359,A,7.19955785679463,line-to-ground,POINT(-97.7147042826628 30.4156744873026),1
p1udt5824,A,7.19955785679463,line-to-ground,POINT(-97.7140034080855 30.4159294217705),1
p1udt5824-p1udt6742xxx,A,7.19955785679463,line-to-ground,POINT(-97.7138199266631 30.416302134629),1
p1udt21220,B,7.19955785679463,line-to-ground,POINT(-97.7128251359249 30.4160711999364),1
p1udt325,B,7.19955785679463,line-to-ground,POINT(-97.7126175343021 30.4158396019246),1
p1udt8425,B,7.19955785679463,line-to-ground,POINT(-97.7132560563338 30.4165536625133),1
p1udt3296-p1udt8425x,B,7.19955785679463,line-to-ground,POINT(-97.7136123627341 30.4168486942715),1
p1udt11369,ABC,7.19955785679463,line-to-ground,POINT(-97.7122794950594 30.4195757720474),1
p1udt4334,ABC,7.19955785679463,line-to-ground,POINT(-97.6998100928027 30.4154098822984),1
p1udt332,ABC,7.19955785679463,line-to-ground,POINT(-97.7003301090806 30.4156786873953),1
p1udt2147,ABC,7.19955785679463,line-to-ground,POINT(-97.7009331939862 30.4159730875251),1
p1udt11368,ABC,7.19955785679463,line-to-ground,POINT(-97.7017604928561 30.4163863218032),1
p1udt12712,ABC,7.19955785679463,line-to-ground,POINT(-97.7023539466442 30.4163831988812),1
p1udt8439,ABC,7.19955785679463,line-to-ground,POINT(-97.7025696488221 30.4161411213429),1
p1udt4796,ABC,7.19955785679463,line-to-ground,POINT(-97.7027716033362 30.4158273265947),1
p1udt2138,ABC,7.19955785679463,line-to-ground,POINT(-97.7030161481803 30.4154417713793),1
p1udt2708,ABC,7.19955785679463,line-to-ground,POINT(-97.7017121355332 30.4119684358081),1
p1udt2709,ABC,7.19955785679463,line-to-ground,POINT(-97.7021648840735 30.4121128832895),1
p1udt22173,ABC,7.19955785679463,line-to-ground,POINT(-97.7043084657808 30.4129731321805),1
p1udt24578,ABC,7.19955785679463,line-to-ground,POINT(-97.7040998047225 30.4138013787407),1
p1udt10322,ABC,7.19955785679463,line-to-ground,POINT(-97.7039511215859 30.4140164142524),1
p1udt6754,ABC,7.19955785679463,line-to-ground,POINT(-97.7036216585623 30.4145272774269),1
p1udt5834,ABC,7.19955785679463,line-to-ground,POINT(-97.7032710753614 30.4150653800689),1
p1udt16259,ABC,7.19955785679463,line-to-ground,POINT(-97.7032361066047 30.4145413726925),1
p1udt18362,ABC,7.19955785679463,line-to-ground,POINT(-97.7063621450688 30.4198601008274),1
p1udt3296,ABC,7.19955785679463,line-to-ground,POINT(-97.7135748076162 30.41688192481),1
p1udt6742,ABC,7.19955785679463,line-to-ground,POINT(-97.7137681792591 30.4163174219272),1
p1udt2692,ABC,7.19955785679463,line-to-ground,POINT(-97.7134556049278 30.4172143022374),1
p1udt17154,ABC,7.19955785679463,line-to-ground,POINT(-97.7133176770761 30.4174114471553),1
p1udt10700,ABC,7.19955785679463,line-to-ground,POINT(-97.7127554437969 30.4178419874526),1
p1udt327,ABC,7.19955785679463,line-to-ground,POINT(-97.7122668910928 30.4181499887695),1
p1udt23944,ABC,7.19955785679463,line-to-ground,POINT(-97.7119516403819 30.4183724516741),1
p1udt10705,ABC,7.19955785679463,line-to-ground,POINT(-97.7117406032692 30.418586919289),1
p1udt19507,ABC,7.19955785679463,line-to-ground,POINT(-97.7136066594301 30.4199856548924),1
p1udt15282,ABC,7.19955785679463,line-to-ground,POINT(-97.7133583631042 30.4198659100544),1
p1udt8427,ABC,7.19955785679463,line-to-ground,POINT(-97.7131333168272 30.4200268788342),1
p1udt21224,ABC,7.19955785679463,line-to-ground,POINT(-97.7050258911341 30.4136441386024),1
p1udt23026,ABC,7.19955785679463,line-to-ground,POINT(-97.6971162798644 30.4118038387476),1
p1udt23373,ABC,7.19955785679463,line-to-ground,POINT(-97.6972539225441 30.4118653829489),1
p1udt10324,ABC,7.19955785679463,line-to-ground,POINT(-97.6973284728103 30.4117848378447),1
p1udt20027,ABC,7.19955785679463,line-to-ground,POINT(-97.6977558179635 30.4117441578504),1
p1udt20185,ABC,7.19955785679463,line-to-ground,POINT(-97.6978684199163 30.4115658188885),1
p1udt18956,ABC,7.19955785679463,line-to-ground,POINT(-97.6980003713628 30.4113586120735),1
p1udt21770,ABC,7.19955785679463,line-to-ground,POINT(-97.6981267141788 30.4112515970863),1
p1udt22418,ABC,7.19955785679463,line-to-ground,POINT(-97.6982631236856 30.4111715795047),1
p1udt22175,ABC,7.19955785679463,line-to-ground,POINT(-97.6985043218486 30.411038640471),1
p1udt4381,ABC,7.19955785679463,line-to-ground,POINT(-97.6989459843021 30.4108072005097),1
p1udt3871,ABC,7.19955785679463,line-to-ground,POINT(-97.6992594976432 30.4106130665152),1
p1udt16289,ABC,7.19955785679463,line-to-ground,POINT(-97.6994413651042 30.4105292871427),1
p1udt13996,ABC,7.19955785679463,line-to-ground,POINT(-97.6995009323483 30.4104620821258),1
p1udt2142_b2_1,ABC,7.19955785679463,line-to-ground,POINT(-97.7118824148264 30.4196800109772),1
p1udt22532_b2_1,ABC,7.19955785679463,line-to-ground,POINT(-97.7103449269313 30.4115081154218),1
p1udt275lv,S1S2,0.120088855991442,line-to-ground,POINT(-97.727799060713 30.4310914897409),1
p1ulv12856,S1S2,0.120088855991442,line-to-ground,POINT(-97.727838057906 30.4312685280433),1
p1udm968,S1S2,0.120088855991442,line-to-ground,POINT(-97.7279239224912 30.4310708605739),1
p1ulv7900,S1S2,0.120088855991442,line-to-ground,POINT(-97.7279047397591 30.430944352648),1
p1udm967,S1S2,0.120088855991442,line-to-ground,POINT(-97.7283106527793 30.4309573311604),1
p1ulv5326,S1S2,0.120088855991442,line-to-ground,POINT(-97.7282290034666 30.4308302146236),1
p1udm970,S1S2,0.120088855991442,line-to-ground,POINT(-97.7277572287456 30.4310782587389),1
p1ulv28770,S1S2,0.120088855991442,line-to-ground,POINT(-97.7277791546059 30.4312707900284),1
p1udm965,S1S2,0.120088855991442,line-to-ground,POINT(-97.727674057543 30.4310684250656),1
p1ulv278,S1S2,0.120088855991442,line-to-ground,POINT(-97.7276967534671 30.4309242794999),1
p1udm966,S1S2,0.120088855991442,line-to-ground,POINT(-97.727601414521 30.4310496710519),1
p1ulv904,S1S2,0.120088855991442,line-to-ground,POINT(-97.7275369570835 30.4312024323802),1
p1udt287lv,S1S2,0.120088855991442,line-to-ground,POINT(-97.7236626179055 30.4235937205296),1
p1ulv290,S1S2,0.120088855991442,line-to-ground,POINT(-97.7236813171207 30.4234411629568),1
p1udm1003,S1S2,0.120088855991442,line-to-ground,POINT(-97.7236168590993 30.4235939224911),1
p1ulv59454,S1S2,0.120088855991442,line-to-ground,POINT(-97.7236847586322 30.4237000253991),1
p1udt288lv,S1S2,0.120088855991442,line-to-ground,POINT(-97.7253267107061 30.4233646989737),1
p1ulv29399,S1S2,0.120088855991442,line-to-ground,POINT(-97.7253504707055 30.4231867843396),1
p1udm1006,S1S2,0.120088855991442,line-to-ground,POINT(-97.7254530479227 30.4233050840373),1
p1ulv64474,S1S2,0.120088855991442,line-to-ground,POINT(-97.7254206444171 30.4233949969689),1
p1udm1004,S1S2,0.120088855991442,line-to-ground,POINT(-97.7256153894461 30.4236314945571),1
p1ulv291,S1S2,0.120088855991442,line-to-ground,POINT(-97.725459118553 30.4236389917803),1
p1udm1014,S1S2,0.120088855991442,line-to-ground,POINT(-97.7240072408961 30.4247977884847),1
p1ulv1589,S1S2,0.120088855991442,line-to-ground,POINT(-97.7238496762445 30.4249045232926),1
p1udm1015,S1S2,0.120088855991442,line-to-ground,POINT(-97.7240928721152 30.4246181669633),1
p1ulv6652,S1S2,0.120088855991442,line-to-ground,POINT(-97.7241886015818 30.4247392368283),1
p1udt291lv,S1S2,0.120088855991442,line-to-ground,POINT(-97.7241063175988 30.4248804735783),1
p1udm1016,S1S2,0.120088855991442,line-to-ground,POINT(-97.7241505202427 30.4249886704644),1
p1ulv19227,S1S2,0.120088855991442,line-to-ground,POINT(-97.7239724869376 30.425068136569),1
p1udm1013,S1S2,0.120088855991442,line-to-ground,POINT(-97.7242319247755 30.4251338329349),1
p1ulv294,S1S2,0.120088855991442,line-to-ground,POINT(-97.7243886676631 30.4250902501315),1
p1udt293lv,S1S2,0.120088855991442,line-to-ground,POINT(-97.7241974642959 30.4290770245125),1
p1ulv10382,S1S2,0.120088855991442,line-to-ground,POINT(-97.7240437456512 30.4291923095868),1
p1udm1021,S1S2,0.120088855991442,line-to-ground,POINT(-97.7242620207167 30.4292215119673),1
p1ulv296,S1S2,0.120088855991442,line-to-ground,POINT(-97.7243778313727 30.4291233917108),1
p1udm1023,S1S2,0.120088855991442,line-to-ground,POINT(-97.7241599087783 30.4290671242063),1
p1ulv46534,S1S2,0.120088855991442,line-to-ground,POINT(-97.7240232763362 30.4291650407178),1
p1udt294lv,S1S2,0.120088855991442,line-to-ground,POINT(-97.7222715461445 30.4205581390338),1
p1ulv22390,S1S2,0.120088855991442,line-to-ground,POINT(-97.7221085731358 30.4205683441288),1
p1udm1024,S1S2,0.120088855991442,line-to-ground,POINT(-97.7222106380583 30.4204492089726),1
p1ulv297,S1S2,0.120088855991442,line-to-ground,POINT(-97.7223777840679 30.4204057302585),1
p1udm1025,S1S2,0.120088855991442,line-to-ground,POINT(-97.72225974834 30.4206752629095),1
p1ulv14131,S1S2,0.120088855991442,line-to-ground,POINT(-97.7223954298823 30.4206495220703),1
p1udt295lv,S1S2,0.120088855991442,line-to-ground,POINT(-97.7209028893307 30.4202187473033),1
p1ulv42072,S1S2,0.120088855991442,line-to-ground,POINT(-97.7208302426687 30.4201198877277),1
p1udm1028,S1S2,0.120088855991442,line-to-ground,POINT(-97.7210166785187 30.4201938978375),1
p1ulv2242,S1S2,0.120088855991442,line-to-ground,POINT(-97.7209249904938 30.4200396097377),1
p1ulv42646,S1S2,0.120088855991442,line-to-ground,POINT(-97.7211507123275 30.4202944631401),1
p1udm1029,S1S2,0.120088855991442,line-to-ground,POINT(-97.7208695282063 30.4203007312267),1
p1ulv28807,S1S2,0.120088855991442,line-to-ground,POINT(-97.7207042651186 30.4201998596095),1
p1udm1027,S1S2,0.120088855991442,line-to-ground,POINT(-97.7207854253559 30.4203630676232),1
p1ulv298,S1S2,0.120088855991442,line-to-ground,POINT(-97.7208464722502 30.4204719409413),1
p1udm1032,S1S2,0.120088855991442,line-to-ground,POINT(-97.7197118813489 30.422048853376),1
p1ulv299,S1S2,0.120088855991442,line-to-ground,POINT(-97.7198144504541 30.4221671572974),1
p1udt296lv,S1S2,0.120088855991442,line-to-ground,POINT(-97.7196057553039 30.4221922380071),1
p1udm1033,S1S2,0.120088855991442,line-to-ground,POINT(-97.7194806215246 30.4222180206137),1
p1ulv9765,S1S2,0.120088855991442,line-to-ground,POINT(-97.7196178654329 30.4223485238723),1
p1udt297lv,S1S2,0.120088855991442,line-to-ground,POINT(-97.7234811896543 30.4225408386125),1
p1ulv2847,S1S2,0.120088855991442,line-to-ground,POINT(-97.7237585758825 30.4223050292076),1
p1ulv21792,S1S2,0.120088855991442,line-to-ground,POINT(-97.723572838581 30.4221768921747),1
p1ulv33240,S1S2,0.120088855991442,line-to-ground,POINT(-97.7233742248036 30.4222381104851),1
p1udm1034,S1S2,0.120088855991442,line-to-ground,POINT(-97.7232029639325 30.4225973526861),1
p1ulv300,S1S2,0.120088855991442,line-to-ground,POINT(-97.7231432055825 30.4223892408152),1
p1udt299lv,S1S2,0.120088855991442,line-to-ground,POINT(-97.7217001148713 30.427021907727),1
p1ulv302,S1S2,0.120088855991442,line-to-ground,POINT(-97.7215919748139 30.4271742536646),1
p1ulv1593,S1S2,0.120088855991442,line-to-ground,POINT(-97.7214392283216 30.4269110928751),1
p1ulv2855,S1S2,0.120088855991442,line-to-ground,POINT(-97.7214474031337 30.427082608431),1
p1ulv5340,S1S2,0.120088855991442,line-to-ground,POINT(-97.7217378408736 30.4271666592943),1
p1udt903lv,S1S2,0.120088855991442,line-to-ground,POINT(-97.7255432290827 30.4220014395771),1
p1ulv58239,S1S2,0.120088855991442,line-to-ground,POINT(-97.7255763825671 30.4218265271778),1
p1udm3285,S1S2,0.120088855991442,line-to-ground,POINT(-97.7254804638717 30.4219970264689),1
p1ulv919,S1S2,0.120088855991442,line-to-ground,POINT(-97.7255210486771 30.4220786291091),1
p1udm3286,S1S2,0.120088855991442,line-to-ground,POINT(-97.7257727665126 30.4219367194565),1
p1ulv35802,S1S2,0.120088855991442,line-to-ground,POINT(-97.7257816523325 30.4220541043353),1
p1udt904lv,S1S2,0.120088855991442,line-to-ground,POINT(-97.7262324122772 30.4226382920436),1
p1ulv34510,S1S2,0.120088855991442,line-to-ground,POINT(-97.7261750543734 30.4225029036832),1
p1udm3288,S1S2,0.120088855991442,line-to-ground,POINT(-97.7261168621848 30.4226980042359),1
p1ulv920,S1S2,0.120088855991442,line-to-ground,POINT(-97.7260877417906 30.4225353072489),1
p1ulv7909,S1S2,0.120088855991442,line-to-ground,POINT(-97.7261679751658 30.4227706864881),1
p1udm3291,S1S2,0.120088855991442,line-to-ground,POINT(-97.7263047135989 30.4226637455327),1
p1ulv54013,S1S2,0.120088855991442,line-to-ground,POINT(-97.7262965303509 30.4224922299364),1
p1udt905lv,S1S2,0.120088855991442,line-to-ground,POINT(-97.7253469980687 30.4225074327633),1
p1ulv16642,S1S2,0.120088855991442,line-to-ground,POINT(-97.7252226457543 30.4226080684735),1
p1udm3292,S1S2,0.120088855991442,line-to-ground,POINT(-97.7254198518163 30.4226551087927),1
p1ulv921,S1S2,0.120088855991442,line-to-ground,POINT(-97.7255557699597 30.4226113211543),1
p1udm3294,S1S2,0.120088855991442,line-to-ground,POINT(-97.7254592639951 30.4228269293244),1
p1ulv23056,S1S2,0.120088855991442,line-to-ground,POINT(-97.7252607672562 30.422879128709),1
p1udm3295,S1S2,0.120088855991442,line-to-ground,POINT(-97.725331907954 30.4222121263777),1
p1ulv37644,S1S2,0.120088855991442,line-to-ground,POINT(-97.7251440571243 30.422246383698),1
p1udt906lv,S1S2,0.120088855991442,line-to-ground,POINT(-97.7270842113969 30.4261362527364),1
p1ulv922,S1S2,0.120088855991442,line-to-ground,POINT(-97.7267866076343 30.4261665083074),1
p1ulv12264,S1S2,0.120088855991442,line-to-ground,POINT(-97.7270899667669 30.4263347158467),1
p1ulv38259,S1S2,0.120088855991442,line-to-ground,POINT(-97.7270479731723 30.426361375117),1
p1ulv62583,S1S2,0.120088855991442,line-to-ground,POINT(-97.7272367684669 30.4262549409719),1
p1udm3298,S1S2,0.120088855991442,line-to-ground,POINT(-97.7270004896173 30.4260090177428),1
p1ulv21180,S1S2,0.120088855991442,line-to-ground,POINT(-97.727219344377 30.4259931060696),1
p1udt907lv,S1S2,0.120088855991442,line-to-ground,POINT(-97.7281991849418 30.4293317035661),1
p1ulv923,S1S2,0.120088855991442,line-to-ground,POINT(-97.7282150959654 30.429494685828),1
p1ulv30655,S1S2,0.120088855991442,line-to-ground,POINT(-97.7283020115736 30.4292158218962),1
p1udm3302,S1S2,0.120088855991442,line-to-ground,POINT(-97.7283310201786 30.4293875401757),1
p1ulv2217,S1S2,0.120088855991442,line-to-ground,POINT(-97.728256388291 30.4295221569517),1
p1udm3303,S1S2,0.120088855991442,line-to-ground,POINT(-97.7284243668252 30.4294155183965),1
p1ulv6657,S1S2,0.120088855991442,line-to-ground,POINT(-97.728467765842 30.4292805972548),1
p1udm3304,S1S2,0.120088855991442,line-to-ground,POINT(-97.7280720364233 30.4292857644524),1
p1ulv16647,S1S2,0.120088855991442,line-to-ground,POINT(-97.7280080492921 30.4294024389583),1
p1ulv39553,S1S2,0.120088855991442,line-to-ground,POINT(-97.7281466683678 30.4291511477791),1
p1udt908lv,S1S2,0.120088855991442,line-to-ground,POINT(-97.7194445827276 30.4204700559513),1
p1ulv18570,S1S2,0.120088855991442,line-to-ground,POINT(-97.7195451190978 30.4204682059746),1
p1ulv48347,S1S2,0.120088855991442,line-to-ground,POINT(-97.7194827776386 30.4204585715554),1
p1udm3307,S1S2,0.120088855991442,line-to-ground,POINT(-97.7192951641465 30.4204747769658),1
p1ulv924,S1S2,0.120088855991442,line-to-ground,POINT(-97.7192808383196 30.4204988690659),1
p1udm3310,S1S2,0.120088855991442,line-to-ground,POINT(-97.7194323778097 30.4203317562185),1
p1ulv49000,S1S2,0.120088855991442,line-to-ground,POINT(-97.719453786659 30.4202868515971),1
p1udt909lv,S1S2,0.120088855991442,line-to-ground,POINT(-97.721644070444 30.4215715868914),1
p1ulv57058,S1S2,0.120088855991442,line-to-ground,POINT(-97.721487002044 30.4216511962837),1
p1udm3311,S1S2,0.120088855991442,line-to-ground,POINT(-97.7215307595947 30.4214892121403),1
p1ulv925,S1S2,0.120088855991442,line-to-ground,POINT(-97.7213741390385 30.421523769888),1
p1udm3313,S1S2,0.120088855991442,line-to-ground,POINT(-97.721664560419 30.4216078205124),1
p1ulv62590,S1S2,0.120088855991442,line-to-ground,POINT(-97.7217907743026 30.4215098041973),1
p1udt910lv,S1S2,0.120088855991442,line-to-ground,POINT(-97.7189325563421 30.422717985643),1
p1ulv926,S1S2,0.120088855991442,line-to-ground,POINT(-97.7190046246195 30.4227908175096),1
p1udt1531lv,S1S2,0.120088855991442,line-to-ground,POINT(-97.7233804389944 30.424475208074),1
p1ulv30658,S1S2,0.120088855991442,line-to-ground,POINT(-97.7233332699418 30.4245836712553),1
p1udm5600,S1S2,0.120088855991442,line-to-ground,POINT(-97.7235115377772 30.4244861624501),1
p1ulv1587,S1S2,0.120088855991442,line-to-ground,POINT(-97.7235975219819 30.4242794759273),1
p1udm5602,S1S2,0.120088855991442,line-to-ground,POINT(-97.72333526721 30.4244303010365),1
p1ulv31920,S1S2,0.120088855991442,line-to-ground,POINT(-97.723430957166 30.4242778471146),1
p1ulv31925,S1S2,0.120088855991442,line-to-ground,POINT(-97.7232710429319 30.4245650167889),1
p1udt1532lv,S1S2,0.120088855991442,line-to-ground,POINT(-97.7249674034905 30.4251519406079),1
p1ulv5336,S1S2,0.120088855991442,line-to-ground,POINT(-97.7248580740894 30.4250226530421),1
p1ulv50170,S1S2,0.120088855991442,line-to-ground,POINT(-97.7249895369834 30.4253216938405),1
p1udm5604,S1S2,0.120088855991442,line-to-ground,POINT(-97.7250129391975 30.4251234179967),1
p1ulv1588,S1S2,0.120088855991442,line-to-ground,POINT(-97.7249175603613 30.4249752833562),1
p1udt1535lv,S1S2,0.120088855991442,line-to-ground,POINT(-97.7180515110604 30.4232557974141),1
p1ulv1592,S1S2,0.120088855991442,line-to-ground,POINT(-97.7179854050439 30.4235026453327),1
p1udt2102lv,S1S2,0.120088855991442,line-to-ground,POINT(-97.7263402328712 30.4250545198657),1
p1ulv48987,S1S2,0.120088855991442,line-to-ground,POINT(-97.7265336780553 30.4250751024764),1
p1udm7618,S1S2,0.120088855991442,line-to-ground,POINT(-97.7264553173246 30.4246953748535),1
p1ulv47728,S1S2,0.120088855991442,line-to-ground,POINT(-97.7263204515355 30.424657967254),1
p1udm7620,S1S2,0.120088855991442,line-to-ground,POINT(-97.726356232456 30.4251094629448),1
p1ulv56449,S1S2,0.120088855991442,line-to-ground,POINT(-97.7262006625777 30.425062830267),1
p1udm7617,S1S2,0.120088855991442,line-to-ground,POINT(-97.7263239463258 30.4251903542959),1
p1ulv2214,S1S2,0.120088855991442,line-to-ground,POINT(-97.7264691060537 30.4252368852656),1
p1ulv60054,S1S2,0.120088855991442,line-to-ground,POINT(-97.726157614245 30.4251706853446),1
p1udt2105lv,S1S2,0.120088855991442,line-to-ground,POINT(-97.7223402445727 30.4221833901917),1
p1ulv35157,S1S2,0.120088855991442,line-to-ground,POINT(-97.7222168245705 30.4223711533546),1
p1udm7625,S1S2,0.120088855991442,line-to-ground,POINT(-97.7222715792338 30.4221641619676),1
p1ulv2218,S1S2,0.120088855991442,line-to-ground,POINT(-97.7224008856031 30.4221051031859),1
p1udm7628,S1S2,0.120088855991442,line-to-ground,POINT(-97.7221995317926 30.4221002962546),1
p1ulv26231,S1S2,0.120088855991442,line-to-ground,POINT(-97.7223149830539 30.4220292428753),1
p1udm7626,S1S2,0.120088855991442,line-to-ground,POINT(-97.7223948542266 30.4222916895138),1
p1ulv6658,S1S2,0.120088855991442,line-to-ground,POINT(-97.7222790499838 30.4223898082843),1
p1udm7627,S1S2,0.120088855991442,line-to-ground,POINT(-97.7224669019351 30.4223555551248),1
p1ulv7296,S1S2,0.120088855991442,line-to-ground,POINT(-97.7225725309635 30.4222392907552),1
p1udt2107lv,S1S2,0.120088855991442,line-to-ground,POINT(-97.72096521789 30.4276456789324),1
p1ulv2220,S1S2,0.120088855991442,line-to-ground,POINT(-97.7210466215165 30.427475690508),1
p1udm7632,S1S2,0.120088855991442,line-to-ground,POINT(-97.7211790172408 30.4277025606744),1
p1ulv5342,S1S2,0.120088855991442,line-to-ground,POINT(-97.7212434819614 30.4275498026234),1
p1ulv30035,S1S2,0.120088855991442,line-to-ground,POINT(-97.7210939663859 30.4278370711468),1
p1udm7633,S1S2,0.120088855991442,line-to-ground,POINT(-97.7209305742032 30.4275918513225),1
p1ulv11000,S1S2,0.120088855991442,line-to-ground,POINT(-97.7208870480139 30.4277357914819),1
p1udm7634,S1S2,0.120088855991442,line-to-ground,POINT(-97.7208581706231 30.4275550501261),1
p1ulv11619,S1S2,0.120088855991442,line-to-ground,POINT(-97.720766389282 30.4276833076346),1
p1udt2115lv,S1S2,0.120088855991442,line-to-ground,POINT(-97.7234229537114 30.4201219985253),1
p1ulv49579,S1S2,0.120088855991442,line-to-ground,POINT(-97.7235499162114 30.4199389810184),1
p1ulv58246,S1S2,0.120088855991442,line-to-ground,POINT(-97.7233593675895 30.4201807369191),1
p1udm7656,S1S2,0.120088855991442,line-to-ground,POINT(-97.7237335356286 30.4202295101353),1
p1ulv2228,S1S2,0.120088855991442,line-to-ground,POINT(-97.7237771713472 30.4200765468656),1
p1udm7658,S1S2,0.120088855991442,line-to-ground,POINT(-97.7233714219291 30.4200545337467),1
p1ulv52103,S1S2,0.120088855991442,line-to-ground,POINT(-97.7232972608068 30.420153060749),1
p1ulv62601,S1S2,0.120088855991442,line-to-ground,POINT(-97.7234150581199 30.4199015706079),1
p1udt2680lv,S1S2,0.120088855991442,line-to-ground,POINT(-97.7243282429265 30.4220482829841),1
p1ulv37643,S1S2,0.120088855991442,line-to-ground,POINT(-97.7242092621811 30.4220748384016),1
p1udm9590,S1S2,0.120088855991442,line-to-ground,POINT(-97.7243960565602 30.4221217784879),1
p1ulv2846,S1S2,0.120088855991442,line-to-ground,POINT(-97.7245529118779 30.4220691735433),1
p1ulv47726,S1S2,0.120088855991442,line-to-ground,POINT(-97.7245730278529 30.4221235076759),1
p1udm9591,S1S2,0.120088855991442,line-to-ground,POINT(-97.7244158203291 30.4222031779958),1
p1ulv19226,S1S2,0.120088855991442,line-to-ground,POINT(-97.7242282040334 30.4222193904212),1
p1udm9592,S1S2,0.120088855991442,line-to-ground,POINT(-97.7242778267428 30.4216063160214),1
p1ulv24351,S1S2,0.120088855991442,line-to-ground,POINT(-97.7241109142193 30.4216317535581),1
p1udm9604,S1S2,0.120088855991442,line-to-ground,POINT(-97.7219672785428 30.4231446821363),1
p1ulv33879,S1S2,0.120088855991442,line-to-ground,POINT(-97.7217893646092 30.4232151235557),1
p1udt2683lv,S1S2,0.120088855991442,line-to-ground,POINT(-97.7218533410912 30.4228296627745),1
p1udm9605,S1S2,0.120088855991442,line-to-ground,POINT(-97.7217534875093 30.4227726488783),1
p1ulv59458,S1S2,0.120088855991442,line-to-ground,POINT(-97.7218487077083 30.4226562832021),1
p1udm9603,S1S2,0.120088855991442,line-to-ground,POINT(-97.7216813223543 30.4227178046563),1
p1ulv2850,S1S2,0.120088855991442,line-to-ground,POINT(-97.7217938002362 30.4225987718845),1
p1udt2684lv,S1S2,0.120088855991442,line-to-ground,POINT(-97.7190374126819 30.4235000716959),1
p1ulv5339,S1S2,0.120088855991442,line-to-ground,POINT(-97.7190900912053 30.4236967844021),1
p1udm9606,S1S2,0.120088855991442,line-to-ground,POINT(-97.7188804463218 30.4235294783713),1
p1ulv2851,S1S2,0.120088855991442,line-to-ground,POINT(-97.7189407855848 30.4236924831042),1
p1udm9608,S1S2,0.120088855991442,line-to-ground,POINT(-97.7187866366004 30.4235375805883),1
p1ulv44616,S1S2,0.120088855991442,line-to-ground,POINT(-97.7188366833861 30.4236914614256),1
p1udm9609,S1S2,0.120088855991442,line-to-ground,POINT(-97.7194640069396 30.423490089653),1
p1ulv51428,S1S2,0.120088855991442,line-to-ground,POINT(-97.7194617680138 30.423661503192),1
p1udm9610,S1S2,0.120088855991442,line-to-ground,POINT(-97.7197693716222 30.4264165108878),1
p1ulv2852,S1S2,0.120088855991442,line-to-ground,POINT(-97.71989323747 30.426498931963),1
p1ulv30661,S1S2,0.120088855991442,line-to-ground,POINT(-97.719593689146 30.4263155355884),1
p1udt2685lv,S1S2,0.120088855991442,line-to-ground,POINT(-97.7197234058774 30.4264436390944),1
p1udm9612,S1S2,0.120088855991442,line-to-ground,POINT(-97.7196736738584 30.4265689618541),1
p1ulv37651,S1S2,0.120088855991442,line-to-ground,POINT(-97.7198183608857 30.4266515872285),1
p1ulv46536,S1S2,0.120088855991442,line-to-ground,POINT(-97.7195189300993 30.4264591689154),1
p1udt2686lv,S1S2,0.120088855991442,line-to-ground,POINT(-97.7195465390962 30.426892524397),1
p1ulv2853,S1S2,0.120088855991442,line-to-ground,POINT(-97.7192546595804 30.4267633553567),1
p1ulv28170,S1S2,0.120088855991442,line-to-ground,POINT(-97.7193483812326 30.4270377985431),1
p1ulv29408,S1S2,0.120088855991442,line-to-ground,POINT(-97.7195319732663 30.4270548093959),1
p1ulv54634,S1S2,0.120088855991442,line-to-ground,POINT(-97.7196893103014 30.4269661235907),1
p1udt2688lv,S1S2,0.120088855991442,line-to-ground,POINT(-97.7227069447147 30.4284274960618),1
p1ulv55848,S1S2,0.120088855991442,line-to-ground,POINT(-97.722722328994 30.4283222076925),1
p1udm9622,S1S2,0.120088855991442,line-to-ground,POINT(-97.7230308897853 30.4286139602757),1
p1ulv2856,S1S2,0.120088855991442,line-to-ground,POINT(-97.7231051754205 30.4285064119682),1
p1udm9623,S1S2,0.120088855991442,line-to-ground,POINT(-97.7227802086788 30.4286746679685),1
p1ulv15987,S1S2,0.120088855991442,line-to-ground,POINT(-97.7226456917252 30.428610191169),1
p1ulv27544,S1S2,0.120088855991442,line-to-ground,POINT(-97.7229250190414 30.4287482682657),1
p1udm9625,S1S2,0.120088855991442,line-to-ground,POINT(-97.7222345537458 30.4282001356075),1
p1ulv32563,S1S2,0.120088855991442,line-to-ground,POINT(-97.7221597969695 30.4283437704763),1
p1udt2693lv,S1S2,0.120088855991442,line-to-ground,POINT(-97.7188256131131 30.4193569116626),1
p1ulv2864,S1S2,0.120088855991442,line-to-ground,POINT(-97.7188205170553 30.4193512769108),1
p1ulv38292,S1S2,0.120088855991442,line-to-ground,POINT(-97.7189008483667 30.4195776383884),1
p1udt3259lv,S1S2,0.120088855991442,line-to-ground,POINT(-97.7265542735929 30.4295963008424),1
p1ulv4739,S1S2,0.120088855991442,line-to-ground,POINT(-97.7263811417613 30.42960312419),1
p1ulv61938,S1S2,0.120088855991442,line-to-ground,POINT(-97.7266925305147 30.4296783457204),1
p1udm11520,S1S2,0.120088855991442,line-to-ground,POINT(-97.7265045484579 30.4297216263493),1
p1ulv60038,S1S2,0.120088855991442,line-to-ground,POINT(-97.726639069599 30.4297860992759),1
p1udm11518,S1S2,0.120088855991442,line-to-ground,POINT(-97.726461967109 30.4297933942784),1
p1ulv3495,S1S2,0.120088855991442,line-to-ground,POINT(-97.7266032190342 30.429864119711),1
p1udm11521,S1S2,0.120088855991442,line-to-ground,POINT(-97.7267502103358 30.4292458079571),1
p1ulv61937,S1S2,0.120088855991442,line-to-ground,POINT(-97.7268844966424 30.4293283241879),1
p1udm11569,S1S2,0.120088855991442,line-to-ground,POINT(-97.7242860515421 30.4257749897505),1
p1ulv3509,S1S2,0.120088855991442,line-to-ground,POINT(-97.7244732051096 30.4257948645634),1
p1udt3271lv,S1S2,0.120088855991442,line-to-ground,POINT(-97.7243386677839 30.425721425149),1
p1udm11570,S1S2,0.120088855991442,line-to-ground,POINT(-97.7243195135572 30.4256038811694),1
p1ulv13500,S1S2,0.120088855991442,line-to-ground,POINT(-97.7241115395083 30.4255838026343),1
p1ulv27534,S1S2,0.120088855991442,line-to-ground,POINT(-97.7245065494241 30.4256327777058),1
p1udt3273lv,S1S2,0.120088855991442,line-to-ground,POINT(-97.7241759784661 30.4283279119248),1
p1ulv3511,S1S2,0.120088855991442,line-to-ground,POINT(-97.7239929078735 30.4282985433045),1
p1udm11576,S1S2,0.120088855991442,line-to-ground,POINT(-97.7240813198184 30.4287054391044),1
p1ulv34516,S1S2,0.120088855991442,line-to-ground,POINT(-97.7242475399325 30.4287341326254),1
p1udm11578,S1S2,0.120088855991442,line-to-ground,POINT(-97.7242010050553 30.4283096004084),1
p1ulv45881,S1S2,0.120088855991442,line-to-ground,POINT(-97.7243559919348 30.428401344446),1
p1udm11577,S1S2,0.120088855991442,line-to-ground,POINT(-97.7242331766218 30.4282377314749),1
p1ulv38261,S1S2,0.120088855991442,line-to-ground,POINT(-97.7243706699914 30.4283501864869),1
p1ulv46532,S1S2,0.120088855991442,line-to-ground,POINT(-97.7240883659615 30.4281641326173),1
p1udm11580,S1S2,0.120088855991442,line-to-ground,POINT(-97.7251140987965 30.428553118152),1
p1ulv3512,S1S2,0.120088855991442,line-to-ground,POINT(-97.7252274438619 30.4286444544344),1
p1ulv10381,S1S2,0.120088855991442,line-to-ground,POINT(-97.7249695216896 30.4284614766876),1
p1udt3274lv,S1S2,0.120088855991442,line-to-ground,POINT(-97.7251978310817 30.4285088800884),1
p1udm11583,S1S2,0.120088855991442,line-to-ground,POINT(-97.725209555639 30.428418706613),1
p1ulv31923,S1S2,0.120088855991442,line-to-ground,POINT(-97.7253402765891 30.4284983534456),1
p1udm11582,S1S2,0.120088855991442,line-to-ground,POINT(-97.7252521372542 30.428346939087),1
p1ulv23683,S1S2,0.120088855991442,line-to-ground,POINT(-97.7251178536991 30.4282644212416),1
p1udt3275lv,S1S2,0.120088855991442,line-to-ground,POINT(-97.7185708817257 30.4234722869665),1
p1ulv44617,S1S2,0.120088855991442,line-to-ground,POINT(-97.7184623872375 30.4236516956497),1
p1udm11584,S1S2,0.120088855991442,line-to-ground,POINT(-97.7184700526145 30.4230652811208),1
p1ulv3513,S1S2,0.120088855991442,line-to-ground,POINT(-97.718614851431 30.4231388859332),1
p1udt3276lv,S1S2,0.120088855991442,line-to-ground,POINT(-97.7190844731558 30.4257594922171),1
p1ulv33881,S1S2,0.120088855991442,line-to-ground,POINT(-97.7189458447034 30.4256956207284),1
p1udm11586,S1S2,0.120088855991442,line-to-ground,POINT(-97.7191752278627 30.4256708029696),1
p1ulv3514,S1S2,0.120088855991442,line-to-ground,POINT(-97.7190410711293 30.4255792573278),1
p1ulv14137,S1S2,0.120088855991442,line-to-ground,POINT(-97.7192885639659 30.4257621441965),1
p1udm11588,S1S2,0.120088855991442,line-to-ground,POINT(-97.7190795299635 30.4258232535116),1
p1ulv20528,S1S2,0.120088855991442,line-to-ground,POINT(-97.7191928661452 30.425914594822),1
p1ulv34518,S1S2,0.120088855991442,line-to-ground,POINT(-97.7189030239741 30.4257854296468),1
p1udt3776lv,S1S2,0.120088855991442,line-to-ground,POINT(-97.7272501703384 30.4249814875188),1
p1ulv10380,S1S2,0.120088855991442,line-to-ground,POINT(-97.7274080345441 30.4250926525837),1
p1udm13322,S1S2,0.120088855991442,line-to-ground,POINT(-97.7272847494648 30.4249651295405),1
p1ulv4109,S1S2,0.120088855991442,line-to-ground,POINT(-97.727471668047 30.4250030436116),1
p1udm13324,S1S2,0.120088855991442,line-to-ground,POINT(-97.7272755268671 30.4249336849275),1
p1ulv12871,S1S2,0.120088855991442,line-to-ground,POINT(-97.7274731904466 30.4248857603218),1
p1udm13326,S1S2,0.120088855991442,line-to-ground,POINT(-97.7272407653209 30.4251451593362),1
p1ulv52738,S1S2,0.120088855991442,line-to-ground,POINT(-97.727074315943 30.4251345133401),1
p1udm13325,S1S2,0.120088855991442,line-to-ground,POINT(-97.7272083627662 30.4252350727163),1
p1ulv18568,S1S2,0.120088855991442,line-to-ground,POINT(-97.7273746952174 30.4252547403373),1
p1udm13331,S1S2,0.120088855991442,line-to-ground,POINT(-97.7255287988964 30.4278894715474),1
p1ulv4111,S1S2,0.120088855991442,line-to-ground,POINT(-97.7256447239912 30.4277823282851),1
p1ulv14128,S1S2,0.120088855991442,line-to-ground,POINT(-97.7253927560201 30.4279422806947),1
p1udt3778lv,S1S2,0.120088855991442,line-to-ground,POINT(-97.7255329481417 30.4278003088428),1
p1udm13333,S1S2,0.120088855991442,line-to-ground,POINT(-97.7254365103684 30.4277802952902),1
p1ulv17928,S1S2,0.120088855991442,line-to-ground,POINT(-97.725572904881 30.4277004207459),1
p1udt3780lv,S1S2,0.120088855991442,line-to-ground,POINT(-97.7206454765971 30.4224994269966),1
p1ulv4113,S1S2,0.120088855991442,line-to-ground,POINT(-97.7205617381541 30.4223459192335),1
p1udm13340,S1S2,0.120088855991442,line-to-ground,POINT(-97.7207275932047 30.4224016822416),1
p1ulv14739,S1S2,0.120088855991442,line-to-ground,POINT(-97.7208515726528 30.4224750805634),1
p1udm13341,S1S2,0.120088855991442,line-to-ground,POINT(-97.7205907315557 30.4225176389657),1
p1ulv43316,S1S2,0.120088855991442,line-to-ground,POINT(-97.7204636606917 30.4224052822691),1
p1udt3781lv,S1S2,0.120088855991442,line-to-ground,POINT(-97.7214786494551 30.4226068953136),1
p1ulv4114,S1S2,0.120088855991442,line-to-ground,POINT(-97.7213689008845 30.4227237677886),1
p1ulv30657,S1S2,0.120088855991442,line-to-ground,POINT(-97.7216426226739 30.4224918525248),1
p1udm13344,S1S2,0.120088855991442,line-to-ground,POINT(-97.7216092749168 30.4226539386222),1
p1ulv37648,S1S2,0.120088855991442,line-to-ground,POINT(-97.7214307733825 30.4227694884433),1
p1udt3782lv,S1S2,0.120088855991442,line-to-ground,POINT(-97.7186118607599 30.4228855654242),1
p1ulv4115,S1S2,0.120088855991442,line-to-ground,POINT(-97.7187941821065 30.4229601877384),1
p1udt3783lv,S1S2,0.120088855991442,line-to-ground,POINT(-97.7212935302393 30.4238689255641),1
p1ulv8520,S1S2,0.120088855991442,line-to-ground,POINT(-97.7211752183289 30.4240031257904),1
p1udm13346,S1S2,0.120088855991442,line-to-ground,POINT(-97.721447179397 30.4239065376698),1
p1ulv4116,S1S2,0.120088855991442,line-to-ground,POINT(-97.7213620147298 30.424050070269),1
p1ulv9137,S1S2,0.120088855991442,line-to-ground,POINT(-97.7215008777914 30.4237807426736),1
p1udm13349,S1S2,0.120088855991442,line-to-ground,POINT(-97.7210634123769 30.4237945031697),1
p1ulv19871,S1S2,0.120088855991442,line-to-ground,POINT(-97.7210755879756 30.4236592786037),1
p1ulv33880,S1S2,0.120088855991442,line-to-ground,POINT(-97.720957191347 30.4239558750418),1
p1udt3784lv,S1S2,0.120088855991442,line-to-ground,POINT(-97.7227174030514 30.424265310434),1
p1ulv38937,S1S2,0.120088855991442,line-to-ground,POINT(-97.7227522895768 30.424424598066),1
p1udm13351,S1S2,0.120088855991442,line-to-ground,POINT(-97.722972316399 30.4243184756671),1
p1ulv4117,S1S2,0.120088855991442,line-to-ground,POINT(-97.7229494979334 30.4244716421756),1
p1udm13352,S1S2,0.120088855991442,line-to-ground,POINT(-97.7225988386073 30.4242155692122),1
p1ulv15353,S1S2,0.120088855991442,line-to-ground,POINT(-97.7225447886707 30.4243684300104),1
p1udt3787lv,S1S2,0.120088855991442,line-to-ground,POINT(-97.7206359983017 30.4271829176556),1
p1ulv4120,S1S2,0.120088855991442,line-to-ground,POINT(-97.7207593624054 30.427148050455),1
p1udm13360,S1S2,0.120088855991442,line-to-ground,POINT(-97.7205726782305 30.4270920832111),1
p1ulv35158,S1S2,0.120088855991442,line-to-ground,POINT(-97.7204472801244 30.4271269456804),1
p1udt4298lv,S1S2,0.120088855991442,line-to-ground,POINT(-97.7276585140323 30.4290765275208),1
p1ulv43971,S1S2,0.120088855991442,line-to-ground,POINT(-97.7277355544541 30.4290146333351),1
p1udm15132,S1S2,0.120088855991442,line-to-ground,POINT(-97.7274607245122 30.4290542326762),1
p1ulv25615,S1S2,0.120088855991442,line-to-ground,POINT(-97.727545767905 30.4289197178604),1
p1udm15131,S1S2,0.120088855991442,line-to-ground,POINT(-97.7272307268535 30.4290697652757),1
p1ulv4738,S1S2,0.120088855991442,line-to-ground,POINT(-97.7273798977573 30.4288639631476),1
p1udm15135,S1S2,0.120088855991442,line-to-ground,POINT(-97.7277197069839 30.4291560095809),1
p1ulv60676,S1S2,0.120088855991442,line-to-ground,POINT(-97.7277942222021 30.4290304149045),1
p1udm15134,S1S2,0.120088855991442,line-to-ground,POINT(-97.7278958715833 30.4292208871325),1
p1ulv47126,S1S2,0.120088855991442,line-to-ground,POINT(-97.7279807974626 30.4290953938113),1
p1udm15136,S1S2,0.120088855991442,line-to-ground,POINT(-97.720239449374 30.421512650977),1
p1ulv4740,S1S2,0.120088855991442,line-to-ground,POINT(-97.7204180676457 30.4213880809667),1
p1udt4299lv,S1S2,0.120088855991442,line-to-ground,POINT(-97.720262483995 30.4215575769061),1
p1udm15137,S1S2,0.120088855991442,line-to-ground,POINT(-97.7204452944963 30.4216951273106),1
p1ulv31270,S1S2,0.120088855991442,line-to-ground,POINT(-97.720308786799 30.4217840184576),1
p1udt4300lv,S1S2,0.120088855991442,line-to-ground,POINT(-97.7209585777891 30.4256334494866),1
p1ulv10385,S1S2,0.120088855991442,line-to-ground,POINT(-97.7210524019716 30.425436567198),1
p1ulv60681,S1S2,0.120088855991442,line-to-ground,POINT(-97.72091412375 30.4256607853103),1
p1udm15138,S1S2,0.120088855991442,line-to-ground,POINT(-97.7211327429422 30.4256629273855),1
p1ulv4741,S1S2,0.120088855991442,line-to-ground,POINT(-97.7212386125936 30.4255286207626),1
p1udm15141,S1S2,0.120088855991442,line-to-ground,POINT(-97.7212155557029 30.4256998303919),1
p1ulv57062,S1S2,0.120088855991442,line-to-ground,POINT(-97.7212797835707 30.4255651157756),1
p1udm15140,S1S2,0.120088855991442,line-to-ground,POINT(-97.7206357499793 30.425450530044),1
p1ulv30033,S1S2,0.120088855991442,line-to-ground,POINT(-97.7206588078036 30.425279320538),1
p1udt4303lv,S1S2,0.120088855991442,line-to-ground,POINT(-97.7191008036428 30.4276579504256),1
p1ulv4744,S1S2,0.120088855991442,line-to-ground,POINT(-97.7190114799548 30.4278437189187),1
p1udm16706,S1S2,0.120088855991442,line-to-ground,POINT(-97.7252425572351 30.4218774053528),1
p1ulv5332,S1S2,0.120088855991442,line-to-ground,POINT(-97.7250750578806 30.4219479530527),1
p1udt4770lv,S1S2,0.120088855991442,line-to-ground,POINT(-97.7252007925708 30.4218385937832),1
p1udm16707,S1S2,0.120088855991442,line-to-ground,POINT(-97.7252029111547 30.421723628329),1
p1ulv11613,S1S2,0.120088855991442,line-to-ground,POINT(-97.7250458220839 30.4217942776578),1
p1ulv14123,S1S2,0.120088855991442,line-to-ground,POINT(-97.7253700581768 30.4216801458152),1
p1udm16710,S1S2,0.120088855991442,line-to-ground,POINT(-97.7228879573865 30.4228017986017),1
p1ulv13505,S1S2,0.120088855991442,line-to-ground,POINT(-97.7227415102106 30.4228545033392),1
p1udm16709,S1S2,0.120088855991442,line-to-ground,POINT(-97.723286714831 30.4225620801038),1
p1ulv5333,S1S2,0.120088855991442,line-to-ground,POINT(-97.7233883490871 30.4227525555869),1
p1udt4771lv,S1S2,0.120088855991442,line-to-ground,POINT(-97.722969687907 30.4229109320535),1
p1udt4772lv,S1S2,0.120088855991442,line-to-ground,POINT(-97.7264372503492 30.422961691024),1
p1ulv23677,S1S2,0.120088855991442,line-to-ground,POINT(-97.7266518148504 30.4229169378292),1
p1ulv37041,S1S2,0.120088855991442,line-to-ground,POINT(-97.7263420177043 30.4229979580677),1
p1udm16711,S1S2,0.120088855991442,line-to-ground,POINT(-97.7264972328505 30.4230716558723),1
p1ulv5334,S1S2,0.120088855991442,line-to-ground,POINT(-97.7263719590342 30.4230975024714),1
p1udt4773lv,S1S2,0.120088855991442,line-to-ground,POINT(-97.7266324713463 30.4240384136625),1
p1ulv59455,S1S2,0.120088855991442,line-to-ground,POINT(-97.7267443647129 30.4240846351739),1
p1udm16714,S1S2,0.120088855991442,line-to-ground,POINT(-97.7265774484655 30.4241100757539),1
p1ulv5335,S1S2,0.120088855991442,line-to-ground,POINT(-97.7263801216768 30.4240720588839),1
p1udm16715,S1S2,0.120088855991442,line-to-ground,POINT(-97.7266109058242 30.4239389664128),1
p1ulv23058,S1S2,0.120088855991442,line-to-ground,POINT(-97.7267665913208 30.4239765767739),1
p1ulv24353,S1S2,0.120088855991442,line-to-ground,POINT(-97.7264446929834 30.4239102760929),1
p1udt5291lv,S1S2,0.120088855991442,line-to-ground,POINT(-97.7262674350947 30.4300356252797),1
p1ulv21167,S1S2,0.120088855991442,line-to-ground,POINT(-97.726104830661 30.430033528056),1
p1udm18477,S1S2,0.120088855991442,line-to-ground,POINT(-97.7263134008378 30.4300084947791),1
p1ulv5994,S1S2,0.120088855991442,line-to-ground,POINT(-97.7261474123779 30.4299617602565),1
p1ulv52061,S1S2,0.120088855991442,line-to-ground,POINT(-97.7264583331606 30.4300730694914),1
p1udt5292lv,S1S2,0.120088855991442,line-to-ground,POINT(-97.7274418987354 30.4300188529491),1
p1ulv47717,S1S2,0.120088855991442,line-to-ground,POINT(-97.7273222060955 30.430099541626),1
p1udm18480,S1S2,0.120088855991442,line-to-ground,POINT(-97.7274701846862 30.429929548844),1
p1ulv5995,S1S2,0.120088855991442,line-to-ground,POINT(-97.7272721429721 30.4299456637181),1
p1udm18481,S1S2,0.120088855991442,line-to-ground,POINT(-97.7275207166249 30.4300473395466),1
p1ulv23664,S1S2,0.120088855991442,line-to-ground,POINT(-97.7276465847093 30.4299763831895),1
p1udt5293lv,S1S2,0.120088855991442,line-to-ground,POINT(-97.727609624832 30.4301118770817),1
p1ulv5996,S1S2,0.120088855991442,line-to-ground,POINT(-97.7274350864829 30.4302269632151),1
p1udt5298lv,S1S2,0.120088855991442,line-to-ground,POINT(-97.7244544249016 30.4225182533628),1
p1ulv6651,S1S2,0.120088855991442,line-to-ground,POINT(-97.7246409694529 30.4225031346039),1
p1udm18492,S1S2,0.120088855991442,line-to-ground,POINT(-97.7244552305848 30.4223749987871),1
p1ulv14125,S1S2,0.120088855991442,line-to-ground,POINT(-97.7242781414568 30.4223822912103),1
p1ulv50167,S1S2,0.120088855991442,line-to-ground,POINT(-97.7246147100686 30.4223974390047),1
p1udm18494,S1S2,0.120088855991442,line-to-ground,POINT(-97.7245142875223 30.4226372408429),1
p1ulv63213,S1S2,0.120088855991442,line-to-ground,POINT(-97.724347138514 30.4226807221973),1
p1udm18490,S1S2,0.120088855991442,line-to-ground,POINT(-97.7245236413383 30.4227185386173),1
p1ulv6003,S1S2,0.120088855991442,line-to-ground,POINT(-97.724690555636 30.4226931006064),1
p1udt5301lv,S1S2,0.120088855991442,line-to-ground,POINT(-97.725499223437 30.4246398242217),1
p1ulv26228,S1S2,0.120088855991442,line-to-ground,POINT(-97.7253740480569 30.4245765459274),1
p1udm18503,S1S2,0.120088855991442,line-to-ground,POINT(-97.7255073886043 30.4247312376968),1
p1ulv6006,S1S2,0.120088855991442,line-to-ground,POINT(-97.7256941886896 30.4247781760681),1
p1udm18504,S1S2,0.120088855991442,line-to-ground,POINT(-97.7254752192087 30.4248031070413),1
p1ulv15978,S1S2,0.120088855991442,line-to-ground,POINT(-97.7256410813961 30.4248588639827),1
p1udm18505,S1S2,0.120088855991442,line-to-ground,POINT(-97.725571609968 30.4245965207628),1
p1ulv24970,S1S2,0.120088855991442,line-to-ground,POINT(-97.7253956898157 30.4245135967391),1
p1ulv57644,S1S2,0.120088855991442,line-to-ground,POINT(-97.725758644361 30.4246254154649),1
p1udm18508,S1S2,0.120088855991442,line-to-ground,POINT(-97.7252308779573 30.4275797828065),1
p1ulv6007,S1S2,0.120088855991442,line-to-ground,POINT(-97.725315688364 30.4274633130257),1
p1ulv19230,S1S2,0.120088855991442,line-to-ground,POINT(-97.725114952672 30.4276869256983),1
p1udm18512,S1S2,0.120088855991442,line-to-ground,POINT(-97.7252925206643 30.4276435452958),1
p1ulv33876,S1S2,0.120088855991442,line-to-ground,POINT(-97.7254086803276 30.4275183586772),1
p1udt5302lv,S1S2,0.120088855991442,line-to-ground,POINT(-97.7251656170896 30.4274894264652),1
p1udm18510,S1S2,0.120088855991442,line-to-ground,POINT(-97.7250861847985 30.4274971632755),1
p1ulv21183,S1S2,0.120088855991442,line-to-ground,POINT(-97.7249911981296 30.4275954876469),1
p1udm18511,S1S2,0.120088855991442,line-to-ground,POINT(-97.7250138969847 30.4274513425623),1
p1ulv24354,S1S2,0.120088855991442,line-to-ground,POINT(-97.7251093528315 30.4273169310479),1
p1udt5303lv,S1S2,0.120088855991442,line-to-ground,POINT(-97.7204166554966 30.4254370475774),1
p1ulv13506,S1S2,0.120088855991442,line-to-ground,POINT(-97.7204476560022 30.4255028238964),1
p1udm18513,S1S2,0.120088855991442,line-to-ground,POINT(-97.7203453183074 30.4253664768786),1
p1ulv6008,S1S2,0.120088855991442,line-to-ground,POINT(-97.7203787869973 30.4251953694897),1
p1udt5304lv,S1S2,0.120088855991442,line-to-ground,POINT(-97.7193257902805 30.4254911192309),1
p1ulv6009,S1S2,0.120088855991442,line-to-ground,POINT(-97.7192211128981 30.4253464281467),1
p1ulv45883,S1S2,0.120088855991442,line-to-ground,POINT(-97.7194791337754 30.4255203950373),1
p1udm18517,S1S2,0.120088855991442,line-to-ground,POINT(-97.7192814537372 30.425509432726),1
p1ulv52087,S1S2,0.120088855991442,line-to-ground,POINT(-97.7194262567382 30.4255830367319),1
p1udm18518,S1S2,0.120088855991442,line-to-ground,POINT(-97.7193977360951 30.4253752298022),1
p1ulv52745,S1S2,0.120088855991442,line-to-ground,POINT(-97.7192846360455 30.4252658451502),1
p1udt5305lv,S1S2,0.120088855991442,line-to-ground,POINT(-97.7217041989186 30.4268679240772),1
p1ulv6010,S1S2,0.120088855991442,line-to-ground,POINT(-97.7215731209104 30.4267471556191),1
p1ulv35812,S1S2,0.120088855991442,line-to-ground,POINT(-97.7219496992916 30.426889023306),1
p1udm18520,S1S2,0.120088855991442,line-to-ground,POINT(-97.7216992573435 30.4269316855075),1
p1ulv6011,S1S2,0.120088855991442,line-to-ground,POINT(-97.7218923192456 30.4270209691503),1
p1udt5809lv,S1S2,0.120088855991442,line-to-ground,POINT(-97.7200476351705 30.4229628117748),1
p1ulv6659,S1S2,0.120088855991442,line-to-ground,POINT(-97.7199827054274 30.4228365035699),1
p1udm20187,S1S2,0.120088855991442,line-to-ground,POINT(-97.7201694989903 30.4228834496837),1
p1ulv15351,S1S2,0.120088855991442,line-to-ground,POINT(-97.7203554684694 30.4229935479194),1
p1ulv39554,S1S2,0.120088855991442,line-to-ground,POINT(-97.7200353450055 30.4227919051084),1
p1udm20190,S1S2,0.120088855991442,line-to-ground,POINT(-97.7202431943077 30.4228210117237),1
p1ulv55846,S1S2,0.120088855991442,line-to-ground,POINT(-97.7203458825965 30.422930293486),1
p1udm20188,S1S2,0.120088855991442,line-to-ground,POINT(-97.720032518226 30.4230084275441),1
p1ulv24358,S1S2,0.120088855991442,line-to-ground,POINT(-97.7201564978787 30.4230818265266),1
p1udm20191,S1S2,0.120088855991442,line-to-ground,POINT(-97.7199270031928 30.4231156679675),1
p1ulv60680,S1S2,0.120088855991442,line-to-ground,POINT(-97.719771911022 30.4230329407213),1
p1udt5825lv,S1S2,0.120088855991442,line-to-ground,POINT(-97.7199651362686 30.4199190904096),1
p1ulv47751,S1S2,0.120088855991442,line-to-ground,POINT(-97.7202106273261 30.4200083758812),1
p1udm20236,S1S2,0.120088855991442,line-to-ground,POINT(-97.7198941809867 30.4200475517623),1
p1ulv38952,S1S2,0.120088855991442,line-to-ground,POINT(-97.7199245860435 30.4201110103903),1
p1udm20238,S1S2,0.120088855991442,line-to-ground,POINT(-97.7199586421976 30.4198947940845),1
p1ulv60080,S1S2,0.120088855991442,line-to-ground,POINT(-97.7200628581773 30.4198867929815),1
p1udm20235,S1S2,0.120088855991442,line-to-ground,POINT(-97.7198139648028 30.4198121690638),1
p1ulv6677,S1S2,0.120088855991442,line-to-ground,POINT(-97.7198768948039 30.4197766944555),1
p1udt6285lv,S1S2,0.120088855991442,line-to-ground,POINT(-97.7278626814374 30.4303303683458),1
p1ulv7280,S1S2,0.120088855991442,line-to-ground,POINT(-97.7280395069877 30.4301877402364),1
p1ulv13485,S1S2,0.120088855991442,line-to-ground,POINT(-97.7277129030138 30.4304823135516),1
p1ulv38916,S1S2,0.120088855991442,line-to-ground,POINT(-97.7280476934235 30.4303592556309),1
p1ulv60661,S1S2,0.120088855991442,line-to-ground,POINT(-97.72792112256 30.4304843430779),1
p1udt6294lv,S1S2,0.120088855991442,line-to-ground,POINT(-97.7266483890242 30.4236144910759),1
p1ulv59453,S1S2,0.120088855991442,line-to-ground,POINT(-97.7264589707105 30.423612658602),1
p1udm21751,S1S2,0.120088855991442,line-to-ground,POINT(-97.7266443630551 30.4237678570553),1
p1ulv7292,S1S2,0.120088855991442,line-to-ground,POINT(-97.7268116301906 30.4237153509988),1
p1udm21753,S1S2,0.120088855991442,line-to-ground,POINT(-97.7265852998156 30.4235056158263),1
p1ulv52078,S1S2,0.120088855991442,line-to-ground,POINT(-97.7267933872905 30.4235166685234),1
p1udm21752,S1S2,0.120088855991442,line-to-ground,POINT(-97.726565534011 30.423424216604),1
p1ulv23057,S1S2,0.120088855991442,line-to-ground,POINT(-97.7264261695872 30.4234561125866),1
p1udt6295lv,S1S2,0.120088855991442,line-to-ground,POINT(-97.7245470109622 30.4242797184676),1
p1ulv7293,S1S2,0.120088855991442,line-to-ground,POINT(-97.7246820713941 30.4241457095091),1
p1ulv35807,S1S2,0.120088855991442,line-to-ground,POINT(-97.724464746467 30.4240443338699),1
p1ulv38257,S1S2,0.120088855991442,line-to-ground,POINT(-97.7247218348449 30.4242904648573),1
p1udm21758,S1S2,0.120088855991442,line-to-ground,POINT(-97.7243356117561 30.4244267720062),1
p1ulv42049,S1S2,0.120088855991442,line-to-ground,POINT(-97.7245209872279 30.4245230986506),1
p1udm21765,S1S2,0.120088855991442,line-to-ground,POINT(-97.7261097591683 30.4256484336306),1
p1ulv43311,S1S2,0.120088855991442,line-to-ground,POINT(-97.7260249513378 30.4257649040304),1
p1udt6297lv,S1S2,0.120088855991442,line-to-ground,POINT(-97.7262826495678 30.4256596540137),1
p1udm21766,S1S2,0.120088855991442,line-to-ground,POINT(-97.7263585552284 30.4257320678216),1
p1ulv56451,S1S2,0.120088855991442,line-to-ground,POINT(-97.7262634543556 30.4258394150161),1
p1udm21764,S1S2,0.120088855991442,line-to-ground,POINT(-97.7264313112905 30.4257418006366),1
p1ulv7295,S1S2,0.120088855991442,line-to-ground,POINT(-97.7263983217294 30.4258768227134),1
p1udt6717lv,S1S2,0.120088855991442,line-to-ground,POINT(-97.7266012024488 30.4305735604272),1
p1ulv7899,S1S2,0.120088855991442,line-to-ground,POINT(-97.7265197929125 30.4306753689665),1
p1ulv43300,S1S2,0.120088855991442,line-to-ground,POINT(-97.7267138010966 30.4304455018601),1
p1udm23169,S1S2,0.120088855991442,line-to-ground,POINT(-97.7267280718764 30.4306975160149),1
p1ulv17910,S1S2,0.120088855991442,line-to-ground,POINT(-97.7266886425337 30.4307791046248),1
p1ulv26879,S1S2,0.120088855991442,line-to-ground,POINT(-97.7268307128368 30.4305397077185),1
p1udm23172,S1S2,0.120088855991442,line-to-ground,POINT(-97.7264323532703 30.4304698246653),1
p1ulv50814,S1S2,0.120088855991442,line-to-ground,POINT(-97.7263680116836 30.4306135636086),1
p1udt7165lv,S1S2,0.120088855991442,line-to-ground,POINT(-97.72855545622 30.431510212162),1
p1ulv8504,S1S2,0.120088855991442,line-to-ground,POINT(-97.728739256565 30.4316292030924),1
p1ulv9127,S1S2,0.120088855991442,line-to-ground,POINT(-97.7283913077273 30.4316861378882),1
p1ulv14108,S1S2,0.120088855991442,line-to-ground,POINT(-97.7284985137248 30.4317261101742),1
p1ulv30011,S1S2,0.120088855991442,line-to-ground,POINT(-97.7287438728665 30.431550877848),1
p1udm24580,S1S2,0.120088855991442,line-to-ground,POINT(-97.7284709088452 30.4314461305326),1
p1ulv32542,S1S2,0.120088855991442,line-to-ground,POINT(-97.7282403431709 30.4315611821435),1
p1udt7170lv,S1S2,0.120088855991442,line-to-ground,POINT(-97.7255872508381 30.4242215107026),1
p1ulv8515,S1S2,0.120088855991442,line-to-ground,POINT(-97.7254939570161 30.4241626619382),1
p1ulv50168,S1S2,0.120088855991442,line-to-ground,POINT(-97.7254514947992 30.4242254078594),1
p1udm24593,S1S2,0.120088855991442,line-to-ground,POINT(-97.7256173560068 30.4242811648076),1
p1ulv15976,S1S2,0.120088855991442,line-to-ground,POINT(-97.7258356207587 30.42431036428),1
p1udm24603,S1S2,0.120088855991442,line-to-ground,POINT(-97.724385189487 30.4293580596),1
p1ulv8519,S1S2,0.120088855991442,line-to-ground,POINT(-97.7242693785519 30.4294561798519),1
p1ulv54627,S1S2,0.120088855991442,line-to-ground,POINT(-97.7242278525643 30.4294467510467),1
p1udt7173lv,S1S2,0.120088855991442,line-to-ground,POINT(-97.7243425265251 30.4294417934345),1
p1udm24605,S1S2,0.120088855991442,line-to-ground,POINT(-97.724498652154 30.4294403747369),1
p1ulv57646,S1S2,0.120088855991442,line-to-ground,POINT(-97.724403075896 30.4295838074535),1
p1udt7176lv,S1S2,0.120088855991442,line-to-ground,POINT(-97.7225518418365 30.4283447718784),1
p1ulv8523,S1S2,0.120088855991442,line-to-ground,POINT(-97.7224287120736 30.4284817466778),1
p1ulv9772,S1S2,0.120088855991442,line-to-ground,POINT(-97.7226500417411 30.4282763856897),1
p1udm24617,S1S2,0.120088855991442,line-to-ground,POINT(-97.7223896561176 30.4282828601557),1
p1ulv14744,S1S2,0.120088855991442,line-to-ground,POINT(-97.7223147818989 30.4284355168848),1
p1udm24652,S1S2,0.120088855991442,line-to-ground,POINT(-97.7185250673499 30.4194017476687),1
p1ulv8537,S1S2,0.120088855991442,line-to-ground,POINT(-97.7185104897105 30.4194503222759),1
p1ulv11630,S1S2,0.120088855991442,line-to-ground,POINT(-97.7186501883264 30.4196383388172),1
p1udt7186lv,S1S2,0.120088855991442,line-to-ground,POINT(-97.7187014910301 30.4192287300994),1
p1udm24654,S1S2,0.120088855991442,line-to-ground,POINT(-97.7191453408547 30.4191920516172),1
p1ulv61953,S1S2,0.120088855991442,line-to-ground,POINT(-97.7192159700873 30.4193641801688),1
p1udt7602lv,S1S2,0.120088855991442,line-to-ground,POINT(-97.7274018168988 30.4247588021826),1
p1ulv52735,S1S2,0.120088855991442,line-to-ground,POINT(-97.7272263866752 30.4246487578329),1
p1udm26036,S1S2,0.120088855991442,line-to-ground,POINT(-97.7273926010266 30.4246774471962),1
p1ulv9134,S1S2,0.120088855991442,line-to-ground,POINT(-97.727237265542 30.4246127721739),1
p1udm26038,S1S2,0.120088855991442,line-to-ground,POINT(-97.7273127524865 30.4248812637199),1
p1ulv52737,S1S2,0.120088855991442,line-to-ground,POINT(-97.7271618161116 30.4248105410157),1
p1udt7604lv,S1S2,0.120088855991442,line-to-ground,POINT(-97.7258915540572 30.428282236887),1
p1ulv9136,S1S2,0.120088855991442,line-to-ground,POINT(-97.7257208551788 30.4283334700356),1
p1udm26045,S1S2,0.120088855991442,line-to-ground,POINT(-97.7258061348063 30.4281809128269),1
p1ulv27538,S1S2,0.120088855991442,line-to-ground,POINT(-97.7258979101768 30.428052651609),1
p1udm26047,S1S2,0.120088855991442,line-to-ground,POINT(-97.7257443741497 30.4281261723473),1
p1ulv48345,S1S2,0.120088855991442,line-to-ground,POINT(-97.7258601820353 30.4280280506802),1
p1udm26046,S1S2,0.120088855991442,line-to-ground,POINT(-97.7259295390611 30.4282994154845),1
p1ulv32555,S1S2,0.120088855991442,line-to-ground,POINT(-97.7260455814872 30.4281832500921),1
p1udm26048,S1S2,0.120088855991442,line-to-ground,POINT(-97.7261459368965 30.4284729631875),1
p1ulv63828,S1S2,0.120088855991442,line-to-ground,POINT(-97.7259991309643 30.4285527366892),1
p1udt8011lv,S1S2,0.120088855991442,line-to-ground,POINT(-97.7210190883623 30.4233610660434),1
p1ulv9766,S1S2,0.120088855991442,line-to-ground,POINT(-97.721284701368 30.4233156199496),1
p1ulv26232,S1S2,0.120088855991442,line-to-ground,POINT(-97.7208524485286 30.4232059460334),1
p1ulv30032,S1S2,0.120088855991442,line-to-ground,POINT(-97.7207259960513 30.4233220048673),1
p1ulv37650,S1S2,0.120088855991442,line-to-ground,POINT(-97.721133758673 30.4231906564526),1
p1udm27301,S1S2,0.120088855991442,line-to-ground,POINT(-97.7209533724007 30.423450553902),1
p1ulv46535,S1S2,0.120088855991442,line-to-ground,POINT(-97.7212337418431 30.4235074382966),1
p1udt8012lv,S1S2,0.120088855991442,line-to-ground,POINT(-97.7208572427687 30.4263453204888),1
p1ulv43319,S1S2,0.120088855991442,line-to-ground,POINT(-97.7210922133798 30.4263753410373),1
p1udm27302,S1S2,0.120088855991442,line-to-ground,POINT(-97.720948114195 30.4262476082192),1
p1ulv9767,S1S2,0.120088855991442,line-to-ground,POINT(-97.7207927808047 30.4261829255917),1
p1ulv45884,S1S2,0.120088855991442,line-to-ground,POINT(-97.7211036831958 30.4262942471325),1
p1udm27303,S1S2,0.120088855991442,line-to-ground,POINT(-97.7208524184067 30.4264000601107),1
p1ulv19872,S1S2,0.120088855991442,line-to-ground,POINT(-97.7209866957089 30.426482582193),1
p1udt8409lv,S1S2,0.120088855991442,line-to-ground,POINT(-97.727581139685 30.4239485249867),1
p1ulv28784,S1S2,0.120088855991442,line-to-ground,POINT(-97.7277036340082 30.4239766902696),1
p1udm28582,S1S2,0.120088855991442,line-to-ground,POINT(-97.7275279472313 30.4238757255061),1
p1ulv39552,S1S2,0.120088855991442,line-to-ground,POINT(-97.7273712075595 30.4239193121827),1
p1udm28583,S1S2,0.120088855991442,line-to-ground,POINT(-97.7275185908413 30.4237944278872),1
p1ulv44610,S1S2,0.120088855991442,line-to-ground,POINT(-97.7276850380186 30.4238050732556),1
p1udm28579,S1S2,0.120088855991442,line-to-ground,POINT(-97.7275093515627 30.4237041084738),1
p1ulv10379,S1S2,0.120088855991442,line-to-ground,POINT(-97.7273662338715 30.4237777328761),1
p1udm28584,S1S2,0.120088855991442,line-to-ground,POINT(-97.727546425857 30.4240563643263),1
p1ulv48343,S1S2,0.120088855991442,line-to-ground,POINT(-97.7273591576919 30.4240455157845),1
p1udm28581,S1S2,0.120088855991442,line-to-ground,POINT(-97.7275966038491 30.4242012203984),1
p1ulv30029,S1S2,0.120088855991442,line-to-ground,POINT(-97.7277118197474 30.4241482058132),1
p1udt8411lv,S1S2,0.120088855991442,line-to-ground,POINT(-97.7220246546961 30.4240300008624),1
p1ulv25618,S1S2,0.120088855991442,line-to-ground,POINT(-97.7219845139467 30.4242185789988),1
p1udm28588,S1S2,0.120088855991442,line-to-ground,POINT(-97.7217374901977 30.4239996100777),1
p1ulv10384,S1S2,0.120088855991442,line-to-ground,POINT(-97.7216519729438 30.4241702081905),1
p1udm28589,S1S2,0.120088855991442,line-to-ground,POINT(-97.7221110837742 30.4240934971777),1
p1ulv17930,S1S2,0.120088855991442,line-to-ground,POINT(-97.7220881464344 30.4242556852774),1
p1ulv37044,S1S2,0.120088855991442,line-to-ground,POINT(-97.7221960122261 30.4239680076091),1
p1udt8412lv,S1S2,0.120088855991442,line-to-ground,POINT(-97.72348935381 30.4288648998027),1
p1ulv10386,S1S2,0.120088855991442,line-to-ground,POINT(-97.7233698622568 30.4289691700521),1
p1udm28593,S1S2,0.120088855991442,line-to-ground,POINT(-97.7236411304298 30.4289267083962),1
p1ulv14130,S1S2,0.120088855991442,line-to-ground,POINT(-97.7236600723821 30.4290712603641),1
p1ulv54626,S1S2,0.120088855991442,line-to-ground,POINT(-97.723534790192 30.4290971039771),1
p1udm28594,S1S2,0.120088855991442,line-to-ground,POINT(-97.7237140059965 30.4289274210086),1
p1ulv43970,S1S2,0.120088855991442,line-to-ground,POINT(-97.72371553313 30.4288101379611),1
p1udm28596,S1S2,0.120088855991442,line-to-ground,POINT(-97.7231861110265 30.4286876621388),1
p1ulv54636,S1S2,0.120088855991442,line-to-ground,POINT(-97.7230905336598 30.4288310938764),1
p1udt8803lv,S1S2,0.120088855991442,line-to-ground,POINT(-97.7232599841738 30.4214481199785),1
p1ulv13504,S1S2,0.120088855991442,line-to-ground,POINT(-97.7232772902488 30.4216867637517),1
p1ulv31919,S1S2,0.120088855991442,line-to-ground,POINT(-97.7235077202928 30.4215807420266),1
p1ulv53350,S1S2,0.120088855991442,line-to-ground,POINT(-97.7235513570423 30.4214277788905),1
p1ulv64472,S1S2,0.120088855991442,line-to-ground,POINT(-97.7234280815473 30.4213002524082),1
p1udm29766,S1S2,0.120088855991442,line-to-ground,POINT(-97.7232073571866 30.4214605065187),1
p1ulv10996,S1S2,0.120088855991442,line-to-ground,POINT(-97.7232514642561 30.4212714563651),1
p1udm29769,S1S2,0.120088855991442,line-to-ground,POINT(-97.723113784676 30.421450568353),1
p1ulv45233,S1S2,0.120088855991442,line-to-ground,POINT(-97.7230532046444 30.4213056088982),1
p1udm29772,S1S2,0.120088855991442,line-to-ground,POINT(-97.719259653138 30.4223963113153),1
p1ulv10997,S1S2,0.120088855991442,line-to-ground,POINT(-97.7193760767875 30.4225266105522),1
p1udm29773,S1S2,0.120088855991442,line-to-ground,POINT(-97.7193332307931 30.422342895637),1
p1ulv31271,S1S2,0.120088855991442,line-to-ground,POINT(-97.7194255074691 30.4224520759589),1
p1udt8804lv,S1S2,0.120088855991442,line-to-ground,POINT(-97.7191457431231 30.4224301809209),1
p1udm29774,S1S2,0.120088855991442,line-to-ground,POINT(-97.7190386839495 30.4225746016151),1
p1ulv38264,S1S2,0.120088855991442,line-to-ground,POINT(-97.7191833646466 30.422657227559),1
p1udt8806lv,S1S2,0.120088855991442,line-to-ground,POINT(-97.7216828706136 30.4279121871716),1
p1ulv11001,S1S2,0.120088855991442,line-to-ground,POINT(-97.7215700332618 30.4280582848749),1
p1udm29778,S1S2,0.120088855991442,line-to-ground,POINT(-97.7216033832617 30.4278961989727),1
p1ulv22392,S1S2,0.120088855991442,line-to-ground,POINT(-97.7215320709145 30.4280517262584),1
p1ulv31277,S1S2,0.120088855991442,line-to-ground,POINT(-97.7216362625102 30.4277702001234),1
p1udm29780,S1S2,0.120088855991442,line-to-ground,POINT(-97.7218629443852 30.4279528784211),1
p1ulv38940,S1S2,0.120088855991442,line-to-ground,POINT(-97.7218717081468 30.4280792851102),1
p1ulv52747,S1S2,0.120088855991442,line-to-ground,POINT(-97.7218858831937 30.4277906904859),1
p1udt9170lv,S1S2,0.120088855991442,line-to-ground,POINT(-97.7253264283449 30.4298673161676),1
p1ulv11601,S1S2,0.120088855991442,line-to-ground,POINT(-97.725490938261 30.4300004661994),1
p1ulv37029,S1S2,0.120088855991442,line-to-ground,POINT(-97.7254487080069 30.4300451684382),1
p1ulv40800,S1S2,0.120088855991442,line-to-ground,POINT(-97.7255970415913 30.4298481125349),1
p1ulv51411,S1S2,0.120088855991442,line-to-ground,POINT(-97.7252616634391 30.4300162730237),1
p1udm30914,S1S2,0.120088855991442,line-to-ground,POINT(-97.7249443237383 30.4295981188934),1
p1ulv43299,S1S2,0.120088855991442,line-to-ground,POINT(-97.7249425633012 30.429733445535),1
p1udm30911,S1S2,0.120088855991442,line-to-ground,POINT(-97.7248506258956 30.429597203535),1
p1ulv15964,S1S2,0.120088855991442,line-to-ground,POINT(-97.7248278088113 30.4297503702996),1
p1udt9171lv,S1S2,0.120088855991442,line-to-ground,POINT(-97.7272526425344 30.4309227856574),1
p1ulv42639,S1S2,0.120088855991442,line-to-ground,POINT(-97.7272823041613 30.430766849041),1
p1ulv59441,S1S2,0.120088855991442,line-to-ground,POINT(-97.7271122130292 30.4310358780785),1
p1udm30916,S1S2,0.120088855991442,line-to-ground,POINT(-97.7274148358607 30.4309846915232),1
p1ulv11602,S1S2,0.120088855991442,line-to-ground,POINT(-97.7274789419263 30.4308589956019),1
p1ulv19215,S1S2,0.120088855991442,line-to-ground,POINT(-97.7274092814047 30.4311351909602),1
p1udt9183lv,S1S2,0.120088855991442,line-to-ground,POINT(-97.7267059653223 30.4294349165264),1
p1ulv11615,S1S2,0.120088855991442,line-to-ground,POINT(-97.7265095888287 30.4293336897322),1
p1ulv29404,S1S2,0.120088855991442,line-to-ground,POINT(-97.7264987091074 30.4293696752827),1
p1ulv58244,S1S2,0.120088855991442,line-to-ground,POINT(-97.7268203909009 30.4294540198528),1
p1udt9184lv,S1S2,0.120088855991442,line-to-ground,POINT(-97.7231377900684 30.4237606575415),1
p1ulv11616,S1S2,0.120088855991442,line-to-ground,POINT(-97.7232290958472 30.423788634796),1
p1udm30950,S1S2,0.120088855991442,line-to-ground,POINT(-97.7233573082773 30.4235372467942),1
p1ulv35811,S1S2,0.120088855991442,line-to-ground,POINT(-97.7232935546052 30.4236358754785),1
p1udm30951,S1S2,0.120088855991442,line-to-ground,POINT(-97.7230725896147 30.4238141727047),1
p1ulv52086,S1S2,0.120088855991442,line-to-ground,POINT(-97.7228751474524 30.4237851723664),1
p1udm30949,S1S2,0.120088855991442,line-to-ground,POINT(-97.7230403012725 30.4238950631941),1
p1ulv25617,S1S2,0.120088855991442,line-to-ground,POINT(-97.7231751646426 30.4239324741219),1
p1udt9185lv,S1S2,0.120088855991442,line-to-ground,POINT(-97.7216578181946 30.4259687111966),1
p1ulv30659,S1S2,0.120088855991442,line-to-ground,POINT(-97.7217450766807 30.4258132919627),1
p1udm30955,S1S2,0.120088855991442,line-to-ground,POINT(-97.7215463367551 30.4258835289849),1
p1ulv61307,S1S2,0.120088855991442,line-to-ground,POINT(-97.7216519708082 30.4257672655614),1
p1udm30954,S1S2,0.120088855991442,line-to-ground,POINT(-97.7214637590388 30.4258285826433),1
p1ulv36432,S1S2,0.120088855991442,line-to-ground,POINT(-97.7213686528425 30.4259359261139),1
p1udm30952,S1S2,0.120088855991442,line-to-ground,POINT(-97.7213706532918 30.4257825560447),1
p1ulv11617,S1S2,0.120088855991442,line-to-ground,POINT(-97.72142447057 30.425647739378),1
p1udm30956,S1S2,0.120088855991442,line-to-ground,POINT(-97.7221353819159 30.4262231450373),1
p1ulv62593,S1S2,0.120088855991442,line-to-ground,POINT(-97.7222414860471 30.4260707940472),1
p1udm30958,S1S2,0.120088855991442,line-to-ground,POINT(-97.7213445285669 30.4277853884202),1
p1ulv28792,S1S2,0.120088855991442,line-to-ground,POINT(-97.7213982294058 30.4276595936035),1
p1udm30960,S1S2,0.120088855991442,line-to-ground,POINT(-97.7214273431756 30.4278222913339),1
p1ulv40815,S1S2,0.120088855991442,line-to-ground,POINT(-97.7213629962268 30.4279660277067),1
p1udm30957,S1S2,0.120088855991442,line-to-ground,POINT(-97.7215101578481 30.4278591941965),1
p1ulv11618,S1S2,0.120088855991442,line-to-ground,POINT(-97.7215740338538 30.4277515448083),1
p1udt9186lv,S1S2,0.120088855991442,line-to-ground,POINT(-97.7213052730025 30.4277579197205),1
p1udm30959,S1S2,0.120088855991442,line-to-ground,POINT(-97.7207244807009 30.4274274190645),1
p1ulv37046,S1S2,0.120088855991442,line-to-ground,POINT(-97.7208609960922 30.4273385277713),1
p1udt9191lv,S1S2,0.120088855991442,line-to-ground,POINT(-97.7220671229157 30.4203085818768),1
p1ulv11631,S1S2,0.120088855991442,line-to-ground,POINT(-97.7220690150266 30.4201320201235),1
p1ulv21815,S1S2,0.120088855991442,line-to-ground,POINT(-97.7218530297587 30.4202049252051),1
p1ulv43973,S1S2,0.120088855991442,line-to-ground,POINT(-97.7218581130929 30.4203374827873),1
p1udm30970,S1S2,0.120088855991442,line-to-ground,POINT(-97.7221907588594 30.4203768309509),1
p1ulv11632,S1S2,0.120088855991442,line-to-ground,POINT(-97.7223802527139 30.4202162728783),1
p1udt9580lv,S1S2,0.120088855991442,line-to-ground,POINT(-97.7244926816245 30.4271941187044),1
p1ulv47124,S1S2,0.120088855991442,line-to-ground,POINT(-97.7245499961794 30.427094916295),1
p1ulv52741,S1S2,0.120088855991442,line-to-ground,POINT(-97.7244633068904 30.4273557340111),1
p1udm32135,S1S2,0.120088855991442,line-to-ground,POINT(-97.7243923109045 30.4272106734109),1
p1ulv12265,S1S2,0.120088855991442,line-to-ground,POINT(-97.7244151279248 30.4270575066668),1
p1udm32136,S1S2,0.120088855991442,line-to-ground,POINT(-97.7242989675944 30.4271826923891),1
p1ulv26230,S1S2,0.120088855991442,line-to-ground,POINT(-97.7242659745558 30.4273177138004),1
p1udm32139,S1S2,0.120088855991442,line-to-ground,POINT(-97.7247102277255 30.4275837198553),1
p1ulv55845,S1S2,0.120088855991442,line-to-ground,POINT(-97.7245855346191 30.4275644556556),1
p1udt9581lv,S1S2,0.120088855991442,line-to-ground,POINT(-97.7250097220732 30.428732654595),1
p1ulv12266,S1S2,0.120088855991442,line-to-ground,POINT(-97.724758959197 30.428639878115),1
p1ulv15982,S1S2,0.120088855991442,line-to-ground,POINT(-97.7250467055958 30.4289314226862),1
p1ulv40183,S1S2,0.120088855991442,line-to-ground,POINT(-97.7247873745668 30.4288567058991),1
p1ulv50171,S1S2,0.120088855991442,line-to-ground,POINT(-97.7249946515902 30.4289309142129),1
p1ulv54625,S1S2,0.120088855991442,line-to-ground,POINT(-97.7251936301773 30.4288426285206),1
p1udm32142,S1S2,0.120088855991442,line-to-ground,POINT(-97.7250187590387 30.4286785078332),1
p1ulv21795,S1S2,0.120088855991442,line-to-ground,POINT(-97.7248014238683 30.4285771325276),1
p1udt9582lv,S1S2,0.120088855991442,line-to-ground,POINT(-97.7256927747655 30.4292077702439),1
p1ulv12267,S1S2,0.120088855991442,line-to-ground,POINT(-97.725627599215 30.4290995081993),1
p1ulv21797,S1S2,0.120088855991442,line-to-ground,POINT(-97.7258855242994 30.4292824847106),1
p1udm32148,S1S2,0.120088855991442,line-to-ground,POINT(-97.7258470474136 30.4290384901377),1
p1ulv29403,S1S2,0.120088855991442,line-to-ground,POINT(-97.7259915089453 30.42913915245),1
p1ulv56452,S1S2,0.120088855991442,line-to-ground,POINT(-97.7256913543439 30.4290008784895),1
p1udm32149,S1S2,0.120088855991442,line-to-ground,POINT(-97.7251840084803 30.4295824142832),1
p1ulv40184,S1S2,0.120088855991442,line-to-ground,POINT(-97.7251335969473 30.4294556009773),1
p1udt9583lv,S1S2,0.120088855991442,line-to-ground,POINT(-97.7212692481731 30.4223709562918),1
p1ulv12268,S1S2,0.120088855991442,line-to-ground,POINT(-97.7211219998757 30.4224957760276),1
p1ulv58247,S1S2,0.120088855991442,line-to-ground,POINT(-97.721344259475 30.422218242575),1
p1udm32153,S1S2,0.120088855991442,line-to-ground,POINT(-97.7213105583498 30.4224073939115),1
p1ulv60057,S1S2,0.120088855991442,line-to-ground,POINT(-97.7214159534674 30.4223091740672),1
p1udt9584lv,S1S2,0.120088855991442,line-to-ground,POINT(-97.7226788136786 30.4226268270791),1
p1ulv12269,S1S2,0.120088855991442,line-to-ground,POINT(-97.7225978839921 30.4226906852514),1
p1ulv60679,S1S2,0.120088855991442,line-to-ground,POINT(-97.7228396674268 30.4225125924516),1
p1udm32155,S1S2,0.120088855991442,line-to-ground,POINT(-97.722662342935 30.422537926228),1
p1ulv52085,S1S2,0.120088855991442,line-to-ground,POINT(-97.722536010977 30.4226449651354),1
p1udt9585lv,S1S2,0.120088855991442,line-to-ground,POINT(-97.7200847236097 30.4235251446172),1
p1ulv12270,S1S2,0.120088855991442,line-to-ground,POINT(-97.7201106172716 30.4234062019068),1
p1udm32158,S1S2,0.120088855991442,line-to-ground,POINT(-97.7201294354629 30.423559776095),1
p1ulv14136,S1S2,0.120088855991442,line-to-ground,POINT(-97.7200855567782 30.4237307813932),1
p1udm32160,S1S2,0.120088855991442,line-to-ground,POINT(-97.7199529330571 30.4235219537422),1
p1ulv61306,S1S2,0.120088855991442,line-to-ground,POINT(-97.7198916783963 30.4237046476318),1
p1udm32159,S1S2,0.120088855991442,line-to-ground,POINT(-97.719859594608 30.4234939696662),1
p1ulv42054,S1S2,0.120088855991442,line-to-ground,POINT(-97.7198261257107 30.4236650769562),1
p1udm32161,S1S2,0.120088855991442,line-to-ground,POINT(-97.7219967450168 30.4232803145146),1
p1ulv12271,S1S2,0.120088855991442,line-to-ground,POINT(-97.7217984809507 30.4233144650031),1
p1udm32162,S1S2,0.120088855991442,line-to-ground,POINT(-97.7219975682412 30.4232171620923),1
p1ulv19233,S1S2,0.120088855991442,line-to-ground,POINT(-97.7221540737458 30.4231916254514),1
p1udt9586lv,S1S2,0.120088855991442,line-to-ground,POINT(-97.7220369517005 30.4233800190681),1
p1udm32164,S1S2,0.120088855991442,line-to-ground,POINT(-97.7220052735553 30.4234247648248),1
p1ulv36431,S1S2,0.120088855991442,line-to-ground,POINT(-97.7222030674447 30.4234267011274),1
p1udm32163,S1S2,0.120088855991442,line-to-ground,POINT(-97.722004450329 30.4234879172452),1
p1ulv22391,S1S2,0.120088855991442,line-to-ground,POINT(-97.7221610738564 30.4234533588344),1
p1udm32165,S1S2,0.120088855991442,line-to-ground,POINT(-97.721972161233 30.4235688074522),1
p1ulv38266,S1S2,0.120088855991442,line-to-ground,POINT(-97.7217226688743 30.4235392957747),1
p1udt9587lv,S1S2,0.120088855991442,line-to-ground,POINT(-97.7219285605211 30.4261038808888),1
p1ulv12272,S1S2,0.120088855991442,line-to-ground,POINT(-97.7218548865377 30.4261752841364),1
p1udm32167,S1S2,0.120088855991442,line-to-ground,POINT(-97.7219701077105 30.4261222747903),1
p1ulv13507,S1S2,0.120088855991442,line-to-ground,POINT(-97.7221069729779 30.4260063167793),1
p1udm32168,S1S2,0.120088855991442,line-to-ground,POINT(-97.7218047162152 30.4260304261123),1
p1ulv14740,S1S2,0.120088855991442,line-to-ground,POINT(-97.7219001749163 30.4258960170027),1
p1udt9928lv,S1S2,0.120088855991442,line-to-ground,POINT(-97.7287311662274 30.4306366610401),1
p1ulv54605,S1S2,0.120088855991442,line-to-ground,POINT(-97.728834480608 30.4307097919732),1
p1udm33193,S1S2,0.120088855991442,line-to-ground,POINT(-97.7286476676497 30.4306628577749),1
p1ulv41407,S1S2,0.120088855991442,line-to-ground,POINT(-97.7288443065713 30.4307550023103),1
p1ulv54604,S1S2,0.120088855991442,line-to-ground,POINT(-97.7285236719567 30.430589466489),1
p1udm33192,S1S2,0.120088855991442,line-to-ground,POINT(-97.7285733862538 30.4307704093292),1
p1ulv12855,S1S2,0.120088855991442,line-to-ground,POINT(-97.728707442164 30.4308709673432),1
p1udm33194,S1S2,0.120088855991442,line-to-ground,POINT(-97.7287117719307 30.430537161191),1
p1ulv47109,S1S2,0.120088855991442,line-to-ground,POINT(-97.7285669543863 30.4304635671366),1
p1udm33197,S1S2,0.120088855991442,line-to-ground,POINT(-97.7287439410241 30.4304652910962),1
p1ulv55839,S1S2,0.120088855991442,line-to-ground,POINT(-97.7289129097565 30.4305600021476),1
p1udt9936lv,S1S2,0.120088855991442,line-to-ground,POINT(-97.7243599489624 30.4206255174598),1
p1ulv12867,S1S2,0.120088855991442,line-to-ground,POINT(-97.7243244335332 30.4204247672654),1
p1udt9937lv,S1S2,0.120088855991442,line-to-ground,POINT(-97.7250755698035 30.4214239785387),1
p1ulv47725,S1S2,0.120088855991442,line-to-ground,POINT(-97.7249568246444 30.4214324910922),1
p1udm33221,S1S2,0.120088855991442,line-to-ground,POINT(-97.7251258481692 30.421244660268),1
p1ulv17926,S1S2,0.120088855991442,line-to-ground,POINT(-97.7249383511163 30.4212518519843),1
p1udm33225,S1S2,0.120088855991442,line-to-ground,POINT(-97.7250374374175 30.42083776479),1
p1ulv59450,S1S2,0.120088855991442,line-to-ground,POINT(-97.7249635119508 30.4209182491817),1
p1udm33224,S1S2,0.120088855991442,line-to-ground,POINT(-97.7251435009039 30.4214884518766),1
p1ulv53349,S1S2,0.120088855991442,line-to-ground,POINT(-97.7253239164607 30.4215020727289),1
p1udm33220,S1S2,0.120088855991442,line-to-ground,POINT(-97.7251633824943 30.421560829505),1
p1ulv12868,S1S2,0.120088855991442,line-to-ground,POINT(-97.7249829668603 30.4215472084284),1
p1ulv21176,S1S2,0.120088855991442,line-to-ground,POINT(-97.7249960009561 30.4216223553329),1
p1udm33226,S1S2,0.120088855991442,line-to-ground,POINT(-97.7274142661652 30.4230084155278),1
p1ulv12869,S1S2,0.120088855991442,line-to-ground,POINT(-97.7272365903572 30.4230608209058),1
p1ulv61930,S1S2,0.120088855991442,line-to-ground,POINT(-97.7275706530797 30.4229918941355),1
p1udm33229,S1S2,0.120088855991442,line-to-ground,POINT(-97.7273840895789 30.4229269149206),1
p1ulv57053,S1S2,0.120088855991442,line-to-ground,POINT(-97.7275208269579 30.422819972662),1
p1udt9938lv,S1S2,0.120088855991442,line-to-ground,POINT(-97.7274359061502 30.4231342449251),1
p1udm33227,S1S2,0.120088855991442,line-to-ground,POINT(-97.7274536819814 30.4231802355515),1
p1ulv26227,S1S2,0.120088855991442,line-to-ground,POINT(-97.7273003890541 30.4232357148372),1
p1ulv27530,S1S2,0.120088855991442,line-to-ground,POINT(-97.727662237245 30.4231551996692),1
p1udt9951lv,S1S2,0.120088855991442,line-to-ground,POINT(-97.7217172685133 30.4192432247444),1
p1ulv16000,S1S2,0.120088855991442,line-to-ground,POINT(-97.7216028650849 30.4191529796395),1
p1udm33255,S1S2,0.120088855991442,line-to-ground,POINT(-97.7217044927365 30.4193434563368),1
p1ulv12887,S1S2,0.120088855991442,line-to-ground,POINT(-97.7215285853119 30.4192605273973),1
p1udt10297lv,S1S2,0.120088855991442,line-to-ground,POINT(-97.7260597097253 30.4304571496968),1
p1ulv13486,S1S2,0.120088855991442,line-to-ground,POINT(-97.7261056984549 30.4304908695101),1
p1ulv65088,S1S2,0.120088855991442,line-to-ground,POINT(-97.7258608055207 30.4303830401366),1
p1udm34314,S1S2,0.120088855991442,line-to-ground,POINT(-97.726111841127 30.4302952612735),1
p1ulv21781,S1S2,0.120088855991442,line-to-ground,POINT(-97.7259880824169 30.4302038240831),1
p1udm34315,S1S2,0.120088855991442,line-to-ground,POINT(-97.7259632732998 30.4305103613159),1
p1ulv58228,S1S2,0.120088855991442,line-to-ground,POINT(-97.7258428428782 30.430439838453),1
p1udt10304lv,S1S2,0.120088855991442,line-to-ground,POINT(-97.7235630789537 30.4205166361483),1
p1ulv13497,S1S2,0.120088855991442,line-to-ground,POINT(-97.7236245044198 30.4206074073215),1
p1udt10307lv,S1S2,0.120088855991442,line-to-ground,POINT(-97.724599996497 30.4277830457607),1
p1ulv13502,S1S2,0.120088855991442,line-to-ground,POINT(-97.7247172345365 30.4278454531326),1
p1ulv34515,S1S2,0.120088855991442,line-to-ground,POINT(-97.7244062054574 30.4277431617463),1
p1udm34336,S1S2,0.120088855991442,line-to-ground,POINT(-97.7244982579866 30.4278703822531),1
p1ulv43969,S1S2,0.120088855991442,line-to-ground,POINT(-97.724322098204 30.4278055002347),1
p1udt10308lv,S1S2,0.120088855991442,line-to-ground,POINT(-97.7290614098655 30.4293005466214),1
p1ulv19870,S1S2,0.120088855991442,line-to-ground,POINT(-97.7291154613337 30.4291154697134),1
p1ulv22389,S1S2,0.120088855991442,line-to-ground,POINT(-97.7291486823805 30.4289624033562),1
p1udm34337,S1S2,0.120088855991442,line-to-ground,POINT(-97.7290287820899 30.4293762906777),1
p1ulv13503,S1S2,0.120088855991442,line-to-ground,POINT(-97.7289268963363 30.429203862851),1
p1ulv36429,S1S2,0.120088855991442,line-to-ground,POINT(-97.7291273391033 30.4295278040234),1
p1udt10688lv,S1S2,0.120088855991442,line-to-ground,POINT(-97.7258208296701 30.4254674757812),1
p1ulv31921,S1S2,0.120088855991442,line-to-ground,POINT(-97.7256421096131 30.4255807083934),1
p1udm35439,S1S2,0.120088855991442,line-to-ground,POINT(-97.725882018956 30.4255469586395),1
p1ulv37646,S1S2,0.120088855991442,line-to-ground,POINT(-97.725807504146 30.4256725522951),1
p1udm35437,S1S2,0.120088855991442,line-to-ground,POINT(-97.7259545403236 30.4255747352858),1
p1ulv14127,S1S2,0.120088855991442,line-to-ground,POINT(-97.7259110224576 30.4257186773998),1
p1udm35440,S1S2,0.120088855991442,line-to-ground,POINT(-97.7256655105931 30.4253824324044),1
p1ulv63826,S1S2,0.120088855991442,line-to-ground,POINT(-97.725518591725 30.425471227307),1
p1udt10689lv,S1S2,0.120088855991442,line-to-ground,POINT(-97.7234472259166 30.4278150514719),1
p1ulv54624,S1S2,0.120088855991442,line-to-ground,POINT(-97.7235682617751 30.427849431972),1
p1ulv63219,S1S2,0.120088855991442,line-to-ground,POINT(-97.7232617368542 30.4276778346775),1
p1udm35441,S1S2,0.120088855991442,line-to-ground,POINT(-97.7233530828078 30.4278591865871),1
p1ulv14129,S1S2,0.120088855991442,line-to-ground,POINT(-97.7235293594789 30.4279150481239),1
p1udt10690lv,S1S2,0.120088855991442,line-to-ground,POINT(-97.723005644769 30.4206560029492),1
p1ulv40185,S1S2,0.120088855991442,line-to-ground,POINT(-97.7229168655599 30.4205824407352),1
p1udm35444,S1S2,0.120088855991442,line-to-ground,POINT(-97.7228002412826 30.4207437125329),1
p1ulv14132,S1S2,0.120088855991442,line-to-ground,POINT(-97.7228610556457 30.4208706285348),1
p1ulv29405,S1S2,0.120088855991442,line-to-ground,POINT(-97.7227814192654 30.4205901385612),1
p1udm35447,S1S2,0.120088855991442,line-to-ground,POINT(-97.7230925415783 30.4206834114523),1
p1ulv53358,S1S2,0.120088855991442,line-to-ground,POINT(-97.7230734841261 30.4205478810729),1
p1udm35448,S1S2,0.120088855991442,line-to-ground,POINT(-97.7231968757191 30.420666386082),1
p1ulv60677,S1S2,0.120088855991442,line-to-ground,POINT(-97.7232576905586 30.4207933019139),1
p1udt10691lv,S1S2,0.120088855991442,line-to-ground,POINT(-97.7219813455718 30.421872874408),1
p1ulv57060,S1S2,0.120088855991442,line-to-ground,POINT(-97.7217851287542 30.4219428494438),1
p1udm35449,S1S2,0.120088855991442,line-to-ground,POINT(-97.7218704084727 30.4217902946773),1
p1ulv14133,S1S2,0.120088855991442,line-to-ground,POINT(-97.7219969751884 30.4216652128362),1
p1udm35450,S1S2,0.120088855991442,line-to-ground,POINT(-97.7217982439521 30.4217354505306),1
p1ulv17274,S1S2,0.120088855991442,line-to-ground,POINT(-97.7216928498445 30.4218336707206),1
p1udm35451,S1S2,0.120088855991442,line-to-ground,POINT(-97.7220657296506 30.421981688402),1
p1ulv42053,S1S2,0.120088855991442,line-to-ground,POINT(-97.7219498078651 30.422088828662),1
p1udt10692lv,S1S2,0.120088855991442,line-to-ground,POINT(-97.7208443296611 30.4219626014493),1
p1ulv51427,S1S2,0.120088855991442,line-to-ground,POINT(-97.7209117443527 30.4218530883055),1
p1udm35453,S1S2,0.120088855991442,line-to-ground,POINT(-97.7207234220552 30.4219234263291),1
p1ulv14134,S1S2,0.120088855991442,line-to-ground,POINT(-97.7208602826961 30.4218074694274),1
p1udm35455,S1S2,0.120088855991442,line-to-ground,POINT(-97.7208676324966 30.4220421375158),1
p1ulv52744,S1S2,0.120088855991442,line-to-ground,POINT(-97.7207725294955 30.4221494806989),1
p1udt10693lv,S1S2,0.120088855991442,line-to-ground,POINT(-97.7199583749556 30.4218250481617),1
p1ulv14135,S1S2,0.120088855991442,line-to-ground,POINT(-97.7201194043079 30.4219355515319),1
p1udt10701lv,S1S2,0.120088855991442,line-to-ground,POINT(-97.72305424418 30.4199425070683),1
p1ulv32584,S1S2,0.120088855991442,line-to-ground,POINT(-97.7231772766135 30.4197729241226),1
p1udm35479,S1S2,0.120088855991442,line-to-ground,POINT(-97.723195511756 30.4199716069861),1
p1ulv14154,S1S2,0.120088855991442,line-to-ground,POINT(-97.7231108231879 30.4200790538494),1
p1udm35481,S1S2,0.120088855991442,line-to-ground,POINT(-97.7230093095485 30.4198795563856),1
p1ulv39564,S1S2,0.120088855991442,line-to-ground,POINT(-97.7229247383671 30.4199779813437),1
p1udt11017lv,S1S2,0.120088855991442,line-to-ground,POINT(-97.7242152705316 30.4213084582071),1
p1ulv18564,S1S2,0.120088855991442,line-to-ground,POINT(-97.7240515066544 30.4213965766816),1
p1udm36387,S1S2,0.120088855991442,line-to-ground,POINT(-97.7242280070561 30.4214343934395),1
p1ulv16640,S1S2,0.120088855991442,line-to-ground,POINT(-97.7243950365911 30.4213999339563),1
p1ulv47119,S1S2,0.120088855991442,line-to-ground,POINT(-97.7240717396289 30.4214418891007),1
p1udm36389,S1S2,0.120088855991442,line-to-ground,POINT(-97.7241885975169 30.4212625725776),1
p1ulv23675,S1S2,0.120088855991442,line-to-ground,POINT(-97.7243553920147 30.4212461567073),1
p1udm36386,S1S2,0.120088855991442,line-to-ground,POINT(-97.724168834098 30.4211811730346),1
p1ulv14730,S1S2,0.120088855991442,line-to-ground,POINT(-97.7243358632162 30.421146713614),1
p1udt11019lv,S1S2,0.120088855991442,line-to-ground,POINT(-97.7236494910638 30.4223977794996),1
p1ulv14733,S1S2,0.120088855991442,line-to-ground,POINT(-97.7237862831122 30.4225759879909),1
p1ulv40176,S1S2,0.120088855991442,line-to-ground,POINT(-97.7237873400315 30.4224947919538),1
p1ulv62579,S1S2,0.120088855991442,line-to-ground,POINT(-97.7237115331785 30.4227196240563),1
p1udt11020lv,S1S2,0.120088855991442,line-to-ground,POINT(-97.7245307178286 30.4230021189396),1
p1ulv14735,S1S2,0.120088855991442,line-to-ground,POINT(-97.7247494960176 30.4229643643514),1
p1udm36398,S1S2,0.120088855991442,line-to-ground,POINT(-97.7245816423509 30.423061976696),1
p1ulv28157,S1S2,0.120088855991442,line-to-ground,POINT(-97.7244356651333 30.4230785962131),1
p1udm36399,S1S2,0.120088855991442,line-to-ground,POINT(-97.7245432879483 30.4228089598893),1
p1ulv61305,S1S2,0.120088855991442,line-to-ground,POINT(-97.724355200965 30.4228612595979),1
p1udm36400,S1S2,0.120088855991442,line-to-ground,POINT(-97.7242297327877 30.4245022065686),1
p1ulv14736,S1S2,0.120088855991442,line-to-ground,POINT(-97.7241167455707 30.4243838041844),1
p1ulv53354,S1S2,0.120088855991442,line-to-ground,POINT(-97.7243431898519 30.4245845217367),1
p1udt11021lv,S1S2,0.120088855991442,line-to-ground,POINT(-97.724334165173 30.4244671942133),1
p1udm36402,S1S2,0.120088855991442,line-to-ground,POINT(-97.7243728387134 30.4243743516725),1
p1ulv64475,S1S2,0.120088855991442,line-to-ground,POINT(-97.7241916136872 30.4242311461609),1
p1udt11022lv,S1S2,0.120088855991442,line-to-ground,POINT(-97.7225077484786 30.4216071105358),1
p1ulv56454,S1S2,0.120088855991442,line-to-ground,POINT(-97.7225276510488 30.4216884529237),1
p1udm36403,S1S2,0.120088855991442,line-to-ground,POINT(-97.7223725587782 30.4216057287521),1
p1ulv14737,S1S2,0.120088855991442,line-to-ground,POINT(-97.7223362447517 30.4214728655383),1
p1ulv19231,S1S2,0.120088855991442,line-to-ground,POINT(-97.722259224358 30.4215143902017),1
p1udm36406,S1S2,0.120088855991442,line-to-ground,POINT(-97.7226544518838 30.4215453268572),1
p1ulv57059,S1S2,0.120088855991442,line-to-ground,POINT(-97.7226835663187 30.4217080244636),1
p1udt11024lv,S1S2,0.120088855991442,line-to-ground,POINT(-97.7195481700893 30.4266929471546),1
p1ulv14741,S1S2,0.120088855991442,line-to-ground,POINT(-97.7197227807827 30.4267950164593),1
p1ulv24360,S1S2,0.120088855991442,line-to-ground,POINT(-97.7193813540609 30.4266292546634),1
p1udm36448,S1S2,0.120088855991442,line-to-ground,POINT(-97.7222954985361 30.4195297006305),1
p1ulv24380,S1S2,0.120088855991442,line-to-ground,POINT(-97.7223494283503 30.4193858615412),1
p1udm36451,S1S2,0.120088855991442,line-to-ground,POINT(-97.7223885989148 30.4195757264554),1
p1ulv54030,S1S2,0.120088855991442,line-to-ground,POINT(-97.7222729155389 30.4196648235709),1
p1udm36447,S1S2,0.120088855991442,line-to-ground,POINT(-97.7224712895802 30.4196216503466),1
p1ulv14761,S1S2,0.120088855991442,line-to-ground,POINT(-97.7225563310228 30.4194871385543),1
p1ulv42071,S1S2,0.120088855991442,line-to-ground,POINT(-97.7224386496209 30.4197296061063),1
p1udt11037lv,S1S2,0.120088855991442,line-to-ground,POINT(-97.7222435442392 30.419511205005),1
p1udm36452,S1S2,0.120088855991442,line-to-ground,POINT(-97.7218797105874 30.4194234007252),1
p1ulv60078,S1S2,0.120088855991442,line-to-ground,POINT(-97.7220388987877 30.419247478097),1
p1udm36449,S1S2,0.120088855991442,line-to-ground,POINT(-97.7216617951127 30.4194242446181),1
p1ulv24381,S1S2,0.120088855991442,line-to-ground,POINT(-97.7217755970392 30.419479496515),1
p1udm37352,S1S2,0.120088855991442,line-to-ground,POINT(-97.7201018354973 30.420888719965),1
p1ulv15350,S1S2,0.120088855991442,line-to-ground,POINT(-97.7201910203071 30.4209589416106),1
p1ulv48346,S1S2,0.120088855991442,line-to-ground,POINT(-97.7199786830424 30.4207521685908),1
p1udt11359lv,S1S2,0.120088855991442,line-to-ground,POINT(-97.7199799741663 30.4209680820858),1
p1udm37353,S1S2,0.120088855991442,line-to-ground,POINT(-97.719641795992 30.4210375984854),1
p1ulv44614,S1S2,0.120088855991442,line-to-ground,POINT(-97.7197264891448 30.4209301540206),1
p1udt11363lv,S1S2,0.120088855991442,line-to-ground,POINT(-97.719946106692 30.4261675010644),1
p1ulv43318,S1S2,0.120088855991442,line-to-ground,POINT(-97.7197519675074 30.4261546755627),1
p1ulv45237,S1S2,0.120088855991442,line-to-ground,POINT(-97.7200418119426 30.4262838389085),1
p1udm37361,S1S2,0.120088855991442,line-to-ground,POINT(-97.7199399452755 30.4261114045277),1
p1ulv15356,S1S2,0.120088855991442,line-to-ground,POINT(-97.7200845140844 30.4262030513634),1
p1udm37365,S1S2,0.120088855991442,line-to-ground,POINT(-97.7199826474195 30.4260306170141),1
p1ulv54630,S1S2,0.120088855991442,line-to-ground,POINT(-97.719848018165 30.4259751592248),1
p1udm37362,S1S2,0.120088855991442,line-to-ground,POINT(-97.7198546585851 30.4262639577411),1
p1ulv17931,S1S2,0.120088855991442,line-to-ground,POINT(-97.7196996794265 30.426172208545),1
p1udm38271,S1S2,0.120088855991442,line-to-ground,POINT(-97.7246123497972 30.4295046462292),1
p1ulv35810,S1S2,0.120088855991442,line-to-ground,POINT(-97.7246971626763 30.4293881769523),1
p1udm38270,S1S2,0.120088855991442,line-to-ground,POINT(-97.7246640519373 30.4295322201896),1
p1ulv15963,S1S2,0.120088855991442,line-to-ground,POINT(-97.7245685932191 30.429666631255),1
p1udt11684lv,S1S2,0.120088855991442,line-to-ground,POINT(-97.7245724152878 30.4293973542728),1
p1udm38272,S1S2,0.120088855991442,line-to-ground,POINT(-97.7241093813895 30.4289493323144),1
p1ulv46533,S1S2,0.120088855991442,line-to-ground,POINT(-97.724276189027 30.4289329169369),1
p1udt11685lv,S1S2,0.120088855991442,line-to-ground,POINT(-97.7288071138536 30.4297975070017),1
p1ulv15965,S1S2,0.120088855991442,line-to-ground,POINT(-97.7286481399496 30.429823730052),1
p1udm38274,S1S2,0.120088855991442,line-to-ground,POINT(-97.7288460642651 30.4298166348657),1
p1ulv21780,S1S2,0.120088855991442,line-to-ground,POINT(-97.7289919340103 30.4298090324857),1
p1udm38275,S1S2,0.120088855991442,line-to-ground,POINT(-97.7287942876451 30.4302643445854),1
p1ulv25600,S1S2,0.120088855991442,line-to-ground,POINT(-97.7286321118633 30.4302566744941),1
p1udm38277,S1S2,0.120088855991442,line-to-ground,POINT(-97.7287852369336 30.4296897214446),1
p1ulv43314,S1S2,0.120088855991442,line-to-ground,POINT(-97.7289109866822 30.4296277856152),1
p1udm38278,S1S2,0.120088855991442,line-to-ground,POINT(-97.728713647826 30.4295897719641),1
p1ulv52723,S1S2,0.120088855991442,line-to-ground,POINT(-97.7285772530614 30.4296696497665),1
p1udm38276,S1S2,0.120088855991442,line-to-ground,POINT(-97.7287872260793 30.4295363510202),1
p1ulv25616,S1S2,0.120088855991442,line-to-ground,POINT(-97.7287263989853 30.4294094375734),1
p1udt11692lv,S1S2,0.120088855991442,line-to-ground,POINT(-97.7265708595632 30.4243465063286),1
p1ulv48344,S1S2,0.120088855991442,line-to-ground,POINT(-97.7266880948968 30.4244089118808),1
p1udm38295,S1S2,0.120088855991442,line-to-ground,POINT(-97.7265106505586 30.4244432725985),1
p1ulv15977,S1S2,0.120088855991442,line-to-ground,POINT(-97.7263233818268 30.4244324225532),1
p1udm38297,S1S2,0.120088855991442,line-to-ground,POINT(-97.726544108169 30.4242721632895),1
p1ulv28159,S1S2,0.120088855991442,line-to-ground,POINT(-97.7263739803996 30.4242676673415),1
p1ulv34513,S1S2,0.120088855991442,line-to-ground,POINT(-97.7263881878944 30.4242525962311),1
p1udm38296,S1S2,0.120088855991442,line-to-ground,POINT(-97.7265555731802 30.4241910687447),1
p1ulv21178,S1S2,0.120088855991442,line-to-ground,POINT(-97.7267109075265 30.4242557445507),1
p1udt12030lv,S1S2,0.120088855991442,line-to-ground,POINT(-97.7287625656553 30.4301490206264),1
p1ulv45216,S1S2,0.120088855991442,line-to-ground,POINT(-97.7286688971644 30.4301064791562),1
p1udm39268,S1S2,0.120088855991442,line-to-ground,POINT(-97.7288323771944 30.4300691435758),1
p1ulv16629,S1S2,0.120088855991442,line-to-ground,POINT(-97.7289989522001 30.4300707657751),1
p1udm39269,S1S2,0.120088855991442,line-to-ground,POINT(-97.7287570606486 30.4303167661379),1
p1ulv18555,S1S2,0.120088855991442,line-to-ground,POINT(-97.728954149564 30.4303139485609),1
p1udm39270,S1S2,0.120088855991442,line-to-ground,POINT(-97.7287995062465 30.4301951444359),1
p1ulv31910,S1S2,0.120088855991442,line-to-ground,POINT(-97.7289552025294 30.4302327524567),1
p1udm39272,S1S2,0.120088855991442,line-to-ground,POINT(-97.7283080774768 30.4311558104525),1
p1ulv16630,S1S2,0.120088855991442,line-to-ground,POINT(-97.728461967663 30.4310552214517),1
p1ulv37630,S1S2,0.120088855991442,line-to-ground,POINT(-97.7282031474854 30.4312179485175),1
p1udt12031lv,S1S2,0.120088855991442,line-to-ground,POINT(-97.7283006140069 30.4312453176161),1
p1udm39274,S1S2,0.120088855991442,line-to-ground,POINT(-97.7283894930435 30.4313009705161),1
p1ulv54606,S1S2,0.120088855991442,line-to-ground,POINT(-97.7285777114973 30.4312396436711),1
p1udt12038lv,S1S2,0.120088855991442,line-to-ground,POINT(-97.7243583841052 30.4218056664877),1
p1ulv61928,S1S2,0.120088855991442,line-to-ground,POINT(-97.7241604989907 30.421821719745),1
p1udm39290,S1S2,0.120088855991442,line-to-ground,POINT(-97.7243370001992 30.4218595363762),1
p1ulv16641,S1S2,0.120088855991442,line-to-ground,POINT(-97.7245109952096 30.4218132857611),1
p1udm39291,S1S2,0.120088855991442,line-to-ground,POINT(-97.7242975903251 30.4216877155478),1
p1ulv35155,S1S2,0.120088855991442,line-to-ground,POINT(-97.7244537407678 30.4216892414126),1
p1udt12039lv,S1S2,0.120088855991442,line-to-ground,POINT(-97.7238584235915 30.4235139734592),1
p1ulv18567,S1S2,0.120088855991442,line-to-ground,POINT(-97.7239071712287 30.4236869901093),1
p1ulv35804,S1S2,0.120088855991442,line-to-ground,POINT(-97.7238483502677 30.4234067042863),1
p1udm39293,S1S2,0.120088855991442,line-to-ground,POINT(-97.7239821565158 30.423525310403),1
p1ulv16645,S1S2,0.120088855991442,line-to-ground,POINT(-97.7239109289555 30.4233982931194),1
p1udt12040lv,S1S2,0.120088855991442,line-to-ground,POINT(-97.7235492924048 30.4274995392271),1
p1ulv36434,S1S2,0.120088855991442,line-to-ground,POINT(-97.7234423603123 30.4273998907011),1
p1udm39296,S1S2,0.120088855991442,line-to-ground,POINT(-97.7236400448602 30.4274108468285),1
p1ulv16646,S1S2,0.120088855991442,line-to-ground,POINT(-97.7238054404443 30.4275026932769),1
p1udm39298,S1S2,0.120088855991442,line-to-ground,POINT(-97.7235651732799 30.4275635043694),1
p1ulv46531,S1S2,0.120088855991442,line-to-ground,POINT(-97.7236991021263 30.4276730890801),1
p1udt12694lv,S1S2,0.120088855991442,line-to-ground,POINT(-97.7241364517099 30.4209648164609),1
p1ulv17925,S1S2,0.120088855991442,line-to-ground,POINT(-97.7239619261536 30.421079898454),1
p1udt12695lv,S1S2,0.120088855991442,line-to-ground,POINT(-97.7254965555524 30.4231933553194),1
p1ulv17927,S1S2,0.120088855991442,line-to-ground,POINT(-97.7257461753182 30.4231816246945),1
p1udt12697lv,S1S2,0.120088855991442,line-to-ground,POINT(-97.7235109102215 30.4269224048979),1
p1ulv17933,S1S2,0.120088855991442,line-to-ground,POINT(-97.7234157105975 30.4270477360598),1
p1ulv47730,S1S2,0.120088855991442,line-to-ground,POINT(-97.7235473724365 30.4268082408513),1
p1udm41073,S1S2,0.120088855991442,line-to-ground,POINT(-97.7233868286765 30.4268669951178),1
p1ulv52740,S1S2,0.120088855991442,line-to-ground,POINT(-97.7234092946916 30.4267408939084),1
p1udt13023lv,S1S2,0.120088855991442,line-to-ground,POINT(-97.7248000321477 30.4233973093384),1
p1ulv18566,S1S2,0.120088855991442,line-to-ground,POINT(-97.7248566154278 30.4235338554182),1
p1ulv36425,S1S2,0.120088855991442,line-to-ground,POINT(-97.7248497254575 30.4232631001932),1
p1udm41951,S1S2,0.120088855991442,line-to-ground,POINT(-97.724743863208 30.4233974100016),1
p1ulv24969,S1S2,0.120088855991442,line-to-ground,POINT(-97.724794271412 30.42352422347),1
p1udm41953,S1S2,0.120088855991442,line-to-ground,POINT(-97.7250463460086 30.4233552500298),1
p1ulv44608,S1S2,0.120088855991442,line-to-ground,POINT(-97.725044586151 30.4234905768063),1
p1udt13026lv,S1S2,0.120088855991442,line-to-ground,POINT(-97.7206969675283 30.423647055918),1
p1ulv18572,S1S2,0.120088855991442,line-to-ground,POINT(-97.7206426161354 30.4238507040524),1
p1ulv40811,S1S2,0.120088855991442,line-to-ground,POINT(-97.7207331100633 30.4235747164436),1
p1udm41958,S1S2,0.120088855991442,line-to-ground,POINT(-97.7205964821988 30.4236726295684),1
p1ulv43974,S1S2,0.120088855991442,line-to-ground,POINT(-97.7205424295025 30.4238254894692),1
p1udt13027lv,S1S2,0.120088855991442,line-to-ground,POINT(-97.7187295291782 30.4264694530447),1
p1ulv40813,S1S2,0.120088855991442,line-to-ground,POINT(-97.7188208360755 30.4264974334082),1
p1ulv64480,S1S2,0.120088855991442,line-to-ground,POINT(-97.7185309927317 30.4263682673827),1
p1udm41959,S1S2,0.120088855991442,line-to-ground,POINT(-97.7186329750563 30.4265316810352),1
p1ulv18573,S1S2,0.120088855991442,line-to-ground,POINT(-97.7187676043281 30.4265871400756),1
p1udm41960,S1S2,0.120088855991442,line-to-ground,POINT(-97.7187287922902 30.4263702091177),1
p1ulv24974,S1S2,0.120088855991442,line-to-ground,POINT(-97.7188845961361 30.4263988071327),1
p1udt13350lv,S1S2,0.120088855991442,line-to-ground,POINT(-97.7261687429516 30.4254318095494),1
p1ulv38932,S1S2,0.120088855991442,line-to-ground,POINT(-97.7263520128208 30.4254342472819),1
p1udm42771,S1S2,0.120088855991442,line-to-ground,POINT(-97.7261846252645 30.4254957744318),1
p1ulv19228,S1S2,0.120088855991442,line-to-ground,POINT(-97.7260503447036 30.4254132575995),1
p1udm42773,S1S2,0.120088855991442,line-to-ground,POINT(-97.7266813969105 30.4257261945645),1
p1ulv42050,S1S2,0.120088855991442,line-to-ground,POINT(-97.7266309852127 30.4255993817651),1
p1udm44240,S1S2,0.120088855991442,line-to-ground,POINT(-97.7262772439123 30.4303871047537),1
p1ulv20515,S1S2,0.120088855991442,line-to-ground,POINT(-97.7263618211874 30.430288677936),1
p1udt13940lv,S1S2,0.120088855991442,line-to-ground,POINT(-97.7267734573889 30.4306590187531),1
p1udm44241,S1S2,0.120088855991442,line-to-ground,POINT(-97.726918387753 30.430727208213),1
p1ulv33226,S1S2,0.120088855991442,line-to-ground,POINT(-97.7268852797308 30.4308712520649),1
p1ulv59440,S1S2,0.120088855991442,line-to-ground,POINT(-97.7269720832788 30.4306014110003),1
p1udm44253,S1S2,0.120088855991442,line-to-ground,POINT(-97.7274907559481 30.4235324914362),1
p1ulv20527,S1S2,0.120088855991442,line-to-ground,POINT(-97.727334251044 30.4235580344995),1
p1ulv47727,S1S2,0.120088855991442,line-to-ground,POINT(-97.7276476120318 30.4234798828003),1
p1udm44254,S1S2,0.120088855991442,line-to-ground,POINT(-97.7275001122981 30.4236137890589),1
p1ulv44609,S1S2,0.120088855991442,line-to-ground,POINT(-97.7276534057207 30.4235583095554),1
p1udt13947lv,S1S2,0.120088855991442,line-to-ground,POINT(-97.7274333492271 30.4234590989485),1
p1udm44256,S1S2,0.120088855991442,line-to-ground,POINT(-97.7274722774875 30.4233518525997),1
p1ulv53352,S1S2,0.120088855991442,line-to-ground,POINT(-97.7273260659766 30.4233865189373),1
p1ulv54617,S1S2,0.120088855991442,line-to-ground,POINT(-97.727639309332 30.4233173890347),1
p1udt13948lv,S1S2,0.120088855991442,line-to-ground,POINT(-97.722628059317 30.4264630736038),1
p1ulv33243,S1S2,0.120088855991442,line-to-ground,POINT(-97.7227582489071 30.4263645851359),1
p1udm44258,S1S2,0.120088855991442,line-to-ground,POINT(-97.7225487452869 30.4264617871167),1
p1ulv20529,S1S2,0.120088855991442,line-to-ground,POINT(-97.7226651420175 30.4263185594327),1
p1udt14220lv,S1S2,0.120088855991442,line-to-ground,POINT(-97.7269987404063 30.4255574396079),1
p1ulv21179,S1S2,0.120088855991442,line-to-ground,POINT(-97.7270775804533 30.4256849440188),1
p1udm44919,S1S2,0.120088855991442,line-to-ground,POINT(-97.7271644954812 30.4254060806817),1
p1ulv52739,S1S2,0.120088855991442,line-to-ground,POINT(-97.727382646166 30.4254442994364),1
p1udm44920,S1S2,0.120088855991442,line-to-ground,POINT(-97.7269407213326 30.4258009074284),1
p1ulv63827,S1S2,0.120088855991442,line-to-ground,POINT(-97.7268045649297 30.425862739956),1
p1udm44918,S1S2,0.120088855991442,line-to-ground,POINT(-97.7269711326571 30.4258643645408),1
p1ulv47123,S1S2,0.120088855991442,line-to-ground,POINT(-97.7272011003989 30.4257944236834),1
p1udt14221lv,S1S2,0.120088855991442,line-to-ground,POINT(-97.7241020698304 30.4271650081266),1
p1ulv28164,S1S2,0.120088855991442,line-to-ground,POINT(-97.7240761947821 30.4272227934448),1
p1udm44921,S1S2,0.120088855991442,line-to-ground,POINT(-97.7238867712454 30.4268538379092),1
p1ulv21181,S1S2,0.120088855991442,line-to-ground,POINT(-97.7240108761138 30.4269182116322),1
p1udm44922,S1S2,0.120088855991442,line-to-ground,POINT(-97.7242057417584 30.427145689525),1
p1ulv21182,S1S2,0.120088855991442,line-to-ground,POINT(-97.7243114915638 30.427020402142),1
p1udt14222lv,S1S2,0.120088855991442,line-to-ground,POINT(-97.7187867315413 30.4262347847065),1
p1ulv21184,S1S2,0.120088855991442,line-to-ground,POINT(-97.7186689235988 30.4261711172799),1
p1udt14228lv,S1S2,0.120088855991442,line-to-ground,POINT(-97.7189605849446 30.419265258318),1
p1ulv21196,S1S2,0.120088855991442,line-to-ground,POINT(-97.7189353780058 30.419325335315),1
p1udt14500lv,S1S2,0.120088855991442,line-to-ground,POINT(-97.7264963129174 30.4232239323208),1
p1ulv21793,S1S2,0.120088855991442,line-to-ground,POINT(-97.7263907870289 30.4232510760415),1
p1udm45635,S1S2,0.120088855991442,line-to-ground,POINT(-97.7265458854222 30.4233337955882),1
p1ulv26890,S1S2,0.120088855991442,line-to-ground,POINT(-97.7267436794785 30.4233357250067),1
p1udm45636,S1S2,0.120088855991442,line-to-ground,POINT(-97.7265168813507 30.4231620768962),1
p1ulv65098,S1S2,0.120088855991442,line-to-ground,POINT(-97.7266911121198 30.4230977798378),1
p1udm45640,S1S2,0.120088855991442,line-to-ground,POINT(-97.7273779064632 30.429017333504),1
p1ulv21796,S1S2,0.120088855991442,line-to-ground,POINT(-97.7273237438327 30.4291792180935),1
p1udt14502lv,S1S2,0.120088855991442,line-to-ground,POINT(-97.7273401498471 30.4289678844297),1
p1udm45641,S1S2,0.120088855991442,line-to-ground,POINT(-97.7271189247331 30.4289155559393),1
p1ulv50829,S1S2,0.120088855991442,line-to-ground,POINT(-97.7272142621039 30.4287901646584),1
p1udm45642,S1S2,0.120088855991442,line-to-ground,POINT(-97.7219967959115 30.4208802162955),1
p1ulv21798,S1S2,0.120088855991442,line-to-ground,POINT(-97.7220610542398 30.421019025427),1
p1udm45644,S1S2,0.120088855991442,line-to-ground,POINT(-97.7219028713052 30.4208973426129),1
p1ulv40187,S1S2,0.120088855991442,line-to-ground,POINT(-97.7219324547311 30.421023953252),1
p1ulv52084,S1S2,0.120088855991442,line-to-ground,POINT(-97.7219048705167 30.4207439723932),1
p1udt14503lv,S1S2,0.120088855991442,line-to-ground,POINT(-97.7221520864433 30.4208388281118),1
p1udm45643,S1S2,0.120088855991442,line-to-ground,POINT(-97.7221950549643 30.4208460653508),1
p1ulv29406,S1S2,0.120088855991442,line-to-ground,POINT(-97.7222246387571 30.420972675935),1
p1udm45646,S1S2,0.120088855991442,line-to-ground,POINT(-97.72239331389 30.420811914101),1
p1ulv62587,S1S2,0.120088855991442,line-to-ground,POINT(-97.7224228979319 30.4209385246479),1
p1udt14727lv,S1S2,0.120088855991442,line-to-ground,POINT(-97.7274107828503 30.4297744754826),1
p1ulv22372,S1S2,0.120088855991442,line-to-ground,POINT(-97.7272737830595 30.4298193587422),1
p1udm46212,S1S2,0.120088855991442,line-to-ground,POINT(-97.7274518226352 30.4297398883594),1
p1ulv25599,S1S2,0.120088855991442,line-to-ground,POINT(-97.7276180456418 30.4297685776607),1
p1ulv28787,S1S2,0.120088855991442,line-to-ground,POINT(-97.7272853654392 30.4297292424176),1
p1udt14999lv,S1S2,0.120088855991442,line-to-ground,POINT(-97.7233378871715 30.4287494710734),1
p1ulv23061,S1S2,0.120088855991442,line-to-ground,POINT(-97.7234153829285 30.4286718588789),1
p1ulv57066,S1S2,0.120088855991442,line-to-ground,POINT(-97.7233743273713 30.4286263427248),1
p1udt15000lv,S1S2,0.120088855991442,line-to-ground,POINT(-97.7204889040593 30.4206363659598),1
p1ulv26894,S1S2,0.120088855991442,line-to-ground,POINT(-97.7203574431486 30.4204491023838),1
p1udm46891,S1S2,0.120088855991442,line-to-ground,POINT(-97.7204069023434 30.4206480915782),1
p1ulv23062,S1S2,0.120088855991442,line-to-ground,POINT(-97.7204784766223 30.4207480453217),1
p1udm46893,S1S2,0.120088855991442,line-to-ground,POINT(-97.7203332088129 30.4207105297006),1
p1ulv42051,S1S2,0.120088855991442,line-to-ground,POINT(-97.7201996463476 30.4205738764847),1
p1udm46894,S1S2,0.120088855991442,line-to-ground,POINT(-97.7205541713994 30.4205322369722),1
p1ulv52742,S1S2,0.120088855991442,line-to-ground,POINT(-97.7204307832587 30.4204137295583),1
p1udm46902,S1S2,0.120088855991442,line-to-ground,POINT(-97.7218531694683 30.4191193387876),1
p1ulv23071,S1S2,0.120088855991442,line-to-ground,POINT(-97.7216770270789 30.4190544536122),1
p1udt15004lv,S1S2,0.120088855991442,line-to-ground,POINT(-97.7219891583965 30.4193191784076),1
p1udm46903,S1S2,0.120088855991442,line-to-ground,POINT(-97.7221195902531 30.4194467724662),1
p1ulv38291,S1S2,0.120088855991442,line-to-ground,POINT(-97.7222252164176 30.4193305082495),1
p1ulv44634,S1S2,0.120088855991442,line-to-ground,POINT(-97.7220764226028 30.4195636480105),1
p1udm47551,S1S2,0.120088855991442,line-to-ground,POINT(-97.7251486623062 30.421091493187),1
p1ulv23674,S1S2,0.120088855991442,line-to-ground,POINT(-97.7253151045332 30.4211021414443),1
p1udm47553,S1S2,0.120088855991442,line-to-ground,POINT(-97.7251374312049 30.4211545440459),1
p1ulv26886,S1S2,0.120088855991442,line-to-ground,POINT(-97.7253140489375 30.4211833375471),1
p1udt15265lv,S1S2,0.120088855991442,line-to-ground,POINT(-97.7252051652355 30.4209379524204),1
p1udm47552,S1S2,0.120088855991442,line-to-ground,POINT(-97.725298976152 30.4207410665698),1
p1ulv25611,S1S2,0.120088855991442,line-to-ground,POINT(-97.7254437770167 30.4208146638797),1
p1ulv46527,S1S2,0.120088855991442,line-to-ground,POINT(-97.7251434136787 30.4206944328127),1
p1udm47554,S1S2,0.120088855991442,line-to-ground,POINT(-97.7248611723846 30.4207819055688),1
p1ulv28156,S1S2,0.120088855991442,line-to-ground,POINT(-97.7249258611184 30.4206111016708),1
p1udt15267lv,S1S2,0.120088855991442,line-to-ground,POINT(-97.7243990119241 30.4234843286411),1
p1ulv39550,S1S2,0.120088855991442,line-to-ground,POINT(-97.7243559854718 30.4236011475291),1
p1udm47559,S1S2,0.120088855991442,line-to-ground,POINT(-97.7242639369307 30.4234739269601),1
p1ulv23678,S1S2,0.120088855991442,line-to-ground,POINT(-97.724213529444 30.4233471133062),1
p1udm47560,S1S2,0.120088855991442,line-to-ground,POINT(-97.7241700101561 30.423491054843),1
p1ulv25613,S1S2,0.120088855991442,line-to-ground,POINT(-97.7242480856671 30.4236153027845),1
p1udm47562,S1S2,0.120088855991442,line-to-ground,POINT(-97.7244517903887 30.4234396709886),1
p1ulv46528,S1S2,0.120088855991442,line-to-ground,POINT(-97.7244916706254 30.4235754046215),1
p1ulv58840,S1S2,0.120088855991442,line-to-ground,POINT(-97.7244535510609 30.4233043442424),1
p1udm47564,S1S2,0.120088855991442,line-to-ground,POINT(-97.72430162772 30.4253781331962),1
p1ulv23679,S1S2,0.120088855991442,line-to-ground,POINT(-97.724103829732 30.4253761999614),1
p1udt15268lv,S1S2,0.120088855991442,line-to-ground,POINT(-97.7244415170514 30.4253144433777),1
p1udm47566,S1S2,0.120088855991442,line-to-ground,POINT(-97.7245739419487 30.4252544732587),1
p1ulv53356,S1S2,0.120088855991442,line-to-ground,POINT(-97.7245720639289 30.4253988217515),1
p1udm47565,S1S2,0.120088855991442,line-to-ground,POINT(-97.7246574599578 30.4252372434236),1
p1ulv33236,S1S2,0.120088855991442,line-to-ground,POINT(-97.7247072820841 30.4254091658202),1
p1udt15269lv,S1S2,0.120088855991442,line-to-ground,POINT(-97.7243991827061 30.4279781994317),1
p1ulv31267,S1S2,0.120088855991442,line-to-ground,POINT(-97.7245053816182 30.4281230937384),1
p1ulv31922,S1S2,0.120088855991442,line-to-ground,POINT(-97.7242229605387 30.4279460619411),1
p1udm47567,S1S2,0.120088855991442,line-to-ground,POINT(-97.7244347372603 30.42795096783),1
p1ulv23682,S1S2,0.120088855991442,line-to-ground,POINT(-97.7245687850153 30.4280515299077),1
p1udm47574,S1S2,0.120088855991442,line-to-ground,POINT(-97.7207568400476 30.4265434901545),1
p1ulv23686,S1S2,0.120088855991442,line-to-ground,POINT(-97.7208909997362 30.4266350341027),1
p1ulv31926,S1S2,0.120088855991442,line-to-ground,POINT(-97.7206332088756 30.4264430263464),1
p1ulv58248,S1S2,0.120088855991442,line-to-ground,POINT(-97.7206047157675 30.4265087436371),1
p1udt15272lv,S1S2,0.120088855991442,line-to-ground,POINT(-97.7206733090004 30.4265929306835),1
p1udm47576,S1S2,0.120088855991442,line-to-ground,POINT(-97.7206186772506 30.4267586860878),1
p1ulv57063,S1S2,0.120088855991442,line-to-ground,POINT(-97.7204418156282 30.4267479295379),1
p1ulv61942,S1S2,0.120088855991442,line-to-ground,POINT(-97.7207738936833 30.426832390705),1
p1udt15273lv,S1S2,0.120088855991442,line-to-ground,POINT(-97.7224716201604 30.4277422717971),1
p1ulv23689,S1S2,0.120088855991442,line-to-ground,POINT(-97.722541755338 30.4277971111361),1
p1ulv26899,S1S2,0.120088855991442,line-to-ground,POINT(-97.7224996423412 30.4278327906539),1
p1udm47581,S1S2,0.120088855991442,line-to-ground,POINT(-97.7221762058133 30.4278837622037),1
p1ulv27542,S1S2,0.120088855991442,line-to-ground,POINT(-97.7222580800246 30.4279928387525),1
p1udm47582,S1S2,0.120088855991442,line-to-ground,POINT(-97.7225135803261 30.427562239438),1
p1ulv32561,S1S2,0.120088855991442,line-to-ground,POINT(-97.7226478606469 30.427644759882),1
p1ulv33246,S1S2,0.120088855991442,line-to-ground,POINT(-97.7223898284574 30.4274707989916),1
p1udm47584,S1S2,0.120088855991442,line-to-ground,POINT(-97.722545870421 30.4274813491701),1
p1ulv55847,S1S2,0.120088855991442,line-to-ground,POINT(-97.7224115904087 30.427398828628),1
p1udt15517lv,S1S2,0.120088855991442,line-to-ground,POINT(-97.7271922881227 30.4227800285709),1
p1ulv24352,S1S2,0.120088855991442,line-to-ground,POINT(-97.7273776610238 30.4226200724297),1
p1udm48173,S1S2,0.120088855991442,line-to-ground,POINT(-97.7272918033982 30.4228177399684),1
p1ulv30653,S1S2,0.120088855991442,line-to-ground,POINT(-97.7271557685452 30.4228705512206),1
p1udt15519lv,S1S2,0.120088855991442,line-to-ground,POINT(-97.7198916086594 30.4232419290384),1
p1ulv24357,S1S2,0.120088855991442,line-to-ground,POINT(-97.7196141092181 30.423157713926),1
p1udm48177,S1S2,0.120088855991442,line-to-ground,POINT(-97.7200783441539 30.4258781657802),1
p1ulv24359,S1S2,0.120088855991442,line-to-ground,POINT(-97.7202442048067 30.425933929536),1
p1udt15520lv,S1S2,0.120088855991442,line-to-ground,POINT(-97.7200519375574 30.4258231199534),1
p1udm48178,S1S2,0.120088855991442,line-to-ground,POINT(-97.7201219883796 30.4257252040963),1
p1ulv26234,S1S2,0.120088855991442,line-to-ground,POINT(-97.720298377023 30.4257720480883),1
p1ulv62592,S1S2,0.120088855991442,line-to-ground,POINT(-97.7199658317739 30.4257236728681),1
p1udt15756lv,S1S2,0.120088855991442,line-to-ground,POINT(-97.7241459926033 30.428525671574),1
p1ulv24972,S1S2,0.120088855991442,line-to-ground,POINT(-97.7239380354501 30.428514557004),1
p1udm49810,S1S2,0.120088855991442,line-to-ground,POINT(-97.7201760428854 30.4255723444617),1
p1ulv26233,S1S2,0.120088855991442,line-to-ground,POINT(-97.7200439166137 30.4256009538268),1
p1udt16252lv,S1S2,0.120088855991442,line-to-ground,POINT(-97.7200100567711 30.4252568133287),1
p1udm49812,S1S2,0.120088855991442,line-to-ground,POINT(-97.7198679713167 30.4252444984543),1
p1ulv30034,S1S2,0.120088855991442,line-to-ground,POINT(-97.7198450299384 30.4254066860183),1
p1udm49811,S1S2,0.120088855991442,line-to-ground,POINT(-97.7197745134552 30.4252255360426),1
p1ulv26895,S1S2,0.120088855991442,line-to-ground,POINT(-97.7198487998838 30.4251179895629),1
p1udm50350,S1S2,0.120088855991442,line-to-ground,POINT(-97.727657192307 30.4243461779234),1
p1ulv26892,S1S2,0.120088855991442,line-to-ground,POINT(-97.7275009203361 30.4243536775627),1
p1ulv28158,S1S2,0.120088855991442,line-to-ground,POINT(-97.7277829357438 30.4242842429571),1
p1udt16487lv,S1S2,0.120088855991442,line-to-ground,POINT(-97.7276361284683 30.4243962318873),1
p1udm50352,S1S2,0.120088855991442,line-to-ground,POINT(-97.7275508641991 30.424516577233),1
p1ulv52736,S1S2,0.120088855991442,line-to-ground,POINT(-97.7276432692937 30.4246167302353),1
p1udt16488lv,S1S2,0.120088855991442,line-to-ground,POINT(-97.7219509045316 30.426492536858),1
p1ulv54018,S1S2,0.120088855991442,line-to-ground,POINT(-97.7220581567446 30.4265562371086),1
p1udm50353,S1S2,0.120088855991442,line-to-ground,POINT(-97.7219969873316 30.42645638608),1
p1ulv26897,S1S2,0.120088855991442,line-to-ground,POINT(-97.7218213023765 30.4263554137125),1
p1udm50354,S1S2,0.120088855991442,line-to-ground,POINT(-97.7219011753014 30.4266178605463),1
p1ulv43975,S1S2,0.120088855991442,line-to-ground,POINT(-97.7217256078106 30.4265078662776),1
p1ulv52746,S1S2,0.120088855991442,line-to-ground,POINT(-97.7220048102574 30.4266549669492),1
p1udt16489lv,S1S2,0.120088855991442,line-to-ground,POINT(-97.7231856274008 30.4267560301458),1
p1ulv26898,S1S2,0.120088855991442,line-to-ground,POINT(-97.7233165396225 30.4266678033298),1
p1ulv59463,S1S2,0.120088855991442,line-to-ground,POINT(-97.7231257416935 30.4269276018045),1
p1udm50358,S1S2,0.120088855991442,line-to-ground,POINT(-97.7231174464259 30.42676510804),1
p1ulv40812,S1S2,0.120088855991442,line-to-ground,POINT(-97.7231615564429 30.4265760581397),1
p1udt16712lv,S1S2,0.120088855991442,line-to-ground,POINT(-97.7238647191494 30.424688440645),1
p1ulv32551,S1S2,0.120088855991442,line-to-ground,POINT(-97.7239240357361 30.424514428231),1
p1ulv65100,S1S2,0.120088855991442,line-to-ground,POINT(-97.7236952825399 30.4247676698844),1
p1udm50832,S1S2,0.120088855991442,line-to-ground,POINT(-97.7237389206065 30.4246147067905),1
p1ulv27533,S1S2,0.120088855991442,line-to-ground,POINT(-97.7236437006086 30.4247310738216),1
p1udt16928lv,S1S2,0.120088855991442,line-to-ground,POINT(-97.7265282986052 30.4286842803326),1
p1ulv28165,S1S2,0.120088855991442,line-to-ground,POINT(-97.726433687066 30.428764504811),1
p1ulv41425,S1S2,0.120088855991442,line-to-ground,POINT(-97.7265408424423 30.4285309542232),1
p1udm51277,S1S2,0.120088855991442,line-to-ground,POINT(-97.7263940367261 30.4286107281751),1
p1ulv52083,S1S2,0.120088855991442,line-to-ground,POINT(-97.7264997854528 30.4284854390117),1
p1udm51278,S1S2,0.120088855991442,line-to-ground,POINT(-97.7255715568217 30.4294057404373),1
p1ulv28166,S1S2,0.120088855991442,line-to-ground,POINT(-97.7256741405372 30.4295240400438),1
p1udm51281,S1S2,0.120088855991442,line-to-ground,POINT(-97.7256245494788 30.4293340744565),1
p1ulv63829,S1S2,0.120088855991442,line-to-ground,POINT(-97.7254899123436 30.4292786222949),1
p1udt16929lv,S1S2,0.120088855991442,line-to-ground,POINT(-97.7255496561922 30.4294777687273),1
p1udm51280,S1S2,0.120088855991442,line-to-ground,POINT(-97.7254349252491 30.4295036584486),1
p1ulv58245,S1S2,0.120088855991442,line-to-ground,POINT(-97.7255268633998 30.4296399000594),1
p1udm51279,S1S2,0.120088855991442,line-to-ground,POINT(-97.7253511690449 30.4295389322262),1
p1ulv58243,S1S2,0.120088855991442,line-to-ground,POINT(-97.72529034646 30.4294120173042),1
p1udt16931lv,S1S2,0.120088855991442,line-to-ground,POINT(-97.7228731566116 30.4215294795628),1
p1ulv31924,S1S2,0.120088855991442,line-to-ground,POINT(-97.722892824447 30.4216288654641),1
p1udm51284,S1S2,0.120088855991442,line-to-ground,POINT(-97.7227483770045 30.4215282000145),1
p1ulv28168,S1S2,0.120088855991442,line-to-ground,POINT(-97.7226913600372 30.4213861113965),1
p1udm51286,S1S2,0.120088855991442,line-to-ground,POINT(-97.7229259346617 30.4214848225041),1
p1ulv52743,S1S2,0.120088855991442,line-to-ground,POINT(-97.7229177573538 30.4213133068367),1
p1udm51288,S1S2,0.120088855991442,line-to-ground,POINT(-97.7226311541205 30.4273287941364),1
p1ulv28171,S1S2,0.120088855991442,line-to-ground,POINT(-97.7227760799659 30.4273933727823),1
p1ulv38939,S1S2,0.120088855991442,line-to-ground,POINT(-97.7224760530134 30.4272460699006),1
p1udt16933lv,S1S2,0.120088855991442,line-to-ground,POINT(-97.7226336372569 30.4272194389247),1
p1udm51289,S1S2,0.120088855991442,line-to-ground,POINT(-97.7227061444989 30.4271671153906),1
p1ulv37652,S1S2,0.120088855991442,line-to-ground,POINT(-97.7225406329808 30.4270842893611),1
p1ulv53360,S1S2,0.120088855991442,line-to-ground,POINT(-97.7228511877054 30.4272226721773),1
p1udt17151lv,S1S2,0.120088855991442,line-to-ground,POINT(-97.7210712412193 30.4209877473808),1
p1ulv28788,S1S2,0.120088855991442,line-to-ground,POINT(-97.7209527428642 30.4211045871169),1
p1udm51762,S1S2,0.120088855991442,line-to-ground,POINT(-97.721421073184 30.4211181978487),1
p1ulv61939,S1S2,0.120088855991442,line-to-ground,POINT(-97.721233340976 30.4211434277917),1
p1udt17152lv,S1S2,0.120088855991442,line-to-ground,POINT(-97.7211037147764 30.4259879784317),1
p1ulv28789,S1S2,0.120088855991442,line-to-ground,POINT(-97.7212101420484 30.4261148317272),1
p1udm51764,S1S2,0.120088855991442,line-to-ground,POINT(-97.7210541024594 30.4261042800156),1
p1ulv36433,S1S2,0.120088855991442,line-to-ground,POINT(-97.7208780659829 30.4260303717197),1
p1udm51765,S1S2,0.120088855991442,line-to-ground,POINT(-97.7211497976332 30.4259518279522),1
p1ulv63830,S1S2,0.120088855991442,line-to-ground,POINT(-97.7209838186823 30.4259050870993),1
p1udt17379lv,S1S2,0.120088855991442,line-to-ground,POINT(-97.7231864353371 30.4279944523115),1
p1ulv31266,S1S2,0.120088855991442,line-to-ground,POINT(-97.7233804374036 30.4281572105624),1
p1udm52255,S1S2,0.120088855991442,line-to-ground,POINT(-97.7231408735139 30.4281638901824),1
p1ulv29402,S1S2,0.120088855991442,line-to-ground,POINT(-97.7233167980784 30.4282468173326),1
p1udt17575lv,S1S2,0.120088855991442,line-to-ground,POINT(-97.725960058675 30.4288506221508),1
p1ulv30030,S1S2,0.120088855991442,line-to-ground,POINT(-97.7260979622885 30.428959732967),1
p1ulv33239,S1S2,0.120088855991442,line-to-ground,POINT(-97.7257870454321 30.4288484229669),1
p1ulv65107,S1S2,0.120088855991442,line-to-ground,POINT(-97.726087082464 30.428995718482),1
p1udt17576lv,S1S2,0.120088855991442,line-to-ground,POINT(-97.7230321969454 30.4226142384652),1
p1ulv30031,S1S2,0.120088855991442,line-to-ground,POINT(-97.7230449320516 30.4227401737501),1
p1udt17778lv,S1S2,0.120088855991442,line-to-ground,POINT(-97.7273679262343 30.4251448061527),1
p1ulv30654,S1S2,0.120088855991442,line-to-ground,POINT(-97.727106952866 30.4250265564143),1
p1udt17779lv,S1S2,0.120088855991442,line-to-ground,POINT(-97.7225986003251 30.4207332269533),1
p1ulv30656,S1S2,0.120088855991442,line-to-ground,POINT(-97.7226623266111 30.4209408676168),1
p1udt17780lv,S1S2,0.120088855991442,line-to-ground,POINT(-97.7223416161017 30.4262696357285),1
p1ulv30660,S1S2,0.120088855991442,line-to-ground,POINT(-97.7224104407604 30.4261655131857),1
p1udm53075,S1S2,0.120088855991442,line-to-ground,POINT(-97.7223833526606 30.4263699391448),1
p1ulv45885,S1S2,0.120088855991442,line-to-ground,POINT(-97.7223617085309 30.4264328877493),1
p1udt17973lv,S1S2,0.120088855991442,line-to-ground,POINT(-97.720853051012 30.4255429476092),1
p1ulv31274,S1S2,0.120088855991442,line-to-ground,POINT(-97.7209011032772 30.4253386686908),1
p1udm53464,S1S2,0.120088855991442,line-to-ground,POINT(-97.7207289727825 30.4254875353833),1
p1ulv60058,S1S2,0.120088855991442,line-to-ground,POINT(-97.7206962109878 30.4256045122689),1
p1udt17980lv,S1S2,0.120088855991442,line-to-ground,POINT(-97.7204033023898 30.4196042328531),1
p1ulv31295,S1S2,0.120088855991442,line-to-ground,POINT(-97.7204092078921 30.4196736380295),1
p1udm53477,S1S2,0.120088855991442,line-to-ground,POINT(-97.7199964668325 30.4193898810331),1
p1ulv46552,S1S2,0.120088855991442,line-to-ground,POINT(-97.7199230095786 30.4194342754099),1
p1udm53479,S1S2,0.120088855991442,line-to-ground,POINT(-97.7204520243775 30.4195838284193),1
p1ulv47750,S1S2,0.120088855991442,line-to-ground,POINT(-97.7205028960898 30.4196745563063),1
p1udm53480,S1S2,0.120088855991442,line-to-ground,POINT(-97.7204941344365 30.4195481494383),1
p1ulv48373,S1S2,0.120088855991442,line-to-ground,POINT(-97.7206285199685 30.4196216499224),1
p1udm53478,S1S2,0.120088855991442,line-to-ground,POINT(-97.7204854905241 30.4194127207934),1
p1ulv47144,S1S2,0.120088855991442,line-to-ground,POINT(-97.7205691218531 30.4193864716632),1
p1udt18352lv,S1S2,0.120088855991442,line-to-ground,POINT(-97.726799073776 30.4287385277576),1
p1ulv32556,S1S2,0.120088855991442,line-to-ground,POINT(-97.726733724874 30.4289117988616),1
p1udm54188,S1S2,0.120088855991442,line-to-ground,POINT(-97.7268495327604 30.4288136763263),1
p1ulv50828,S1S2,0.120088855991442,line-to-ground,POINT(-97.7269550468019 30.4287064303563),1
p1udm54189,S1S2,0.120088855991442,line-to-ground,POINT(-97.7266736040268 30.4287307538317),1
p1ulv61936,S1S2,0.120088855991442,line-to-ground,POINT(-97.7267171222873 30.4285868115344),1
p1udt18353lv,S1S2,0.120088855991442,line-to-ground,POINT(-97.7227381369196 30.4266254037245),1
p1ulv32557,S1S2,0.120088855991442,line-to-ground,POINT(-97.7229235243606 30.4264654544159),1
p1ulv60682,S1S2,0.120088855991442,line-to-ground,POINT(-97.7227337837928 30.4266440563533),1
p1udm54566,S1S2,0.120088855991442,line-to-ground,POINT(-97.7203800567912 30.4227050553932),1
p1ulv33241,S1S2,0.120088855991442,line-to-ground,POINT(-97.7202459028394 30.4226135110332),1
p1ulv37043,S1S2,0.120088855991442,line-to-ground,POINT(-97.7205036831254 30.4228055193552),1
p1udt18564lv,S1S2,0.120088855991442,line-to-ground,POINT(-97.7204948986135 30.4226701481307),1
p1udm54568,S1S2,0.120088855991442,line-to-ground,POINT(-97.7205170366876 30.4225800771376),1
p1ulv59459,S1S2,0.120088855991442,line-to-ground,POINT(-97.7206925958924 30.4226900728572),1
p1udt18565lv,S1S2,0.120088855991442,line-to-ground,POINT(-97.7189355437682 30.4260016494412),1
p1ulv33242,S1S2,0.120088855991442,line-to-ground,POINT(-97.7188287359944 30.4258929755332),1
p1udm54570,S1S2,0.120088855991442,line-to-ground,POINT(-97.7190264167278 30.4259039385503),1
p1ulv47129,S1S2,0.120088855991442,line-to-ground,POINT(-97.719139870828 30.4259862581463),1
p1udm54571,S1S2,0.120088855991442,line-to-ground,POINT(-97.7189307183598 30.4260563889648),1
p1ulv50173,S1S2,0.120088855991442,line-to-ground,POINT(-97.7190547009162 30.4261297890471),1
p1udt18568lv,S1S2,0.120088855991442,line-to-ground,POINT(-97.7213058626171 30.4198893017505),1
p1ulv40208,S1S2,0.120088855991442,line-to-ground,POINT(-97.7215090003411 30.4199641241311),1
p1udm54577,S1S2,0.120088855991442,line-to-ground,POINT(-97.7212906291279 30.4199439394934),1
p1ulv45903,S1S2,0.120088855991442,line-to-ground,POINT(-97.7211146033476 30.4198700317591),1
p1udm54575,S1S2,0.120088855991442,line-to-ground,POINT(-97.7212273465259 30.4200064801232),1
p1ulv33255,S1S2,0.120088855991442,line-to-ground,POINT(-97.7213929627913 30.4200802857565),1
p1udm54578,S1S2,0.120088855991442,line-to-ground,POINT(-97.7213552469946 30.4198787952597),1
p1ulv51445,S1S2,0.120088855991442,line-to-ground,POINT(-97.7212419920223 30.4196817981341),1
p1udt18945lv,S1S2,0.120088855991442,line-to-ground,POINT(-97.7256658929669 30.4237403215142),1
p1ulv39551,S1S2,0.120088855991442,line-to-ground,POINT(-97.7258440630027 30.4236607956079),1
p1udm55286,S1S2,0.120088855991442,line-to-ground,POINT(-97.7256061519361 30.4235411750569),1
p1ulv34512,S1S2,0.120088855991442,line-to-ground,POINT(-97.7258045326107 30.4234979969728),1
p1udm55288,S1S2,0.120088855991442,line-to-ground,POINT(-97.7255770321964 30.4233784779935),1
p1ulv45229,S1S2,0.120088855991442,line-to-ground,POINT(-97.7257752952939 30.4233443217313),1
p1udm55289,S1S2,0.120088855991442,line-to-ground,POINT(-97.7256538641395 30.4238754893188),1
p1ulv48984,S1S2,0.120088855991442,line-to-ground,POINT(-97.7258555737189 30.4238532256661),1
p1udm55290,S1S2,0.120088855991442,line-to-ground,POINT(-97.7256528087075 30.4239566853978),1
p1ulv61933,S1S2,0.120088855991442,line-to-ground,POINT(-97.7258604279707 30.4240038267539),1
p1udt18946lv,S1S2,0.120088855991442,line-to-ground,POINT(-97.7192361727568 30.4234777270883),1
p1ulv34517,S1S2,0.120088855991442,line-to-ground,POINT(-97.7192742662249 30.4236686866247),1
p1ulv39555,S1S2,0.120088855991442,line-to-ground,POINT(-97.7192994472273 30.4233350856024),1
p1udm55292,S1S2,0.120088855991442,line-to-ground,POINT(-97.7191721677447 30.4235142952222),1
p1ulv38935,S1S2,0.120088855991442,line-to-ground,POINT(-97.7191434123448 30.4233245317342),1
p1udm55294,S1S2,0.120088855991442,line-to-ground,POINT(-97.7228664175183 30.4268528813703),1
p1ulv34520,S1S2,0.120088855991442,line-to-ground,POINT(-97.72293893892 30.4268806596902),1
p1udt18947lv,S1S2,0.120088855991442,line-to-ground,POINT(-97.7228724631055 30.4269179995843),1
p1udm55295,S1S2,0.120088855991442,line-to-ground,POINT(-97.7227914276609 30.4270145602301),1
p1ulv51430,S1S2,0.120088855991442,line-to-ground,POINT(-97.7226052127261 30.4269225087795),1
p1ulv63831,S1S2,0.120088855991442,line-to-ground,POINT(-97.7228944757004 30.4270967748079),1
p1udt19131lv,S1S2,0.120088855991442,line-to-ground,POINT(-97.7267769080062 30.4291100751139),1
p1ulv64478,S1S2,0.120088855991442,line-to-ground,POINT(-97.7266516573327 30.429094292922),1
p1udm55621,S1S2,0.120088855991442,line-to-ground,POINT(-97.7268677763544 30.4290123586677),1
p1ulv35156,S1S2,0.120088855991442,line-to-ground,POINT(-97.7269925889944 30.4290225989634),1
p1udm55957,S1S2,0.120088855991442,line-to-ground,POINT(-97.7264886579375 30.424533287359),1
p1ulv35808,S1S2,0.120088855991442,line-to-ground,POINT(-97.7266546374806 30.424580021229),1
p1udt19322lv,S1S2,0.120088855991442,line-to-ground,POINT(-97.7264848843581 30.4248130201693),1
p1udm55958,S1S2,0.120088855991442,line-to-ground,POINT(-97.7264218593877 30.4248664841203),1
p1ulv41421,S1S2,0.120088855991442,line-to-ground,POINT(-97.7265987185861 30.4248772324912),1
p1ulv53355,S1S2,0.120088855991442,line-to-ground,POINT(-97.7262764657918 30.4248379966866),1
p1ulv57054,S1S2,0.120088855991442,line-to-ground,POINT(-97.7265774290731 30.42491311653),1
p1udt19323lv,S1S2,0.120088855991442,line-to-ground,POINT(-97.7269980424783 30.4258922060657),1
p1ulv35809,S1S2,0.120088855991442,line-to-ground,POINT(-97.7268028073227 30.4259980667731),1
p1udt19501lv,S1S2,0.120088855991442,line-to-ground,POINT(-97.7209184812177 30.4221532276818),1
p1ulv36430,S1S2,0.120088855991442,line-to-ground,POINT(-97.7210629201269 30.4219600084713),1
p1udt19854lv,S1S2,0.120088855991442,line-to-ground,POINT(-97.7218731453239 30.4228735830011),1
p1ulv54015,S1S2,0.120088855991442,line-to-ground,POINT(-97.7220128000749 30.4228473712376),1
p1ulv62591,S1S2,0.120088855991442,line-to-ground,POINT(-97.7216986137419 30.4229886617622),1
p1udm56900,S1S2,0.120088855991442,line-to-ground,POINT(-97.7219172270433 30.4229908023546),1
p1ulv37649,S1S2,0.120088855991442,line-to-ground,POINT(-97.7220634396419 30.4229561421121),1
p1udt19855lv,S1S2,0.120088855991442,line-to-ground,POINT(-97.7205391039287 30.4273523142923),1
p1ulv37654,S1S2,0.120088855991442,line-to-ground,POINT(-97.7203378743385 30.4275319044396),1
p1ulv48991,S1S2,0.120088855991442,line-to-ground,POINT(-97.7203893386485 30.4275775235636),1
p1ulv57064,S1S2,0.120088855991442,line-to-ground,POINT(-97.7202466521105 30.4273415288158),1
p1udm56904,S1S2,0.120088855991442,line-to-ground,POINT(-97.7205746800172 30.4269387132167),1
p1ulv42055,S1S2,0.120088855991442,line-to-ground,POINT(-97.7204186392172 30.4269281607112),1
p1udm57163,S1S2,0.120088855991442,line-to-ground,POINT(-97.7212461041826 30.4209630942648),1
p1ulv38262,S1S2,0.120088855991442,line-to-ground,POINT(-97.7212896264638 30.4208191537389),1
p1udt20018lv,S1S2,0.120088855991442,line-to-ground,POINT(-97.7215559524237 30.4209392279093),1
p1udm57165,S1S2,0.120088855991442,line-to-ground,POINT(-97.7216002774245 30.4209485172688),1
p1ulv62588,S1S2,0.120088855991442,line-to-ground,POINT(-97.7216299780969 30.4210661061885),1
p1udm57164,S1S2,0.120088855991442,line-to-ground,POINT(-97.7217046120631 30.4209314931076),1
p1ulv44613,S1S2,0.120088855991442,line-to-ground,POINT(-97.7216857917434 30.4207779190301),1
p1udm57167,S1S2,0.120088855991442,line-to-ground,POINT(-97.7230295866312 30.4231189866211),1
p1ulv44615,S1S2,0.120088855991442,line-to-ground,POINT(-97.7231451560435 30.4230389107564),1
p1udm57166,S1S2,0.120088855991442,line-to-ground,POINT(-97.7229588306552 30.42295588174),1
p1ulv38265,S1S2,0.120088855991442,line-to-ground,POINT(-97.72278068267 30.4230443680985),1
p1udt20019lv,S1S2,0.120088855991442,line-to-ground,POINT(-97.7230669047567 30.4231469307502),1
p1udm57169,S1S2,0.120088855991442,line-to-ground,POINT(-97.7231307509183 30.4233455494047),1
p1ulv59460,S1S2,0.120088855991442,line-to-ground,POINT(-97.7229838329852 30.4234343415023),1
p1udm57168,S1S2,0.120088855991442,line-to-ground,POINT(-97.7231609240465 30.4234270508933),1
p1ulv57061,S1S2,0.120088855991442,line-to-ground,POINT(-97.7233077243323 30.4233472803705),1
p1udm57426,S1S2,0.120088855991442,line-to-ground,POINT(-97.7253981239144 30.4251271797306),1
p1ulv38931,S1S2,0.120088855991442,line-to-ground,POINT(-97.725261850239 30.4251980324374),1
p1ulv47729,S1S2,0.120088855991442,line-to-ground,POINT(-97.7255030489317 30.4250650437297),1
p1udt20178lv,S1S2,0.120088855991442,line-to-ground,POINT(-97.7253819551984 30.4250384123513),1
p1udm57428,S1S2,0.120088855991442,line-to-ground,POINT(-97.725401525574 30.4248655479897),1
p1ulv49566,S1S2,0.120088855991442,line-to-ground,POINT(-97.725267363856 30.4247740086032),1
p1udt20179lv,S1S2,0.120088855991442,line-to-ground,POINT(-97.7219017620189 30.4238203587538),1
p1ulv38936,S1S2,0.120088855991442,line-to-ground,POINT(-97.7220196257923 30.423921166236),1
p1udt20180lv,S1S2,0.120088855991442,line-to-ground,POINT(-97.7201892573445 30.4253469597651),1
p1ulv38938,S1S2,0.120088855991442,line-to-ground,POINT(-97.7202227489956 30.425184816827),1
p1udm57431,S1S2,0.120088855991442,line-to-ground,POINT(-97.7200547693636 30.4252914448449),1
p1ulv45235,S1S2,0.120088855991442,line-to-ground,POINT(-97.7200775925731 30.4251382789959),1
p1udt20338lv,S1S2,0.120088855991442,line-to-ground,POINT(-97.7203232593866 30.4235621866192),1
p1ulv39556,S1S2,0.120088855991442,line-to-ground,POINT(-97.7202621773805 30.4237595818099),1
p1udm57687,S1S2,0.120088855991442,line-to-ground,POINT(-97.7210903712276 30.4201314593009),1
p1ulv49567,S1S2,0.120088855991442,line-to-ground,POINT(-97.7211925871289 30.4202768274907),1
p1udt20340lv,S1S2,0.120088855991442,line-to-ground,POINT(-97.721401909604 30.4198415556201),1
p1udm57688,S1S2,0.120088855991442,line-to-ground,POINT(-97.7215027076616 30.4196482599666),1
p1ulv54029,S1S2,0.120088855991442,line-to-ground,POINT(-97.7213376802598 30.4195293455993),1
p1udm57686,S1S2,0.120088855991442,line-to-ground,POINT(-97.721555815312 30.4195675736897),1
p1ulv39563,S1S2,0.120088855991442,line-to-ground,POINT(-97.721689613633 30.4196861819963),1
p1udt20493lv,S1S2,0.120088855991442,line-to-ground,POINT(-97.7209161513296 30.4209050215366),1
p1ulv40186,S1S2,0.120088855991442,line-to-ground,POINT(-97.721040847406 30.4207355103021),1
p1udt20644lv,S1S2,0.120088855991442,line-to-ground,POINT(-97.7285030521845 30.4308435273781),1
p1ulv40801,S1S2,0.120088855991442,line-to-ground,POINT(-97.7283549891446 30.4307502358191),1
p1udt20790lv,S1S2,0.120088855991442,line-to-ground,POINT(-97.7192870164671 30.4277500068125),1
p1ulv41426,S1S2,0.120088855991442,line-to-ground,POINT(-97.7191672862223 30.4278723166591),1
p1udt21213lv,S1S2,0.120088855991442,line-to-ground,POINT(-97.7256882642071 30.4228202008131),1
p1ulv49562,S1S2,0.120088855991442,line-to-ground,POINT(-97.7256671153093 30.4228560273496),1
p1udm59068,S1S2,0.120088855991442,line-to-ground,POINT(-97.7255082655187 30.4230620039929),1
p1ulv43308,S1S2,0.120088855991442,line-to-ground,POINT(-97.7257275828646 30.4230100074828),1
p1udt21214lv,S1S2,0.120088855991442,line-to-ground,POINT(-97.7255638874037 30.4244211313612),1
p1ulv43310,S1S2,0.120088855991442,line-to-ground,POINT(-97.7258022791619 30.4244724515844),1
p1udt21215lv,S1S2,0.120088855991442,line-to-ground,POINT(-97.7248528278001 30.4274179716797),1
p1ulv43313,S1S2,0.120088855991442,line-to-ground,POINT(-97.7249955399834 30.4272616818101),1
p1udm59072,S1S2,0.120088855991442,line-to-ground,POINT(-97.7247759779625 30.4273317203328),1
p1ulv46530,S1S2,0.120088855991442,line-to-ground,POINT(-97.724850730133 30.4271880838125),1
p1udt21363lv,S1S2,0.120088855991442,line-to-ground,POINT(-97.7266482249825 30.4226581325819),1
p1ulv58241,S1S2,0.120088855991442,line-to-ground,POINT(-97.7266060218225 30.4227117997716),1
p1udm59307,S1S2,0.120088855991442,line-to-ground,POINT(-97.7267112949681 30.4226225973058),1
p1ulv43964,S1S2,0.120088855991442,line-to-ground,POINT(-97.7267453373025 30.4224063789091),1
p1udm59308,S1S2,0.120088855991442,line-to-ground,POINT(-97.7265028578436 30.4226386099045),1
p1ulv57641,S1S2,0.120088855991442,line-to-ground,POINT(-97.7264743227588 30.4224308040272),1
p1udt21366lv,S1S2,0.120088855991442,line-to-ground,POINT(-97.7276112420064 30.4294798364031),1
p1ulv43972,S1S2,0.120088855991442,line-to-ground,POINT(-97.7277285282105 30.4295559405208),1
p1ulv57645,S1S2,0.120088855991442,line-to-ground,POINT(-97.7274562736119 30.4293970605271),1
p1udm59314,S1S2,0.120088855991442,line-to-ground,POINT(-97.7275379207802 30.4295241775123),1
p1ulv62585,S1S2,0.120088855991442,line-to-ground,POINT(-97.727379483193 30.4294205444777),1
p1udt21499lv,S1S2,0.120088855991442,line-to-ground,POINT(-97.7229847015434 30.424156242895),1
p1ulv44618,S1S2,0.120088855991442,line-to-ground,POINT(-97.7227779292013 30.4240549089733),1
p1udm60254,S1S2,0.120088855991442,line-to-ground,POINT(-97.725371319829 30.4223839469379),1
p1ulv47120,S1S2,0.120088855991442,line-to-ground,POINT(-97.7251832340664 30.422436247879),1
p1udt22034lv,S1S2,0.120088855991442,line-to-ground,POINT(-97.7255460324704 30.4225842228407),1
p1udm60255,S1S2,0.120088855991442,line-to-ground,POINT(-97.725929010649 30.4227322626648),1
p1ulv60050,S1S2,0.120088855991442,line-to-ground,POINT(-97.7259000078015 30.422560543856),1
p1udt22170lv,S1S2,0.120088855991442,line-to-ground,POINT(-97.7183060353899 30.4183655640981),1
p1ulv47746,S1S2,0.120088855991442,line-to-ground,POINT(-97.7181640570148 30.4183224061628),1
p1udt22287lv,S1S2,0.120088855991442,line-to-ground,POINT(-97.720541454228 30.4218217413974),1
p1ulv48348,S1S2,0.120088855991442,line-to-ground,POINT(-97.7207164257402 30.4216616929218),1
p1udt22520lv,S1S2,0.120088855991442,line-to-ground,POINT(-97.7270805805333 30.4307891144809),1
p1ulv49552,S1S2,0.120088855991442,line-to-ground,POINT(-97.7270196855095 30.4309447464215),1
p1ulv61295,S1S2,0.120088855991442,line-to-ground,POINT(-97.7272101300794 30.4307120076864),1
p1udt22643lv,S1S2,0.120088855991442,line-to-ground,POINT(-97.7196092558108 30.4235186419298),1
p1ulv50172,S1S2,0.120088855991442,line-to-ground,POINT(-97.7195595840072 30.4233466604596),1
p1udt22781lv,S1S2,0.120088855991442,line-to-ground,POINT(-97.7239372259354 30.4205116874993),1
p1ulv52077,S1S2,0.120088855991442,line-to-ground,POINT(-97.7238651065939 30.4205195302151),1
p1udm61257,S1S2,0.120088855991442,line-to-ground,POINT(-97.7239900254379 30.4205207512935),1
p1ulv50824,S1S2,0.120088855991442,line-to-ground,POINT(-97.7241364684616 30.4204680450183),1
p1udm61259,S1S2,0.120088855991442,line-to-ground,POINT(-97.7239293272053 30.4203848139902),1
p1ulv52763,S1S2,0.120088855991442,line-to-ground,POINT(-97.7240247772605 30.4202504029735),1
p1udt23255lv,S1S2,0.120088855991442,line-to-ground,POINT(-97.7244605937343 30.420678090505),1
p1ulv53348,S1S2,0.120088855991442,line-to-ground,POINT(-97.7245734495588 30.4204903609297),1
p1udm61847,S1S2,0.120088855991442,line-to-ground,POINT(-97.7244047784676 30.4206511257066),1
p1ulv62576,S1S2,0.120088855991442,line-to-ground,POINT(-97.7244450097506 30.4207597940164),1
p1udm61848,S1S2,0.120088855991442,line-to-ground,POINT(-97.7245916876167 30.4206890436612),1
p1ulv64471,S1S2,0.120088855991442,line-to-ground,POINT(-97.724558932216 30.4208060217774),1
p1udt23371lv,S1S2,0.120088855991442,line-to-ground,POINT(-97.719594745069 30.4251340539042),1
p1ulv54016,S1S2,0.120088855991442,line-to-ground,POINT(-97.7193714547786 30.4249960093703),1
p1ulv65108,S1S2,0.120088855991442,line-to-ground,POINT(-97.7196017788693 30.4248990167003),1
p1udt23838lv,S1S2,0.120088855991442,line-to-ground,POINT(-97.7200367806312 30.4214017394929),1
p1ulv56453,S1S2,0.120088855991442,line-to-ground,POINT(-97.720225371341 30.4212717301097),1
p1udm62529,S1S2,0.120088855991442,line-to-ground,POINT(-97.7230878797439 30.4282355551335),1
p1ulv60685,S1S2,0.120088855991442,line-to-ground,POINT(-97.7229223661147 30.4281527295407),1
p1udt23839lv,S1S2,0.120088855991442,line-to-ground,POINT(-97.7232667624299 30.4281827095538),1
p1udm62530,S1S2,0.120088855991442,line-to-ground,POINT(-97.7232469783287 30.4280115384343),1
p1ulv63220,S1S2,0.120088855991442,line-to-ground,POINT(-97.7230673739115 30.4279347619881),1
p1udm62528,S1S2,0.120088855991442,line-to-ground,POINT(-97.723300089363 30.4279308516367),1
p1ulv56457,S1S2,0.120088855991442,line-to-ground,POINT(-97.7231240478492 30.4278569462489),1
p1udt23938lv,S1S2,0.120088855991442,line-to-ground,POINT(-97.725416926575 30.4282151030908),1
p1ulv57056,S1S2,0.120088855991442,line-to-ground,POINT(-97.7254610559169 30.4282948417313),1
p1ulv60056,S1S2,0.120088855991442,line-to-ground,POINT(-97.7252234862982 30.4281481549209),1
p1udt23939lv,S1S2,0.120088855991442,line-to-ground,POINT(-97.7207976848078 30.4207155922161),1
p1ulv57057,S1S2,0.120088855991442,line-to-ground,POINT(-97.7206644425051 30.4208581430465),1
p1udt23940lv,S1S2,0.120088855991442,line-to-ground,POINT(-97.7223055199133 30.4278247037838),1
p1ulv57065,S1S2,0.120088855991442,line-to-ground,POINT(-97.7222625488529 30.4276500115226),1
p1udt24055lv,S1S2,0.120088855991442,line-to-ground,POINT(-97.7226987545152 30.4197322100335),1
p1ulv57661,S1S2,0.120088855991442,line-to-ground,POINT(-97.7227460945482 30.4195820607612),1
p1udm62769,S1S2,0.120088855991442,line-to-ground,POINT(-97.7227402992032 30.4197506036345),1
p1ulv60697,S1S2,0.120088855991442,line-to-ground,POINT(-97.7226662552277 30.4198401084894),1
p1udt24164lv,S1S2,0.120088855991442,line-to-ground,POINT(-97.726998925967 30.4226168899098),1
p1ulv59451,S1S2,0.120088855991442,line-to-ground,POINT(-97.7270151803533 30.4224721711582),1
p1ulv65097,S1S2,0.120088855991442,line-to-ground,POINT(-97.7269390294135 30.4227240707255),1
p1udm62891,S1S2,0.120088855991442,line-to-ground,POINT(-97.727085240048 30.4226894047938),1
p1ulv58240,S1S2,0.120088855991442,line-to-ground,POINT(-97.7271808053502 30.4225459696624),1
p1udt24263lv,S1S2,0.120088855991442,line-to-ground,POINT(-97.7277468060568 30.4302661525324),1
p1ulv58833,S1S2,0.120088855991442,line-to-ground,POINT(-97.7275582609987 30.4303635079938),1
p1udt24268lv,S1S2,0.120088855991442,line-to-ground,POINT(-97.7196247984515 30.4199366936009),1
p1ulv58860,S1S2,0.120088855991442,line-to-ground,POINT(-97.7194996675783 30.4199624763169),1
p1udt24362lv,S1S2,0.120088855991442,line-to-ground,POINT(-97.7203062571358 30.4193088756373),1
p1ulv59485,S1S2,0.120088855991442,line-to-ground,POINT(-97.720331345502 30.4192578201255),1
p1udt24465lv,S1S2,0.120088855991442,line-to-ground,POINT(-97.7270739823413 30.4254767321226),1
p1ulv60055,S1S2,0.120088855991442,line-to-ground,POINT(-97.7269983971333 30.4253683692086),1
p1udt24689lv,S1S2,0.120088855991442,line-to-ground,POINT(-97.723519207985 30.4275906339229),1
p1ulv61308,S1S2,0.120088855991442,line-to-ground,POINT(-97.7233256108427 30.4275701843708),1
p1udt24780lv,S1S2,0.120088855991442,line-to-ground,POINT(-97.718317549703 30.4233888962204),1
p1ulv61940,S1S2,0.120088855991442,line-to-ground,POINT(-97.7182237779999 30.4235861924651),1
p1udt24891lv,S1S2,0.120088855991442,line-to-ground,POINT(-97.7240970424899 30.4207929955692),1
p1ulv62577,S1S2,0.120088855991442,line-to-ground,POINT(-97.723933396805 30.4208720921389),1
p1ulv63820,S1S2,0.120088855991442,line-to-ground,POINT(-97.723923691354 30.4208178596731),1
p1udt24892lv,S1S2,0.120088855991442,line-to-ground,POINT(-97.7214669177711 30.4212905927749),1
p1ulv62589,S1S2,0.120088855991442,line-to-ground,POINT(-97.7213129732803 30.4214239185731),1
p1udt24982lv,S1S2,0.120088855991442,line-to-ground,POINT(-97.7255963413584 30.4238111178468),1
p1ulv63214,S1S2,0.120088855991442,line-to-ground,POINT(-97.7254220965877 30.4238072298597),1
p1udt25179lv,S1S2,0.120088855991442,line-to-ground,POINT(-97.721880352455 30.4237386947625),1
p1ulv64479,S1S2,0.120088855991442,line-to-ground,POINT(-97.7221051421816 30.4237505678515),1
p1udt25271lv,S1S2,0.120088855991442,line-to-ground,POINT(-97.7237560658164 30.4272857190944),1
p1ulv65104,S1S2,0.120088855991442,line-to-ground,POINT(-97.7235703423245 30.4271665462939),1
p1udt2693-p1udt7186x,C,7.19955785679463,line-to-ground,POINT(-97.7187528005535 30.4193007766834),1
p1udt7186,C,7.19955785679463,line-to-ground,POINT(-97.7187279380858 30.4192642459383),1
p1udt24268-p1udt908x,C,7.19955785679463,line-to-ground,POINT(-97.7195906819713 30.4198646271303),1
p1udt908,C,7.19955785679463,line-to-ground,POINT(-97.7194379291703 30.4204282267214),1
p1udt24268-p1udt5825x,B,7.19955785679463,line-to-ground,POINT(-97.7195354860739 30.4199260865641),1
p1udt5825,B,7.19955785679463,line-to-ground,POINT(-97.7199717900256 30.4199609196212),1
p1udt10701-p1udt2115x,A,7.19955785679463,line-to-ground,POINT(-97.7231094379375 30.4198810460839),1
p1udt10701-p1udt2115xx,A,7.19955785679463,line-to-ground,POINT(-97.7235084753955 30.4200830402318),1
p1udt10701-p1udt24055xx,A,7.19955785679463,line-to-ground,POINT(-97.7226094419105 30.4197216050956),1
p1udt10701-p1udt24055x,A,7.19955785679463,line-to-ground,POINT(-97.7231435570447 30.4199531117086),1
p1udt11037-p1udt24055x,A,7.19955785679463,line-to-ground,POINT(-97.7222094259441 30.4194391391636),1
p1udt11037-p1udt24055xx,A,7.19955785679463,line-to-ground,POINT(-97.7226646358102 30.4196601443017),1
p1udt11037-p1udt15004xx,A,7.19955785679463,line-to-ground,POINT(-97.7219318775857 30.4193791768899),1
p1udt11037-p1udt15004x,A,7.19955785679463,line-to-ground,POINT(-97.722154231896 30.4195005997625),1
p1udt15004-p1udt9951xx,A,7.19955785679463,line-to-ground,POINT(-97.7217489436337 30.41931612013),1
p1udt15004-p1udt9951x,A,7.19955785679463,line-to-ground,POINT(-97.721900202309 30.4193062815449),1
p1udt20340-p1udt9951x,A,7.19955785679463,line-to-ground,POINT(-97.7213702345899 30.4197686601585),1
p1udt20340-p1udt9951xx,A,7.19955785679463,line-to-ground,POINT(-97.7218062245151 30.4192561217296),1
p1udt18568-p1udt20340x,A,7.19955785679463,line-to-ground,POINT(-97.7213951751989 30.4198999075804),1
p1udt18568-p1udt20340xx,A,7.19955785679463,line-to-ground,POINT(-97.7214591910112 30.4197815573915),1
p1udt18568-p1udt295xx,A,7.19955785679463,line-to-ground,POINT(-97.7209345641256 30.4202916428676),1
p1udt18568-p1udt295x,A,7.19955785679463,line-to-ground,POINT(-97.7213610574114 30.4198278415353),1
p1udt15000-p1udt295xx,A,7.19955785679463,line-to-ground,POINT(-97.7205561992137 30.420544745976),1
p1udt15000-p1udt295xxx,A,7.19955785679463,line-to-ground,POINT(-97.7209918460845 30.4202316448639),1
p1udt294-p1udt9191x,B,7.19955785679463,line-to-ground,POINT(-97.7222374274934 30.4204860732),1
p1udt294-p1udt9191xx,B,7.19955785679463,line-to-ground,POINT(-97.7221515059363 30.4203493625532),1
p1udt14503-p1udt294xx,B,7.19955785679463,line-to-ground,POINT(-97.7220328728454 30.420813531144),1
p1udt14503-p1udt294xxx,B,7.19955785679463,line-to-ground,POINT(-97.7221822328481 30.4205475337847),1
p1udt4770-p1udt903x,C,7.19955785679463,line-to-ground,POINT(-97.7251737806186 30.4217770669405),1
p1udt4770-p1udt903xx,C,7.19955785679463,line-to-ground,POINT(-97.7256287516448 30.4219624799278),1
p1udt14500-p1udt6294x,C,7.19955785679463,line-to-ground,POINT(-97.7265279928097 30.423296826641),1
p1udt14500-p1udt6294xx,C,7.19955785679463,line-to-ground,POINT(-97.7265640012634 30.4235737131937),1
p1udt14500-p1udt4772xx,C,7.19955785679463,line-to-ground,POINT(-97.7264689301197 30.4230345853577),1
p1udt14500-p1udt4772x,C,7.19955785679463,line-to-ground,POINT(-97.7265852732639 30.4232368261618),1
p1udt4772-p1udt904xx,C,7.19955785679463,line-to-ground,POINT(-97.726260089336 30.4226996891002),1
p1udt4772-p1udt904x,C,7.19955785679463,line-to-ground,POINT(-97.7265262104498 30.4229745848988),1
p1udt13947-p1udt8409x,C,7.19955785679463,line-to-ground,POINT(-97.7275226658686 30.4234697006911),1
p1udt13947-p1udt8409xx,C,7.19955785679463,line-to-ground,POINT(-97.7274956160879 30.4239874858766),1
p1udt13947-p1udt9938xx,C,7.19955785679463,line-to-ground,POINT(-97.7274042256224 30.4230613508058),1
p1udt13947-p1udt9938x,C,7.19955785679463,line-to-ground,POINT(-97.7274885423726 30.4233976361228),1
p1udt15517-p1udt9938x,C,7.19955785679463,line-to-ground,POINT(-97.7272816041159 30.4227906304612),1
p1udt15517-p1udt9938xx,C,7.19955785679463,line-to-ground,POINT(-97.727493185965 30.4230742440275),1
p1udt15517-p1udt24164xx,C,7.19955785679463,line-to-ground,POINT(-97.7270330488481 30.4226889545966),1
p1udt15517-p1udt24164x,C,7.19955785679463,line-to-ground,POINT(-97.727247481017 30.4227185658343),1
p1udt21363-p1udt24164x,C,7.19955785679463,line-to-ground,POINT(-97.7265589091943 30.4226475302633),1
p1udt21363-p1udt24164xx,C,7.19955785679463,line-to-ground,POINT(-97.7269437329804 30.4226783525394),1
p1udt21363-p1udt904xx,C,7.19955785679463,line-to-ground,POINT(-97.7261617750544 30.4226619362662),1
p1udt21363-p1udt904x,C,7.19955785679463,line-to-ground,POINT(-97.7266141023979 30.4225860678025),1
p1udt21213-p1udt904x,C,7.19955785679463,line-to-ground,POINT(-97.7256541422859 30.4227481358029),1
p1udt21213-p1udt904xx,C,7.19955785679463,line-to-ground,POINT(-97.7261887878573 30.4227234629208),1
p1udt21213-p1udt905xx,C,7.19955785679463,line-to-ground,POINT(-97.725295569109 30.4225446876696),1
p1udt21213-p1udt905x,C,7.19955785679463,line-to-ground,POINT(-97.7255989484006 30.4228095978366),1
p1udt22034-p1udt905xx,C,7.19955785679463,line-to-ground,POINT(-97.7253991136438 30.4225665406693),1
p1udt22034-p1udt905x,C,7.19955785679463,line-to-ground,POINT(-97.7254478565339 30.422577713182),1
p1udt4770-p1udt905x,C,7.19955785679463,line-to-ground,POINT(-97.7252444174138 30.4217534232382),1
p1udt4770-p1udt905xx,C,7.19955785679463,line-to-ground,POINT(-97.7253219455507 30.4225985352233),1
p1udt4770-p1udt9937xx,C,7.19955785679463,line-to-ground,POINT(-97.7251307631955 30.4213625167008),1
p1udt4770-p1udt9937x,C,7.19955785679463,line-to-ground,POINT(-97.725272093617 30.4218148204877),1
p1udt15265-p1udt9937x,C,7.19955785679463,line-to-ground,POINT(-97.7252624450444 30.4208779524844),1
p1udt15265-p1udt9937xx,C,7.19955785679463,line-to-ground,POINT(-97.725164884283 30.4214345818381),1
p1udt15265-p1udt23255xx,C,7.19955785679463,line-to-ground,POINT(-97.7245499074547 30.4206886942052),1
p1udt15265-p1udt23255x,C,7.19955785679463,line-to-ground,POINT(-97.725173487035 30.4208650578031),1
p1udt23255-p1udt9936xx,C,7.19955785679463,line-to-ground,POINT(-97.7242709913228 30.4206126221727),1
p1udt23255-p1udt9936x,C,7.19955785679463,line-to-ground,POINT(-97.7245157870643 30.4206166289194),1
p1udt22781-p1udt9936xx,C,7.19955785679463,line-to-ground,POINT(-97.7240514045034 30.4204862542743),1
p1udt22781-p1udt9936xxx,C,7.19955785679463,line-to-ground,POINT(-97.7243026687694 30.4206855169904),1
p1udt11020-p1udt5298xx,A,7.19955785679463,line-to-ground,POINT(-97.7245433842898 30.4225311485711),1
p1udt11020-p1udt5298x,A,7.19955785679463,line-to-ground,POINT(-97.7246162416561 30.4229631599959),1
p1udt2680-p1udt5298x,A,7.19955785679463,line-to-ground,POINT(-97.724417557872 30.4220588868078),1
p1udt2680-p1udt5298xx,A,7.19955785679463,line-to-ground,POINT(-97.7244861030484 30.4225911481366),1
p1udt12038-p1udt2680x,A,7.19955785679463,line-to-ground,POINT(-97.7242690693973 30.4217950626299),1
p1udt12038-p1udt2680xx,A,7.19955785679463,line-to-ground,POINT(-97.7243834371414 30.4219868214913),1
p1udt11017-p1udt12038x,A,7.19955785679463,line-to-ground,POINT(-97.7242493909197 30.4213805235646),1
p1udt11017-p1udt12038xx,A,7.19955785679463,line-to-ground,POINT(-97.7243242634998 30.4217336011568),1
p1udt11017-p1udt12694xx,A,7.19955785679463,line-to-ground,POINT(-97.7240812579439 30.4210262778706),1
p1udt11017-p1udt12694x,A,7.19955785679463,line-to-ground,POINT(-97.724160076612 30.4213699196429),1
p1udt12694-p1udt24891xx,A,7.19955785679463,line-to-ground,POINT(-97.7241311626248 30.4208650609555),1
p1udt12694-p1udt24891x,A,7.19955785679463,line-to-ground,POINT(-97.7241705719293 30.4210368818376),1
p1udt22781-p1udt24891xx,A,7.19955785679463,line-to-ground,POINT(-97.7239385432668 30.4203745859011),1
p1udt22781-p1udt24891xxx,A,7.19955785679463,line-to-ground,POINT(-97.7240418488005 30.4208544569658),1
p1udt12695-p1udt288xx,B,7.19955785679463,line-to-ground,POINT(-97.7253980128485 30.4233409256456),1
p1udt12695-p1udt288x,B,7.19955785679463,line-to-ground,POINT(-97.7255809425216 30.4232341338722),1
p1udt24982-p1udt7170x,B,7.19955785679463,line-to-ground,POINT(-97.725651535833 30.4237496558396),1
p1udt24982-p1udt7170xx,B,7.19955785679463,line-to-ground,POINT(-97.7256727753542 30.424182551092),1
p1udt18945-p1udt24982x,B,7.19955785679463,line-to-ground,POINT(-97.7256317707676 30.4236682564995),1
p1udt18945-p1udt24982xx,B,7.19955785679463,line-to-ground,POINT(-97.725685658073 30.4238217208495),1
p1udt18945-p1udt288xx,B,7.19955785679463,line-to-ground,POINT(-97.7253703361707 30.4232795284223),1
p1udt18945-p1udt288x,B,7.19955785679463,line-to-ground,POINT(-97.7255765763287 30.4237297185001),1
p1udt13023-p1udt288x,B,7.19955785679463,line-to-ground,POINT(-97.7248893483801 30.4234079128735),1
p1udt13023-p1udt288xx,B,7.19955785679463,line-to-ground,POINT(-97.7252996982896 30.4233031721569),1
p1udt13023-p1udt15267xx,B,7.19955785679463,line-to-ground,POINT(-97.7243648907509 30.4234122633214),1
p1udt13023-p1udt15267x,B,7.19955785679463,line-to-ground,POINT(-97.724855226866 30.4233358476716),1
p1udt12039-p1udt15267x,B,7.19955785679463,line-to-ground,POINT(-97.7238901015833 30.4235868683634),1
p1udt12039-p1udt15267xx,B,7.19955785679463,line-to-ground,POINT(-97.7243096956881 30.4234737247701),1
p1udt12039-p1udt287xx,B,7.19955785679463,line-to-ground,POINT(-97.723717813434 30.4235322593692),1
p1udt12039-p1udt287x,B,7.19955785679463,line-to-ground,POINT(-97.7239473837846 30.4235268690953),1
p1udt20019-p1udt287x,B,7.19955785679463,line-to-ground,POINT(-97.7231010248779 30.4232189963823),1
p1udt20019-p1udt287xx,B,7.19955785679463,line-to-ground,POINT(-97.7237519341636 30.4236043248444),1
p1udt20019-p1udt4771xx,B,7.19955785679463,line-to-ground,POINT(-97.7228803723829 30.4229003272227),1
p1udt20019-p1udt4771x,B,7.19955785679463,line-to-ground,POINT(-97.7230117090566 30.4232083916334),1
p1udt4771-p1udt9584xx,B,7.19955785679463,line-to-ground,POINT(-97.7227527663792 30.422640947293),1
p1udt4771-p1udt9584x,B,7.19955785679463,line-to-ground,POINT(-97.7229355679824 30.4228388663895),1
p1udt11019-p1udt297xx,B,7.19955785679463,line-to-ground,POINT(-97.723529251403 30.4224716476022),1
p1udt11019-p1udt297x,B,7.19955785679463,line-to-ground,POINT(-97.7235722318757 30.4224500363621),1
p1udt17576-p1udt297x,B,7.19955785679463,line-to-ground,POINT(-97.7229770015367 30.4226756993466),1
p1udt17576-p1udt297xx,B,7.19955785679463,line-to-ground,POINT(-97.7234359799156 30.4224766913336),1
p1udt17576-p1udt9584xx,B,7.19955785679463,line-to-ground,POINT(-97.7226948522817 30.4225624331306),1
p1udt17576-p1udt9584x,B,7.19955785679463,line-to-ground,POINT(-97.7230663168701 30.4226863041061),1
p1udt2105-p1udt9584x,B,7.19955785679463,line-to-ground,POINT(-97.7223743638439 30.4222554559994),1
p1udt2105-p1udt9584xx,B,7.19955785679463,line-to-ground,POINT(-97.7227694528856 30.4225766857693),1
p1udt10691-p1udt2105x,B,7.19955785679463,line-to-ground,POINT(-97.7218830338775 30.4218351184167),1
p1udt10691-p1udt2105xx,B,7.19955785679463,line-to-ground,POINT(-97.7222850489942 30.422244850779),1
p1udt16931-p1udt8803x,B,7.19955785679463,line-to-ground,POINT(-97.7228390372013 30.4214574138744),1
p1udt16931-p1udt8803xx,B,7.19955785679463,line-to-ground,POINT(-97.7233443686829 30.4214888999188),1
p1udt11022-p1udt16931x,B,7.19955785679463,line-to-ground,POINT(-97.7224184341991 30.4215965054221),1
p1udt11022-p1udt16931xx,B,7.19955785679463,line-to-ground,POINT(-97.7227838423535 30.4215188746999),1
p1udt10691-p1udt11022x,B,7.19955785679463,line-to-ground,POINT(-97.721910043753 30.4218966458816),1
p1udt10691-p1udt11022xx,B,7.19955785679463,line-to-ground,POINT(-97.7224736293157 30.4215350447597),1
p1udt10691-p1udt909xx,B,7.19955785679463,line-to-ground,POINT(-97.7215547563125 30.4215609811902),1
p1udt10691-p1udt909x,B,7.19955785679463,line-to-ground,POINT(-97.7219536714411 30.4218114765194),1
p1udt24892-p1udt909x,B,7.19955785679463,line-to-ground,POINT(-97.721411722183 30.4213520529997),1
p1udt24892-p1udt909xx,B,7.19955785679463,line-to-ground,POINT(-97.7216099519359 30.4214995209076),1
p1udt20018-p1udt24892xx,B,7.19955785679463,line-to-ground,POINT(-97.7214354664314 30.4209188233408),1
p1udt20018-p1udt24892xxx,B,7.19955785679463,line-to-ground,POINT(-97.7215010361057 30.4213626587933),1
p1udt1535-p1udt24780xx,C,7.19955785679463,line-to-ground,POINT(-97.7182192380266 30.4233511374747),1
p1udt1535-p1udt24780x,C,7.19955785679463,line-to-ground,POINT(-97.7181358948021 30.4232965806935),1
p1udt24780-p1udt3275x,C,7.19955785679463,line-to-ground,POINT(-97.7182462459551 30.4234126656301),1
p1udt24780-p1udt3275xx,C,7.19955785679463,line-to-ground,POINT(-97.7184864976438 30.4234315039599),1
p1udt24780-p1udt4775xx,C,7.19955785679463,line-to-ground,POINT(-97.7185952789913 30.4228601896363),1
p1udt24780-p1udt4775x,C,7.19955785679463,line-to-ground,POINT(-97.7182898775049 30.4233274976222),1
p1udt13026-p1udt8011x,A,7.19955785679463,line-to-ground,POINT(-97.7206417700867 30.4237085157439),1
p1udt13026-p1udt8011xx,A,7.19955785679463,line-to-ground,POINT(-97.7209335628414 30.4234000225769),1
p1udt13026-p1udt20338xx,A,7.19955785679463,line-to-ground,POINT(-97.7203573775962 30.4236342529107),1
p1udt13026-p1udt20338x,A,7.19955785679463,line-to-ground,POINT(-97.7207310860436 30.4237191221196),1
p1udt20338-p1udt9585xx,A,7.19955785679463,line-to-ground,POINT(-97.7200274391094 30.4235851421225),1
p1udt20338-p1udt9585x,A,7.19955785679463,line-to-ground,POINT(-97.7202680617665 30.4236236462825),1
p1udt15519-p1udt9585x,A,7.19955785679463,line-to-ground,POINT(-97.7197932964768 30.4232041714645),1
p1udt15519-p1udt9585xx,A,7.19955785679463,line-to-ground,POINT(-97.7199957640263 30.4235122463628),1
p1udt18946-p1udt2684x,A,7.19955785679463,line-to-ground,POINT(-97.7192678472578 30.4235506230164),1
p1udt18946-p1udt2684xx,A,7.19955785679463,line-to-ground,POINT(-97.7191217970645 30.4235408543541),1
p1udt18946-p1udt22643xx,A,7.19955785679463,line-to-ground,POINT(-97.7195751381956 30.4234465754584),1
p1udt18946-p1udt22643x,A,7.19955785679463,line-to-ground,POINT(-97.7193251321894 30.4234906258569),1
p1udt15519-p1udt22643x,A,7.19955785679463,line-to-ground,POINT(-97.7198203053687 30.4232656993225),1
p1udt15519-p1udt22643xx,A,7.19955785679463,line-to-ground,POINT(-97.7195199401863 30.4235080347948),1
p1udt15519-p1udt5809xx,A,7.19955785679463,line-to-ground,POINT(-97.7201028325374 30.4229013521919),1
p1udt15519-p1udt5809x,A,7.19955785679463,line-to-ground,POINT(-97.7198639355006 30.4231805307456),1
p1udt18564-p1udt5809x,A,7.19955785679463,line-to-ground,POINT(-97.72046078061 30.4225980818715),1
p1udt18564-p1udt5809xx,A,7.19955785679463,line-to-ground,POINT(-97.7201369503712 30.422973418537),1
p1udt18564-p1udt3780xx,A,7.19955785679463,line-to-ground,POINT(-97.7207027600697 30.4224394291814),1
p1udt18564-p1udt3780x,A,7.19955785679463,line-to-ground,POINT(-97.7204055836398 30.4226595416198),1
p1udt19501-p1udt3780xx,A,7.19955785679463,line-to-ground,POINT(-97.7209694906947 30.4220241495145),1
p1udt19501-p1udt3780xxx,A,7.19955785679463,line-to-ground,POINT(-97.7206138013689 30.4224265313719),1
p1udt20179-p1udt3783xx,A,7.19955785679463,line-to-ground,POINT(-97.721840572279 30.4239460673077),1
p1udt20179-p1udt3783xxx,A,7.19955785679463,line-to-ground,POINT(-97.7212091446225 30.4238281442783),1
p1udt21214-p1udt5301xx,C,7.19955785679463,line-to-ground,POINT(-97.7255881849047 30.4246527187723),1
p1udt21214-p1udt5301x,C,7.19955785679463,line-to-ground,POINT(-97.7256482754403 30.4244619098938),1
p1udt20178-p1udt5301x,C,7.19955785679463,line-to-ground,POINT(-97.7253652699119 30.4251026742222),1
p1udt20178-p1udt5301xx,C,7.19955785679463,line-to-ground,POINT(-97.7255309029963 30.4247127187603),1
p1udt19323-p1udt906x,C,7.19955785679463,line-to-ground,POINT(-97.7270321664079 30.4259642707497),1
p1udt19323-p1udt906xx,C,7.19955785679463,line-to-ground,POINT(-97.7269986856727 30.4261752132281),1
p1udt14220-p1udt19323x,C,7.19955785679463,line-to-ground,POINT(-97.7270257544703 30.4256189661003),1
p1udt14220-p1udt19323xx,C,7.19955785679463,line-to-ground,POINT(-97.7269428475691 30.4259536686124),1
p1udt16487-p1udt7602xx,C,7.19955785679463,line-to-ground,POINT(-97.7273676930798 30.4246867375864),1
p1udt16487-p1udt7602x,C,7.19955785679463,line-to-ground,POINT(-97.7277205173966 30.4244370091041),1
p1udt3776-p1udt7602x,C,7.19955785679463,line-to-ground,POINT(-97.7271841733625 30.4249919580054),1
p1udt3776-p1udt7602xx,C,7.19955785679463,line-to-ground,POINT(-97.727312499104 30.4247482003264),1
p1udt17778-p1udt3776xx,C,7.19955785679463,line-to-ground,POINT(-97.7272617853424 30.4250552360978),1
p1udt17778-p1udt3776x,C,7.19955785679463,line-to-ground,POINT(-97.7273000810886 30.4250835860043),1
p1udt24465-p1udt3776x,C,7.19955785679463,line-to-ground,POINT(-97.727163300765 30.425487334159),1
p1udt24465-p1udt3776xx,C,7.19955785679463,line-to-ground,POINT(-97.7271765231219 30.4250500347744),1
p1udt14220-p1udt24465x,C,7.19955785679463,line-to-ground,POINT(-97.7270693795574 30.4255337949961),1
p1udt14220-p1udt24465xx,C,7.19955785679463,line-to-ground,POINT(-97.7271291768904 30.425415269506),1
p1udt14220-p1udt6297xx,C,7.19955785679463,line-to-ground,POINT(-97.7262274543579 30.425721116251),1
p1udt14220-p1udt6297x,C,7.19955785679463,line-to-ground,POINT(-97.7270970578963 30.4255951918868),1
p1udt10688-p1udt6297x,C,7.19955785679463,line-to-ground,POINT(-97.7257772035455 30.4255526464388),1
p1udt10688-p1udt6297xx,C,7.19955785679463,line-to-ground,POINT(-97.7263167728898 30.4257317188701),1
p1udt11692-p1udt4773x,C,7.19955785679463,line-to-ground,POINT(-97.7265135784262 30.4244065067728),1
p1udt11692-p1udt4773xx,C,7.19955785679463,line-to-ground,POINT(-97.7265480832342 30.4239976357624),1
p1udt11692-p1udt19322xx,C,7.19955785679463,line-to-ground,POINT(-97.726450761205 30.4247409553526),1
p1udt11692-p1udt19322x,C,7.19955785679463,line-to-ground,POINT(-97.7264818982173 30.4243336124514),1
p1udt19322-p1udt2102xx,C,7.19955785679463,line-to-ground,POINT(-97.7263954276209 30.4249930575618),1
p1udt19322-p1udt2102x,C,7.19955785679463,line-to-ground,POINT(-97.726395566637 30.4248024176871),1
p1udt13350-p1udt2102x,C,7.19955785679463,line-to-ground,POINT(-97.7262580612133 30.4254424122015),1
p1udt13350-p1udt2102xx,C,7.19955785679463,line-to-ground,POINT(-97.7264295508135 30.4250651223917),1
p1udt10688-p1udt13350x,C,7.19955785679463,line-to-ground,POINT(-97.7258485071996 30.4255288729145),1
p1udt10688-p1udt13350xx,C,7.19955785679463,line-to-ground,POINT(-97.7262239380276 30.4253703473307),1
p1udt10688-p1udt20178xx,C,7.19955785679463,line-to-ground,POINT(-97.7252913149349 30.4250885554303),1
p1udt10688-p1udt20178x,C,7.19955785679463,line-to-ground,POINT(-97.7257501902917 30.4254911197102),1
p1udt1532-p1udt20178x,C,7.19955785679463,line-to-ground,POINT(-97.7249101209091 30.4252119402998),1
p1udt1532-p1udt20178xx,C,7.19955785679463,line-to-ground,POINT(-97.725307352298 30.425024161147),1
p1udt15268-p1udt1532xx,C,7.19955785679463,line-to-ground,POINT(-97.7243153116786 30.4252328890289),1
p1udt15268-p1udt1532xxx,C,7.19955785679463,line-to-ground,POINT(-97.7248784416699 30.4251390456245),1
p1udt10308-p1udt907xx,A,7.19955785679463,line-to-ground,POINT(-97.72829750666 30.4293694550399),1
p1udt10308-p1udt907x,A,7.19955785679463,line-to-ground,POINT(-97.7291458035676 30.4293413230232),1
p1udt13940,A,7.19955785679463,line-to-ground,POINT(-97.726766799892 30.4306171898492),1
p1udt6717,A,7.19955785679463,line-to-ground,POINT(-97.7265945453009 30.4305317315189),1
p1udt22520,A,7.19955785679463,line-to-ground,POINT(-97.727087237903 30.4308309433692),1
p1udt9171,A,7.19955785679463,line-to-ground,POINT(-97.727245985089 30.4308809567759),1
p1udt275,A,7.19955785679463,line-to-ground,POINT(-97.7278382514863 30.4310661276946),1
p1udt20644-p1udt275x,A,7.19955785679463,line-to-ground,POINT(-97.7284863677972 30.4309077896223),1
p1udt20644-p1udt275xx,A,7.19955785679463,line-to-ground,POINT(-97.7278845905033 30.4310525288661),1
p1udt12031-p1udt7165x,A,7.19955785679463,line-to-ground,POINT(-97.7283558111921 30.4311838546041),1
p1udt12031-p1udt7165xx,A,7.19955785679463,line-to-ground,POINT(-97.7284699262734 30.4315491734701),1
p1udt12031-p1udt20644xx,A,7.19955785679463,line-to-ground,POINT(-97.7284124079545 30.4308936724742),1
p1udt12031-p1udt20644x,A,7.19955785679463,line-to-ground,POINT(-97.7283899378292 30.4312559189568),1
p1udt20644-p1udt9928xx,A,7.19955785679463,line-to-ground,POINT(-97.7286970395344 30.430564596769),1
p1udt20644-p1udt9928x,A,7.19955785679463,line-to-ground,POINT(-97.7284284443755 30.4308292778321),1
p1udt12030-p1udt9928x,A,7.19955785679463,line-to-ground,POINT(-97.7288518885447 30.4301596216256),1
p1udt12030-p1udt9928xx,A,7.19955785679463,line-to-ground,POINT(-97.7286418429213 30.430626059947),1
p1udt11685-p1udt12030x,A,7.19955785679463,line-to-ground,POINT(-97.7288643969002 30.4297375056486),1
p1udt11685-p1udt12030xx,A,7.19955785679463,line-to-ground,POINT(-97.7288177619146 30.4300875573832),1
p1udt11685-p1udt907xx,A,7.19955785679463,line-to-ground,POINT(-97.7282262007197 30.4293932298262),1
p1udt11685-p1udt907x,A,7.19955785679463,line-to-ground,POINT(-97.7287754303267 30.4297246131979),1
p1udt4298-p1udt907x,A,7.19955785679463,line-to-ground,POINT(-97.7276148877563 30.4291616987466),1
p1udt4298-p1udt907xx,A,7.19955785679463,line-to-ground,POINT(-97.7282698265828 30.4293080583869),1
p1udt24263-p1udt6285x,A,7.19955785679463,line-to-ground,POINT(-97.7276574832189 30.4302555507775),1
p1udt24263-p1udt6285xx,A,7.19955785679463,line-to-ground,POINT(-97.7277782874644 30.4302895911113),1
p1udt24263-p1udt5293xx,A,7.19955785679463,line-to-ground,POINT(-97.7275544278199 30.4301733397918),1
p1udt24263-p1udt5293x,A,7.19955785679463,line-to-ground,POINT(-97.7277126802162 30.4301940880241),1
p1udt5292-p1udt5293x,A,7.19955785679463,line-to-ground,POINT(-97.7275312213297 30.4300294548451),1
p1udt5292-p1udt5293xx,A,7.19955785679463,line-to-ground,POINT(-97.7276437505694 30.4301839416149),1
p1udt14727-p1udt5292x,A,7.19955785679463,line-to-ground,POINT(-97.7274424653643 30.4298473695888),1
p1udt14727-p1udt5292xx,A,7.19955785679463,line-to-ground,POINT(-97.7274970957256 30.4299573902847),1
p1udt14727-p1udt21366xx,A,7.19955785679463,line-to-ground,POINT(-97.7275771165188 30.4294077718615),1
p1udt14727-p1udt21366x,A,7.19955785679463,line-to-ground,POINT(-97.7274997492542 30.4297873688598),1
p1udt21366-p1udt4298xx,A,7.19955785679463,line-to-ground,POINT(-97.7276861936616 30.4291379242929),1
p1udt21366-p1udt4298x,A,7.19955785679463,line-to-ground,POINT(-97.7275219199002 30.429469234575),1
p1udt14502-p1udt4298x,A,7.19955785679463,line-to-ground,POINT(-97.7272828663602 30.4290278851068),1
p1udt14502-p1udt4298xx,A,7.19955785679463,line-to-ground,POINT(-97.7275878724253 30.4291001723705),1
p1udt14502-p1udt18352xx,A,7.19955785679463,line-to-ground,POINT(-97.7266839305267 30.4287220748575),1
p1udt14502-p1udt18352x,A,7.19955785679463,line-to-ground,POINT(-97.7272511842082 30.4289549909638),1
p1udt10297-p1udt5291xx,C,7.19955785679463,line-to-ground,POINT(-97.7262122373071 30.4300970874001),1
p1udt10297-p1udt5291x,C,7.19955785679463,line-to-ground,POINT(-97.7259753164394 30.4304163713152),1
p1udt3259-p1udt5291x,C,7.19955785679463,line-to-ground,POINT(-97.7264990762385 30.4296577631002),1
p1udt3259-p1udt5291xx,C,7.19955785679463,line-to-ground,POINT(-97.7263015598074 30.430107690136),1
p1udt3259-p1udt9183xx,C,7.19955785679463,line-to-ground,POINT(-97.7266718405237 30.4293628517669),1
p1udt3259-p1udt9183x,C,7.19955785679463,line-to-ground,POINT(-97.7265883983787 30.42966836563),1
p1udt19131-p1udt9183x,C,7.19955785679463,line-to-ground,POINT(-97.7268662296866 30.429120677441),1
p1udt19131-p1udt9183xx,C,7.19955785679463,line-to-ground,POINT(-97.7266166433782 30.4294243140825),1
p1udt18352-p1udt19131xx,C,7.19955785679463,line-to-ground,POINT(-97.7268518300553 30.4288287173062),1
p1udt18352-p1udt19131xxx,C,7.19955785679463,line-to-ground,POINT(-97.7268321048693 30.4290486127198),1
p1udt16929-p1udt9170x,B,7.19955785679463,line-to-ground,POINT(-97.7254603343643 30.4294671654944),1
p1udt16929-p1udt9170xx,B,7.19955785679463,line-to-ground,POINT(-97.7254119579701 30.4298283569038),1
p1udt16929-p1udt9582xx,B,7.19955785679463,line-to-ground,POINT(-97.7257479723486 30.4291463083301),1
p1udt16929-p1udt9582x,B,7.19955785679463,line-to-ground,POINT(-97.7255155322417 30.4294057036896),1
p1udt17575-p1udt9582x,B,7.19955785679463,line-to-ground,POINT(-97.7259048613951 30.4289120841655),1
p1udt17575-p1udt9582xx,B,7.19955785679463,line-to-ground,POINT(-97.7257820963893 30.4292183733121),1
p1udt17575-p1udt7604xx,B,7.19955785679463,line-to-ground,POINT(-97.7259288474699 30.4281793557685),1
p1udt17575-p1udt7604x,B,7.19955785679463,line-to-ground,POINT(-97.7259941827789 30.428922687082),1
p1udt3274-p1udt9581x,C,7.19955785679463,line-to-ground,POINT(-97.7251637077038 30.4284368149653),1
p1udt3274-p1udt9581xx,C,7.19955785679463,line-to-ground,POINT(-97.7249241932708 30.4287716136241),1
p1udt23938-p1udt3274x,C,7.19955785679463,line-to-ground,POINT(-97.7253596423999 30.4282751029095),1
p1udt23938-p1udt3274xx,C,7.19955785679463,line-to-ground,POINT(-97.7251085101801 30.4284982766394),1
p1udt23938-p1udt3778xx,C,7.19955785679463,line-to-ground,POINT(-97.7254038512963 30.427878405084),1
p1udt23938-p1udt3778x,C,7.19955785679463,line-to-ground,POINT(-97.7253279619184 30.4282022083389),1
p1udt11684-p1udt7173xx,C,7.19955785679463,line-to-ground,POINT(-97.7244254803116 30.4294050679787),1
p1udt11684-p1udt7173x,C,7.19955785679463,line-to-ground,POINT(-97.7244751538628 30.4294045647983),1
p1udt293-p1udt7173x,C,7.19955785679463,line-to-ground,POINT(-97.7241422658058 30.4291384857445),1
p1udt293-p1udt7173xx,C,7.19955785679463,line-to-ground,POINT(-97.7243431664136 30.4293666263423),1
p1udt15756-p1udt293x,C,7.19955785679463,line-to-ground,POINT(-97.724111870004 30.4284536061978),1
p1udt15756-p1udt293xx,C,7.19955785679463,line-to-ground,POINT(-97.7242315871587 30.4291490898675),1
p1udt15756-p1udt3273xx,C,7.19955785679463,line-to-ground,POINT(-97.7241207804027 30.4283893731663),1
p1udt15756-p1udt3273x,C,7.19955785679463,line-to-ground,POINT(-97.7240566718276 30.4285150674078),1
p1udt15269-p1udt3273x,C,7.19955785679463,line-to-ground,POINT(-97.7243439849844 30.4280396607804),1
p1udt15269-p1udt3273xx,C,7.19955785679463,line-to-ground,POINT(-97.724210101073 30.4283999772857),1
p1udt10307-p1udt15269x,C,7.19955785679463,line-to-ground,POINT(-97.7245110323591 30.4277701504653),1
p1udt10307-p1udt15269xx,C,7.19955785679463,line-to-ground,POINT(-97.7244333053673 30.4280502647392),1
p1udt10307-p1udt21215xx,C,7.19955785679463,line-to-ground,POINT(-97.7248009407659 30.4273190634578),1
p1udt10307-p1udt21215x,C,7.19955785679463,line-to-ground,POINT(-97.724542712098 30.4278430452176),1
p1udt11024-p1udt2686x,B,7.19955785679463,line-to-ground,POINT(-97.7195798457734 30.4267658430082),1
p1udt11024-p1udt2686xx,B,7.19955785679463,line-to-ground,POINT(-97.7194621516937 30.4268517419464),1
p1udt11024-p1udt2685xx,B,7.19955785679463,line-to-ground,POINT(-97.7196682061993 30.4265050984204),1
p1udt11024-p1udt2685x,B,7.19955785679463,line-to-ground,POINT(-97.7196371324733 30.4267058457888),1
p1udt11363-p1udt2685x,B,7.19955785679463,line-to-ground,POINT(-97.7198571447454 30.4261546026526),1
p1udt11363-p1udt2685xx,B,7.19955785679463,line-to-ground,POINT(-97.7197575245625 30.4265157055277),1
p1udt11363-p1udt15520xx,B,7.19955785679463,line-to-ground,POINT(-97.7201412553534 30.4258337267825),1
p1udt11363-p1udt15520x,B,7.19955785679463,line-to-ground,POINT(-97.7198888205033 30.4262274984386),1
p1udt15520-p1udt5303xx,B,7.19955785679463,line-to-ground,POINT(-97.7203896456791 30.4253755198349),1
p1udt15520-p1udt5303x,B,7.19955785679463,line-to-ground,POINT(-97.7201071366007 30.4257616604409),1
p1udt13027-p1udt14222xx,B,7.19955785679463,line-to-ground,POINT(-97.7188419315992 30.4261733257622),1
p1udt13027-p1udt14222x,B,7.19955785679463,line-to-ground,POINT(-97.7186451424935 30.4264286700833),1
p1udt14222-p1udt18565xx,B,7.19955785679463,line-to-ground,POINT(-97.7189907435984 30.4259401904255),1
p1udt14222-p1udt18565x,B,7.19955785679463,line-to-ground,POINT(-97.7188760495409 30.4262453924077),1
p1udt18565-p1udt3276xx,B,7.19955785679463,line-to-ground,POINT(-97.7191737907642 30.4257700997038),1
p1udt18565-p1udt3276x,B,7.19955785679463,line-to-ground,POINT(-97.7190248615763 30.4260122570353),1
p1udt3276-p1udt5304xx,B,7.19955785679463,line-to-ground,POINT(-97.7193830763569 30.4254311220948),1
p1udt3276-p1udt5304x,B,7.19955785679463,line-to-ground,POINT(-97.7191396727528 30.4256980331295),1
p1udt23371-p1udt5304x,B,7.19955785679463,line-to-ground,POINT(-97.7195395460811 30.4251955132067),1
p1udt23371-p1udt5304xx,B,7.19955785679463,line-to-ground,POINT(-97.7192941151636 30.425418223319),1
p1udt16252-p1udt23371x,B,7.19955785679463,line-to-ground,POINT(-97.7199210956364 30.4252439149821),1
p1udt16252-p1udt23371xx,B,7.19955785679463,line-to-ground,POINT(-97.719628863239 30.4252061203696),1
p1udt16252-p1udt20180xx,B,7.19955785679463,line-to-ground,POINT(-97.7200999399837 30.4253363529806),1
p1udt16252-p1udt20180x,B,7.19955785679463,line-to-ground,POINT(-97.719952771174 30.4253168107555),1
p1udt20180-p1udt5303xx,B,7.19955785679463,line-to-ground,POINT(-97.7204602861561 30.4253518788416),1
p1udt20180-p1udt5303x,B,7.19955785679463,line-to-ground,POINT(-97.7201551387118 30.4252748934346),1
p1udt17973-p1udt5303x,B,7.19955785679463,line-to-ground,POINT(-97.7207637333843 30.4255323412722),1
p1udt17973-p1udt5303xx,B,7.19955785679463,line-to-ground,POINT(-97.7204879602546 30.4254132770161),1
p1udt17973-p1udt4300xx,B,7.19955785679463,line-to-ground,POINT(-97.7209269014009 30.4255605539365),1
p1udt17973-p1udt4300x,B,7.19955785679463,line-to-ground,POINT(-97.7208189318219 30.4254708814385),1
p1udt4300-p1udt9185xx,B,7.19955785679463,line-to-ground,POINT(-97.7216745060629 30.4259044498815),1
p1udt4300-p1udt9185x,B,7.19955785679463,line-to-ground,POINT(-97.7210158629798 30.4255734516089),1
p1udt15272-p1udt8012xx,B,7.19955785679463,line-to-ground,POINT(-97.7209124416265 30.4262838606345),1
p1udt15272-p1udt8012x,B,7.19955785679463,line-to-ground,POINT(-97.7207576967178 30.4266337123606),1
p1udt17152-p1udt8012x,B,7.19955785679463,line-to-ground,POINT(-97.7211378343442 30.4260600445335),1
p1udt17152-p1udt8012xx,B,7.19955785679463,line-to-ground,POINT(-97.7209465611466 30.426355926782),1
p1udt17152-p1udt9185xx,B,7.19955785679463,line-to-ground,POINT(-97.7215999031275 30.4258901965563),1
p1udt17152-p1udt9185x,B,7.19955785679463,line-to-ground,POINT(-97.7210485162092 30.4260494383778),1
p1udt9185-p1udt9587xx,B,7.19955785679463,line-to-ground,POINT(-97.7218392422402 30.4260932752708),1
p1udt9185-p1udt9587x,B,7.19955785679463,line-to-ground,POINT(-97.7215838631826 30.4259545903022),1
p1udt17780-p1udt9587xx,B,7.19955785679463,line-to-ground,POINT(-97.7223787955106 30.4263666549496),1
p1udt17780-p1udt9587xxx,B,7.19955785679463,line-to-ground,POINT(-97.7218944403499 30.4260318149772),1
p1udt299-p1udt5305xx,A,7.19955785679463,line-to-ground,POINT(-97.7217593975656 30.4268064638628),1
p1udt299-p1udt5305x,A,7.19955785679463,line-to-ground,POINT(-97.7216157264105 30.426981126641),1
p1udt16488-p1udt5305x,A,7.19955785679463,line-to-ground,POINT(-97.7218957061858 30.4265539971649),1
p1udt16488-p1udt5305xx,A,7.19955785679463,line-to-ground,POINT(-97.7217935178842 30.4268785298062),1
p1udt16488-p1udt17780xx,A,7.19955785679463,line-to-ground,POINT(-97.7222074380864 30.4263411578966),1
p1udt16488-p1udt17780x,A,7.19955785679463,line-to-ground,POINT(-97.7219850248924 30.4265646027557),1
p1udt19855-p1udt3787x,C,7.19955785679463,line-to-ground,POINT(-97.720628067064 30.4273652122706),1
p1udt19855-p1udt3787xx,C,7.19955785679463,line-to-ground,POINT(-97.7205516101737 30.4271421358911),1
p1udt19855-p1udt2107xx,C,7.19955785679463,line-to-ground,POINT(-97.7210204174452 30.4275842190633),1
p1udt19855-p1udt2107x,C,7.19955785679463,line-to-ground,POINT(-97.7205707805534 30.4274252099253),1
p1udt20790,C,7.19955785679463,line-to-ground,POINT(-97.7192803626013 30.4277081776079),1
p1udt4303,C,7.19955785679463,line-to-ground,POINT(-97.7190941498617 30.4276161212134),1
p1udt2107,C,7.19955785679463,line-to-ground,POINT(-97.7210133814797 30.4276288346305),1
p1udt2107-p1udt9186xx,C,7.19955785679463,line-to-ground,POINT(-97.7212208840936 30.4277171383703),1
p1udt2107-p1udt9186x,C,7.19955785679463,line-to-ground,POINT(-97.7210545374621 30.4276562851838),1
p1udt8806,C,7.19955785679463,line-to-ground,POINT(-97.72168952552 30.4279540162821),1
p1udt9186,C,7.19955785679463,line-to-ground,POINT(-97.7212593377287 30.4277433327861),1
p1udt23940,C,7.19955785679463,line-to-ground,POINT(-97.7222988647495 30.4277828746967),1
p1udt15273,C,7.19955785679463,line-to-ground,POINT(-97.7224256847046 30.4277276852684),1
p1udt15273-p1udt16933xx,C,7.19955785679463,line-to-ground,POINT(-97.7227226006021 30.4272323354798),1
p1udt15273-p1udt16933x,C,7.19955785679463,line-to-ground,POINT(-97.7223872307507 30.4277014911875),1
p1udt16933-p1udt18947xx,C,7.19955785679463,line-to-ground,POINT(-97.7227835000205 30.4269051031384),1
p1udt16933-p1udt18947x,C,7.19955785679463,line-to-ground,POINT(-97.7226653154197 30.4272923340939),1
p1udt16489-p1udt18947xx,C,7.19955785679463,line-to-ground,POINT(-97.7232998024809 30.4267995138052),1
p1udt16489-p1udt18947xxx,C,7.19955785679463,line-to-ground,POINT(-97.7228151782033 30.426977998275),1
p1udt2688,A,7.19955785679463,line-to-ground,POINT(-97.7227136000868 30.4284693251303),1
p1udt7176,A,7.19955785679463,line-to-ground,POINT(-97.7225584971379 30.4283866009533),1
p1udt14999,A,7.19955785679463,line-to-ground,POINT(-97.7233445428307 30.428791300116),1
p1udt8412,A,7.19955785679463,line-to-ground,POINT(-97.7234826980848 30.428823070766),1
p1udt17379,A,7.19955785679463,line-to-ground,POINT(-97.7231627533048 30.4280356608543),1
p1udt17379-p1udt23839x,A,7.19955785679463,line-to-ground,POINT(-97.7231871299142 30.4280754375276),1
p1udt17379-p1udt23839xx,A,7.19955785679463,line-to-ground,POINT(-97.7232097799665 30.4281137674451),1
p1udt10689-p1udt17379x,A,7.19955785679463,line-to-ground,POINT(-97.7234131040656 30.427742985927),1
p1udt10689-p1udt17379xx,A,7.19955785679463,line-to-ground,POINT(-97.7231100389459 30.4280300374376),1
p1udt10689-p1udt24689xx,A,7.19955785679463,line-to-ground,POINT(-97.723464009953 30.4276520948934),1
p1udt10689-p1udt24689x,A,7.19955785679463,line-to-ground,POINT(-97.7233579058793 30.4278044468469),1
p1udt12040-p1udt24689x,A,7.19955785679463,line-to-ground,POINT(-97.7236386121911 30.4275101437143),1
p1udt12040-p1udt24689xx,A,7.19955785679463,line-to-ground,POINT(-97.7235533298663 30.4276626994424),1
p1udt12040-p1udt25271xx,A,7.19955785679463,line-to-ground,POINT(-97.723666746218 30.4272751146927),1
p1udt12040-p1udt25271x,A,7.19955785679463,line-to-ground,POINT(-97.7236044902951 30.4274380782152),1
p1udt14221-p1udt25271xx,A,7.19955785679463,line-to-ground,POINT(-97.7242061352217 30.4271242179528),1
p1udt14221-p1udt25271xxx,A,7.19955785679463,line-to-ground,POINT(-97.7237219439047 30.4272136536233),1
p1udt11021-p1udt6295x,B,7.19955785679463,line-to-ground,POINT(-97.7243000437333 30.4243951288789),1
p1udt11021-p1udt6295xx,B,7.19955785679463,line-to-ground,POINT(-97.7244626235648 30.4242389392393),1
p1udt11021-p1udt16712xx,B,7.19955785679463,line-to-ground,POINT(-97.7237430621584 30.4246018465275),1
p1udt11021-p1udt16712x,B,7.19955785679463,line-to-ground,POINT(-97.7242448480541 30.4244565902742),1
p1udt21499-p1udt9184x,A,7.19955785679463,line-to-ground,POINT(-97.7229505812088 30.4240841772357),1
p1udt21499-p1udt9184xx,A,7.19955785679463,line-to-ground,POINT(-97.7230534037305 30.4237198774282),1
p1udt21499-p1udt3784xx,A,7.19955785679463,line-to-ground,POINT(-97.722874544827 30.4242570644872),1
p1udt21499-p1udt3784x,A,7.19955785679463,line-to-ground,POINT(-97.7228953848875 30.4241456380441),1
p1udt11023-p1udt15001xx,ABC,7.19955785679463,line-to-ground,POINT(-97.718775525218 30.4205598918895),1
p1udt11023-p1udt15001x,ABC,7.19955785679463,line-to-ground,POINT(-97.7197477564006 30.4211104065792),1
p1udt24362,C,7.19955785679463,line-to-ground,POINT(-97.7203129110075 30.4193507048383),1
p1udt17980,C,7.19955785679463,line-to-ground,POINT(-97.7203966484663 30.4195624036566),1
p1udt24362-p1udt6744x,C,7.19955785679463,line-to-ground,POINT(-97.7193022629007 30.4191612997572),1
p1udt10304-p1udt22781x,ABC,7.19955785679463,line-to-ground,POINT(-97.7235289593535 30.420444570625),1
p1udt10304-p1udt22781xx,ABC,7.19955785679463,line-to-ground,POINT(-97.7238945112027 30.4204704191279),1
p1udt10304-p1udt10690xx,ABC,7.19955785679463,line-to-ground,POINT(-97.7229504504933 30.4207174638683),1
p1udt10304-p1udt10690x,ABC,7.19955785679463,line-to-ground,POINT(-97.7234737655216 30.4205060317801),1
p1udt10690-p1udt17779xx,ABC,7.19955785679463,line-to-ground,POINT(-97.7226327193245 30.4208052927),1
p1udt10690-p1udt17779x,ABC,7.19955785679463,line-to-ground,POINT(-97.7230397640469 30.4207280685982),1
p1udt14503-p1udt17779x,ABC,7.19955785679463,line-to-ground,POINT(-97.7221545236904 30.4209001267276),1
p1udt14503-p1udt17779xx,ABC,7.19955785679463,line-to-ground,POINT(-97.7225434057554 30.420794687691),1
p1udt14503-p1udt20018xx,ABC,7.19955785679463,line-to-ground,POINT(-97.7214926863581 30.4210154966103),1
p1udt14503-p1udt20018x,ABC,7.19955785679463,line-to-ground,POINT(-97.7220847538499 30.4209124403849),1
p1udt17151-p1udt20018x,ABC,7.19955785679463,line-to-ground,POINT(-97.7211285235198 30.4209277493325),1
p1udt17151-p1udt20018xx,ABC,7.19955785679463,line-to-ground,POINT(-97.7215616638844 30.4210003803004),1
p1udt17151-p1udt20493xx,ABC,7.19955785679463,line-to-ground,POINT(-97.7209734336722 30.420845023557),1
p1udt17151-p1udt20493x,ABC,7.19955785679463,line-to-ground,POINT(-97.7210395661162 30.4209148518479),1
p1udt20493-p1udt23939xx,ABC,7.19955785679463,line-to-ground,POINT(-97.7208318024597 30.4207876583959),1
p1udt20493-p1udt23939x,ABC,7.19955785679463,line-to-ground,POINT(-97.7208844763677 30.4208321259692),1
p1udt15000-p1udt23939x,ABC,7.19955785679463,line-to-ground,POINT(-97.7204339994754 30.4205553748379),1
p1udt15000-p1udt23939xx,ABC,7.19955785679463,line-to-ground,POINT(-97.7207424891483 30.4207770521605),1
p1udt11359-p1udt15000x,ABC,7.19955785679463,line-to-ground,POINT(-97.7200692875487 30.4209786888453),1
p1udt11359-p1udt15000xx,ABC,7.19955785679463,line-to-ground,POINT(-97.7204218279394 30.4206158294199),1
p1udt11023-p1udt11359x,ABC,7.19955785679463,line-to-ground,POINT(-97.7197747647367 30.4211719344487),1
p1udt11023-p1udt11359xx,ABC,7.19955785679463,line-to-ground,POINT(-97.7200351704038 30.4209066224824),1
p1udt16928-p1udt18352x,ABC,7.19955785679463,line-to-ground,POINT(-97.7264941741796 30.4286122155297),1
p1udt16928-p1udt18352xx,ABC,7.19955785679463,line-to-ground,POINT(-97.7267334094506 30.4288161379185),1
p1udt16928-p1udt7604xx,ABC,7.19955785679463,line-to-ground,POINT(-97.7258206915337 30.4282785317644),1
p1udt16928-p1udt7604x,ABC,7.19955785679463,line-to-ground,POINT(-97.7264389773661 30.4286736777859),1
p1udt3778-p1udt7604x,ABC,7.19955785679463,line-to-ground,POINT(-97.725464139229 30.4277856814371),1
p1udt3778-p1udt7604xx,ABC,7.19955785679463,line-to-ground,POINT(-97.7258133643135 30.428217124506),1
p1udt3778-p1udt5302xx,ABC,7.19955785679463,line-to-ground,POINT(-97.7251104201231 30.427550888164),1
p1udt3778-p1udt5302x,ABC,7.19955785679463,line-to-ground,POINT(-97.7255277086764 30.4278617699486),1
p1udt21215-p1udt5302x,ABC,7.19955785679463,line-to-ground,POINT(-97.7249226020108 30.4274056566765),1
p1udt21215-p1udt5302xx,ABC,7.19955785679463,line-to-ground,POINT(-97.7251997401654 30.4275614915887),1
p1udt21215-p1udt9580xx,ABC,7.19955785679463,line-to-ground,POINT(-97.7244374844202 30.4272555801141),1
p1udt21215-p1udt9580x,ABC,7.19955785679463,line-to-ground,POINT(-97.724920163023 30.4273443581182),1
p1udt14221-p1udt9580x,ABC,7.19955785679463,line-to-ground,POINT(-97.7241140145465 30.4270704460289),1
p1udt14221-p1udt9580xx,ABC,7.19955785679463,line-to-ground,POINT(-97.7245268041043 30.4272661839901),1
p1udt13948-p1udt17780x,ABC,7.19955785679463,line-to-ground,POINT(-97.7225728614023 30.4265245342099),1
p1udt13948-p1udt17780xx,ABC,7.19955785679463,line-to-ground,POINT(-97.7222786765264 30.4262609149424),1
p1udt13948-p1udt18353xx,ABC,7.19955785679463,line-to-ground,POINT(-97.7227933347925 30.4265639430481),1
p1udt13948-p1udt18353x,ABC,7.19955785679463,line-to-ground,POINT(-97.722662180173 30.4265351393386),1
p1udt16489-p1udt18353x,ABC,7.19955785679463,line-to-ground,POINT(-97.723142446869 30.4268046403129),1
p1udt16489-p1udt18353xx,ABC,7.19955785679463,line-to-ground,POINT(-97.722827455804 30.426636008743),1
p1udt12697-p1udt16489x,ABC,7.19955785679463,line-to-ground,POINT(-97.7234215909856 30.426911800338),1
p1udt12697-p1udt16489xx,ABC,7.19955785679463,line-to-ground,POINT(-97.7231906602087 30.4268498427081),1
p1udt12697-p1udt14221xx,ABC,7.19955785679463,line-to-ground,POINT(-97.7240580591239 30.4270860803264),1
p1udt12697-p1udt14221x,ABC,7.19955785679463,line-to-ground,POINT(-97.723476788609 30.4268503393675),1
p1udt14221-p1udt3271xx,ABC,7.19955785679463,line-to-ground,POINT(-97.7242493495265 30.4257108211824),1
p1udt14221-p1udt3271x,ABC,7.19955785679463,line-to-ground,POINT(-97.724051189487 30.4271387779277),1
p1udt15268-p1udt3271x,ABC,7.19955785679463,line-to-ground,POINT(-97.7243725368504 30.4253295611261),1
p1udt15268-p1udt3271xx,ABC,7.19955785679463,line-to-ground,POINT(-97.7243045459391 30.4256493598168),1
p1udt15268-p1udt291xx,ABC,7.19955785679463,line-to-ground,POINT(-97.7240511215164 30.424941934876),1
p1udt15268-p1udt291x,ABC,7.19955785679463,line-to-ground,POINT(-97.7244358036401 30.4252532910937),1
p1udt16712-p1udt291x,ABC,7.19955785679463,line-to-ground,POINT(-97.7238622808272 30.4246271420627),1
p1udt16712-p1udt291xx,ABC,7.19955785679463,line-to-ground,POINT(-97.7241404390496 30.4249525389589),1
p1udt1531-p1udt16712x,ABC,7.19955785679463,line-to-ground,POINT(-97.7234356352127 30.4244137470602),1
p1udt1531-p1udt16712xx,ABC,7.19955785679463,line-to-ground,POINT(-97.7237949467745 30.4247007551388),1
p1udt1531-p1udt3784xx,ABC,7.19955785679463,line-to-ground,POINT(-97.7227655689381 30.424310670864),1
p1udt1531-p1udt3784x,ABC,7.19955785679463,line-to-ground,POINT(-97.7234697560142 30.4244858126025),1
p1udt3784-p1udt8411xx,ABC,7.19955785679463,line-to-ground,POINT(-97.7220587743234 30.4241020667444),1
p1udt3784-p1udt8411x,ABC,7.19955785679463,line-to-ground,POINT(-97.7227608259184 30.4242168300122),1
p1udt20179-p1udt8411x,ABC,7.19955785679463,line-to-ground,POINT(-97.721833603301 30.4238377177459),1
p1udt20179-p1udt8411xx,ABC,7.19955785679463,line-to-ground,POINT(-97.721969457841 30.424091461264),1
p1udt20179-p1udt25179xx,ABC,7.19955785679463,line-to-ground,POINT(-97.7219355491576 30.4236772343913),1
p1udt20179-p1udt25179x,ABC,7.19955785679463,line-to-ground,POINT(-97.7219327779553 30.4238756163801),1
p1udt25179-p1udt9586xx,ABC,7.19955785679463,line-to-ground,POINT(-97.721947635876 30.4233694135904),1
p1udt25179-p1udt9586x,ABC,7.19955785679463,line-to-ground,POINT(-97.7219696686055 30.423749300295),1
p1udt19854-p1udt9586x,ABC,7.19955785679463,line-to-ground,POINT(-97.721907264468 30.4229456489205),1
p1udt19854-p1udt9586xx,ABC,7.19955785679463,line-to-ground,POINT(-97.7220028323207 30.4233079531802),1
p1udt19854-p1udt2683xx,ABC,7.19955785679463,line-to-ground,POINT(-97.7217960580666 30.4228896611048),1
p1udt19854-p1udt2683x,ABC,7.19955785679463,line-to-ground,POINT(-97.7218179490549 30.4229350433651),1
p1udt2683-p1udt3781xx,ABC,7.19955785679463,line-to-ground,POINT(-97.7215338457388 30.4225454350909),1
p1udt2683-p1udt3781x,ABC,7.19955785679463,line-to-ground,POINT(-97.721764381857 30.4228167657356),1
p1udt3781-p1udt9583xx,ABC,7.19955785679463,line-to-ground,POINT(-97.7212351296884 30.4222988902185),1
p1udt3781-p1udt9583x,ABC,7.19955785679463,line-to-ground,POINT(-97.721567964525 30.4226175010922),1
p1udt19501-p1udt9583x,ABC,7.19955785679463,line-to-ground,POINT(-97.7208808896014 30.4221008905066),1
p1udt19501-p1udt9583xx,ABC,7.19955785679463,line-to-ground,POINT(-97.7211799333669 30.4223603503157),1
p1udt10692-p1udt19501x,ABC,7.19955785679463,line-to-ground,POINT(-97.7207870465625 30.4220225993414),1
p1udt10692-p1udt19501xx,ABC,7.19955785679463,line-to-ground,POINT(-97.7209839841457 30.4221298955268),1
p1udt10692-p1udt22287xx,ABC,7.19955785679463,line-to-ground,POINT(-97.72063076846 30.4218323477952),1
p1udt10692-p1udt22287x,ABC,7.19955785679463,line-to-ground,POINT(-97.7207553713683 30.4219497037473),1
p1udt22287-p1udt4299xx,ABC,7.19955785679463,line-to-ground,POINT(-97.7203607947444 30.4215953340938),1
p1udt22287-p1udt4299x,ABC,7.19955785679463,line-to-ground,POINT(-97.7205966506235 30.421760281568),1
p1udt23838-p1udt4299x,ABC,7.19955785679463,line-to-ground,POINT(-97.7200919770885 30.4213402798754),1
p1udt23838-p1udt4299xx,ABC,7.19955785679463,line-to-ground,POINT(-97.7202894927707 30.4216191046776),1
p1udt11023-p1udt23838x,ABC,7.19955785679463,line-to-ground,POINT(-97.7198183939064 30.4210867658348),1
p1udt11023-p1udt23838xx,ABC,7.19955785679463,line-to-ground,POINT(-97.7201260944145 30.4214123462243),1
p1udt24268,ABC,7.19955785679463,line-to-ground,POINT(-97.7195836460456 30.4199092426691),1
p1udt15001,ABC,7.19955785679463,line-to-ground,POINT(-97.718729593687 30.4205453041561),1
p1udt6744,ABC,7.19955785679463,line-to-ground,POINT(-97.7193414508886 30.4191359401439),1
p1umv1,ABC,7.19955785679463,line-to-ground,POINT(-97.7191351668069 30.4191739059428),1
p1udt14228,ABC,7.19955785679463,line-to-ground,POINT(-97.718953931657 30.4192234290641),1
p1udt2693,ABC,7.19955785679463,line-to-ground,POINT(-97.7187859863015 30.4193320039575),1
p1udt21501,ABC,7.19955785679463,line-to-ground,POINT(-97.718563797181 30.4193214238661),1
p1udt22170,ABC,7.19955785679463,line-to-ground,POINT(-97.7182993824293 30.418323734815),1
p1udt22170-p1uhs0_1247x_b1_1,ABC,7.19955785679463,line-to-ground,POINT(-97.7135839708336 30.4187914150668),1
p1udt21501lv,ABC,0.27712812921102,line-to-ground,POINT(-97.7185704505772 30.4193632531373),1
p1ulv44633,ABC,0.27712812921102,line-to-ground,POINT(-97.7185490380269 30.4194117728402),1
p1udt6744lv,ABC,0.27712812921102,line-to-ground,POINT(-97.7193877852671 30.4191223441809),1
p1ulv7934,ABC,0.27712812921102,line-to-ground,POINT(-97.7193219530055 30.4192208530842),1
p1udt15001lv,ABC,0.27712812921102,line-to-ground,POINT(-97.7186911435069 30.4205191090668),1
p1ulv23063,ABC,0.27712812921102,line-to-ground,POINT(-97.7185304087382 30.4208372119812),1
p1udt11023lv,ABC,0.27712812921102,line-to-ground,POINT(-97.7198460664951 30.4211481641387),1
p1ulv14738,ABC,0.27712812921102,line-to-ground,POINT(-97.719628205141 30.4212810841519),1
p1udt4775lv,ABC,0.27712812921102,line-to-ground,POINT(-97.7186254263006 30.4229759947408),1
p1ulv5338,ABC,0.27712812921102,line-to-ground,POINT(-97.7182983874442 30.4226575643189),1
p1udt3782-p1udt4775x,ABC,7.19955785679463,line-to-ground,POINT(-97.7186670589585 30.4228241064724),1
p1udt3782-p1udt4775xx,ABC,7.19955785679463,line-to-ground,POINT(-97.7185376111033 30.4229687939292),1
p1udt3782-p1udt910xx,ABC,7.19955785679463,line-to-ground,POINT(-97.7188984394875 30.4226459190082),1
p1udt3782-p1udt910x,ABC,7.19955785679463,line-to-ground,POINT(-97.7187011756977 30.4228961731627),1
p1udt8804-p1udt910x,ABC,7.19955785679463,line-to-ground,POINT(-97.7191774172472 30.4225030768707),1
p1udt8804-p1udt910xx,ABC,7.19955785679463,line-to-ground,POINT(-97.7188432415348 30.4227073780666),1
p1udt296-p1udt8804x,ABC,7.19955785679463,line-to-ground,POINT(-97.7195164408831 30.4221816309021),1
p1udt296-p1udt8804xx,ABC,7.19955785679463,line-to-ground,POINT(-97.719234701596 30.4224430797256),1
p1udt10693-p1udt296x,ABC,7.19955785679463,line-to-ground,POINT(-97.7200476891124 30.4218356549569),1
p1udt10693-p1udt296xx,ABC,7.19955785679463,line-to-ground,POINT(-97.7195716381159 30.4221201715337),1
p1udt10693-p1udt4299xx,ABC,7.19955785679463,line-to-ground,POINT(-97.7203331217136 30.4215339358903),1
p1udt10693-p1udt4299x,ABC,7.19955785679463,line-to-ground,POINT(-97.7200135717092 30.4217635885895),1
p1udt10701,A,7.19955785679463,line-to-ground,POINT(-97.7231024036047 30.419925661858),1
p1udt2115,A,7.19955785679463,line-to-ground,POINT(-97.7234621410738 30.420096637659),1
p1udt24055,A,7.19955785679463,line-to-ground,POINT(-97.7226576012954 30.4197047600479),1
p1udt11037,A,7.19955785679463,line-to-ground,POINT(-97.7222023912428 30.4194837548813),1
p1udt15004,A,7.19955785679463,line-to-ground,POINT(-97.7219404263074 30.4193347570953),1
p1udt9951,A,7.19955785679463,line-to-ground,POINT(-97.7217574927505 30.4192717005224),1
p1udt20340,A,7.19955785679463,line-to-ground,POINT(-97.7214104589488 30.4197971360505),1
p1udt18568,A,7.19955785679463,line-to-ground,POINT(-97.7213540222912 30.4198724571929),1
p1udt295,A,7.19955785679463,line-to-ground,POINT(-97.7209431137112 30.4202472233328),1
p1udt15000-p1udt295x,A,7.19955785679463,line-to-ground,POINT(-97.7205145287433 30.4205691331998),1
p1udt294,B,7.19955785679463,line-to-ground,POINT(-97.7222303927115 30.4205306889104),1
p1udt9191,B,7.19955785679463,line-to-ground,POINT(-97.7221055739552 30.4203347759959),1
p1udt14503-p1udt294x,B,7.19955785679463,line-to-ground,POINT(-97.7220701724464 30.4208427492668),1
p1udt4770,C,7.19955785679463,line-to-ground,POINT(-97.7252228801939 30.4217961254076),1
p1udt903,C,7.19955785679463,line-to-ground,POINT(-97.7255824166904 30.421976078087),1
p1udt14500,C,7.19955785679463,line-to-ground,POINT(-97.7265365401882 30.423252406695),1
p1udt6294,C,7.19955785679463,line-to-ground,POINT(-97.7266024548025 30.4235999060457),1
p1udt4772,C,7.19955785679463,line-to-ground,POINT(-97.7264774774975 30.422990165414),1
p1udt904,C,7.19955785679463,line-to-ground,POINT(-97.7262108752725 30.4226809943771),1
p1udt13947,C,7.19955785679463,line-to-ground,POINT(-97.727481509711 30.4234422521589),1
p1udt8409,C,7.19955785679463,line-to-ground,POINT(-97.727534804026 30.4239621238161),1
p1udt9938,C,7.19955785679463,line-to-ground,POINT(-97.7274444531026 30.4230898249065),1
p1udt15517,C,7.19955785679463,line-to-ground,POINT(-97.7272404483066 30.4227631818602),1
p1udt24164,C,7.19955785679463,line-to-ground,POINT(-97.7269918931529 30.42266150592),1
p1udt21363,C,7.19955785679463,line-to-ground,POINT(-97.7266070694123 30.4226306837872),1
p1udt21213,C,7.19955785679463,line-to-ground,POINT(-97.7256471088508 30.4227927517221),1
p1udt905,C,7.19955785679463,line-to-ground,POINT(-97.7253471399794 30.422555597932),1
p1udt22034,C,7.19955785679463,line-to-ground,POINT(-97.7254969738576 30.4225827702996),1
p1udt9937,C,7.19955785679463,line-to-ground,POINT(-97.7251237296466 30.4214071325971),1
p1udt15265,C,7.19955785679463,line-to-ground,POINT(-97.7252137129641 30.4208935325566),1
p1udt23255,C,7.19955785679463,line-to-ground,POINT(-97.7245087533031 30.420661244781),1
p1udt9936,C,7.19955785679463,line-to-ground,POINT(-97.7243112168784 30.420641097195),1
p1udt22781-p1udt9936x,C,7.19955785679463,line-to-ground,POINT(-97.7240025176203 30.4204743410492),1
p1udt5298,A,7.19955785679463,line-to-ground,POINT(-97.7244946512736 30.4225467283442),1
p1udt11020,A,7.19955785679463,line-to-ground,POINT(-97.7245699060966 30.4229767577762),1
p1udt2680,A,7.19955785679463,line-to-ground,POINT(-97.7243764031983 30.4220314373322),1
p1udt12038,A,7.19955785679463,line-to-ground,POINT(-97.7243172295525 30.4217782169959),1
p1udt11017,A,7.19955785679463,line-to-ground,POINT(-97.7242082365727 30.4213530740426),1
p1udt12694,A,7.19955785679463,line-to-ground,POINT(-97.7241294177459 30.4210094322941),1
p1udt24891,A,7.19955785679463,line-to-ground,POINT(-97.7240900085233 30.4208376114013),1
p1udt22781-p1udt24891x,A,7.19955785679463,line-to-ground,POINT(-97.7239442999555 30.420418284114),1
p1udt288,B,7.19955785679463,line-to-ground,POINT(-97.7253487986444 30.4233222305947),1
p1udt12695,B,7.19955785679463,line-to-ground,POINT(-97.725535008649 30.4232195484751),1
p1udt24982,B,7.19955785679463,line-to-ground,POINT(-97.7256445023076 30.4237942717499),1
p1udt7170,B,7.19955785679463,line-to-ground,POINT(-97.7256264393443 30.4241961492327),1
p1udt18945,B,7.19955785679463,line-to-ground,POINT(-97.7256247372406 30.4237128724092),1
p1udt13023,B,7.19955785679463,line-to-ground,POINT(-97.7248481930166 30.4233804635323),1
p1udt15267,B,7.19955785679463,line-to-ground,POINT(-97.7243578566725 30.4234568791486),1
p1udt12039,B,7.19955785679463,line-to-ground,POINT(-97.723898650181 30.4235424486268),1
p1udt287,B,7.19955785679463,line-to-ground,POINT(-97.7237107790518 30.4235768751521),1
p1udt20019,B,7.19955785679463,line-to-ground,POINT(-97.7230598701138 30.4231915464929),1
p1udt4771,B,7.19955785679463,line-to-ground,POINT(-97.7229285333075 30.4228834821262),1
p1udt9584,B,7.19955785679463,line-to-ground,POINT(-97.7227240196627 30.4226015553567),1
p1udt297,B,7.19955785679463,line-to-ground,POINT(-97.7234847557692 30.4224949155091),1
p1udt11019,B,7.19955785679463,line-to-ground,POINT(-97.7236120501708 30.4224250781715),1
p1udt17576,B,7.19955785679463,line-to-ground,POINT(-97.7230251623342 30.4226588542103),1
p1udt2105,B,7.19955785679463,line-to-ground,POINT(-97.7223332096864 30.4222280058943),1
p1udt10691,B,7.19955785679463,line-to-ground,POINT(-97.7219321327947 30.4218541781042),1
p1udt16931,B,7.19955785679463,line-to-ground,POINT(-97.7228320026055 30.4215020296167),1
p1udt8803,B,7.19955785679463,line-to-ground,POINT(-97.7232984359809 30.4214743137635),1
p1udt11022,B,7.19955785679463,line-to-ground,POINT(-97.7224665945475 30.4215796604768),1
p1udt909,B,7.19955785679463,line-to-ground,POINT(-97.7216029167795 30.4215441365672),1
p1udt24892,B,7.19955785679463,line-to-ground,POINT(-97.7214598825686 30.4213352084268),1
p1udt20018-p1udt24892x,B,7.19955785679463,line-to-ground,POINT(-97.7214743101408 30.420946488479),1
p1udt24780,C,7.19955785679463,line-to-ground,POINT(-97.7182683369271 30.4233701985376),1
p1udt1535,C,7.19955785679463,line-to-ground,POINT(-97.718089962108 30.4232819927069),1
p1udt3275,C,7.19955785679463,line-to-ground,POINT(-97.7185249488796 30.4234576991293),1
p1udt24780-p1udt4775xxx,C,7.19955785679463,line-to-ground,POINT(-97.7185891463132 30.4229027936393),1
p1udt13026,A,7.19955785679463,line-to-ground,POINT(-97.720689931767 30.4236916714979),1
p1udt8011,A,7.19955785679463,line-to-ground,POINT(-97.7209727521621 30.4233746625262),1
p1udt20338,A,7.19955785679463,line-to-ground,POINT(-97.7203162234635 30.4236068021748),1
p1udt9585,A,7.19955785679463,line-to-ground,POINT(-97.7200359894478 30.4235407226889),1
p1udt15519,A,7.19955785679463,line-to-ground,POINT(-97.7198423956334 30.4232232319422),1
p1udt18946,A,7.19955785679463,line-to-ground,POINT(-97.7192763979349 30.423506203642),1
p1udt2684,A,7.19955785679463,line-to-ground,POINT(-97.7190758640974 30.4235262667076),1
p1udt22643,A,7.19955785679463,line-to-ground,POINT(-97.7195681019438 30.4234911909649),1
p1udt5809,A,7.19955785679463,line-to-ground,POINT(-97.7200957965733 30.4229459677385),1
p1udt18564,A,7.19955785679463,line-to-ground,POINT(-97.7204537448351 30.4226426974447),1
p1udt3780,A,7.19955785679463,line-to-ground,POINT(-97.7206540265436 30.4224550075046),1
p1udt19501-p1udt3780x,A,7.19955785679463,line-to-ground,POINT(-97.7209511064658 30.4220647093393),1
p1udt20179-p1udt3783x,A,7.19955785679463,line-to-ground,POINT(-97.7218580203757 30.4239052114085),1
p1udt3783,A,7.19955785679463,line-to-ground,POINT(-97.721247596768 30.4238543386691),1
p1udt5301,C,7.19955785679463,line-to-ground,POINT(-97.7255394509721 30.4246682989054),1
p1udt21214,C,7.19955785679463,line-to-ground,POINT(-97.7256023409883 30.4244473245064),1
p1udt20178,C,7.19955785679463,line-to-ground,POINT(-97.7253365214391 30.4250632828254),1
p1udt19323,C,7.19955785679463,line-to-ground,POINT(-97.7269910093724 30.4259368220472),1
p1udt906,C,7.19955785679463,line-to-ground,POINT(-97.7270378746299 30.4261498513535),1
p1udt14220,C,7.19955785679463,line-to-ground,POINT(-97.7270478422283 30.4255764974415),1
p1udt7602,C,7.19955785679463,line-to-ground,POINT(-97.7273606602488 30.4247313536032),1
p1udt16487,C,7.19955785679463,line-to-ground,POINT(-97.7276745826202 30.4244224244375),1
p1udt3776,C,7.19955785679463,line-to-ground,POINT(-97.7272228685117 30.4250234439464),1
p1udt17778,C,7.19955785679463,line-to-ground,POINT(-97.7273385318164 30.4251106028162),1
p1udt24465,C,7.19955785679463,line-to-ground,POINT(-97.7271221438864 30.4254598855005),1
p1udt6297,C,7.19955785679463,line-to-ground,POINT(-97.7262756161584 30.4257042699495),1
p1udt10688,C,7.19955785679463,line-to-ground,POINT(-97.7257992918204 30.4255101780059),1
p1udt11692,C,7.19955785679463,line-to-ground,POINT(-97.726522125927 30.4243620868381),1
p1udt4773,C,7.19955785679463,line-to-ground,POINT(-97.7265865369309 30.4240238286221),1
p1udt19322,C,7.19955785679463,line-to-ground,POINT(-97.7264437279536 30.4247855713076),1
p1udt2102,C,7.19955785679463,line-to-ground,POINT(-97.726388394322 30.425037673511),1
p1udt13350,C,7.19955785679463,line-to-ground,POINT(-97.7262169046174 30.4254149632651),1
p1udt1532,C,7.19955785679463,line-to-ground,POINT(-97.7249186692168 30.4251675204981),1
p1udt15268-p1udt1532x,C,7.19955785679463,line-to-ground,POINT(-97.7243541578967 30.425260553364),1
p1udt907,A,7.19955785679463,line-to-ground,POINT(-97.7282482888776 30.4293507609976),1
p1udt10308,A,7.19955785679463,line-to-ground,POINT(-97.729099866289 30.4293267387978),1
p1udt20644,A,7.19955785679463,line-to-ground,POINT(-97.7284576164292 30.4308683988633),1
p1udt12031,A,7.19955785679463,line-to-ground,POINT(-97.7283487782308 30.4312284706304),1
p1udt7165,A,7.19955785679463,line-to-ground,POINT(-97.7285091170682 30.4315238112243),1
p1udt9928,A,7.19955785679463,line-to-ground,POINT(-97.7286900067829 30.4306092128234),1
p1udt12030,A,7.19955785679463,line-to-ground,POINT(-97.7288107292602 30.4301321734498),1
p1udt11685,A,7.19955785679463,line-to-ground,POINT(-97.7288156608832 30.4297530869364),1
p1udt4298,A,7.19955785679463,line-to-ground,POINT(-97.7276369761193 30.429119230026),1
p1udt24263,A,7.19955785679463,line-to-ground,POINT(-97.7277056470515 30.430238704016),1
p1udt6285,A,7.19955785679463,line-to-ground,POINT(-97.7278167439088 30.4303157836633),1
p1udt5293,A,7.19955785679463,line-to-ground,POINT(-97.7276025916278 30.4301564930674),1
p1udt5292,A,7.19955785679463,line-to-ground,POINT(-97.7274900624842 30.4300020062643),1
p1udt14727,A,7.19955785679463,line-to-ground,POINT(-97.7274510130143 30.4298029496309),1
p1udt21366,A,7.19955785679463,line-to-ground,POINT(-97.7275700833626 30.4294523878512),1
p1udt14502,A,7.19955785679463,line-to-ground,POINT(-97.7272914136773 30.4289834649807),1
p1udt14502-p1udt18352xxx,A,7.19955785679463,line-to-ground,POINT(-97.726722938881 30.4287498139909),1
p1udt5291,C,7.19955785679463,line-to-ground,POINT(-97.726260401289 30.4300802411764),1
p1udt10297,C,7.19955785679463,line-to-ground,POINT(-97.7260137724302 30.4304425643857),1
p1udt3259,C,7.19955785679463,line-to-ground,POINT(-97.7265472399564 30.4296409167621),1
p1udt9183,C,7.19955785679463,line-to-ground,POINT(-97.7266648069612 30.4294074676965),1
p1udt19131,C,7.19955785679463,line-to-ground,POINT(-97.7268250714074 30.4290932286628),1
p1udt18352-p1udt19131x,C,7.19955785679463,line-to-ground,POINT(-97.7268095524865 30.4288048541056),1
p1udt16929,B,7.19955785679463,line-to-ground,POINT(-97.7255084981513 30.4294503195416),1
p1udt9170,B,7.19955785679463,line-to-ground,POINT(-97.7253656192285 30.4298419548635),1
p1udt9582,B,7.19955785679463,line-to-ground,POINT(-97.7257409383867 30.4291909241998),1
p1udt17575,B,7.19955785679463,line-to-ground,POINT(-97.7259530248355 30.4288952380372),1
p1udt17575-p1udt7604xxx,B,7.19955785679463,line-to-ground,POINT(-97.7258952353395 30.4282117186372),1
p1udt3274,C,7.19955785679463,line-to-ground,POINT(-97.7251566735402 30.4284814308021),1
p1udt9581,C,7.19955785679463,line-to-ground,POINT(-97.724963383805 30.4287462524272),1
p1udt23938,C,7.19955785679463,line-to-ground,POINT(-97.7253681908247 30.4282306831005),1
p1udt23938-p1udt3778xxx,C,7.19955785679463,line-to-ground,POINT(-97.7254463944743 30.4278551867187),1
p1udt7173,C,7.19955785679463,line-to-ground,POINT(-97.7243735166311 30.4294044169148),1
p1udt11684,C,7.19955785679463,line-to-ground,POINT(-97.7245243329138 30.4294059159515),1
p1udt293,C,7.19955785679463,line-to-ground,POINT(-97.7241904296373 30.4291216402791),1
p1udt15756,C,7.19955785679463,line-to-ground,POINT(-97.7241048353621 30.4284982219642),1
p1udt3273,C,7.19955785679463,line-to-ground,POINT(-97.7241689438646 30.4283725276966),1
p1udt15269,C,7.19955785679463,line-to-ground,POINT(-97.7243921482368 30.4280228152215),1
p1udt10307,C,7.19955785679463,line-to-ground,POINT(-97.7245512608459 30.4277986254687),1
p1udt10307-p1udt21215xxx,C,7.19955785679463,line-to-ground,POINT(-97.7248382436242 30.4273482808551),1
p1udt11024,B,7.19955785679463,line-to-ground,POINT(-97.7195883966458 30.4267214236387),1
p1udt2686,B,7.19955785679463,line-to-ground,POINT(-97.7195006045083 30.4268779368607),1
p1udt2685,B,7.19955785679463,line-to-ground,POINT(-97.7197163694258 30.4264882545847),1
p1udt11363,B,7.19955785679463,line-to-ground,POINT(-97.7198973711802 30.42618307904),1
p1udt15520,B,7.19955785679463,line-to-ground,POINT(-97.7201001003837 30.4258062759629),1
p1udt5303,B,7.19955785679463,line-to-ground,POINT(-97.7204387460318 30.4253945801165),1
p1udt14222,B,7.19955785679463,line-to-ground,POINT(-97.7188348947722 30.4262179411959),1
p1udt13027,B,7.19955785679463,line-to-ground,POINT(-97.7186835949188 30.426454865229),1
p1udt18565,B,7.19955785679463,line-to-ground,POINT(-97.7189837068595 30.4259848058712),1
p1udt3276,B,7.19955785679463,line-to-ground,POINT(-97.7191326361031 30.4257426485873),1
p1udt5304,B,7.19955785679463,line-to-ground,POINT(-97.7193343411343 30.4254466998698),1
p1udt23371,B,7.19955785679463,line-to-ground,POINT(-97.7195877086757 30.4251786693974),1
p1udt16252,B,7.19955785679463,line-to-ground,POINT(-97.719961321727 30.4252723913436),1
p1udt20180,B,7.19955785679463,line-to-ground,POINT(-97.7201481025599 30.425319508964),1
p1udt17973,B,7.19955785679463,line-to-ground,POINT(-97.7208118959534 30.4255154970107),1
p1udt4300,B,7.19955785679463,line-to-ground,POINT(-97.7209671279219 30.4255890299987),1
p1udt9185,B,7.19955785679463,line-to-ground,POINT(-97.721629071002 30.4259293190235),1
p1udt8012,B,7.19955785679463,line-to-ground,POINT(-97.7209054057279 30.4263284762058),1
p1udt15272,B,7.19955785679463,line-to-ground,POINT(-97.7207117620533 30.4266191252483),1
p1udt17152,B,7.19955785679463,line-to-ground,POINT(-97.7210966789908 30.4260325940184),1
p1udt9587,B,7.19955785679463,line-to-ground,POINT(-97.7218874049188 30.4260764306164),1
p1udt17780-p1udt9587x,B,7.19955785679463,line-to-ground,POINT(-97.7223407008591 30.4263375728054),1
p1udt5305,A,7.19955785679463,line-to-ground,POINT(-97.7217523620043 30.4268510794862),1
p1udt299,A,7.19955785679463,line-to-ground,POINT(-97.7216541798742 30.4270073209381),1
p1udt16488,A,7.19955785679463,line-to-ground,POINT(-97.721943869085 30.426537152497),1
p1udt16488-p1udt17780xxx,A,7.19955785679463,line-to-ground,POINT(-97.7222550703831 30.426325849939),1
p1udt19855,C,7.19955785679463,line-to-ground,POINT(-97.7205793310481 30.4273807904842),1
p1udt3787,C,7.19955785679463,line-to-ground,POINT(-97.7205900634027 30.4271683304948),1
p1udt16933,C,7.19955785679463,line-to-ground,POINT(-97.7226738649564 30.4272479144873),1
p1udt18947,C,7.19955785679463,line-to-ground,POINT(-97.7228237276396 30.4269335786536),1
p1udt16489-p1udt18947x,C,7.19955785679463,line-to-ground,POINT(-97.7232495336723 30.4267999916444),1
p1udt23839,A,7.19955785679463,line-to-ground,POINT(-97.7232349926455 30.4281503588506),1
p1udt10689,A,7.19955785679463,line-to-ground,POINT(-97.7234060691703 30.4277876016528),1
p1udt24689,A,7.19955785679463,line-to-ground,POINT(-97.7235121731514 30.4276352496572),1
p1udt12040,A,7.19955785679463,line-to-ground,POINT(-97.7235974555137 30.4274826939565),1
p1udt25271,A,7.19955785679463,line-to-ground,POINT(-97.7237149091966 30.4272582693744),1
p1udt14221-p1udt25271x,A,7.19955785679463,line-to-ground,POINT(-97.724155116853 30.4271224751633),1
p1udt11021,B,7.19955785679463,line-to-ground,POINT(-97.724293009538 30.4244397446932),1
p1udt6295,B,7.19955785679463,line-to-ground,POINT(-97.7245010767732 30.4242651326993),1
p1udt11021-p1udt16712xxx,B,7.19955785679463,line-to-ground,POINT(-97.7237803636865 30.4246310642006),1
p1udt21499,A,7.19955785679463,line-to-ground,POINT(-97.7229435464297 30.4241287929625),1
p1udt9184,A,7.19955785679463,line-to-ground,POINT(-97.7230918563482 30.4237460712889),1
p1udt21499-p1udt3784xxx,A,7.19955785679463,line-to-ground,POINT(-97.7228245527566 30.4242617507331),1
p1udt11023,ABC,7.19955785679463,line-to-ground,POINT(-97.7197968545144 30.4211294670498),1
p1udt10304,ABC,7.19955785679463,line-to-ground,POINT(-97.7235219251606 30.4204891864222),1
p1udt22781,ABC,7.19955785679463,line-to-ground,POINT(-97.7239488200425 30.420465483318),1
p1udt10690,ABC,7.19955785679463,line-to-ground,POINT(-97.7229986103201 30.4207006187096),1
p1udt17779,ABC,7.19955785679463,line-to-ground,POINT(-97.7225915656849 30.4207778426857),1
p1udt14503,ABC,7.19955785679463,line-to-ground,POINT(-97.722112373287 30.4208714751996),1
p1udt20018,ABC,7.19955785679463,line-to-ground,POINT(-97.7215180369652 30.4209734430969),1
p1udt17151,ABC,7.19955785679463,line-to-ground,POINT(-97.721079790816 30.4209433278416),1
p1udt20493,ABC,7.19955785679463,line-to-ground,POINT(-97.7209247009875 30.4208606020088),1
p1udt23939,ABC,7.19955785679463,line-to-ground,POINT(-97.7207906493532 30.4207602078283),1
p1udt15000,ABC,7.19955785679463,line-to-ground,POINT(-97.7204681185955 30.4205924710556),1
p1udt11359,ABC,7.19955785679463,line-to-ground,POINT(-97.7200281345867 30.4209512380419),1
p1udt16928,ABC,7.19955785679463,line-to-ground,POINT(-97.7264871406034 30.428656831454),1
p1udt18352,ABC,7.19955785679463,line-to-ground,POINT(-97.7267662651631 30.4287773111199),1
p1udt7604,ABC,7.19955785679463,line-to-ground,POINT(-97.7258576797514 30.4282449526483),1
p1udt3778,ABC,7.19955785679463,line-to-ground,POINT(-97.7254896550793 30.4278276435277),1
p1udt5302,ABC,7.19955785679463,line-to-ground,POINT(-97.7251585830112 30.4275340423104),1
p1udt21215,ABC,7.19955785679463,line-to-ground,POINT(-97.7248804480388 30.4273770059677),1
p1udt9580,ABC,7.19955785679463,line-to-ground,POINT(-97.7244856472674 30.4272387345072),1
p1udt14221,ABC,7.19955785679463,line-to-ground,POINT(-97.7241002020749 30.4271169532812),1
p1udt13948,ABC,7.19955785679463,line-to-ground,POINT(-97.7226210241799 30.4265076892883),1
p1udt17780,ABC,7.19955785679463,line-to-ground,POINT(-97.7223031184314 30.4263031668166),1
p1udt18353,ABC,7.19955785679463,line-to-ground,POINT(-97.7227862997214 30.4266085587427),1
p1udt16489,ABC,7.19955785679463,line-to-ground,POINT(-97.7231959615444 30.4268026509757),1
p1udt12697,ABC,7.19955785679463,line-to-ground,POINT(-97.7234697538221 30.4268949551054),1
p1udt3271,ABC,7.19955785679463,line-to-ground,POINT(-97.7242975116343 30.4256939756204),1
p1udt15268,ABC,7.19955785679463,line-to-ground,POINT(-97.7243978874292 30.425287507077),1
p1udt291,ABC,7.19955785679463,line-to-ground,POINT(-97.7240992832726 30.4249250893754),1
p1udt16712,ABC,7.19955785679463,line-to-ground,POINT(-97.7238225666381 30.4246597896249),1
p1udt1531,ABC,7.19955785679463,line-to-ground,POINT(-97.7234286006241 30.4244583628165),1
p1udt3784,ABC,7.19955785679463,line-to-ground,POINT(-97.7227709275996 30.4242634439763),1
p1udt8411,ABC,7.19955785679463,line-to-ground,POINT(-97.7220176195023 30.4240746165278),1
p1udt20179,ABC,7.19955785679463,line-to-ground,POINT(-97.7218800869506 30.4238628089933),1
p1udt25179,ABC,7.19955785679463,line-to-ground,POINT(-97.7219285139548 30.4237218500537),1
p1udt9586,ABC,7.19955785679463,line-to-ground,POINT(-97.7219957971813 30.4233525688504),1
p1udt19854,ABC,7.19955785679463,line-to-ground,POINT(-97.7218661101644 30.4229181986664),1
p1udt2683,ABC,7.19955785679463,line-to-ground,POINT(-97.7218046075353 30.4228452415261),1
p1udt3781,ABC,7.19955785679463,line-to-ground,POINT(-97.7215268104548 30.4225900507364),1
p1udt9583,ABC,7.19955785679463,line-to-ground,POINT(-97.721228094291 30.4223435058461),1
p1udt19501,ABC,7.19955785679463,line-to-ground,POINT(-97.7209348282422 30.4221090192871),1
p1udt10692,ABC,7.19955785679463,line-to-ground,POINT(-97.7207955963954 30.4219781798339),1
p1udt22287,ABC,7.19955785679463,line-to-ground,POINT(-97.7205896149848 30.4218048971576),1
p1udt4299,ABC,7.19955785679463,line-to-ground,POINT(-97.7203115824369 30.421576637191),1
p1udt23838,ABC,7.19955785679463,line-to-ground,POINT(-97.7200849412585 30.4213848954349),1
p1udt3782,ABC,7.19955785679463,line-to-ground,POINT(-97.7186600223507 30.4228687219236),1
p1udt4775,ABC,7.19955785679463,line-to-ground,POINT(-97.7185842030123 30.4229476239026),1
p1udt910,ABC,7.19955785679463,line-to-ground,POINT(-97.7188914030005 30.4226905344765),1
p1udt8804,ABC,7.19955785679463,line-to-ground,POINT(-97.7191859678556 30.4224586574939),1
p1udt296,ABC,7.19955785679463,line-to-ground,POINT(-97.7195646019807 30.4221647870516),1
p1udt10693,ABC,7.19955785679463,line-to-ground,POINT(-97.720006535806 30.42180820414),1
p1udt22170-p1uhs0_1247x_b2_1,ABC,7.19955785679463,line-to-ground,POINT(-97.7136355191889 30.4187154931588),1
