switch_name,phase_code,from_bus,to_bus,geometry,r11,r22,r33,x11,x22,x33,ampacity_value,construction,controller_uuid,in_service
sb2_p1uhs0_1247_364,ABC,sb2_p1uhs0_1247_node_2_18,sb2_p1uhs0_1247_node_2_10,"LINESTRING(-97.7123294908891 30.419732007525, -97.7123302744762 30.4196723387843)",1,1,1,1,1,1,900,OVERHEAD,,1
sb2_p1uhs0_1247_58,ABC,sb2_p1uhs0_1247_node_2_13,sb2_p1uhs0_1247_node_2_16,"LINESTRING(-97.7124923443999 30.4193158784485, -97.7124942247361 30.4191726734514)",1,1,1,1,1,1,1200,OVERHEAD,,1
sb2_p1uhs0_1247_362,ABC,sb2_p1uhs0_1247_bus_2_2,sb2_p1uhs0_1247_node_2_11,"LINESTRING(-97.7127855303579 30.419461993174, -97.7123312147777 30.4196007362946)",1,1,1,1,1,1,1500,OVERHEAD,,1
sb2_p1uhs0_1247_60,ABC,sb2_p1uhs0_1247_node_2_15,sb2_p1uhs0_1247_bus_2_4,"LINESTRING(-97.7127302770897 30.4191750012636, -97.7128692274949 30.4190808889432)",1,1,1,1,1,1,1200,OVERHEAD,,1
sb2_p1uhs0_1247_356,ABC,sb2_p1uhs0_1247_node_2_12,sb2_p1uhs0_1247_bus_2_2,"LINESTRING(-97.7127283970981 30.4193182062739, -97.7127855303579 30.419461993174)",1,1,1,1,1,1,1200,OVERHEAD,,1
sb2_p1uhs0_1247_62,ABC,sb2_p1uhs0_1247_node_2_17,sb2_p1uhs0_1247_bus_2_6,"LINESTRING(-97.7121008042079 30.4191687928165, -97.7121217291461 30.4190735168906)",1,1,1,1,1,1,1200,OVERHEAD,,1
sb2_p1uhs0_1247_44,ABC,sb2_p1uhs0_1247_node_2_6,sb2_p1uhs0_1247_bus_2_1,"LINESTRING(-97.7125831787822 30.4198896684055, -97.7127024592069 30.419795362312)",1,1,1,1,1,1,900,OVERHEAD,,1
sb2_p1uhs0_1247_43,ABC,sb2_p1uhs0_1247_node_2_5,sb2_p1uhs0_1247_node_2_6,"LINESTRING(-97.7125812985221 30.4200328733918, -97.7125831787822 30.4198896684055)",1,1,1,1,1,1,900,OVERHEAD,,1
sb2_p1uhs0_1247_355,ABC,sb2_p1uhs0_1247_node_2_13,sb2_p1uhs0_1247_bus_2_2,"LINESTRING(-97.7124923443999 30.4193158784485, -97.7127855303579 30.419461993174)",1,1,1,1,1,1,1200,OVERHEAD,,1
sb2_p1uhs0_1247_57,ABC,sb2_p1uhs0_1247_node_2_12,sb2_p1uhs0_1247_node_2_15,"LINESTRING(-97.7127283970981 30.4193182062739, -97.7127302770897 30.4191750012636)",1,1,1,1,1,1,1200,OVERHEAD,,1
sb2_p1uhs0_1247_61,ABC,sb2_p1uhs0_1247_node_2_16,sb2_p1uhs0_1247_bus_2_5,"LINESTRING(-97.7124942247361 30.4191726734514, -97.7125151492953 30.4190773974515)",1,1,1,1,1,1,1200,OVERHEAD,,1
sb2_p1uhs0_1247_357,ABC,sb2_p1uhs0_1247_node_2_14,sb2_p1uhs0_1247_bus_2_2,"LINESTRING(-97.7120989232976 30.4193119977915, -97.7127855303579 30.419461993174)",1,1,1,1,1,1,1200,OVERHEAD,,1
sb2_p1uhs0_1247_59,ABC,sb2_p1uhs0_1247_node_2_14,sb2_p1uhs0_1247_node_2_17,"LINESTRING(-97.7120989232976 30.4193119977915, -97.7121008042079 30.4191687928165)",1,1,1,1,1,1,1200,OVERHEAD,,1
sb2_p1uhs0_1247_351,ABC,sb2_p1uhs0_1247_node_2_5,p1uhs0_69,"LINESTRING(-97.7125812985221 30.4200328733918, -97.7125800450079 30.4201283433809)",1,1,1,1,1,1,900,OVERHEAD,,1
sb2_p1uhs0_1247_353,ABC,sb2_p1uhs0_1247_node_2_18,sb2_p1uhs0_1247_bus_2_1,"LINESTRING(-97.7123294908891 30.419732007525, -97.7127024592069 30.419795362312)",1,1,1,1,1,1,900,OVERHEAD,,1
padswitch(r:p1udt7188-p1udt9596)p1u_233215,B,p1udt7188,p1udt7188-p1udt9596x,"LINESTRING(-97.7114340968325 30.4268049008765, -97.7114859365503 30.4267934842054)",0.001,,,0.001,,,151,OVERHEAD,,1
padswitch(r:p1udt7188-p1udt9596)p1u_233216,B,p1udt7188-p1udt9596xx,p1udt9596,"LINESTRING(-97.7115345249348 30.4267818391801, -97.7115832455477 30.4267741796354)",0.001,,,0.001,,,301,OVERHEAD,,1
padswitch(r:p1udt21221-p1udt7188)p1u_233217,B,p1udt7188,p1udt21221-p1udt7188xx,"LINESTRING(-97.7114340968325 30.4268049008765, -97.7114083287232 30.4267622234202)",0.001,,,0.001,,,151,OVERHEAD,,1
padswitch(r:p1udt21221-p1udt7188)p1u_233218,B,p1udt21221-p1udt7188x,p1udt21221,"LINESTRING(-97.7121190804935 30.4271803676645, -97.7120731469778 30.4271657775422)",0.001,,,0.001,,,205,OVERHEAD,,1
padswitch(r:p1udt7188-p1udt8815)p1u_233219,B,p1udt8815,p1udt7188-p1udt8815xx,"LINESTRING(-97.710803249831 30.4265356554735, -97.7107740861992 30.4264965307091)",0.001,,,0.001,,,151,OVERHEAD,,1
padswitch(r:p1udt7188-p1udt8815)p1u_233220,B,p1udt7188-p1udt8815x,p1udt7188,"LINESTRING(-97.7113826653452 30.4268162959273, -97.7114340968325 30.4268049008765)",0.001,,,0.001,,,151,OVERHEAD,,1
padswitch(r:p1udt2696-p1udt3303)p1u_233221,B,p1udt3303,p1udt2696-p1udt3303xx,"LINESTRING(-97.7114544143355 30.4276882089084, -97.711406249208 30.4277050496343)",0.001,,,0.001,,,151,OVERHEAD,,1
padswitch(r:p1udt2696-p1udt3303)p1u_233222,B,p1udt2696-p1udt3303x,p1udt2696,"LINESTRING(-97.7119512296691 30.4280720916749, -97.7119048900816 30.4280856848286)",0.001,,,0.001,,,151,OVERHEAD,,1
padswitch(r:p1udt1561-p1udt3303)p1u_233223,B,p1udt1561,p1udt1561-p1udt3303x,"LINESTRING(-97.7110309009398 30.4274313860924, -97.7110379414116 30.4273867711921)",0.001,,,0.001,,,151,OVERHEAD,,1
padswitch(r:p1udt1561-p1udt3303)p1u_233224,B,p1udt1561-p1udt3303xx,p1udt3303,"LINESTRING(-97.7114614546383 30.4276435939819, -97.7114544143355 30.4276882089084)",0.001,,,0.001,,,151,OVERHEAD,,1
padswitch(r:p1udt1561-p1udt9194)p1u_233225,B,p1udt9194,p1udt1561-p1udt9194xx,"LINESTRING(-97.7106077458005 30.4271474967694, -97.7105595808087 30.4271643371875)",0.001,,,0.001,,,151,OVERHEAD,,1
padswitch(r:p1udt1561-p1udt9194)p1u_233226,B,p1udt1561-p1udt9194x,p1udt1561,"LINESTRING(-97.7110720539251 30.4274588397121, -97.7110309009398 30.4274313860924)",0.001,,,0.001,,,151,OVERHEAD,,1
padswitch(r:p1udt8815-p1udt9194)p1u_233227,B,p1udt8815,p1udt8815-p1udt9194x,"LINESTRING(-97.710803249831 30.4265356554735, -97.7108319927499 30.4265750499081)",0.001,,,0.001,,,151,OVERHEAD,,1
padswitch(r:p1udt8815-p1udt9194)p1u_233228,B,p1udt8815-p1udt9194xx,p1udt9194,"LINESTRING(-97.7106488985459 30.4271749505169, -97.7106077458005 30.4271474967694)",0.001,,,0.001,,,151,OVERHEAD,,1
padswitch(r:p1udt6307-p1udt8815)p1u_233229,B,p1udt6307,p1udt6307-p1udt8815x,"LINESTRING(-97.7110368612281 30.4261862844304, -97.7110780137056 30.4262137380384)",0.001,,,0.001,,,151,OVERHEAD,,1
padswitch(r:p1udt6307-p1udt8815)p1u_233230,B,p1udt6307-p1udt8815xx,p1udt8815,"LINESTRING(-97.7107580390778 30.4265609229117, -97.710803249831 30.4265356554735)",0.001,,,0.001,,,151,OVERHEAD,,1
padswitch(r:p1udt13037-p1udt6307)p1u_233231,B,p1udt13037-p1udt6307x,p1udt13037-p1udt6307xx,"LINESTRING(-97.7112660698893 30.4257564984701, -97.7112959618024 30.4257203145743)",0.001,,,0.001,,,151,OVERHEAD,,1
padswitch(r:p1udt13037-p1udt6307)p1u_233232,B,p1udt13037-p1udt6307xxx,p1udt6307,"LINESTRING(-97.7109886967828 30.4262031250251, -97.7110368612281 30.4261862844304)",0.001,,,0.001,,,151,OVERHEAD,,1
padswitch(r:p1udt18354-p1udt18752)p1u_233233,A,p1udt18752,p1udt18354-p1udt18752xx,"LINESTRING(-97.7127383711381 30.4266451978542, -97.712745410766 30.4266005828325)",0.001,,,0.001,,,205,OVERHEAD,,1
padswitch(r:p1udt18354-p1udt18752)p1u_233234,A,p1udt18354-p1udt18752x,p1udt18354,"LINESTRING(-97.7128312295814 30.4267414070181, -97.7128696805069 30.4267676038346)",0.001,,,0.001,,,205,OVERHEAD,,1
padswitch(r:p1udt16004-p1udt18752)p1u_233235,A,p1udt16004,p1udt16004-p1udt18752x,"LINESTRING(-97.7124602498487 30.426416882129, -97.7124672895822 30.4263722671239)",0.001,,,0.001,,,151,OVERHEAD,,1
padswitch(r:p1udt16004-p1udt18752)p1u_233236,A,p1udt16004-p1udt18752xx,p1udt18752,"LINESTRING(-97.7126902067325 30.4266620390776, -97.7127383711381 30.4266451978542)",0.001,,,0.001,,,205,OVERHEAD,,1
padswitch(r:p1udt16004-p1udt4789)p1u_233237,A,p1udt4789,p1udt16004-p1udt4789xx,"LINESTRING(-97.7122329969865 30.4262792967402, -97.7122741498516 30.4263067499814)",0.001,,,0.001,,,151,OVERHEAD,,1
padswitch(r:p1udt16004-p1udt4789)p1u_233238,A,p1udt16004-p1udt4789x,p1udt16004,"LINESTRING(-97.712412085513 30.4264337232521, -97.7124602498487 30.426416882129)",0.001,,,0.001,,,151,OVERHEAD,,1
padswitch(r:p1udt14743-p1udt4789)p1u_233239,A,p1udt14743,p1udt14743-p1udt4789x,"LINESTRING(-97.7119848053282 30.4261505272565, -97.7120259580681 30.4261779805729)",0.001,,,0.001,,,151,OVERHEAD,,1
padswitch(r:p1udt14743-p1udt4789)p1u_233240,A,p1udt14743-p1udt4789xx,p1udt4789,"LINESTRING(-97.7122400368108 30.4262346817492, -97.7122329969865 30.4262792967402)",0.001,,,0.001,,,151,OVERHEAD,,1
padswitch(r:p1udt14512-p1udt14743)p1u_233241,A,p1udt14512,p1udt14512-p1udt14743x,"LINESTRING(-97.7119019958924 30.4261136184839, -97.7119090358519 30.4260690035137)",0.001,,,0.001,,,205,OVERHEAD,,1
padswitch(r:p1udt14512-p1udt14743)p1u_233242,A,p1udt14512-p1udt14743xx,p1udt14743,"LINESTRING(-97.7119918452535 30.426105912281, -97.7119848053282 30.4261505272565)",0.001,,,0.001,,,151,OVERHEAD,,1
padswitch(r:p1udt14512-p1udt19135)p1u_233243,A,p1udt19135,p1udt14512-p1udt19135xx,"LINESTRING(-97.7116432761015 30.4259937673741, -97.7116503161675 30.4259491524201)",0.001,,,0.001,,,151,OVERHEAD,,1
padswitch(r:p1udt14512-p1udt19135)p1u_233244,A,p1udt14512-p1udt19135x,p1udt14512,"LINESTRING(-97.7118538316197 30.4261304594034, -97.7119019958924 30.4261136184839)",0.001,,,0.001,,,151,OVERHEAD,,1
padswitch(r:p1udt13037-p1udt19135)p1u_233245,A,p1udt13037-p1udt19135x,p1udt13037-p1udt19135xx,"LINESTRING(-97.7111816998544 30.4258138316529, -97.7111324803886 30.4258266789027)",0.001,,,0.001,,,151,OVERHEAD,,1
padswitch(r:p1udt13037-p1udt19135)p1u_233246,A,p1udt13037-p1udt19135xxx,p1udt19135,"LINESTRING(-97.7116844286775 30.4260212207942, -97.7116432761015 30.4259937673741)",0.001,,,0.001,,,151,OVERHEAD,,1
padswitch(r:p1udt14742-p1udt1559)p1u_233247,C,p1udt1559,p1udt14742-p1udt1559xx,"LINESTRING(-97.7080898586415 30.4246413029528, -97.7080416945009 30.4246581424711)",0.001,,,0.001,,,151,OVERHEAD,,1
padswitch(r:p1udt14742-p1udt1559)p1u_233248,C,p1udt14742-p1udt1559x,p1udt14742,"LINESTRING(-97.7080768243309 30.4248718108253, -97.7081152732176 30.4248980089922)",0.001,,,0.001,,,205,OVERHEAD,,1
padswitch(r:p1udt1559-p1udt2694)p1u_233249,C,p1udt2694,p1udt1559-p1udt2694xx,"LINESTRING(-97.7086944621298 30.4245931863794, -97.7086453646254 30.4245741217542)",0.001,,,0.001,,,205,OVERHEAD,,1
padswitch(r:p1udt1559-p1udt2694)p1u_233250,C,p1udt1559-p1udt2694x,p1udt1559,"LINESTRING(-97.7081310096259 30.424668757454, -97.7080898586415 30.4246413029528)",0.001,,,0.001,,,205,OVERHEAD,,1
padswitch(r:p1udt13955-p1udt2694)p1u_233251,C,p1udt2694,p1udt13955-p1udt2694xx,"LINESTRING(-97.7086944621298 30.4245931863794, -97.7087436735463 30.4246118876341)",0.001,,,0.001,,,205,OVERHEAD,,1
padswitch(r:p1udt13955-p1udt2694)p1u_233252,C,p1udt13955-p1udt2694x,p1udt13955,"LINESTRING(-97.7082644076818 30.4241917897457, -97.7082184761754 30.424177198317)",0.001,,,0.001,,,205,OVERHEAD,,1
padswitch(r:p1udt2694-p1udt3300)p1u_233253,C,p1udt3300,p1udt2694-p1udt3300xx,"LINESTRING(-97.7090461786785 30.4247590390877, -97.7090873299905 30.4247864932959)",0.001,,,0.001,,,205,OVERHEAD,,1
padswitch(r:p1udt2694-p1udt3300)p1u_233254,C,p1udt2694-p1udt3300x,p1udt2694,"LINESTRING(-97.7086723667758 30.4246356517164, -97.7086944621298 30.4245931863794)",0.001,,,0.001,,,205,OVERHEAD,,1
padswitch(r:p1udt3300-p1udt9193)p1u_233255,C,p1udt9193,p1udt3300-p1udt9193xx,"LINESTRING(-97.7093979908044 30.4249249302086, -97.7093498267288 30.4249417702113)",0.001,,,0.001,,,151,OVERHEAD,,1
padswitch(r:p1udt3300-p1udt9193)p1u_233256,C,p1udt3300-p1udt9193x,p1udt3300,"LINESTRING(-97.7090532198111 30.4247144242971, -97.7090461786785 30.4247590390877)",0.001,,,0.001,,,205,OVERHEAD,,1
padswitch(r:p1udt13036-p1udt9193)p1u_233257,C,p1udt13036,p1udt13036-p1udt9193x,"LINESTRING(-97.7097602144778 30.4250909233117, -97.7098013661342 30.4251183773032)",0.001,,,0.001,,,151,OVERHEAD,,1
padswitch(r:p1udt13036-p1udt9193)p1u_233258,C,p1udt13036-p1udt9193xx,p1udt9193,"LINESTRING(-97.7094050317924 30.4248803153958, -97.7093979908044 30.4249249302086)",0.001,,,0.001,,,151,OVERHEAD,,1
padswitch(r:p1udt13036-p1udt17157)p1u_233259,C,p1udt17157,p1udt13036-p1udt17157xx,"LINESTRING(-97.7101120290558 30.4252568125686, -97.7100638649275 30.4252736528329)",0.001,,,0.001,,,151,OVERHEAD,,1
padswitch(r:p1udt13036-p1udt17157)p1u_233260,C,p1udt13036-p1udt17157x,p1udt13036,"LINESTRING(-97.7097672553165 30.4250463084761, -97.7097602144778 30.4250909233117)",0.001,,,0.001,,,151,OVERHEAD,,1
padswitch(r:p1udt17157-p1udt20024)p1u_233261,C,p1udt17157-p1udt20024xxx,p1udt17157-p1udt20024xx,"LINESTRING(-97.7106425758908 30.4254772796629, -97.7106487122126 30.4254346761535)",0.001,,,0.001,,,151,OVERHEAD,,1
padswitch(r:p1udt17157-p1udt20024)p1u_233262,C,p1udt17157-p1udt20024x,p1udt17157,"LINESTRING(-97.7101531808828 30.4252842664533, -97.7101120290558 30.4252568125686)",0.001,,,0.001,,,151,OVERHEAD,,1
padswitch(r:p1udt12374-p1udt21913)p1u_233269,A,p1udt21913,p1udt12374-p1udt21913xx,"LINESTRING(-97.7125238900158 30.4255423263742, -97.712474791243 30.4255232631572)",0.001,,,0.001,,,151,OVERHEAD,,1
padswitch(r:p1udt12374-p1udt21913)p1u_233270,A,p1udt12374-p1udt21913x,p1udt12374,"LINESTRING(-97.7127251401774 30.4253057187075, -97.7127635905248 30.4253319155439)",0.001,,,0.001,,,205,OVERHEAD,,1
padswitch(r:p1udt14504-p1udt8805)p1u_233271,A,p1udt14504,p1udt14504-p1udt8805x,"LINESTRING(-97.712803099303 30.4256803852122, -97.7128101388154 30.4256357701778)",0.001,,,0.001,,,151,OVERHEAD,,1
padswitch(r:p1udt14504-p1udt8805)p1u_233272,A,p1udt14504-p1udt8805xx,p1udt8805,"LINESTRING(-97.7131147285516 30.4258908891547, -97.7130687954712 30.4258762993931)",0.001,,,0.001,,,205,OVERHEAD,,1
padswitch(r:p1udt14504-p1udt21913)p1u_233273,A,p1udt21913,p1udt14504-p1udt21913xx,"LINESTRING(-97.7125238900158 30.4255423263742, -97.7125731026879 30.425561026217)",0.001,,,0.001,,,151,OVERHEAD,,1
padswitch(r:p1udt14504-p1udt21913)p1u_233274,A,p1udt14504-p1udt21913x,p1udt14504,"LINESTRING(-97.7127549353881 30.4256972264759, -97.712803099303 30.4256803852122)",0.001,,,0.001,,,151,OVERHEAD,,1
padswitch(r:p1udt21912-p1udt21913)p1u_233275,A,p1udt21912,p1udt21912-p1udt21913x,"LINESTRING(-97.7121926952947 30.425385459944, -97.7122414315198 30.4253698848675)",0.001,,,0.001,,,151,OVERHEAD,,1
padswitch(r:p1udt21912-p1udt21913)p1u_233276,A,p1udt21912-p1udt21913xx,p1udt21913,"LINESTRING(-97.7125017960665 30.4255847923951, -97.7125238900158 30.4255423263742)",0.001,,,0.001,,,151,OVERHEAD,,1
padswitch(r:p1udt21912-p1udt24269)p1u_233277,A,p1udt21912-p1udt24269xxx,p1udt21912-p1udt24269xx,"LINESTRING(-97.7117787787505 30.4251099846681, -97.7117399362827 30.4250823166926)",0.001,,,0.001,,,151,OVERHEAD,,1
padswitch(r:p1udt21912-p1udt24269)p1u_233278,A,p1udt21912-p1udt24269x,p1udt21912,"LINESTRING(-97.7121841412285 30.4254298787449, -97.7121926952947 30.425385459944)",0.001,,,0.001,,,151,OVERHEAD,,1
padswitch(r:p1udt11361-p1udt3785)p1u_233285,C,p1udt3785,p1udt11361-p1udt3785xx,"LINESTRING(-97.7134122219177 30.4260743755027, -97.7133640579027 30.4260912169876)",0.001,,,0.001,,,205,OVERHEAD,,1
padswitch(r:p1udt11361-p1udt3785)p1u_233286,C,p1udt11361-p1udt3785x,p1udt11361,"LINESTRING(-97.7136969301087 30.4258282601294, -97.7137361222138 30.4258029023424)",0.001,,,0.001,,,205,OVERHEAD,,1
padswitch(r:p1udt14223-p1udt3785)p1u_233287,C,p1udt14223,p1udt14223-p1udt3785x,"LINESTRING(-97.713554889985 30.4263103772434, -97.7135960432491 30.4263378300785)",0.001,,,0.001,,,151,OVERHEAD,,1
padswitch(r:p1udt14223-p1udt3785)p1u_233288,C,p1udt14223-p1udt3785xx,p1udt3785,"LINESTRING(-97.7134533750435 30.4261018283798, -97.7134122219177 30.4260743755027)",0.001,,,0.001,,,205,OVERHEAD,,1
padswitch(r:p1udt14223-p1udt298)p1u_233289,C,p1udt298,p1udt14223-p1udt298xx,"LINESTRING(-97.7138329125783 30.4265475410854, -97.7138243591299 30.4265919600046)",0.001,,,0.001,,,205,OVERHEAD,,1
padswitch(r:p1udt14223-p1udt298)p1u_233290,C,p1udt14223-p1udt298x,p1udt14223,"LINESTRING(-97.713506725875 30.4263272187777, -97.713554889985 30.4263103772434)",0.001,,,0.001,,,151,OVERHEAD,,1
padswitch(r:p1udt298-p1udt5810)p1u_233291,C,p1udt298-p1udt5810xxx,p1udt298-p1udt5810xx,"LINESTRING(-97.714443646315 30.4268551128602, -97.7144620341761 30.4268145540839)",0.001,,,0.001,,,151,OVERHEAD,,1
padswitch(r:p1udt298-p1udt5810)p1u_233292,C,p1udt298-p1udt5810x,p1udt298,"LINESTRING(-97.7138816491511 30.4265319654082, -97.7138329125783 30.4265475410854)",0.001,,,0.001,,,151,OVERHEAD,,1
padswitch(r:p1udt16005-p1udt4302)p1u_233293,A,p1udt4302,p1udt16005-p1udt4302xx,"LINESTRING(-97.7135001055145 30.4273113799325, -97.7134519408974 30.4273282214297)",0.001,,,0.001,,,205,OVERHEAD,,1
padswitch(r:p1udt16005-p1udt4302)p1u_233294,A,p1udt16005-p1udt4302x,p1udt16005,"LINESTRING(-97.7131935004965 30.4270285519544, -97.7131475668766 30.4270139622075)",0.001,,,0.001,,,205,OVERHEAD,,1
padswitch(r:p1udt1536-p1udt4302)p1u_233295,A,p1udt1536-p1udt4302x,p1udt1536-p1udt4302xx,"LINESTRING(-97.7142186609245 30.4272094899742, -97.7141748092792 30.4271881836843)",0.001,,,0.001,,,151,OVERHEAD,,1
padswitch(r:p1udt1536-p1udt4302)p1u_233296,A,p1udt1536-p1udt4302xxx,p1udt4302,"LINESTRING(-97.7135412591722 30.4273388327924, -97.7135001055145 30.4273113799325)",0.001,,,0.001,,,151,OVERHEAD,,1
padswitch(r:p1udt12041-p1udt4776)p1u_233297,C,p1udt12041,p1udt12041-p1udt4776x,"LINESTRING(-97.7125731007326 30.4275963053004, -97.7126218379987 30.4275807301108)",0.001,,,0.001,,,205,OVERHEAD,,1
padswitch(r:p1udt12041-p1udt4776)p1u_233298,C,p1udt12041-p1udt4776xx,p1udt4776,"LINESTRING(-97.7124695285324 30.4274546249717, -97.7124231893051 30.4274682183211)",0.001,,,0.001,,,151,OVERHEAD,,1
padswitch(r:p1udt12041-p1udt5306)p1u_233299,C,p1udt5306,p1udt12041-p1udt5306xx,"LINESTRING(-97.7131358588576 30.4280926105329, -97.7131845963089 30.4280770351449)",0.001,,,0.001,,,151,OVERHEAD,,1
padswitch(r:p1udt12041-p1udt5306)p1u_233300,C,p1udt12041-p1udt5306x,p1udt12041,"LINESTRING(-97.7125328759308 30.4275678266997, -97.7125731007326 30.4275963053004)",0.001,,,0.001,,,151,OVERHEAD,,1
padswitch(r:p1udt10695-p1udt5306)p1u_233301,C,p1udt10695-p1udt5306x,p1udt10695-p1udt5306xx,"LINESTRING(-97.7136407172033 30.4281958864307, -97.7136115840729 30.4282313962444)",0.001,,,0.001,,,301,OVERHEAD,,1
padswitch(r:p1udt10695-p1udt5306)p1u_233302,C,p1udt10695-p1udt5306xxx,p1udt5306,"LINESTRING(-97.7131273049333 30.4281370293832, -97.7131358588576 30.4280926105329)",0.001,,,0.001,,,151,OVERHEAD,,1
padswitch(r:p1udt5802-p1udt9173)p1u_233303,C,p1udt5802,p1udt5802-p1udt9173x,"LINESTRING(-97.7182214948175 30.4325189342644, -97.7182285324842 30.4324743189267)",0.001,,,0.001,,,151,OVERHEAD,,1
padswitch(r:p1udt5802-p1udt9173)p1u_233304,C,p1udt5802-p1udt9173xx,p1udt9173,"LINESTRING(-97.7180318465494 30.4327206399273, -97.7180703012089 30.4327468352949)",0.001,,,0.001,,,205,OVERHEAD,,1
padswitch(r:p1udt15261-p1udt5802)p1u_233305,C,p1udt15261,p1udt15261-p1udt5802x,"LINESTRING(-97.7184127888286 30.4322230568615, -97.7184539459319 30.4322505082504)",0.001,,,0.001,,,151,OVERHEAD,,1
padswitch(r:p1udt15261-p1udt5802)p1u_233306,C,p1udt15261-p1udt5802xx,p1udt5802,"LINESTRING(-97.718262651986 30.4325463857144, -97.7182214948175 30.4325189342644)",0.001,,,0.001,,,205,OVERHEAD,,1
padswitch(r:p1udt15261-p1udt2090)p1u_233307,C,p1udt2090,p1udt15261-p1udt2090xx,"LINESTRING(-97.7186120055612 30.4319310702448, -97.7186579423449 30.4319456581469)",0.001,,,0.001,,,151,OVERHEAD,,1
padswitch(r:p1udt15261-p1udt2090)p1u_233308,C,p1udt15261-p1udt2090x,p1udt15261,"LINESTRING(-97.7184198263822 30.4321784415084, -97.7184127888286 30.4322230568615)",0.001,,,0.001,,,151,OVERHEAD,,1
padswitch(r:p1udt4290-p1udt6288)p1u_233309,C,p1udt6288,p1udt4290-p1udt6288xx,"LINESTRING(-97.7175625958533 30.4311500026054, -97.717603752269 30.4311774542472)",0.001,,,0.001,,,165,OVERHEAD,,1
padswitch(r:p1udt4290-p1udt6288)p1u_233310,C,p1udt4290-p1udt6288x,p1udt4290,"LINESTRING(-97.7181545245675 30.4314264090887, -97.718108588106 30.4314118210174)",0.001,,,0.001,,,115,OVERHEAD,,1
padswitch(r:p1udt16706-p1udt6288)p1u_233311,C,p1udt16706,p1udt16706-p1udt6288x,"LINESTRING(-97.7172003534561 30.4309838589285, -97.7171918010616 30.4310282780716)",0.001,,,0.001,,,151,OVERHEAD,,1
padswitch(r:p1udt16706-p1udt6288)p1u_233312,C,p1udt16706-p1udt6288xx,p1udt6288,"LINESTRING(-97.7175144299653 30.4311668455584, -97.7175625958533 30.4311500026054)",0.001,,,0.001,,,165,OVERHEAD,,1
padswitch(r:p1udt13018-p1udt16706)p1u_233313,C,p1udt13018,p1udt13018-p1udt16706x,"LINESTRING(-97.7167449695679 30.4307720270594, -97.716696803739 30.4307888697128)",0.001,,,0.001,,,151,OVERHEAD,,1
padswitch(r:p1udt13018-p1udt16706)p1u_233314,C,p1udt13018-p1udt16706xx,p1udt16706,"LINESTRING(-97.7172490917748 30.4309682820519, -97.7172003534561 30.4309838589285)",0.001,,,0.001,,,165,OVERHEAD,,1
padswitch(r:p1udt13018-p1udt4289)p1u_233315,C,p1udt4289,p1udt13018-p1udt4289xx,"LINESTRING(-97.7162896223403 30.4305598509306, -97.7163383605774 30.4305442743912)",0.001,,,0.001,,,165,OVERHEAD,,1
padswitch(r:p1udt13018-p1udt4289)p1u_233316,C,p1udt13018-p1udt4289x,p1udt13018,"LINESTRING(-97.7167520077481 30.4307274118053, -97.7167449695679 30.4307720270594)",0.001,,,0.001,,,151,OVERHEAD,,1
padswitch(r:p1udt3768-p1udt4289)p1u_233317,C,p1udt3768,p1udt3768-p1udt4289x,"LINESTRING(-97.7157411526398 30.4303018139914, -97.7157898908264 30.4302862376551)",0.001,,,0.001,,,151,OVERHEAD,,1
padswitch(r:p1udt3768-p1udt4289)p1u_233318,C,p1udt3768-p1udt4289xx,p1udt4289,"LINESTRING(-97.716249395248 30.4305313734283, -97.7162896223403 30.4305598509306)",0.001,,,0.001,,,151,OVERHEAD,,1
padswitch(r:p1udt3261-p1udt3768)p1u_233319,C,p1udt3261-p1udt3768x,p1udt3261-p1udt3768xx,"LINESTRING(-97.7154295049348 30.430153856884, -97.7153856517176 30.4301325509651)",0.001,,,0.001,,,205,OVERHEAD,,1
padswitch(r:p1udt3261-p1udt3768)p1u_233320,C,p1udt3261-p1udt3768xxx,p1udt3768,"LINESTRING(-97.7157325996589 30.4303462330262, -97.7157411526398 30.4303018139914)",0.001,,,0.001,,,151,OVERHEAD,,1
padswitch(r:p1udt10678-p1udt15998)p1u_233321,A,p1udt15998,p1udt10678-p1udt15998xx,"LINESTRING(-97.7177434316961 30.4332450937243, -97.7177504696442 30.433200478425)",0.001,,,0.001,,,151,OVERHEAD,,1
padswitch(r:p1udt10678-p1udt15998)p1u_233322,A,p1udt10678-p1udt15998x,p1udt10678,"LINESTRING(-97.71755327154 30.433481540938, -97.7175924658278 30.4334561820809)",0.001,,,0.001,,,165,OVERHEAD,,1
padswitch(r:p1udt14731-p1udt15998)p1u_233323,A,p1udt14731,p1udt14731-p1udt15998x,"LINESTRING(-97.7177860209185 30.4331733289023, -97.7177378540578 30.4331901719053)",0.001,,,0.001,,,151,OVERHEAD,,1
padswitch(r:p1udt14731-p1udt15998)p1u_233324,A,p1udt14731-p1udt15998xx,p1udt15998,"LINESTRING(-97.717695264793 30.4332619367102, -97.7177434316961 30.4332450937243)",0.001,,,0.001,,,165,OVERHEAD,,1
padswitch(r:p1udt12034-p1udt14731)p1u_233325,A,p1udt12034,p1udt12034-p1udt14731x,"LINESTRING(-97.717881610379 30.4330299014856, -97.7179227676574 30.4330573530443)",0.001,,,0.001,,,151,OVERHEAD,,1
padswitch(r:p1udt12034-p1udt14731)p1u_233326,A,p1udt12034-p1udt14731xx,p1udt14731,"LINESTRING(-97.7178271782277 30.4332007804914, -97.7177860209185 30.4331733289023)",0.001,,,0.001,,,151,OVERHEAD,,1
padswitch(r:p1udt12034-p1udt17568)p1u_233327,A,p1udt17568,p1udt12034-p1udt17568xx,"LINESTRING(-97.7176228648846 30.4329100616224, -97.7175746981294 30.4329269045687)",0.001,,,0.001,,,151,OVERHEAD,,1
padswitch(r:p1udt12034-p1udt17568)p1u_233328,A,p1udt12034-p1udt17568x,p1udt12034,"LINESTRING(-97.7178886482453 30.4329852861752, -97.717881610379 30.4330299014856)",0.001,,,0.001,,,151,OVERHEAD,,1
padswitch(r:p1udt17568-p1udt891)p1u_233329,A,p1udt891,p1udt17568-p1udt891xx,"LINESTRING(-97.7173641200371 30.432790221262, -97.7174052770662 30.4328176729778)",0.001,,,0.001,,,151,OVERHEAD,,1
padswitch(r:p1udt17568-p1udt891)p1u_233330,A,p1udt17568-p1udt891x,p1udt17568,"LINESTRING(-97.7176640220384 30.4329375132596, -97.7176228648846 30.4329100616224)",0.001,,,0.001,,,151,OVERHEAD,,1
padswitch(r:p1udt4291-p1udt891)p1u_233331,A,p1udt4291,p1udt4291-p1udt891x,"LINESTRING(-97.7167535225633 30.4325045090828, -97.7167605608942 30.4324598938433)",0.001,,,0.001,,,151,OVERHEAD,,1
padswitch(r:p1udt4291-p1udt891)p1u_233332,A,p1udt4291-p1udt891xx,p1udt891,"LINESTRING(-97.7173159533008 30.4328070641136, -97.7173641200371 30.432790221262)",0.001,,,0.001,,,151,OVERHEAD,,1
padswitch(r:p1udt17145-p1udt4291)p1u_233333,A,p1udt17145,p1udt17145-p1udt4291x,"LINESTRING(-97.7164018059926 30.43232944374, -97.7163615781595 30.432300966258)",0.001,,,0.001,,,205,OVERHEAD,,1
padswitch(r:p1udt17145-p1udt4291)p1u_233334,A,p1udt17145-p1udt4291xx,p1udt4291,"LINESTRING(-97.7167946792971 30.432531960984, -97.7167535225633 30.4325045090828)",0.001,,,0.001,,,151,OVERHEAD,,1
padswitch(r:p1udt17145-p1udt890)p1u_233335,A,p1udt890,p1udt17145-p1udt890xx,"LINESTRING(-97.7159360240171 30.4321173352087, -97.7158957964096 30.4320888575886)",0.001,,,0.001,,,151,OVERHEAD,,1
padswitch(r:p1udt17145-p1udt890)p1u_233336,A,p1udt17145-p1udt890x,p1udt17145,"LINESTRING(-97.7163932530975 30.432373862808, -97.7164018059926 30.43232944374)",0.001,,,0.001,,,205,OVERHEAD,,1
padswitch(r:p1udt890-p1udt9930)p1u_233337,A,p1udt890-p1udt9930xxx,p1udt890-p1udt9930xx,"LINESTRING(-97.7159170866332 30.4315019784826, -97.7158841105 30.4315354135125)",0.001,,,0.001,,,205,OVERHEAD,,1
padswitch(r:p1udt890-p1udt9930)p1u_233338,A,p1udt890-p1udt9930x,p1udt890,"LINESTRING(-97.7159274709342 30.4321617542421, -97.7159360240171 30.4321173352087)",0.001,,,0.001,,,205,OVERHEAD,,1
padswitch(r:p1udt16480-p1udt23017)p1u_233339,B,p1udt16480,p1udt16480-p1udt23017x,"LINESTRING(-97.7178204171244 30.4321360325853, -97.7178274549388 30.4320914172712)",0.001,,,0.001,,,205,OVERHEAD,,1
padswitch(r:p1udt16480-p1udt23017)p1u_233340,B,p1udt16480-p1udt23017xx,p1udt23017,"LINESTRING(-97.7179466834907 30.4321913148139, -97.7179007467086 30.4321767266617)",0.001,,,0.001,,,151,OVERHEAD,,1
padswitch(r:p1udt16480-p1udt23136)p1u_233341,B,p1udt23136,p1udt16480-p1udt23136xx,"LINESTRING(-97.7177377184144 30.4320901055938, -97.7176895520858 30.4321069485967)",0.001,,,0.001,,,151,OVERHEAD,,1
padswitch(r:p1udt16480-p1udt23136)p1u_233342,B,p1udt16480-p1udt23136x,p1udt16480,"LINESTRING(-97.717772250786 30.4321528756184, -97.7178204171244 30.4321360325853)",0.001,,,0.001,,,151,OVERHEAD,,1
padswitch(r:p1udt15750-p1udt23136)p1u_233343,B,p1udt15750,p1udt15750-p1udt23136x,"LINESTRING(-97.7174789755449 30.4319702655044, -97.7175201322719 30.4319977171784)",0.001,,,0.001,,,151,OVERHEAD,,1
padswitch(r:p1udt15750-p1udt23136)p1u_233344,B,p1udt15750-p1udt23136xx,p1udt23136,"LINESTRING(-97.7177447562622 30.4320454902847, -97.7177377184144 30.4320901055938)",0.001,,,0.001,,,151,OVERHEAD,,1
padswitch(r:p1udt15750-p1udt9931)p1u_233345,B,p1udt9931,p1udt15750-p1udt9931xx,"LINESTRING(-97.7171374343761 30.4318133479443, -97.7170972065267 30.4317848706869)",0.001,,,0.001,,,151,OVERHEAD,,1
padswitch(r:p1udt15750-p1udt9931)p1u_233346,B,p1udt15750-p1udt9931x,p1udt15750,"LINESTRING(-97.7174308092351 30.4319871084125, -97.7174789755449 30.4319702655044)",0.001,,,0.001,,,151,OVERHEAD,,1
padswitch(r:p1udt20646-p1udt9931)p1u_233347,B,p1udt20646,p1udt20646-p1udt9931x,"LINESTRING(-97.7168100121688 30.4316613778603, -97.7167618460402 30.4316782203838)",0.001,,,0.001,,,151,OVERHEAD,,1
padswitch(r:p1udt20646-p1udt9931)p1u_233348,B,p1udt20646-p1udt9931xx,p1udt9931,"LINESTRING(-97.7171861731215 30.4317977711052, -97.7171374343761 30.4318133479443)",0.001,,,0.001,,,151,OVERHEAD,,1
padswitch(r:p1udt17144-p1udt20646)p1u_233349,B,p1udt17144,p1udt17144-p1udt20646x,"LINESTRING(-97.7167027508173 30.4316107422536, -97.7166545845641 30.4316275848773)",0.001,,,0.001,,,301,OVERHEAD,,1
padswitch(r:p1udt17144-p1udt20646)p1u_233350,B,p1udt17144-p1udt20646xx,p1udt20646,"LINESTRING(-97.7168170503287 30.4316167624681, -97.7168100121688 30.4316613778603)",0.001,,,0.001,,,151,OVERHEAD,,1
padswitch(r:p1udt17144-p1udt9930)p1u_233351,B,p1udt17144-p1udt9930xxx,p1udt17144-p1udt9930xx,"LINESTRING(-97.7160014557657 30.4314834309264, -97.7160495507121 30.4314975452092)",0.001,,,0.001,,,205,OVERHEAD,,1
padswitch(r:p1udt17144-p1udt9930)p1u_233352,B,p1udt17144-p1udt9930x,p1udt17144,"LINESTRING(-97.7167097890915 30.4315661270097, -97.7167027508173 30.4316107422536)",0.001,,,0.001,,,301,OVERHEAD,,1
padswitch(r:p1udt6287-p1udt9575)p1u_233367,C,p1udt6287,p1udt6287-p1udt9575x,"LINESTRING(-97.7186204455434 30.4298791392014, -97.718627482794 30.429834523814)",0.001,,,0.001,,,151,OVERHEAD,,1
padswitch(r:p1udt6287-p1udt9575)p1u_233368,C,p1udt6287-p1udt9575xx,p1udt9575,"LINESTRING(-97.7190260347397 30.4300725059703, -97.7189800987638 30.4300579182174)",0.001,,,0.001,,,115,OVERHEAD,,1
padswitch(r:p1udt1523-p1udt6287)p1u_233369,C,p1udt1523,p1udt1523-p1udt6287x,"LINESTRING(-97.7182583065139 30.4297041481206, -97.7182101414558 30.4297209913577)",0.001,,,0.001,,,151,OVERHEAD,,1
padswitch(r:p1udt1523-p1udt6287)p1u_233370,C,p1udt1523-p1udt6287xx,p1udt6287,"LINESTRING(-97.7185722804553 30.4298959825711, -97.7186204455434 30.4298791392014)",0.001,,,0.001,,,115,OVERHEAD,,1
padswitch(r:p1udt1523-p1udt6299)p1u_233371,C,p1udt6299,p1udt1523-p1udt6299xx,"LINESTRING(-97.7177411628652 30.4294464655701, -97.7176920610757 30.4294274042421)",0.001,,,0.001,,,151,OVERHEAD,,1
padswitch(r:p1udt1523-p1udt6299)p1u_233372,C,p1udt1523-p1udt6299x,p1udt1523,"LINESTRING(-97.718265343913 30.4296595327559, -97.7182583065139 30.4297041481206)",0.001,,,0.001,,,151,OVERHEAD,,1
padswitch(r:p1udt15521-p1udt6729)p1u_233373,C,p1udt15521,p1udt15521-p1udt6729x,"LINESTRING(-97.7185209058844 30.4287322521152, -97.7185620615904 30.4287597034434)",0.001,,,0.001,,,151,OVERHEAD,,1
padswitch(r:p1udt15521-p1udt6729)p1u_233374,C,p1udt15521-p1udt6729xx,p1udt6729,"LINESTRING(-97.7188518559174 30.4282663267264, -97.7188055171008 30.4282799223548)",0.001,,,0.001,,,205,OVERHEAD,,1
padswitch(r:p1udt15274-p1udt15521)p1u_233375,C,p1udt15274,p1udt15274-p1udt15521x,"LINESTRING(-97.7183296194095 30.4290281300352, -97.7182814546993 30.4290449733102)",0.001,,,0.001,,,151,OVERHEAD,,1
padswitch(r:p1udt15274-p1udt15521)p1u_233376,C,p1udt15274-p1udt15521xx,p1udt15521,"LINESTRING(-97.7184727413518 30.4287490954667, -97.7185209058844 30.4287322521152)",0.001,,,0.001,,,151,OVERHEAD,,1
padswitch(r:p1udt15274-p1udt5811)p1u_233377,C,p1udt5811,p1udt15274-p1udt5811xx,"LINESTRING(-97.7181912117061 30.4292613665721, -97.7181982490961 30.4292167512081)",0.001,,,0.001,,,151,OVERHEAD,,1
padswitch(r:p1udt15274-p1udt5811)p1u_233378,C,p1udt15274-p1udt5811x,p1udt15274,"LINESTRING(-97.7183707751807 30.4290555814244, -97.7183296194095 30.4290281300352)",0.001,,,0.001,,,151,OVERHEAD,,1
padswitch(r:p1udt5811-p1udt6299)p1u_233379,C,p1udt6299,p1udt5811-p1udt6299xx,"LINESTRING(-97.7177411628652 30.4294464655701, -97.7177190701982 30.4294889324891)",0.001,,,0.001,,,151,OVERHEAD,,1
padswitch(r:p1udt5811-p1udt6299)p1u_233380,C,p1udt5811-p1udt6299x,p1udt5811,"LINESTRING(-97.7182323675323 30.4292888180058, -97.7181912117061 30.4292613665721)",0.001,,,0.001,,,151,OVERHEAD,,1
padswitch(r:p1udt18355-p1udt6299)p1u_233381,C,p1udt18355,p1udt18355-p1udt6299x,"LINESTRING(-97.7175032835532 30.429348717992, -97.7175103211927 30.4293041025333)",0.001,,,0.001,,,151,OVERHEAD,,1
padswitch(r:p1udt18355-p1udt6299)p1u_233382,C,p1udt18355-p1udt6299xx,p1udt6299,"LINESTRING(-97.71779037854 30.4294651635192, -97.7177411628652 30.4294464655701)",0.001,,,0.001,,,151,OVERHEAD,,1
padswitch(r:p1udt18355-p1udt912)p1u_233383,C,p1udt912,p1udt18355-p1udt912xx,"LINESTRING(-97.7171512111525 30.4291697712887, -97.7171109843549 30.4291412940552)",0.001,,,0.001,,,151,OVERHEAD,,1
padswitch(r:p1udt18355-p1udt912)p1u_233384,C,p1udt18355-p1udt912x,p1udt18355,"LINESTRING(-97.7174551186859 30.4293655608131, -97.7175032835532 30.429348717992)",0.001,,,0.001,,,151,OVERHEAD,,1
padswitch(r:p1udt18948-p1udt912)p1u_233385,C,p1udt18948,p1udt18948-p1udt912x,"LINESTRING(-97.716902846346 30.4290592650019, -97.7169243888549 30.429016564401)",0.001,,,0.001,,,151,OVERHEAD,,1
padswitch(r:p1udt18948-p1udt912)p1u_233386,C,p1udt18948-p1udt912xx,p1udt912,"LINESTRING(-97.7171426589255 30.4292141904444, -97.7171512111525 30.4291697712887)",0.001,,,0.001,,,151,OVERHEAD,,1
padswitch(r:p1udt18753-p1udt18948)p1u_233387,C,p1udt18948,p1udt18753-p1udt18948xx,"LINESTRING(-97.716902846346 30.4290592650019, -97.7169520616571 30.429077963258)",0.001,,,0.001,,,151,OVERHEAD,,1
padswitch(r:p1udt18753-p1udt18948)p1u_233388,C,p1udt18753-p1udt18948x,p1udt18753,"LINESTRING(-97.7171783510146 30.428845402083, -97.7171320117116 30.4288589971016)",0.001,,,0.001,,,205,OVERHEAD,,1
padswitch(r:p1udt18948-p1udt4305)p1u_233389,C,p1udt4305,p1udt18948-p1udt4305xx,"LINESTRING(-97.7165820259614 30.4289026829539, -97.7166231811707 30.4289301348793)",0.001,,,0.001,,,205,OVERHEAD,,1
padswitch(r:p1udt18948-p1udt4305)p1u_233390,C,p1udt18948-p1udt4305x,p1udt18948,"LINESTRING(-97.7168807534148 30.4291017317735, -97.716902846346 30.4290592650019)",0.001,,,0.001,,,151,OVERHEAD,,1
padswitch(r:p1udt11026-p1udt4305)p1u_233391,C,p1udt11026-p1udt4305x,p1udt11026-p1udt4305xx,"LINESTRING(-97.7160677321501 30.4286223324215, -97.7160706170459 30.4285784175197)",0.001,,,0.001,,,151,OVERHEAD,,1
padswitch(r:p1udt11026-p1udt4305)p1u_233392,C,p1udt11026-p1udt4305xxx,p1udt4305,"LINESTRING(-97.7165890640487 30.4288580676945, -97.7165820259614 30.4289026829539)",0.001,,,0.001,,,151,OVERHEAD,,1
padswitch(r:p1udt22030-p1udt3767)p1u_233393,A,p1udt22030,p1udt22030-p1udt3767x,"LINESTRING(-97.7181128850678 30.4305053982146, -97.7180647197206 30.4305222412446)",0.001,,,0.001,,,151,OVERHEAD,,1
padswitch(r:p1udt22030-p1udt3767)p1u_233394,A,p1udt22030-p1udt3767xx,p1udt3767,"LINESTRING(-97.718331601214 30.4306251091501, -97.7182856650949 30.4306105211494)",0.001,,,0.001,,,205,OVERHEAD,,1
padswitch(r:p1udt12033-p1udt22030)p1u_233395,A,p1udt12033,p1udt12033-p1udt22030x,"LINESTRING(-97.7178329202656 30.4303855396838, -97.7177926927763 30.4303570626457)",0.001,,,0.001,,,151,OVERHEAD,,1
padswitch(r:p1udt12033-p1udt22030)p1u_233396,A,p1udt12033-p1udt22030xx,p1udt22030,"LINESTRING(-97.7181540415133 30.4305328495427, -97.7181128850678 30.4305053982146)",0.001,,,0.001,,,151,OVERHEAD,,1
padswitch(r:p1udt12033-p1udt14729)p1u_233397,A,p1udt14729,p1udt12033-p1udt14729xx,"LINESTRING(-97.7175534779144 30.4302564735421, -97.7176022158158 30.4302408965198)",0.001,,,0.001,,,151,OVERHEAD,,1
padswitch(r:p1udt12033-p1udt14729)p1u_233398,A,p1udt12033-p1udt14729x,p1udt12033,"LINESTRING(-97.7178243682189 30.430429958882, -97.7178329202656 30.4303855396838)",0.001,,,0.001,,,151,OVERHEAD,,1
padswitch(r:p1udt14729-p1udt3260)p1u_233399,A,p1udt3260,p1udt14729-p1udt3260xx,"LINESTRING(-97.7171913222115 30.4300816508849, -97.717143156797 30.4300984937167)",0.001,,,0.001,,,151,OVERHEAD,,1
padswitch(r:p1udt14729-p1udt3260)p1u_233400,A,p1udt14729-p1udt3260x,p1udt14729,"LINESTRING(-97.7175132505611 30.4302279964211, -97.7175534779144 30.4302564735421)",0.001,,,0.001,,,151,OVERHEAD,,1
padswitch(r:p1udt3260-p1udt4766)p1u_233401,A,p1udt4766,p1udt3260-p1udt4766xx,"LINESTRING(-97.7168290670401 30.429915677642, -97.7168361051058 30.4298710623748)",0.001,,,0.001,,,151,OVERHEAD,,1
padswitch(r:p1udt3260-p1udt4766)p1u_233402,A,p1udt3260-p1udt4766x,p1udt3260,"LINESTRING(-97.7171983601278 30.4300370355949, -97.7171913222115 30.4300816508849)",0.001,,,0.001,,,151,OVERHEAD,,1
padswitch(r:p1udt15513-p1udt4766)p1u_233403,A,p1udt15513,p1udt15513-p1udt4766x,"LINESTRING(-97.7164152314485 30.429713104534, -97.7163670660951 30.4297299470816)",0.001,,,0.001,,,205,OVERHEAD,,1
padswitch(r:p1udt15513-p1udt4766)p1u_233404,A,p1udt15513-p1udt4766xx,p1udt4766,"LINESTRING(-97.7167809016511 30.4299325203411, -97.7168290670401 30.429915677642)",0.001,,,0.001,,,151,OVERHEAD,,1
padswitch(r:p1udt15513-p1udt22038)p1u_233405,A,p1udt22038,p1udt15513-p1udt22038xx,"LINESTRING(-97.7162103231233 30.4294584478311, -97.7162173614287 30.4294138326014)",0.001,,,0.001,,,151,OVERHEAD,,1
padswitch(r:p1udt15513-p1udt22038)p1u_233406,A,p1udt15513-p1udt22038x,p1udt15513,"LINESTRING(-97.7164563869408 30.4297405565171, -97.7164152314485 30.429713104534)",0.001,,,0.001,,,205,OVERHEAD,,1
padswitch(r:p1udt21500-p1udt22038)p1u_233407,A,p1udt21500,p1udt21500-p1udt22038x,"LINESTRING(-97.7163208116643 30.4289722974793, -97.7162726466649 30.4289891400039)",0.001,,,0.001,,,151,OVERHEAD,,1
padswitch(r:p1udt21500-p1udt22038)p1u_233408,A,p1udt21500-p1udt22038xx,p1udt22038,"LINESTRING(-97.7162514784515 30.4294858998752, -97.7162103231233 30.4294584478311)",0.001,,,0.001,,,151,OVERHEAD,,1
padswitch(r:p1udt11026-p1udt21500)p1u_233409,A,p1udt11026-p1udt21500x,p1udt11026-p1udt21500xx,"LINESTRING(-97.7161138157184 30.4286863036645, -97.7161597009934 30.4287051701728)",0.001,,,0.001,,,151,OVERHEAD,,1
padswitch(r:p1udt11026-p1udt21500)p1u_233410,A,p1udt11026-p1udt21500xxx,p1udt21500,"LINESTRING(-97.7163619668258 30.4289997494855, -97.7163208116643 30.4289722974793)",0.001,,,0.001,,,151,OVERHEAD,,1
padswitch(r:p1udt2108-p1udt3786)p1u_233413,B,p1udt2108,p1udt2108-p1udt3786x,"LINESTRING(-97.7174952705486 30.4275492383, -97.7174461697469 30.4275301769027)",0.001,,,0.001,,,151,OVERHEAD,,1
padswitch(r:p1udt2108-p1udt3786)p1u_233414,B,p1udt2108-p1udt3786xx,p1udt3786,"LINESTRING(-97.7185807157175 30.4267025880244, -97.7185347813743 30.4266880001544)",0.001,,,0.001,,,205,OVERHEAD,,1
padswitch(r:p1udt22037-p1udt8013)p1u_233415,B,p1udt22037,p1udt22037-p1udt8013x,"LINESTRING(-97.7180229496563 30.4277978307282, -97.7179827231432 30.4277693537665)",0.001,,,0.001,,,151,OVERHEAD,,1
padswitch(r:p1udt22037-p1udt8013)p1u_233416,B,p1udt22037-p1udt8013xx,p1udt8013,"LINESTRING(-97.7183979134493 30.427946068369, -97.7183515747291 30.4279596638395)",0.001,,,0.001,,,301,OVERHEAD,,1
padswitch(r:p1udt2108-p1udt22037)p1u_233417,B,p1udt2108,p1udt2108-p1udt22037x,"LINESTRING(-97.7174952705486 30.4275492383, -97.7174731782356 30.4275917051986)",0.001,,,0.001,,,151,OVERHEAD,,1
padswitch(r:p1udt2108-p1udt22037)p1u_233418,B,p1udt2108-p1udt22037xx,p1udt22037,"LINESTRING(-97.7180716862522 30.4277822534878, -97.7180229496563 30.4277978307282)",0.001,,,0.001,,,151,OVERHEAD,,1
padswitch(r:p1udt2108-p1udt3278)p1u_233419,B,p1udt3278,p1udt2108-p1udt3278xx,"LINESTRING(-97.7171434583352 30.4273743073332, -97.7170952942615 30.427391150192)",0.001,,,0.001,,,151,OVERHEAD,,1
padswitch(r:p1udt2108-p1udt3278)p1u_233420,B,p1udt2108-p1udt3278x,p1udt2108,"LINESTRING(-97.7175444852339 30.4275679363185, -97.7174952705486 30.4275492383)",0.001,,,0.001,,,205,OVERHEAD,,1
padswitch(r:p1udt2687-p1udt3278)p1u_233421,B,p1udt2687,p1udt2687-p1udt3278x,"LINESTRING(-97.7168744359725 30.4272453422683, -97.7168262719206 30.4272621850286)",0.001,,,0.001,,,151,OVERHEAD,,1
padswitch(r:p1udt2687-p1udt3278)p1u_233422,B,p1udt2687-p1udt3278xx,p1udt3278,"LINESTRING(-97.7171504960318 30.4273296920228, -97.7171434583352 30.4273743073332)",0.001,,,0.001,,,205,OVERHEAD,,1
padswitch(r:p1udt2687-p1udt3277)p1u_233423,B,p1udt3277,p1udt2687-p1udt3277xx,"LINESTRING(-97.7166055324502 30.4271073549164, -97.7165573684246 30.4271241975784)",0.001,,,0.001,,,151,OVERHEAD,,1
padswitch(r:p1udt2687-p1udt3277)p1u_233424,B,p1udt2687-p1udt3277x,p1udt2687,"LINESTRING(-97.7168814737795 30.4272007269748, -97.7168744359725 30.4272453422683)",0.001,,,0.001,,,151,OVERHEAD,,1
padswitch(r:p1udt13653-p1udt3277)p1u_233425,B,p1udt13653,p1udt13653-p1udt3277x,"LINESTRING(-97.716333929746 30.4271766959031, -97.7163826662736 30.4271611192909)",0.001,,,0.001,,,151,OVERHEAD,,1
padswitch(r:p1udt13653-p1udt3277)p1u_233426,B,p1udt13653-p1udt3277xx,p1udt3277,"LINESTRING(-97.7166125703668 30.4270627396397, -97.7166055324502 30.4271073549164)",0.001,,,0.001,,,151,OVERHEAD,,1
padswitch(r:p1udt13653-p1udt6727)p1u_233427,B,p1udt6727,p1udt13653-p1udt6727xx,"LINESTRING(-97.7162382259468 30.4273291441587, -97.7161980001604 30.4273006666652)",0.001,,,0.001,,,151,OVERHEAD,,1
padswitch(r:p1udt13653-p1udt6727)p1u_233428,B,p1udt13653-p1udt6727x,p1udt13653,"LINESTRING(-97.716325377359 30.4272211150129, -97.716333929746 30.4271766959031)",0.001,,,0.001,,,151,OVERHEAD,,1
padswitch(r:p1udt6727-p1udt6728)p1u_233429,B,p1udt6728,p1udt6727-p1udt6728xx,"LINESTRING(-97.7160999167466 30.4275535280752, -97.7161069549321 30.4275089128363)",0.001,,,0.001,,,151,OVERHEAD,,1
padswitch(r:p1udt6727-p1udt6728)p1u_233430,B,p1udt6727-p1udt6728x,p1udt6727,"LINESTRING(-97.716286962565 30.4273135675852, -97.7162382259468 30.4273291441587)",0.001,,,0.001,,,151,OVERHEAD,,1
padswitch(r:p1udt11696-p1udt6728)p1u_233431,B,p1udt11696,p1udt11696-p1udt6728x,"LINESTRING(-97.7158554847514 30.427939147045, -97.7158770274453 30.427896446616)",0.001,,,0.001,,,151,OVERHEAD,,1
padswitch(r:p1udt11696-p1udt6728)p1u_233432,B,p1udt11696-p1udt6728xx,p1udt6728,"LINESTRING(-97.716051752419 30.4275703705408, -97.7160999167466 30.4275535280752)",0.001,,,0.001,,,151,OVERHEAD,,1
padswitch(r:p1udt1537-p1udt4304)p1u_233433,B,p1udt1537,p1udt1537-p1udt4304x,"LINESTRING(-97.7175252274042 30.4284428009299, -97.7175467695001 30.4284001002107)",0.001,,,0.001,,,205,OVERHEAD,,1
padswitch(r:p1udt1537-p1udt4304)p1u_233434,B,p1udt1537-p1udt4304xx,p1udt4304,"LINESTRING(-97.7179395505608 30.4286323554495, -97.7179780036319 30.4286585508139)",0.001,,,0.001,,,205,OVERHEAD,,1
padswitch(r:p1udt1537-p1udt7175)p1u_233435,B,p1udt1537,p1udt1537-p1udt7175x,"LINESTRING(-97.7175252274042 30.4284428009299, -97.7175744425379 30.4284614989476)",0.001,,,0.001,,,205,OVERHEAD,,1
padswitch(r:p1udt1537-p1udt7175)p1u_233436,B,p1udt1537-p1udt7175xx,p1udt7175,"LINESTRING(-97.7177099832329 30.4280024723222, -97.7176636443995 30.4280160675448)",0.001,,,0.001,,,151,OVERHEAD,,1
padswitch(r:p1udt1537-p1udt7174)p1u_233437,B,p1udt7174,p1udt1537-p1udt7174xx,"LINESTRING(-97.7168939764908 30.4281388025766, -97.7169351314786 30.4281662544001)",0.001,,,0.001,,,205,OVERHEAD,,1
padswitch(r:p1udt1537-p1udt7174)p1u_233438,B,p1udt1537-p1udt7174x,p1udt1537,"LINESTRING(-97.7175031348878 30.4284852678225, -97.7175252274042 30.4284428009299)",0.001,,,0.001,,,151,OVERHEAD,,1
padswitch(r:p1udt7174-p1udt7606)p1u_233439,B,p1udt7606,p1udt7174-p1udt7606xx,"LINESTRING(-97.7164490342749 30.4279269009611, -97.7164008698165 30.427943743551)",0.001,,,0.001,,,205,OVERHEAD,,1
padswitch(r:p1udt7174-p1udt7606)p1u_233440,B,p1udt7174-p1udt7606x,p1udt7174,"LINESTRING(-97.7169010143686 30.4280941872896, -97.7168939764908 30.4281388025766)",0.001,,,0.001,,,151,OVERHEAD,,1
padswitch(r:p1udt11696-p1udt7606)p1u_233441,B,p1udt11696,p1udt11696-p1udt7606x,"LINESTRING(-97.7158554847514 30.427939147045, -97.7158333916441 30.4279816136407)",0.001,,,0.001,,,151,OVERHEAD,,1
padswitch(r:p1udt11696-p1udt7606)p1u_233442,B,p1udt11696-p1udt7606xx,p1udt7606,"LINESTRING(-97.7164560723356 30.427882285702, -97.7164490342749 30.4279269009611)",0.001,,,0.001,,,151,OVERHEAD,,1
padswitch(r:p1udt11696-p1udt18164)p1u_233443,B,p1udt18164,p1udt11696-p1udt18164xx,"LINESTRING(-97.7156534505398 30.4282529226323, -97.71566048899 30.4282083074294)",0.001,,,0.001,,,151,OVERHEAD,,1
padswitch(r:p1udt11696-p1udt18164)p1u_233444,B,p1udt11696-p1udt18164x,p1udt11696,"LINESTRING(-97.7159046992933 30.4279578456775, -97.7158554847514 30.427939147045)",0.001,,,0.001,,,151,OVERHEAD,,1
padswitch(r:p1udt11025-p1udt18164)p1u_233445,B,p1udt11025-p1udt18164x,p1udt11025-p1udt18164xx,"LINESTRING(-97.7155849756711 30.4283903795018, -97.7156185911687 30.4283580193886)",0.001,,,0.001,,,151,OVERHEAD,,1
padswitch(r:p1udt11025-p1udt18164)p1u_233446,B,p1udt11025-p1udt18164xxx,p1udt18164,"LINESTRING(-97.7156052857934 30.4282697649193, -97.7156534505398 30.4282529226323)",0.001,,,0.001,,,151,OVERHEAD,,1
padswitch(r:p1udt11695-p1udt15271)p1u_233459,B,p1udt11695,p1udt11695-p1udt15271x,"LINESTRING(-97.715323134673 30.4264450901452, -97.7153642885088 30.4264725424381)",0.001,,,0.001,,,151,OVERHEAD,,1
padswitch(r:p1udt11695-p1udt15271)p1u_233460,B,p1udt11695-p1udt15271xx,p1udt15271,"LINESTRING(-97.7149214134289 30.4262696048959, -97.71487547988 30.4262550157583)",0.001,,,0.001,,,205,OVERHEAD,,1
padswitch(r:p1udt11695-p1udt22414)p1u_233461,B,p1udt22414,p1udt11695-p1udt22414xx,"LINESTRING(-97.7153879448075 30.4270683471762, -97.7154094874963 30.4270256468191)",0.001,,,0.001,,,151,OVERHEAD,,1
padswitch(r:p1udt11695-p1udt22414)p1u_233462,B,p1udt11695-p1udt22414x,p1udt11695,"LINESTRING(-97.7153301731117 30.4264004749487, -97.715323134673 30.4264450901452)",0.001,,,0.001,,,151,OVERHEAD,,1
padswitch(r:p1udt19682-p1udt7605)p1u_233463,B,p1udt19682,p1udt19682-p1udt7605x,"LINESTRING(-97.7160579080107 30.4267861674606, -97.7160649461469 30.4267415522178)",0.001,,,0.001,,,151,OVERHEAD,,1
padswitch(r:p1udt19682-p1udt7605)p1u_233464,B,p1udt19682-p1udt7605xx,p1udt7605,"LINESTRING(-97.716192530276 30.4268737621853, -97.7162309821884 30.4268999580382)",0.001,,,0.001,,,205,OVERHEAD,,1
padswitch(r:p1udt13652-p1udt19682)p1u_233465,B,p1udt13652,p1udt13652-p1udt19682x,"LINESTRING(-97.7158303117856 30.4266754820592, -97.7158790481338 30.426659905629)",0.001,,,0.001,,,151,OVERHEAD,,1
padswitch(r:p1udt13652-p1udt19682)p1u_233466,B,p1udt13652-p1udt19682xx,p1udt19682,"LINESTRING(-97.7160097440586 30.4268030099232, -97.7160579080107 30.4267861674606)",0.001,,,0.001,,,205,OVERHEAD,,1
padswitch(r:p1udt13652-p1udt22414)p1u_233467,B,p1udt22414,p1udt13652-p1udt22414xx,"LINESTRING(-97.7153879448075 30.4270683471762, -97.7154371588225 30.4270870459723)",0.001,,,0.001,,,151,OVERHEAD,,1
padswitch(r:p1udt13652-p1udt22414)p1u_233468,B,p1udt13652-p1udt22414x,p1udt13652,"LINESTRING(-97.715821759224 30.426719901134, -97.7158303117856 30.4266754820592)",0.001,,,0.001,,,205,OVERHEAD,,1
padswitch(r:p1udt22036-p1udt22414)p1u_233469,B,p1udt22036,p1udt22036-p1udt22414x,"LINESTRING(-97.715281633815 30.4272295032949, -97.7152414083575 30.4272010255152)",0.001,,,0.001,,,151,OVERHEAD,,1
padswitch(r:p1udt22036-p1udt22414)p1u_233470,B,p1udt22036-p1udt22414xx,p1udt22414,"LINESTRING(-97.7153388446834 30.4270492850033, -97.7153879448075 30.4270683471762)",0.001,,,0.001,,,151,OVERHEAD,,1
padswitch(r:p1udt16714-p1udt22036)p1u_233471,B,p1udt16714,p1udt16714-p1udt22036x,"LINESTRING(-97.7151432043586 30.4274629078867, -97.7151843585583 30.4274903602429)",0.001,,,0.001,,,151,OVERHEAD,,1
padswitch(r:p1udt16714-p1udt22036)p1u_233472,B,p1udt16714-p1udt22036xx,p1udt22036,"LINESTRING(-97.7153303705214 30.4272139270813, -97.715281633815 30.4272295032949)",0.001,,,0.001,,,151,OVERHEAD,,1
padswitch(r:p1udt10694-p1udt16714)p1u_233473,B,p1udt10694,p1udt10694-p1udt16714x,"LINESTRING(-97.7149412806408 30.427776550323, -97.7149900176719 30.4277609742472)",0.001,,,0.001,,,151,OVERHEAD,,1
padswitch(r:p1udt10694-p1udt16714)p1u_233474,B,p1udt10694-p1udt16714xx,p1udt16714,"LINESTRING(-97.7150950399252 30.427479749996, -97.7151432043586 30.4274629078867)",0.001,,,0.001,,,151,OVERHEAD,,1
padswitch(r:p1udt10694-p1udt17577)p1u_233475,B,p1udt17577,p1udt10694-p1udt17577xx,"LINESTRING(-97.7146966135882 30.4281713207383, -97.7147036524648 30.4281267055987)",0.001,,,0.001,,,151,OVERHEAD,,1
padswitch(r:p1udt10694-p1udt17577)p1u_233476,B,p1udt10694-p1udt17577x,p1udt10694,"LINESTRING(-97.7149327275634 30.427820969318, -97.7149412806408 30.427776550323)",0.001,,,0.001,,,151,OVERHEAD,,1
padswitch(r:p1udt12042-p1udt17577)p1u_233477,B,p1udt12042,p1udt12042-p1udt17577x,"LINESTRING(-97.7145581986731 30.4284045532389, -97.7145100336784 30.4284213951137)",0.001,,,0.001,,,151,OVERHEAD,,1
padswitch(r:p1udt12042-p1udt17577)p1u_233478,B,p1udt12042-p1udt17577xx,p1udt17577,"LINESTRING(-97.7147377679473 30.4281987732374, -97.7146966135882 30.4281713207383)",0.001,,,0.001,,,151,OVERHEAD,,1
padswitch(r:p1udt12042-p1udt6298)p1u_233479,B,p1udt6298,p1udt12042-p1udt6298xx,"LINESTRING(-97.7143562710623 30.4287181946165, -97.7143477176227 30.428762613557)",0.001,,,0.001,,,151,OVERHEAD,,1
padswitch(r:p1udt12042-p1udt6298)p1u_233480,B,p1udt12042-p1udt6298x,p1udt12042,"LINESTRING(-97.7145652376332 30.4283599381106, -97.7145581986731 30.4284045532389)",0.001,,,0.001,,,151,OVERHEAD,,1
padswitch(r:p1udt12043-p1udt6298)p1u_233481,B,p1udt12043,p1udt12043-p1udt6298x,"LINESTRING(-97.7142178372013 30.4289515980513, -97.7142248763645 30.4289069829507)",0.001,,,0.001,,,151,OVERHEAD,,1
padswitch(r:p1udt12043-p1udt6298)p1u_233482,B,p1udt12043-p1udt6298xx,p1udt6298,"LINESTRING(-97.714405008652 30.4287026187775, -97.7143562710623 30.4287181946165)",0.001,,,0.001,,,151,OVERHEAD,,1
padswitch(r:p1udt12043-p1udt12698)p1u_233483,B,p1udt12043-p1udt12698xxx,p1udt12043-p1udt12698xx,"LINESTRING(-97.7138762377342 30.4293828396225, -97.713925992848 30.4293891657407)",0.001,,,0.001,,,151,OVERHEAD,,1
padswitch(r:p1udt12043-p1udt12698)p1u_233484,B,p1udt12043-p1udt12698x,p1udt12043,"LINESTRING(-97.7142589917399 30.4289790507038, -97.7142178372013 30.4289515980513)",0.001,,,0.001,,,151,OVERHEAD,,1
padswitch(r:p1udt18351-p1udt889)p1u_233489,C,p1udt889,p1udt18351-p1udt889xx,"LINESTRING(-97.7141766590201 30.4305031318767, -97.7142178141817 30.4305305845541)",0.001,,,0.001,,,151,OVERHEAD,,1
padswitch(r:p1udt18351-p1udt889)p1u_233490,C,p1udt18351-p1udt889x,p1udt18351,"LINESTRING(-97.7146444705034 30.4307151709187, -97.714598534941 30.4307005816348)",0.001,,,0.001,,,205,OVERHEAD,,1
padswitch(r:p1udt14993-p1udt889)p1u_233491,C,p1udt14993,p1udt14993-p1udt889x,"LINESTRING(-97.713876399636 30.430373852862, -97.7138282335529 30.4303906944491)",0.001,,,0.001,,,151,OVERHEAD,,1
padswitch(r:p1udt14993-p1udt889)p1u_233492,C,p1udt14993-p1udt889xx,p1udt889,"LINESTRING(-97.71412849292 30.4305199735739, -97.7141766590201 30.4305031318767)",0.001,,,0.001,,,151,OVERHEAD,,1
padswitch(r:p1udt14993-p1udt8400)p1u_233493,C,p1udt8400,p1udt14993-p1udt8400xx,"LINESTRING(-97.7136064264767 30.4303170548886, -97.7136475813955 30.4303445077397)",0.001,,,0.001,,,151,OVERHEAD,,1
padswitch(r:p1udt14993-p1udt8400)p1u_233494,C,p1udt14993-p1udt8400x,p1udt14993,"LINESTRING(-97.7139175546569 30.4304013056307, -97.713876399636 30.430373852862)",0.001,,,0.001,,,151,OVERHEAD,,1
padswitch(r:p1udt5800-p1udt8400)p1u_233495,C,p1udt5800,p1udt5800-p1udt8400x,"LINESTRING(-97.7131494129075 30.4302313436808, -97.7131564526692 30.4301867286629)",0.001,,,0.001,,,151,OVERHEAD,,1
padswitch(r:p1udt5800-p1udt8400)p1u_233496,C,p1udt5800-p1udt8400xx,p1udt8400,"LINESTRING(-97.7136134660388 30.4302724398408, -97.7136064264767 30.4303170548886)",0.001,,,0.001,,,151,OVERHEAD,,1
padswitch(r:p1udt5800-p1udt7607)p1u_233497,C,p1udt5800-p1udt7607xxx,p1udt5800-p1udt7607xx,"LINESTRING(-97.7126568898796 30.4297478392394, -97.7126081705103 30.4297618918932)",0.001,,,0.001,,,151,OVERHEAD,,1
padswitch(r:p1udt5800-p1udt7607)p1u_233498,C,p1udt5800-p1udt7607x,p1udt5800,"LINESTRING(-97.7131012467807 30.4302481849983, -97.7131494129075 30.4302313436808)",0.001,,,0.001,,,151,OVERHEAD,,1
padswitch(r:p1udt20173-p1udt276)p1u_233499,B,p1udt20173,p1udt20173-p1udt276x,"LINESTRING(-97.7149832892803 30.4317199735205, -97.7150320282905 30.4317043974942)",0.001,,,0.001,,,205,OVERHEAD,,1
padswitch(r:p1udt20173-p1udt276)p1u_233500,B,p1udt20173-p1udt276xx,p1udt276,"LINESTRING(-97.715420685506 30.4318687216283, -97.7153747492833 30.4318541326013)",0.001,,,0.001,,,205,OVERHEAD,,1
padswitch(r:p1udt12691-p1udt19680)p1u_233501,B,p1udt19680,p1udt12691-p1udt19680xx,"LINESTRING(-97.7165356112593 30.4332422444663, -97.7165426497547 30.4331976292478)",0.001,,,0.001,,,151,OVERHEAD,,1
padswitch(r:p1udt12691-p1udt19680)p1u_233502,B,p1udt12691-p1udt19680x,p1udt12691,"LINESTRING(-97.7171280655765 30.4334826821354, -97.7170817240496 30.4334962770637)",0.001,,,0.001,,,205,OVERHEAD,,1
padswitch(r:p1udt19680-p1udt19849)p1u_233503,B,p1udt19849,p1udt19680-p1udt19849xx,"LINESTRING(-97.7160802532374 30.4330300673697, -97.7161289927484 30.4330144909504)",0.001,,,0.001,,,151,OVERHEAD,,1
padswitch(r:p1udt19680-p1udt19849)p1u_233504,B,p1udt19680-p1udt19849x,p1udt19680,"LINESTRING(-97.7165767682313 30.4332696964404, -97.7165356112593 30.4332422444663)",0.001,,,0.001,,,151,OVERHEAD,,1
padswitch(r:p1udt19849-p1udt7167)p1u_233505,B,p1udt7167,p1udt19849-p1udt7167xx,"LINESTRING(-97.7155316349734 30.4327812223639, -97.7155727914634 30.4328086746429)",0.001,,,0.001,,,151,OVERHEAD,,1
padswitch(r:p1udt19849-p1udt7167)p1u_233506,B,p1udt19849-p1udt7167x,p1udt19849,"LINESTRING(-97.7160400252216 30.433001589786, -97.7160802532374 30.4330300673697)",0.001,,,0.001,,,151,OVERHEAD,,1
padswitch(r:p1udt2091-p1udt7167)p1u_233507,B,p1udt2091,p1udt2091-p1udt7167x,"LINESTRING(-97.7151694912589 30.4326062226377, -97.7151765303168 30.4325616075052)",0.001,,,0.001,,,151,OVERHEAD,,1
padswitch(r:p1udt2091-p1udt7167)p1u_233508,B,p1udt2091-p1udt7167xx,p1udt7167,"LINESTRING(-97.7154834679523 30.4327980645302, -97.7155316349734 30.4327812223639)",0.001,,,0.001,,,151,OVERHEAD,,1
padswitch(r:p1udt2091-p1udt5294)p1u_233509,B,p1udt5294,p1udt2091-p1udt5294xx,"LINESTRING(-97.7149547608309 30.4323063528151, -97.7149959169579 30.4323338052677)",0.001,,,0.001,,,151,OVERHEAD,,1
padswitch(r:p1udt2091-p1udt5294)p1u_233510,B,p1udt2091-p1udt5294x,p1udt2091,"LINESTRING(-97.7151213242679 30.4326230646714, -97.7151694912589 30.4326062226377)",0.001,,,0.001,,,151,OVERHEAD,,1
padswitch(r:p1udt2675-p1udt5294)p1u_233511,B,p1udt2675,p1udt2675-p1udt5294x,"LINESTRING(-97.7150933162913 30.4320639270631, -97.715084762834 30.4321083460308)",0.001,,,0.001,,,151,OVERHEAD,,1
padswitch(r:p1udt2675-p1udt5294)p1u_233512,B,p1udt2675-p1udt5294xx,p1udt5294,"LINESTRING(-97.7149617999594 30.4322617376944, -97.7149547608309 30.4323063528151)",0.001,,,0.001,,,151,OVERHEAD,,1
padswitch(r:p1udt20173-p1udt2675)p1u_233513,B,p1udt20173,p1udt20173-p1udt2675x,"LINESTRING(-97.7149832892803 30.4317199735205, -97.7149430621195 30.4316914956176)",0.001,,,0.001,,,151,OVERHEAD,,1
padswitch(r:p1udt20173-p1udt2675)p1u_233514,B,p1udt20173-p1udt2675xx,p1udt2675,"LINESTRING(-97.7150530889599 30.4320354491907, -97.7150933162913 30.4320639270631)",0.001,,,0.001,,,151,OVERHEAD,,1
padswitch(r:p1udt13019-p1udt15260)p1u_233515,B,p1udt15260,p1udt13019-p1udt15260xx,"LINESTRING(-97.7123894180219 30.4302238483605, -97.7123412517789 30.4302406893938)",0.001,,,0.001,,,205,OVERHEAD,,1
padswitch(r:p1udt13019-p1udt15260)p1u_233516,B,p1udt13019-p1udt15260x,p1udt13019,"LINESTRING(-97.7125197339333 30.4307665251809, -97.7124733931286 30.4307801184966)",0.001,,,0.001,,,165,OVERHEAD,,1
padswitch(r:p1udt15260-p1udt7607)p1u_233517,B,p1udt15260-p1udt7607xxx,p1udt15260-p1udt7607xx,"LINESTRING(-97.7127636163655 30.4297397156493, -97.7128134202634 30.4297506316547)",0.001,,,0.001,,,151,OVERHEAD,,1
padswitch(r:p1udt15260-p1udt7607)p1u_233518,B,p1udt15260-p1udt7607x,p1udt15260,"LINESTRING(-97.7124305725469 30.4302513015849, -97.7123894180219 30.4302238483605)",0.001,,,0.001,,,205,OVERHEAD,,1
padswitch(r:p1udt11038-p1udt16010)p1u_233519,C,p1udt16010,p1udt11038-p1udt16010xx,"LINESTRING(-97.7103873207278 30.4288684779124, -97.7104160641242 30.4289078724398)",0.001,,,0.001,,,205,OVERHEAD,,1
padswitch(r:p1udt11038-p1udt16010)p1u_233520,C,p1udt11038-p1udt16010x,p1udt11038,"LINESTRING(-97.710747478096 30.4285564667675, -97.7107011381263 30.4285700594813)",0.001,,,0.001,,,205,OVERHEAD,,1
padswitch(r:p1udt11365-p1udt5321)p1u_233521,C,p1udt11365,p1udt11365-p1udt5321x,"LINESTRING(-97.7086436867605 30.4276512369289, -97.7086924246393 30.4276356632317)",0.001,,,0.001,,,301,OVERHEAD,,1
padswitch(r:p1udt11365-p1udt5321)p1u_233522,C,p1udt11365-p1udt5321xx,p1udt5321,"LINESTRING(-97.7080412732355 30.4275693054284, -97.7080797231429 30.4275955036254)",0.001,,,0.001,,,151,OVERHEAD,,1
padswitch(r:p1udt10702-p1udt11365)p1u_233523,C,p1udt10702,p1udt10702-p1udt11365x,"LINESTRING(-97.7087892989658 30.4276618718833, -97.708796340474 30.4276172571353)",0.001,,,0.001,,,151,OVERHEAD,,1
padswitch(r:p1udt10702-p1udt11365)p1u_233524,C,p1udt10702-p1udt11365xx,p1udt11365,"LINESTRING(-97.7086034631418 30.4276227571554, -97.7086436867605 30.4276512369289)",0.001,,,0.001,,,151,OVERHEAD,,1
padswitch(r:p1udt10702-p1udt5829)p1u_233525,C,p1udt5829,p1udt10702-p1udt5829xx,"LINESTRING(-97.7089347367133 30.4276901641438, -97.7089634791861 30.4277295589713)",0.001,,,0.001,,,151,OVERHEAD,,1
padswitch(r:p1udt10702-p1udt5829)p1u_233526,C,p1udt10702-p1udt5829x,p1udt10702,"LINESTRING(-97.7088304513903 30.4276893261937, -97.7087892989658 30.4276618718833)",0.001,,,0.001,,,151,OVERHEAD,,1
padswitch(r:p1udt1560-p1udt6308)p1u_233527,C,p1udt6308,p1udt1560-p1udt6308xx,"LINESTRING(-97.7094796471264 30.4266310658145, -97.7095207993309 30.4266585199045)",0.001,,,0.001,,,151,OVERHEAD,,1
padswitch(r:p1udt1560-p1udt6308)p1u_233528,C,p1udt1560-p1udt6308x,p1udt1560,"LINESTRING(-97.7094009423843 30.4264408240361, -97.7093546032578 30.4264544162995)",0.001,,,0.001,,,205,OVERHEAD,,1
padswitch(r:p1udt6308-p1udt8025)p1u_233529,C,p1udt8025,p1udt6308-p1udt8025xx,"LINESTRING(-97.7094094635512 30.4272168603579, -97.7094165047386 30.4271722455644)",0.001,,,0.001,,,151,OVERHEAD,,1
padswitch(r:p1udt6308-p1udt8025)p1u_233530,C,p1udt6308-p1udt8025x,p1udt6308,"LINESTRING(-97.7094866882297 30.4265864510111, -97.7094796471264 30.4266310658145)",0.001,,,0.001,,,151,OVERHEAD,,1
padswitch(r:p1udt17785-p1udt8025)p1u_233531,C,p1udt17785,p1udt17785-p1udt8025x,"LINESTRING(-97.709303474689 30.427360007198, -97.7092632509871 30.4273315276246)",0.001,,,0.001,,,151,OVERHEAD,,1
padswitch(r:p1udt17785-p1udt8025)p1u_233532,C,p1udt17785-p1udt8025xx,p1udt8025,"LINESTRING(-97.7094506159749 30.4272443144742, -97.7094094635512 30.4272168603579)",0.001,,,0.001,,,151,OVERHEAD,,1
padswitch(r:p1udt17785-p1udt5829)p1u_233533,C,p1udt5829,p1udt17785-p1udt5829xx,"LINESTRING(-97.7089347367133 30.4276901641438, -97.7089055735175 30.4276510389801)",0.001,,,0.001,,,151,OVERHEAD,,1
padswitch(r:p1udt17785-p1udt5829)p1u_233534,C,p1udt17785-p1udt5829x,p1udt17785,"LINESTRING(-97.7093522123258 30.4273444332466, -97.709303474689 30.427360007198)",0.001,,,0.001,,,151,OVERHEAD,,1
padswitch(r:p1udt5829-p1udt9196)p1u_233535,C,p1udt9196,p1udt5829-p1udt9196xx,"LINESTRING(-97.7094197131598 30.4280199996623, -97.7093715475462 30.4280368396215)",0.001,,,0.001,,,151,OVERHEAD,,1
padswitch(r:p1udt5829-p1udt9196)p1u_233536,C,p1udt5829-p1udt9196x,p1udt5829,"LINESTRING(-97.7089801756599 30.427665299544, -97.7089347367133 30.4276901641438)",0.001,,,0.001,,,151,OVERHEAD,,1
padswitch(r:p1udt1562-p1udt9196)p1u_233537,C,p1udt1562,p1udt1562-p1udt9196x,"LINESTRING(-97.7093108549974 30.4283798391728, -97.7092626891874 30.4283966790853)",0.001,,,0.001,,,151,OVERHEAD,,1
padswitch(r:p1udt1562-p1udt9196)p1u_233538,C,p1udt1562-p1udt9196xx,p1udt9196,"LINESTRING(-97.7094267544144 30.4279753848751, -97.7094197131598 30.4280199996623)",0.001,,,0.001,,,151,OVERHEAD,,1
padswitch(r:p1udt14744-p1udt1562)p1u_233539,C,p1udt14744,p1udt14744-p1udt1562x,"LINESTRING(-97.7099333341407 30.4285574665267, -97.7099112383559 30.428599932038)",0.001,,,0.001,,,151,OVERHEAD,,1
padswitch(r:p1udt14744-p1udt1562)p1u_233540,C,p1udt14744-p1udt1562xx,p1udt1562,"LINESTRING(-97.7093178963334 30.428335224396, -97.7093108549974 30.4283798391728)",0.001,,,0.001,,,151,OVERHEAD,,1
padswitch(r:p1udt14744-p1udt9195)p1u_233541,C,p1udt14744,p1udt14744-p1udt9195x,"LINESTRING(-97.7099333341407 30.4285574665267, -97.7098842344211 30.4285384023147)",0.001,,,0.001,,,151,OVERHEAD,,1
padswitch(r:p1udt14744-p1udt9195)p1u_233542,C,p1udt14744-p1udt9195xx,p1udt9195,"LINESTRING(-97.709921821225 30.4279977990417, -97.7098758876875 30.4279832081462)",0.001,,,0.001,,,205,OVERHEAD,,1
padswitch(r:p1udt14744-p1udt16010)p1u_233543,C,p1udt16010,p1udt14744-p1udt16010xx,"LINESTRING(-97.7103873207278 30.4288684779124, -97.710358156607 30.4288293530535)",0.001,,,0.001,,,205,OVERHEAD,,1
padswitch(r:p1udt14744-p1udt16010)p1u_233544,C,p1udt14744-p1udt16010x,p1udt14744,"LINESTRING(-97.7099825477732 30.4285761673673, -97.7099333341407 30.4285574665267)",0.001,,,0.001,,,151,OVERHEAD,,1
padswitch(r:p1udt16010-p1udt7191)p1u_233545,C,p1udt7191,p1udt16010-p1udt7191xx,"LINESTRING(-97.7111940928937 30.4292736692461, -97.711201133456 30.4292290543509)",0.001,,,0.001,,,151,OVERHEAD,,1
padswitch(r:p1udt16010-p1udt7191)p1u_233546,C,p1udt16010-p1udt7191x,p1udt16010,"LINESTRING(-97.710432759883 30.4288436128163, -97.7103873207278 30.4288684779124)",0.001,,,0.001,,,151,OVERHEAD,,1
padswitch(r:p1udt16708-p1udt7191)p1u_233547,C,p1udt16708-p1udt7191x,p1udt16708-p1udt7191xx,"LINESTRING(-97.7118536252097 30.4295476612615, -97.7118977830557 30.4295240774204)",0.001,,,0.001,,,151,OVERHEAD,,1
padswitch(r:p1udt16708-p1udt7191)p1u_233548,C,p1udt16708-p1udt7191xxx,p1udt7191,"LINESTRING(-97.7111459269355 30.4292905098482, -97.7111940928937 30.4292736692461)",0.001,,,0.001,,,151,OVERHEAD,,1
padswitch(r:p1udt7618-p1udt8404)p1u_233549,A,p1udt8404,p1udt7618-p1udt8404xx,"LINESTRING(-97.7085847600944 30.4297529885949, -97.7086334990399 30.429737414955)",0.001,,,0.001,,,151,OVERHEAD,,1
padswitch(r:p1udt7618-p1udt8404)p1u_233550,A,p1udt7618-p1udt8404x,p1udt7618,"LINESTRING(-97.7081832588486 30.4295596105709, -97.7081373248704 30.4295450190533)",0.001,,,0.001,,,205,OVERHEAD,,1
padswitch(r:p1udt3803-p1udt8404)p1u_233551,A,p1udt3803,p1udt3803-p1udt8404x,"LINESTRING(-97.7089364528213 30.4299280744076, -97.7088882861811 30.4299449141543)",0.001,,,0.001,,,151,OVERHEAD,,1
padswitch(r:p1udt3803-p1udt8404)p1u_233552,A,p1udt3803-p1udt8404xx,p1udt8404,"LINESTRING(-97.7085445356544 30.4297245087878, -97.7085847600944 30.4297529885949)",0.001,,,0.001,,,151,OVERHEAD,,1
padswitch(r:p1udt13343-p1udt3803)p1u_233553,A,p1udt13343,p1udt13343-p1udt3803x,"LINESTRING(-97.7092985750271 30.4301030908977, -97.7093397285995 30.4301305450711)",0.001,,,0.001,,,151,OVERHEAD,,1
padswitch(r:p1udt13343-p1udt3803)p1u_233554,A,p1udt13343-p1udt3803xx,p1udt3803,"LINESTRING(-97.7089434944653 30.4298834596695, -97.7089364528213 30.4299280744076)",0.001,,,0.001,,,151,OVERHEAD,,1
padswitch(r:p1udt13343-p1udt23473)p1u_233555,A,p1udt23473,p1udt13343-p1udt23473xx,"LINESTRING(-97.7094745079198 30.4301858650901, -97.7094659521261 30.4302302836335)",0.001,,,0.001,,,151,OVERHEAD,,1
padswitch(r:p1udt13343-p1udt23473)p1u_233556,A,p1udt13343-p1udt23473x,p1udt13343,"LINESTRING(-97.7092504083568 30.430119930777, -97.7092985750271 30.4301030908977)",0.001,,,0.001,,,151,OVERHEAD,,1
padswitch(r:p1udt23254-p1udt23473)p1u_233557,A,p1udt23254,p1udt23254-p1udt23473x,"LINESTRING(-97.7098262038523 30.4303609485839, -97.7098332451317 30.4303163337899)",0.001,,,0.001,,,151,OVERHEAD,,1
padswitch(r:p1udt23254-p1udt23473)p1u_233558,A,p1udt23254-p1udt23473xx,p1udt23473,"LINESTRING(-97.7094342830378 30.4301573855466, -97.7094745079198 30.4301858650901)",0.001,,,0.001,,,151,OVERHEAD,,1
padswitch(r:p1udt23254-p1udt3773)p1u_233559,A,p1udt3773,p1udt23254-p1udt3773xx,"LINESTRING(-97.7101883293119 30.4305359626854, -97.7101401625663 30.4305528028903)",0.001,,,0.001,,,151,OVERHEAD,,1
padswitch(r:p1udt23254-p1udt3773)p1u_233560,A,p1udt23254-p1udt3773x,p1udt23254,"LINESTRING(-97.7098673576844 30.4303884025972, -97.7098262038523 30.4303609485839)",0.001,,,0.001,,,151,OVERHEAD,,1
padswitch(r:p1udt22910-p1udt3773)p1u_233561,A,p1udt22910,p1udt22910-p1udt3773x,"LINESTRING(-97.7106203704041 30.4307515714067, -97.7105819185828 30.4307253739154)",0.001,,,0.001,,,151,OVERHEAD,,1
padswitch(r:p1udt22910-p1udt3773)p1u_233562,A,p1udt22910-p1udt3773xx,p1udt3773,"LINESTRING(-97.7102294833214 30.4305634165888, -97.7101883293119 30.4305359626854)",0.001,,,0.001,,,151,OVERHEAD,,1
padswitch(r:p1udt14995-p1udt17570)p1u_233563,A,p1udt17570,p1udt14995-p1udt17570xx,"LINESTRING(-97.7112588778726 30.4298969273638, -97.7112367823294 30.429939393099)",0.001,,,0.001,,,115,OVERHEAD,,1
padswitch(r:p1udt14995-p1udt17570)p1u_233564,A,p1udt14995-p1udt17570x,p1udt14995,"LINESTRING(-97.7110145806516 30.4302875255755, -97.7110530324261 30.4303137229395)",0.001,,,0.001,,,115,OVERHEAD,,1
padswitch(r:p1udt19327-p1udt2697)p1u_233565,A,p1udt19327,p1udt19327-p1udt2697x,"LINESTRING(-97.708080419696 30.4285208403778, -97.7081258592412 30.4284959760958)",0.001,,,0.001,,,151,OVERHEAD,,1
padswitch(r:p1udt19327-p1udt2697)p1u_233566,A,p1udt19327-p1udt2697xx,p1udt2697,"LINESTRING(-97.7082407688592 30.4282286070288, -97.7082799632969 30.4282032509577)",0.001,,,0.001,,,301,OVERHEAD,,1
padswitch(r:p1udt1563-p1udt7189)p1u_233567,A,p1udt7189,p1udt1563-p1udt7189xx,"LINESTRING(-97.7078463436344 30.4288976999275, -97.7077981773355 30.4289145392836)",0.001,,,0.001,,,151,OVERHEAD,,1
padswitch(r:p1udt1563-p1udt7189)p1u_233568,A,p1udt1563-p1udt7189x,p1udt1563,"LINESTRING(-97.7075706872441 30.429427225798, -97.7075247534266 30.4294126340689)",0.001,,,0.001,,,205,OVERHEAD,,1
padswitch(r:p1udt19327-p1udt7189)p1u_233569,A,p1udt19327,p1udt19327-p1udt7189x,"LINESTRING(-97.708080419696 30.4285208403778, -97.7080352073415 30.4285461068185)",0.001,,,0.001,,,151,OVERHEAD,,1
padswitch(r:p1udt19327-p1udt7189)p1u_233570,A,p1udt19327-p1udt7189xx,p1udt7189,"LINESTRING(-97.7078533856804 30.4288530852535, -97.7078463436344 30.4288976999275)",0.001,,,0.001,,,151,OVERHEAD,,1
padswitch(r:p1udt19327-p1udt7190)p1u_233571,A,p1udt7190,p1udt19327-p1udt7190xx,"LINESTRING(-97.7083893832188 30.4287765827239, -97.7083808270835 30.4288210011949)",0.001,,,0.001,,,151,OVERHEAD,,1
padswitch(r:p1udt19327-p1udt7190)p1u_233572,A,p1udt19327-p1udt7190x,p1udt19327,"LINESTRING(-97.7080512566142 30.4284817150307, -97.708080419696 30.4285208403778)",0.001,,,0.001,,,151,OVERHEAD,,1
padswitch(r:p1udt7190-p1udt8428)p1u_233573,A,p1udt8428,p1udt7190-p1udt8428xx,"LINESTRING(-97.7089169851653 30.4290346152216, -97.7088688189671 30.4290514549759)",0.001,,,0.001,,,151,OVERHEAD,,1
padswitch(r:p1udt7190-p1udt8428)p1u_233574,A,p1udt7190-p1udt8428x,p1udt7190,"LINESTRING(-97.7083491592277 30.4287481028657, -97.7083893832188 30.4287765827239)",0.001,,,0.001,,,151,OVERHEAD,,1
padswitch(r:p1udt13657-p1udt8428)p1u_233575,A,p1udt13657,p1udt13657-p1udt8428x,"LINESTRING(-97.7092686933275 30.4292095287417, -97.7092205270976 30.4292263686247)",0.001,,,0.001,,,151,OVERHEAD,,1
padswitch(r:p1udt13657-p1udt8428)p1u_233576,A,p1udt13657-p1udt8428xx,p1udt8428,"LINESTRING(-97.7089581381889 30.4290620695037, -97.7089169851653 30.4290346152216)",0.001,,,0.001,,,151,OVERHEAD,,1
padswitch(r:p1udt11366-p1udt13657)p1u_233577,A,p1udt11366,p1udt11366-p1udt13657x,"LINESTRING(-97.7095272995933 30.4293384063844, -97.7095684529195 30.4293658604814)",0.001,,,0.001,,,151,OVERHEAD,,1
padswitch(r:p1udt11366-p1udt13657)p1u_233578,A,p1udt11366-p1udt13657xx,p1udt13657,"LINESTRING(-97.7092757347567 30.4291649139751, -97.7092686933275 30.4292095287417)",0.001,,,0.001,,,151,OVERHEAD,,1
padswitch(r:p1udt11366-p1udt3801)p1u_233579,A,p1udt3801,p1udt11366-p1udt3801xx,"LINESTRING(-97.7099721134915 30.429559353033, -97.7099791546331 30.4295147382223)",0.001,,,0.001,,,151,OVERHEAD,,1
padswitch(r:p1udt11366-p1udt3801)p1u_233580,A,p1udt11366-p1udt3801x,p1udt11366,"LINESTRING(-97.7095343409168 30.4292937916015, -97.7095272995933 30.4293384063844)",0.001,,,0.001,,,151,OVERHEAD,,1
padswitch(r:p1udt3801-p1udt3802)p1u_233581,A,p1udt3802,p1udt3801-p1udt3802xx,"LINESTRING(-97.7104997586547 30.4298170366246, -97.7105484973555 30.4298014622618)",0.001,,,0.001,,,205,OVERHEAD,,1
padswitch(r:p1udt3801-p1udt3802)p1u_233582,A,p1udt3801-p1udt3802x,p1udt3801,"LINESTRING(-97.7100132670381 30.4295868069951, -97.7099721134915 30.429559353033)",0.001,,,0.001,,,151,OVERHEAD,,1
padswitch(r:p1udt23138-p1udt3802)p1u_233583,A,p1udt23138,p1udt23138-p1udt3802x,"LINESTRING(-97.7109342674625 30.4300290268802, -97.7108861010871 30.4300458673726)",0.001,,,0.001,,,151,OVERHEAD,,1
padswitch(r:p1udt23138-p1udt3802)p1u_233584,A,p1udt23138-p1udt3802xx,p1udt3802,"LINESTRING(-97.7104595336099 30.4297885573914, -97.7104997586547 30.4298170366246)",0.001,,,0.001,,,205,OVERHEAD,,1
padswitch(r:p1udt17570-p1udt23138)p1u_233585,A,p1udt17570,p1udt17570-p1udt23138x,"LINESTRING(-97.7112588778726 30.4298969273638, -97.7112804230034 30.4298542277759)",0.001,,,0.001,,,115,OVERHEAD,,1
padswitch(r:p1udt17570-p1udt23138)p1u_233586,A,p1udt17570-p1udt23138xx,p1udt23138,"LINESTRING(-97.7109413082101 30.4299844120091, -97.7109342674625 30.4300290268802)",0.001,,,0.001,,,151,OVERHEAD,,1
padswitch(r:p1udt16708-p1udt17570)p1u_233587,A,p1udt16708-p1udt17570x,p1udt16708-p1udt17570xx,"LINESTRING(-97.7117944895141 30.4296234947305, -97.7117908648348 30.4296685874862)",0.001,,,0.001,,,205,OVERHEAD,,1
padswitch(r:p1udt16708-p1udt17570)p1u_233588,A,p1udt16708-p1udt17570xxx,p1udt17570,"LINESTRING(-97.7112097772149 30.4298778636277, -97.7112588778726 30.4298969273638)",0.001,,,0.001,,,151,OVERHEAD,,1
padswitch(r:p1udt16708-p1udt21502)p1u_233589,B,p1udt16708-p1udt21502x,p1udt16708-p1udt21502xx,"LINESTRING(-97.7117507392591 30.4295681224393, -97.7117002666671 30.429557173626)",0.001,,,0.001,,,151,OVERHEAD,,1
padswitch(r:p1udt16708-p1udt21502)p1u_233590,B,p1udt16708-p1udt21502xxx,p1udt21502,"LINESTRING(-97.7117590276597 30.4292250133199, -97.7117130932557 30.4292104230493)",0.001,,,0.001,,,205,OVERHEAD,,1
padswitch(r:p1udt16934-p1udt20183)p1u_233597,B,p1udt16934,p1udt16934-p1udt20183x,"LINESTRING(-97.7125454976366 30.4286463802692, -97.712497332204 30.4286632213871)",0.001,,,0.001,,,205,OVERHEAD,,1
padswitch(r:p1udt16934-p1udt20183)p1u_233598,B,p1udt16934-p1udt20183xx,p1udt20183,"LINESTRING(-97.71221818858 30.4283543229047, -97.7121722545046 30.4283397328037)",0.001,,,0.001,,,205,OVERHEAD,,1
padswitch(r:p1udt16715-p1udt16934)p1u_233599,B,p1udt16715-p1udt16934x,p1udt16715-p1udt16934xx,"LINESTRING(-97.7129346598448 30.4289273479281, -97.7129849296437 30.4289268740952)",0.001,,,0.001,,,151,OVERHEAD,,1
padswitch(r:p1udt16715-p1udt16934)p1u_233600,B,p1udt16715-p1udt16934xxx,p1udt16934,"LINESTRING(-97.7125525375305 30.4286017652779, -97.7125454976366 30.4286463802692)",0.001,,,0.001,,,205,OVERHEAD,,1
padswitch(r:p1udt15270-p1udt927)p1u_233617,ABC,p1udt927,p1udt15270-p1udt927xx,"LINESTRING(-97.7148448180285 30.4200431359034, -97.714851856113 30.4199985206829)",1,1,1,1,1,1,295,OVERHEAD,,1
padswitch(r:p1udt15270-p1udt927)p1u_233618,ABC,p1udt15270-p1udt927x,p1udt15270,"LINESTRING(-97.7150497349594 30.4204510887569, -97.7150038040832 30.4204364997294)",1,1,1,1,1,1,325,OVERHEAD,,1
padswitch(r:p1udt6304-p1udt927)p1u_233619,ABC,p1udt6304,p1udt6304-p1udt927x,"LINESTRING(-97.7150262051901 30.4197108583892, -97.7149970417629 30.4196717345384)",1,1,1,1,1,1,295,OVERHEAD,,1
padswitch(r:p1udt6304-p1udt927)p1u_233620,ABC,p1udt6304-p1udt927xx,p1udt927,"LINESTRING(-97.7148859691052 30.4200705882924, -97.7148448180285 30.4200431359034)",1,1,1,1,1,1,325,OVERHEAD,,1
padswitch(r:p1udt3298-p1udt8410)p1u_233621,B,p1udt3298-p1udt8410xxx,p1udt3298-p1udt8410xx,"LINESTRING(-97.7159435659475 30.4202152791795, -97.715920089068 30.420253095607)",0.001,,,0.001,,,151,OVERHEAD,,1
padswitch(r:p1udt3298-p1udt8410)p1u_233622,B,p1udt3298-p1udt8410x,p1udt3298,"LINESTRING(-97.7160771874555 30.4197806159904, -97.7161156366256 30.4198068118244)",0.001,,,0.001,,,301,OVERHEAD,,1
padswitch(r:p1udt16009-p1udt6304)p1u_233627,ABC,p1udt16009,p1udt16009-p1udt6304x,"LINESTRING(-97.7146636083109 30.4195719886047, -97.7146233860978 30.4195435106972)",1,1,1,1,1,1,295,OVERHEAD,,1
padswitch(r:p1udt16009-p1udt6304)p1u_233628,ABC,p1udt16009-p1udt6304xx,p1udt6304,"LINESTRING(-97.7149809986845 30.4197361274376, -97.7150262051901 30.4197108583892)",1,1,1,1,1,1,295,OVERHEAD,,1
padswitch(r:p1udt16009-p1udt311)p1u_233629,ABC,p1udt311,p1udt16009-p1udt311xx,"LINESTRING(-97.7143839467803 30.4194611313372, -97.7144250974843 30.4194885838632)",1,1,1,1,1,1,390,OVERHEAD,,1
padswitch(r:p1udt16009-p1udt311)p1u_233630,ABC,p1udt16009-p1udt311x,p1udt16009,"LINESTRING(-97.714712341253 30.4195564124978, -97.7146636083109 30.4195719886047)",1,1,1,1,1,1,295,OVERHEAD,,1
padswitch(r:p1udt14229-p1udt311)p1u_233631,ABC,p1udt14229,p1udt14229-p1udt311x,"LINESTRING(-97.7140938934862 30.4193499995902, -97.7140457329269 30.4193668414418)",1,1,1,1,1,1,295,OVERHEAD,,1
padswitch(r:p1udt14229-p1udt311)p1u_233632,ABC,p1udt14229-p1udt311xx,p1udt311,"LINESTRING(-97.7143909850217 30.4194165161426, -97.7143839467803 30.4194611313372)",1,1,1,1,1,1,295,OVERHEAD,,1
padswitch(r:p1udt14229-p1udt1558)p1u_233633,ABC,p1udt1558,p1udt14229-p1udt1558xx,"LINESTRING(-97.7138141495845 30.4192478201663, -97.7137739277575 30.4192193420066)",1,1,1,1,1,1,295,OVERHEAD,,1
padswitch(r:p1udt14229-p1udt1558)p1u_233634,ABC,p1udt14229-p1udt1558x,p1udt14229,"LINESTRING(-97.7141009318491 30.419305384414, -97.7140938934862 30.4193499995902)",1,1,1,1,1,1,295,OVERHEAD,,1
padswitch(r:p1udt11036-p1udt1558)p1u_233635,ABC,p1udt11036,p1udt11036-p1udt1558x,"LINESTRING(-97.7134413704089 30.4190999901923, -97.7133922746234 30.4190809273897)",1,1,1,1,1,1,390,OVERHEAD,,1
padswitch(r:p1udt11036-p1udt1558)p1u_233636,ABC,p1udt11036-p1udt1558xx,p1udt1558,"LINESTRING(-97.7138628824863 30.419232244375, -97.7138141495845 30.4192478201663)",1,1,1,1,1,1,390,OVERHEAD,,1
padswitch(r:p1udt14227-p1udt16940)p1u_233637,A,p1udt14227,p1udt14227-p1udt16940x,"LINESTRING(-97.7160936449043 30.4192883042119, -97.7161423774968 30.4192727275598)",0.001,,,0.001,,,151,OVERHEAD,,1
padswitch(r:p1udt14227-p1udt16940)p1u_233638,A,p1udt14227-p1udt16940xx,p1udt16940,"LINESTRING(-97.7163426677081 30.4195073791045, -97.7162967370589 30.4194927905372)",0.001,,,0.001,,,301,OVERHEAD,,1
padswitch(r:p1udt14227-p1udt4317)p1u_233639,A,p1udt4317,p1udt14227-p1udt4317xx,"LINESTRING(-97.7157102569691 30.4191491893113, -97.715758989547 30.4191336128018)",0.001,,,0.001,,,205,OVERHEAD,,1
padswitch(r:p1udt14227-p1udt4317)p1u_233640,A,p1udt14227-p1udt4317x,p1udt14227,"LINESTRING(-97.7160534223722 30.4192598267354, -97.7160936449043 30.4192883042119)",0.001,,,0.001,,,301,OVERHEAD,,1
padswitch(r:p1udt4317-p1udt8020)p1u_233641,A,p1udt8020,p1udt4317-p1udt8020xx,"LINESTRING(-97.7155238100478 30.419075343142, -97.7155308477384 30.4190307278676)",0.001,,,0.001,,,151,OVERHEAD,,1
padswitch(r:p1udt4317-p1udt8020)p1u_233642,A,p1udt4317-p1udt8020x,p1udt4317,"LINESTRING(-97.7157017051402 30.4191936084455, -97.7157102569691 30.4191491893113)",0.001,,,0.001,,,205,OVERHEAD,,1
padswitch(r:p1udt13953-p1udt8020)p1u_233643,A,p1udt13953,p1udt13953-p1udt8020x,"LINESTRING(-97.7151509517192 30.4189273073057, -97.7151921024288 30.4189547595918)",0.001,,,0.001,,,151,OVERHEAD,,1
padswitch(r:p1udt13953-p1udt8020)p1u_233644,A,p1udt13953-p1udt8020xx,p1udt8020,"LINESTRING(-97.7154756498507 30.4190921855328, -97.7155238100478 30.419075343142)",0.001,,,0.001,,,151,OVERHEAD,,1
padswitch(r:p1udt12382-p1udt13953)p1u_233645,A,p1udt12382,p1udt12382-p1udt13953x,"LINESTRING(-97.7148607808077 30.4188251990301, -97.7149019313908 30.4188526514046)",0.001,,,0.001,,,151,OVERHEAD,,1
padswitch(r:p1udt12382-p1udt13953)p1u_233646,A,p1udt12382-p1udt13953xx,p1udt13953,"LINESTRING(-97.715102791537 30.4189441495595, -97.7151509517192 30.4189273073057)",0.001,,,0.001,,,151,OVERHEAD,,1
padswitch(r:p1udt12382-p1udt310)p1u_233647,A,p1udt310,p1udt12382-p1udt310xx,"LINESTRING(-97.7144775148199 30.4186770588463, -97.7144293546561 30.4186939008525)",0.001,,,0.001,,,151,OVERHEAD,,1
padswitch(r:p1udt12382-p1udt310)p1u_233648,A,p1udt12382-p1udt310x,p1udt12382,"LINESTRING(-97.7148678187763 30.418780583798, -97.7148607808077 30.4188251990301)",0.001,,,0.001,,,151,OVERHEAD,,1
padswitch(r:p1udt18954-p1udt310)p1u_233649,A,p1udt18954-p1udt310x,p1udt18954-p1udt310xx,"LINESTRING(-97.7138107383419 30.4184961938846, -97.7138603929357 30.4184893327198)",0.001,,,0.001,,,151,OVERHEAD,,1
padswitch(r:p1udt18954-p1udt310)p1u_233650,A,p1udt18954-p1udt310xxx,p1udt310,"LINESTRING(-97.7145186652305 30.4187045113373, -97.7144775148199 30.4186770588463)",0.001,,,0.001,,,151,OVERHEAD,,1
padswitch(r:p1udt14511-p1udt2122)p1u_233651,C,p1udt14511,p1udt14511-p1udt2122x,"LINESTRING(-97.7153937838256 30.4170799981174, -97.7153456246012 30.4170968404927)",0.001,,,0.001,,,151,OVERHEAD,,1
padswitch(r:p1udt14511-p1udt2122)p1u_233652,C,p1udt14511-p1udt2122xx,p1udt2122,"LINESTRING(-97.7149407250003 30.4167287097924, -97.7149791726882 30.4167549059301)",0.001,,,0.001,,,151,OVERHEAD,,1
padswitch(r:p1udt14511-p1udt8019)p1u_233653,C,p1udt8019,p1udt14511-p1udt8019xx,"LINESTRING(-97.7159115419814 30.4172926189194, -97.7159526922445 30.4173200709589)",0.001,,,0.001,,,151,OVERHEAD,,1
padswitch(r:p1udt14511-p1udt8019)p1u_233654,C,p1udt14511-p1udt8019x,p1udt14511,"LINESTRING(-97.7154349338505 30.4171074503142, -97.7153937838256 30.4170799981174)",0.001,,,0.001,,,151,OVERHEAD,,1
padswitch(r:p1udt2124-p1udt8019)p1u_233655,C,p1udt2124,p1udt2124-p1udt8019x,"LINESTRING(-97.7162948049644 30.41744075483, -97.71630184216 30.4173961394898)",0.001,,,0.001,,,151,OVERHEAD,,1
padswitch(r:p1udt2124-p1udt8019)p1u_233656,C,p1udt2124-p1udt8019xx,p1udt8019,"LINESTRING(-97.7158633827329 30.4173094614848, -97.7159115419814 30.4172926189194)",0.001,,,0.001,,,151,OVERHEAD,,1
padswitch(r:p1udt2124-p1udt5319)p1u_233657,C,p1udt5319,p1udt2124-p1udt5319xx,"LINESTRING(-97.7167608734111 30.4176257952795, -97.7167127141307 30.4176426381569)",0.001,,,0.001,,,151,OVERHEAD,,1
padswitch(r:p1udt2124-p1udt5319)p1u_233658,C,p1udt2124-p1udt5319x,p1udt2124,"LINESTRING(-97.7162466457026 30.4174575975363, -97.7162948049644 30.41744075483)",0.001,,,0.001,,,151,OVERHEAD,,1
padswitch(r:p1udt17155-p1udt5319)p1u_233659,C,p1udt17155-p1udt5319x,p1udt17155-p1udt5319xx,"LINESTRING(-97.7173113969938 30.4179120289268, -97.7173530670676 30.4178876427065)",0.001,,,0.001,,,151,OVERHEAD,,1
padswitch(r:p1udt17155-p1udt5319)p1u_233660,C,p1udt17155-p1udt5319xxx,p1udt5319,"LINESTRING(-97.7168020240585 30.4176532470606, -97.7167608734111 30.4176257952795)",0.001,,,0.001,,,151,OVERHEAD,,1
padswitch(r:p1udt9948-p1udt9949)p1u_233661,B,p1udt9948,p1udt9948-p1udt9949x,"LINESTRING(-97.7161307886294 30.4147906708948, -97.7161660535325 30.4147575935922)",0.001,,,0.001,,,151,OVERHEAD,,1
padswitch(r:p1udt9948-p1udt9949)p1u_233662,B,p1udt9948-p1udt9949xx,p1udt9949,"LINESTRING(-97.7162000237775 30.4147261803246, -97.7162367149472 30.41469771511)",0.001,,,0.001,,,205,OVERHEAD,,1
padswitch(r:p1udt23143-p1udt9948)p1u_233663,B,p1udt23143,p1udt23143-p1udt9948x,"LINESTRING(-97.7162670686938 30.4147877420182, -97.7162741056655 30.4147431266567)",0.001,,,0.001,,,151,OVERHEAD,,1
padswitch(r:p1udt23143-p1udt9948)p1u_233664,B,p1udt23143-p1udt9948xx,p1udt9948,"LINESTRING(-97.7160781569293 30.4147845324012, -97.7161307886294 30.4147906708948)",0.001,,,0.001,,,151,OVERHEAD,,1
padswitch(r:p1udt23023-p1udt23143)p1u_233665,B,p1udt23023,p1udt23023-p1udt23143x,"LINESTRING(-97.7164534908649 30.4148617583161, -97.716494640292 30.4148892101698)",0.001,,,0.001,,,151,OVERHEAD,,1
padswitch(r:p1udt23023-p1udt23143)p1u_233666,B,p1udt23023-p1udt23143xx,p1udt23143,"LINESTRING(-97.7162189107481 30.4148045847581, -97.7162670686938 30.4147877420182)",0.001,,,0.001,,,151,OVERHEAD,,1
padswitch(r:p1udt16938-p1udt23023)p1u_233667,B,p1udt16938,p1udt16938-p1udt23023x,"LINESTRING(-97.7166399133255 30.414935774355, -97.7165917553649 30.4149526172318)",0.001,,,0.001,,,151,OVERHEAD,,1
padswitch(r:p1udt16938-p1udt23023)p1u_233668,B,p1udt16938-p1udt23023xx,p1udt23023,"LINESTRING(-97.7164053329118 30.4148786011245, -97.7164534908649 30.4148617583161)",0.001,,,0.001,,,151,OVERHEAD,,1
padswitch(r:p1udt16938-p1udt4784)p1u_233669,B,p1udt4784,p1udt16938-p1udt4784xx,"LINESTRING(-97.7170127591151 30.4150838056557, -97.7169646011396 30.4151006486695)",0.001,,,0.001,,,205,OVERHEAD,,1
padswitch(r:p1udt16938-p1udt4784)p1u_233670,B,p1udt16938-p1udt4784x,p1udt16938,"LINESTRING(-97.7166810628373 30.414963226152, -97.7166399133255 30.414935774355)",0.001,,,0.001,,,151,OVERHEAD,,1
padswitch(r:p1udt18758-p1udt4784)p1u_233671,B,p1udt18758,p1udt18758-p1udt4784x,"LINESTRING(-97.7172097270761 30.4151487300643, -97.717169505859 30.4151202529534)",0.001,,,0.001,,,205,OVERHEAD,,1
padswitch(r:p1udt18758-p1udt4784)p1u_233672,B,p1udt18758-p1udt4784xx,p1udt4784,"LINESTRING(-97.7170539087963 30.4151112573393, -97.7170127591151 30.4150838056557)",0.001,,,0.001,,,205,OVERHEAD,,1
padswitch(r:p1udt13358-p1udt18758)p1u_233673,B,p1udt13358,p1udt13358-p1udt18758x,"LINESTRING(-97.7177080589553 30.4152530491886, -97.7176599010053 30.4152698924595)",0.001,,,0.001,,,151,OVERHEAD,,1
padswitch(r:p1udt13358-p1udt18758)p1u_233674,B,p1udt13358-p1udt18758xx,p1udt18758,"LINESTRING(-97.7172584574245 30.4151331529219, -97.7172097270761 30.4151487300643)",0.001,,,0.001,,,205,OVERHEAD,,1
padswitch(r:p1udt13358-p1udt3796)p1u_233675,B,p1udt3796,p1udt13358-p1udt3796xx,"LINESTRING(-97.7182067630256 30.4153301297618, -97.7182479131562 30.4153575810805)",0.001,,,0.001,,,151,OVERHEAD,,1
padswitch(r:p1udt13358-p1udt3796)p1u_233676,B,p1udt13358-p1udt3796x,p1udt13358,"LINESTRING(-97.7177492089088 30.4152805006599, -97.7177080589553 30.4152530491886)",0.001,,,0.001,,,205,OVERHEAD,,1
padswitch(r:p1udt18360-p1udt3796)p1u_233677,B,p1udt18360-p1udt3796x,p1udt18360-p1udt3796xx,"LINESTRING(-97.7184811924138 30.4154086002862, -97.7184637445738 30.4154494557888)",0.001,,,0.001,,,151,OVERHEAD,,1
padswitch(r:p1udt18360-p1udt3796)p1u_233678,B,p1udt18360-p1udt3796xxx,p1udt3796,"LINESTRING(-97.718213799167 30.4152855142752, -97.7182067630256 30.4153301297618)",0.001,,,0.001,,,151,OVERHEAD,,1
padswitch(r:p1udt20181-p1udt9593)p1u_233679,A,p1udt9593,p1udt20181-p1udt9593xx,"LINESTRING(-97.7216211036169 30.4161574532681, -97.7216698338346 30.4161418744754)",0.001,,,0.001,,,151,OVERHEAD,,1
padswitch(r:p1udt20181-p1udt9593)p1u_233680,A,p1udt20181-p1udt9593x,p1udt20181,"LINESTRING(-97.7221199584343 30.4163789633982, -97.722074028296 30.4163643768743)",0.001,,,0.001,,,205,OVERHEAD,,1
padswitch(r:p1udt8017-p1udt9593)p1u_233681,A,p1udt8017,p1udt8017-p1udt9593x,"LINESTRING(-97.7212588737247 30.4159916645923, -97.7212659085425 30.4159470489073)",0.001,,,0.001,,,151,OVERHEAD,,1
padswitch(r:p1udt8017-p1udt9593)p1u_233682,A,p1udt8017-p1udt9593xx,p1udt9593,"LINESTRING(-97.7216125547639 30.4162018728934, -97.7216211036169 30.4161574532681)",0.001,,,0.001,,,151,OVERHEAD,,1
padswitch(r:p1udt6740-p1udt8017)p1u_233683,A,p1udt6740,p1udt6740-p1udt8017x,"LINESTRING(-97.7208139929546 30.4157796074173, -97.7208054437773 30.4158240269828)",0.001,,,0.001,,,151,OVERHEAD,,1
padswitch(r:p1udt6740-p1udt8017)p1u_233684,A,p1udt6740-p1udt8017xx,p1udt8017,"LINESTRING(-97.721300025017 30.4160191149785, -97.7212588737247 30.4159916645923)",0.001,,,0.001,,,151,OVERHEAD,,1
padswitch(r:p1udt17382-p1udt6740)p1u_233685,A,p1udt17382,p1udt17382-p1udt6740x,"LINESTRING(-97.7205448616985 30.4156598436073, -97.7205518968101 30.4156152279671)",0.001,,,0.001,,,151,OVERHEAD,,1
padswitch(r:p1udt17382-p1udt6740)p1u_233686,A,p1udt17382-p1udt6740xx,p1udt6740,"LINESTRING(-97.7207737703967 30.4157511313824, -97.7208139929546 30.4157796074173)",0.001,,,0.001,,,151,OVERHEAD,,1
padswitch(r:p1udt17382-p1udt4786)p1u_233687,A,p1udt4786,p1udt17382-p1udt4786xx,"LINESTRING(-97.7201101405982 30.4154661010399, -97.7201512913402 30.4154935517749)",0.001,,,0.001,,,151,OVERHEAD,,1
padswitch(r:p1udt17382-p1udt4786)p1u_233688,A,p1udt17382-p1udt4786x,p1udt17382,"LINESTRING(-97.7205860126466 30.4156872942102, -97.7205448616985 30.4156598436073)",0.001,,,0.001,,,151,OVERHEAD,,1
padswitch(r:p1udt17381-p1udt4786)p1u_233689,A,p1udt17381-p1udt4786x,p1udt17381-p1udt4786xx,"LINESTRING(-97.7197799504273 30.4152770099538, -97.7197983337549 30.4152364502302)",0.001,,,0.001,,,151,OVERHEAD,,1
padswitch(r:p1udt17381-p1udt4786)p1u_233690,A,p1udt17381-p1udt4786xxx,p1udt4786,"LINESTRING(-97.7201171758896 30.4154214854271, -97.7201101405982 30.4154661010399)",0.001,,,0.001,,,151,OVERHEAD,,1
padswitch(r:p1udt17579-p1udt3795)p1u_233691,B,p1udt17579,p1udt17579-p1udt3795x,"LINESTRING(-97.7233019817004 30.4149920679152, -97.7233431331802 30.4150195176657)",0.001,,,0.001,,,151,OVERHEAD,,1
padswitch(r:p1udt17579-p1udt3795)p1u_233692,B,p1udt17579-p1udt3795xx,p1udt3795,"LINESTRING(-97.7234580484367 30.4151559112684, -97.7234121186475 30.4151413252233)",0.001,,,0.001,,,151,OVERHEAD,,1
padswitch(r:p1udt17579-p1udt8423)p1u_233693,B,p1udt17579-p1udt8423xxx,p1udt17579-p1udt8423xx,"LINESTRING(-97.7227381328631 30.4150398152514, -97.7226992910597 30.4150121505215)",0.001,,,0.001,,,151,OVERHEAD,,1
padswitch(r:p1udt17579-p1udt8423)p1u_233694,B,p1udt17579-p1udt8423x,p1udt17579,"LINESTRING(-97.7232538247627 30.4150089132816, -97.7233019817004 30.4149920679152)",0.001,,,0.001,,,151,OVERHEAD,,1
padswitch(r:p1udt2111-p1udt6301)p1u_233695,C,p1udt6301,p1udt2111-p1udt6301xx,"LINESTRING(-97.7237805519278 30.4126237516371, -97.7238297605176 30.4126424471478)",0.001,,,0.001,,,151,OVERHEAD,,1
padswitch(r:p1udt2111-p1udt6301)p1u_233696,C,p1udt2111-p1udt6301x,p1udt2111,"LINESTRING(-97.7238893199363 30.4130900108488, -97.7239277687254 30.4131162043925)",0.001,,,0.001,,,205,OVERHEAD,,1
padswitch(r:p1udt5309-p1udt6301)p1u_233697,C,p1udt6301,p1udt5309-p1udt6301xx,"LINESTRING(-97.7237805519278 30.4126237516371, -97.7237584659061 30.412666219868)",0.001,,,0.001,,,151,OVERHEAD,,1
padswitch(r:p1udt5309-p1udt6301)p1u_233698,C,p1udt5309-p1udt6301x,p1udt5309,"LINESTRING(-97.7243394934091 30.412895905248, -97.7243779422493 30.4129220986611)",0.001,,,0.001,,,205,OVERHEAD,,1
padswitch(r:p1udt3280-p1udt6301)p1u_233699,C,p1udt3280-p1udt6301x,p1udt3280-p1udt6301xx,"LINESTRING(-97.7236017591594 30.4125577236304, -97.723578287127 30.4125955416153)",0.001,,,0.001,,,301,OVERHEAD,,1
padswitch(r:p1udt3280-p1udt6301)p1u_233700,C,p1udt3280-p1udt6301xxx,p1udt6301,"LINESTRING(-97.7238020876006 30.4125810496077, -97.7237805519278 30.4126237516371)",0.001,,,0.001,,,205,OVERHEAD,,1
padswitch(r:p1udt15277-p1udt1549)p1u_233713,B,p1udt15277,p1udt15277-p1udt1549x,"LINESTRING(-97.7221371189072 30.4125083866456, -97.7221441530171 30.4124637708715)",0.001,,,0.001,,,205,OVERHEAD,,1
padswitch(r:p1udt15277-p1udt1549)p1u_233714,B,p1udt15277-p1udt1549xx,p1udt1549,"LINESTRING(-97.7220506317423 30.4127819484707, -97.7220898164383 30.412756587915)",0.001,,,0.001,,,205,OVERHEAD,,1
padswitch(r:p1udt15002-p1udt15277)p1u_233715,B,p1udt15002,p1udt15002-p1udt15277x,"LINESTRING(-97.7223871883727 30.4124926164667, -97.7223469666515 30.412464140928)",0.001,,,0.001,,,151,OVERHEAD,,1
padswitch(r:p1udt15002-p1udt15277)p1u_233716,B,p1udt15002-p1udt15277xx,p1udt15277,"LINESTRING(-97.7220889630217 30.4125252316177, -97.7221371189072 30.4125083866456)",0.001,,,0.001,,,205,OVERHEAD,,1
padswitch(r:p1udt15002-p1udt17978)p1u_233717,B,p1udt17978,p1udt15002-p1udt17978xx,"LINESTRING(-97.7228320581056 30.4127046680558, -97.7228390919182 30.4126600522369)",0.001,,,0.001,,,151,OVERHEAD,,1
padswitch(r:p1udt15002-p1udt17978)p1u_233718,B,p1udt15002-p1udt17978x,p1udt15002,"LINESTRING(-97.7224359166361 30.4124770373241, -97.7223871883727 30.4124926164667)",0.001,,,0.001,,,151,OVERHEAD,,1
padswitch(r:p1udt17978-p1udt6738)p1u_233719,B,p1udt17978-p1udt6738xxx,p1udt17978-p1udt6738xx,"LINESTRING(-97.7231115558163 30.4127337752942, -97.7230677084798 30.4127124720758)",0.001,,,0.001,,,151,OVERHEAD,,1
padswitch(r:p1udt17978-p1udt6738)p1u_233720,B,p1udt17978-p1udt6738x,p1udt17978,"LINESTRING(-97.7227839022321 30.4127215132844, -97.7228320581056 30.4127046680558)",0.001,,,0.001,,,151,OVERHEAD,,1
padswitch(r:p1udt2116-p1udt4783)p1u_233743,C,p1udt4783,p1udt2116-p1udt4783xx,"LINESTRING(-97.7217934843138 30.4135750622565, -97.7217532623231 30.4135465865257)",0.001,,,0.001,,,151,OVERHEAD,,1
padswitch(r:p1udt2116-p1udt4783)p1u_233744,C,p1udt2116-p1udt4783x,p1udt2116,"LINESTRING(-97.7219145916099 30.4136391403443, -97.7219530400591 30.4136653344586)",0.001,,,0.001,,,205,OVERHEAD,,1
padswitch(r:p1udt4783-p1udt5317)p1u_233745,C,p1udt5317,p1udt4783-p1udt5317xx,"LINESTRING(-97.7213554411232 30.4133759589161, -97.7213965913738 30.413403409252)",0.001,,,0.001,,,151,OVERHEAD,,1
padswitch(r:p1udt4783-p1udt5317)p1u_233746,C,p1udt4783-p1udt5317x,p1udt4783,"LINESTRING(-97.7218422131907 30.41355948335, -97.7217934843138 30.4135750622565)",0.001,,,0.001,,,205,OVERHEAD,,1
padswitch(r:p1udt5317-p1udt8016)p1u_233747,C,p1udt8016,p1udt5317-p1udt8016xx,"LINESTRING(-97.7210647243848 30.4141220536647, -97.7210156294637 30.4141029937442)",0.001,,,0.001,,,151,OVERHEAD,,1
padswitch(r:p1udt5317-p1udt8016)p1u_233748,C,p1udt5317-p1udt8016x,p1udt5317,"LINESTRING(-97.7213624756644 30.4133313432018, -97.7213554411232 30.4133759589161)",0.001,,,0.001,,,151,OVERHEAD,,1
padswitch(r:p1udt4314-p1udt8810)p1u_233749,C,p1udt8810,p1udt4314-p1udt8810xx,"LINESTRING(-97.7218716107403 30.4145088801619, -97.7218234538174 30.4145257250016)",0.001,,,0.001,,,151,OVERHEAD,,1
padswitch(r:p1udt4314-p1udt8810)p1u_233750,C,p1udt4314-p1udt8810x,p1udt4314,"LINESTRING(-97.7220562698419 30.4147503485399, -97.7220947187549 30.4147765426216)",0.001,,,0.001,,,205,OVERHEAD,,1
padswitch(r:p1udt15279-p1udt8810)p1u_233751,C,p1udt15279,p1udt15279-p1udt8810x,"LINESTRING(-97.7214165438567 30.4142788510364, -97.7213683869765 30.4142956957098)",0.001,,,0.001,,,151,OVERHEAD,,1
padswitch(r:p1udt15279-p1udt8810)p1u_233752,C,p1udt15279-p1udt8810xx,p1udt8810,"LINESTRING(-97.7218786451485 30.4144642644229, -97.7218716107403 30.4145088801619)",0.001,,,0.001,,,151,OVERHEAD,,1
padswitch(r:p1udt15279-p1udt8016)p1u_233753,C,p1udt8016,p1udt15279-p1udt8016xx,"LINESTRING(-97.7210647243848 30.4141220536647, -97.7210862615771 30.414079352136)",0.001,,,0.001,,,151,OVERHEAD,,1
padswitch(r:p1udt15279-p1udt8016)p1u_233754,C,p1udt15279-p1udt8016x,p1udt15279,"LINESTRING(-97.7214235784506 30.4142342353259, -97.7214165438567 30.4142788510364)",0.001,,,0.001,,,151,OVERHEAD,,1
padswitch(r:p1udt5318-p1udt8016)p1u_233755,C,p1udt5318-p1udt8016x,p1udt5318-p1udt8016xx,"LINESTRING(-97.7204455025535 30.4146973824121, -97.7204840203358 30.4146683397663)",0.001,,,0.001,,,151,OVERHEAD,,1
padswitch(r:p1udt5318-p1udt8016)p1u_233756,C,p1udt5318-p1udt8016xxx,p1udt8016,"LINESTRING(-97.721113933159 30.4141407502016, -97.7210647243848 30.4141220536647)",0.001,,,0.001,,,151,OVERHEAD,,1
padswitch(r:p1udt4315-p1udt8424)p1u_233769,C,p1udt4315,p1udt4315-p1udt8424x,"LINESTRING(-97.7168873974684 30.4159126829906, -97.7168944342594 30.4158680675973)",0.001,,,0.001,,,151,OVERHEAD,,1
padswitch(r:p1udt4315-p1udt8424)p1u_233770,C,p1udt4315-p1udt8424xx,p1udt8424,"LINESTRING(-97.7164113941686 30.4157235868872, -97.716449841882 30.4157497825956)",0.001,,,0.001,,,151,OVERHEAD,,1
padswitch(r:p1udt4315-p1udt6741)p1u_233771,C,p1udt6741,p1udt4315-p1udt6741xx,"LINESTRING(-97.717261073354 30.4159975613049, -97.7172681099833 30.4159529458874)",0.001,,,0.001,,,151,OVERHEAD,,1
padswitch(r:p1udt4315-p1udt6741)p1u_233772,C,p1udt4315-p1udt6741x,p1udt4315,"LINESTRING(-97.7168392390606 30.4159295259437, -97.7168873974684 30.4159126829906)",0.001,,,0.001,,,151,OVERHEAD,,1
padswitch(r:p1udt13032-p1udt6741)p1u_233773,C,p1udt13032,p1udt13032-p1udt6741x,"LINESTRING(-97.7175622380099 30.4160546575262, -97.7175140796379 30.4160715007293)",0.001,,,0.001,,,151,OVERHEAD,,1
padswitch(r:p1udt13032-p1udt6741)p1u_233774,C,p1udt13032-p1udt6741xx,p1udt6741,"LINESTRING(-97.7172129149629 30.4160144043963, -97.717261073354 30.4159975613049)",0.001,,,0.001,,,151,OVERHEAD,,1
padswitch(r:p1udt13032-p1udt8018)p1u_233775,C,p1udt8018,p1udt13032-p1udt8018xx,"LINESTRING(-97.7178635209919 30.4161027312922, -97.7178705573576 30.4160581158353)",0.001,,,0.001,,,151,OVERHEAD,,1
padswitch(r:p1udt13032-p1udt8018)p1u_233776,C,p1udt13032-p1udt8018x,p1udt13032,"LINESTRING(-97.7175692745078 30.416010042089, -97.7175622380099 30.4160546575262)",0.001,,,0.001,,,151,OVERHEAD,,1
padswitch(r:p1udt17784-p1udt8018)p1u_233777,C,p1udt17784-p1udt8018x,p1udt17784-p1udt8018xx,"LINESTRING(-97.7182938853689 30.4163082485065, -97.7183274957037 30.416275887493)",0.001,,,0.001,,,151,OVERHEAD,,1
padswitch(r:p1udt17784-p1udt8018)p1u_233778,C,p1udt17784-p1udt8018xxx,p1udt8018,"LINESTRING(-97.7178153626434 30.4161195746072, -97.7178635209919 30.4161027312922)",0.001,,,0.001,,,151,OVERHEAD,,1
padswitch(r:p1udt16939-p1udt2119)p1u_233785,B,p1udt2119,p1udt16939-p1udt2119xx,"LINESTRING(-97.7229561960201 30.4159631634032, -97.7229973477964 30.4159906132676)",0.001,,,0.001,,,205,OVERHEAD,,1
padswitch(r:p1udt16939-p1udt2119)p1u_233786,B,p1udt16939-p1udt2119x,p1udt16939,"LINESTRING(-97.722557511311 30.415431974163, -97.722595960624 30.4154581681059)",0.001,,,0.001,,,301,OVERHEAD,,1
padswitch(r:p1udt2119-p1udt9190)p1u_233787,B,p1udt2119-p1udt9190xxx,p1udt2119-p1udt9190xx,"LINESTRING(-97.7225744227451 30.4164187229034, -97.7225355804583 30.4163910581162)",0.001,,,0.001,,,151,OVERHEAD,,1
padswitch(r:p1udt2119-p1udt9190)p1u_233788,B,p1udt2119-p1udt9190x,p1udt2119,"LINESTRING(-97.7229080385447 30.4159800086244, -97.7229561960201 30.4159631634032)",0.001,,,0.001,,,205,OVERHEAD,,1
padswitch(r:p1udt12700-p1udt4307)p1u_233789,A,p1udt12700,p1udt12700-p1udt4307x,"LINESTRING(-97.7236454934135 30.4136563408955, -97.7236942220633 30.4136407612906)",0.001,,,0.001,,,301,OVERHEAD,,1
padswitch(r:p1udt12700-p1udt4307)p1u_233790,A,p1udt12700-p1udt4307xx,p1udt4307,"LINESTRING(-97.7236119533878 30.413600263011, -97.7236511380328 30.4135749019875)",0.001,,,0.001,,,301,OVERHEAD,,1
padswitch(r:p1udt12700-p1udt9588)p1u_233791,A,p1udt9588,p1udt12700-p1udt9588xx,"LINESTRING(-97.7237106850887 30.413985494542, -97.7237177186173 30.4139408786756)",0.001,,,0.001,,,205,OVERHEAD,,1
padswitch(r:p1udt12700-p1udt9588)p1u_233792,A,p1udt12700-p1udt9588x,p1udt12700,"LINESTRING(-97.7236052708309 30.4136278657194, -97.7236454934135 30.4136563408955)",0.001,,,0.001,,,301,OVERHEAD,,1
padswitch(r:p1udt3284-p1udt9588)p1u_233793,A,p1udt3284,p1udt3284-p1udt9588x,"LINESTRING(-97.7243881653746 30.4147320350463, -97.7244373751318 30.4147507303554)",0.001,,,0.001,,,151,OVERHEAD,,1
padswitch(r:p1udt3284-p1udt9588)p1u_233794,A,p1udt3284-p1udt9588xx,p1udt9588,"LINESTRING(-97.7236625287165 30.4140023400779, -97.7237106850887 30.413985494542)",0.001,,,0.001,,,205,OVERHEAD,,1
padswitch(r:p1udt16936-p1udt5308)p1u_233795,A,p1udt5308,p1udt16936-p1udt5308xx,"LINESTRING(-97.7249185351757 30.4131671853474, -97.7249255680844 30.413122569393)",0.001,,,0.001,,,151,OVERHEAD,,1
padswitch(r:p1udt16936-p1udt5308)p1u_233796,A,p1udt16936-p1udt5308x,p1udt16936,"LINESTRING(-97.724608487518 30.4130248543597, -97.7246469364823 30.4130510476965)",0.001,,,0.001,,,151,OVERHEAD,,1
padswitch(r:p1udt15275-p1udt5308)p1u_233797,A,p1udt15275,p1udt15275-p1udt5308x,"LINESTRING(-97.7248630880415 30.4134283092153, -97.7248701209986 30.413383693267)",0.001,,,0.001,,,151,OVERHEAD,,1
padswitch(r:p1udt15275-p1udt5308)p1u_233798,A,p1udt15275-p1udt5308xx,p1udt5308,"LINESTRING(-97.7248703794013 30.4131840313483, -97.7249185351757 30.4131671853474)",0.001,,,0.001,,,151,OVERHEAD,,1
padswitch(r:p1udt15275-p1udt7177)p1u_233799,A,p1udt7177,p1udt15275-p1udt7177xx,"LINESTRING(-97.7246719692835 30.413715176707, -97.7246238131975 30.4137320226067)",0.001,,,0.001,,,151,OVERHEAD,,1
padswitch(r:p1udt15275-p1udt7177)p1u_233800,A,p1udt15275-p1udt7177x,p1udt15275,"LINESTRING(-97.7248149321284 30.4134451551912, -97.7248630880415 30.4134283092153)",0.001,,,0.001,,,151,OVERHEAD,,1
padswitch(r:p1udt15759-p1udt7177)p1u_233801,A,p1udt15759,p1udt15759-p1udt7177x,"LINESTRING(-97.7244893813023 30.4141464943042, -97.7244412249728 30.4141633401285)",0.001,,,0.001,,,205,OVERHEAD,,1
padswitch(r:p1udt15759-p1udt7177)p1u_233802,A,p1udt15759-p1udt7177xx,p1udt7177,"LINESTRING(-97.724713120641 30.4137426260265, -97.7246719692835 30.413715176707)",0.001,,,0.001,,,151,OVERHEAD,,1
padswitch(r:p1udt15759-p1udt23141)p1u_233803,A,p1udt23141,p1udt15759-p1udt23141xx,"LINESTRING(-97.7244341670552 30.4143895743125, -97.7244412002921 30.4143449584012)",0.001,,,0.001,,,205,OVERHEAD,,1
padswitch(r:p1udt15759-p1udt23141)p1u_233804,A,p1udt15759-p1udt23141x,p1udt15759,"LINESTRING(-97.7245305327829 30.4141739436832, -97.7244893813023 30.4141464943042)",0.001,,,0.001,,,205,OVERHEAD,,1
padswitch(r:p1udt23141-p1udt3284)p1u_233805,A,p1udt3284,p1udt23141-p1udt3284xx,"LINESTRING(-97.7243881653746 30.4147320350463, -97.7244097012844 30.4146893329357)",0.001,,,0.001,,,151,OVERHEAD,,1
padswitch(r:p1udt23141-p1udt3284)p1u_233806,A,p1udt23141-p1udt3284x,p1udt23141,"LINESTRING(-97.7244753186191 30.4144170237104, -97.7244341670552 30.4143895743125)",0.001,,,0.001,,,205,OVERHEAD,,1
padswitch(r:p1udt3284-p1udt3285)p1u_233807,A,p1udt3285,p1udt3284-p1udt3285xx,"LINESTRING(-97.7243418572619 30.4150834388923, -97.7243830090827 30.415110888324)",0.001,,,0.001,,,151,OVERHEAD,,1
padswitch(r:p1udt3284-p1udt3285)p1u_233808,A,p1udt3284-p1udt3285x,p1udt3284,"LINESTRING(-97.7243390694591 30.4147129763504, -97.7243881653746 30.4147320350463)",0.001,,,0.001,,,151,OVERHEAD,,1
padswitch(r:p1udt3285-p1udt918)p1u_233809,A,p1udt918,p1udt3285-p1udt918xx,"LINESTRING(-97.7239386726306 30.4156659899243, -97.7239457062055 30.4156213740573)",0.001,,,0.001,,,151,OVERHEAD,,1
padswitch(r:p1udt3285-p1udt918)p1u_233810,A,p1udt3285-p1udt918x,p1udt3285,"LINESTRING(-97.7243488906023 30.4150388229932, -97.7243418572619 30.4150834388923)",0.001,,,0.001,,,151,OVERHEAD,,1
padswitch(r:p1udt3788-p1udt918)p1u_233811,A,p1udt3788,p1udt3788-p1udt918x,"LINESTRING(-97.7241517706959 30.4160919791838, -97.7241432229898 30.4161363990081)",0.001,,,0.001,,,151,OVERHEAD,,1
padswitch(r:p1udt3788-p1udt918)p1u_233812,A,p1udt3788-p1udt918xx,p1udt918,"LINESTRING(-97.7238905154581 30.4156828355177, -97.7239386726306 30.4156659899243)",0.001,,,0.001,,,151,OVERHEAD,,1
padswitch(r:p1udt14509-p1udt3788)p1u_233813,A,p1udt14509-p1udt3788x,p1udt14509-p1udt3788xx,"LINESTRING(-97.7240630449161 30.4165460584099, -97.7240814267527 30.4165054980471)",0.001,,,0.001,,,151,OVERHEAD,,1
padswitch(r:p1udt14509-p1udt3788)p1u_233814,A,p1udt14509-p1udt3788xxx,p1udt3788,"LINESTRING(-97.7241115470049 30.4160635041474, -97.7241517706959 30.4160919791838)",0.001,,,0.001,,,151,OVERHEAD,,1
padswitch(r:p1udt1541-p1udt1542)p1u_233815,B,p1udt1542,p1udt1541-p1udt1542xx,"LINESTRING(-97.7279616153324 30.4153262843059, -97.7279686470547 30.415281668167)",0.001,,,0.001,,,151,OVERHEAD,,1
padswitch(r:p1udt1541-p1udt1542)p1u_233816,B,p1udt1541-p1udt1542x,p1udt1541,"LINESTRING(-97.7280394908103 30.4151014866408, -97.7279931594365 30.4151150857714)",0.001,,,0.001,,,301,OVERHEAD,,1
padswitch(r:p1udt1542-p1udt2689)p1u_233817,B,p1udt2689,p1udt1542-p1udt2689xx,"LINESTRING(-97.7280896827025 30.4158869546969, -97.728130835946 30.4159144029831)",0.001,,,0.001,,,205,OVERHEAD,,1
padswitch(r:p1udt1542-p1udt2689)p1u_233818,B,p1udt1542-p1udt2689x,p1udt1542,"LINESTRING(-97.7279134589639 30.4153431314087, -97.7279616153324 30.4153262843059)",0.001,,,0.001,,,151,OVERHEAD,,1
padswitch(r:p1udt17781-p1udt2689)p1u_233819,B,p1udt17781,p1udt17781-p1udt2689x,"LINESTRING(-97.7281172837877 30.4161669349153, -97.7280691270255 30.4161837820624)",0.001,,,0.001,,,151,OVERHEAD,,1
padswitch(r:p1udt17781-p1udt2689)p1u_233820,B,p1udt17781-p1udt2689xx,p1udt2689,"LINESTRING(-97.7280967144167 30.4158423385544, -97.7280896827025 30.4158869546969)",0.001,,,0.001,,,205,OVERHEAD,,1
padswitch(r:p1udt12379-p1udt17781)p1u_233821,B,p1udt12379,p1udt12379-p1udt17781x,"LINESTRING(-97.7278816223088 30.4166787752154, -97.7279303518825 30.4166631940658)",0.001,,,0.001,,,205,OVERHEAD,,1
padswitch(r:p1udt12379-p1udt17781)p1u_233822,B,p1udt12379-p1udt17781xx,p1udt17781,"LINESTRING(-97.7281584371538 30.4161943831952, -97.7281172837877 30.4161669349153)",0.001,,,0.001,,,151,OVERHEAD,,1
padswitch(r:p1udt12379-p1udt1543)p1u_233823,B,p1udt1543,p1udt12379-p1udt1543xx,"LINESTRING(-97.7275399641418 30.4165312500917, -97.7275469961622 30.4164866339915)",0.001,,,0.001,,,151,OVERHEAD,,1
padswitch(r:p1udt12379-p1udt1543)p1u_233824,B,p1udt12379-p1udt1543x,p1udt12379,"LINESTRING(-97.7278413972568 30.4166503012933, -97.7278816223088 30.4166787752154)",0.001,,,0.001,,,151,OVERHEAD,,1
padswitch(r:p1udt1543-p1udt303)p1u_233825,B,p1udt303,p1udt1543-p1udt303xx,"LINESTRING(-97.7271504696869 30.4160673215422, -97.7271013725363 30.4160482638549)",0.001,,,0.001,,,151,OVERHEAD,,1
padswitch(r:p1udt1543-p1udt303)p1u_233826,B,p1udt1543-p1udt303x,p1udt1543,"LINESTRING(-97.7275811174884 30.4165586985519, -97.7275399641418 30.4165312500917)",0.001,,,0.001,,,151,OVERHEAD,,1
padswitch(r:p1udt16937-p1udt8415)p1u_233827,B,p1udt8415,p1udt16937-p1udt8415xx,"LINESTRING(-97.727039642812 30.4149276253002, -97.727091027271 30.4149404808523)",0.001,,,0.001,,,151,OVERHEAD,,1
padswitch(r:p1udt16937-p1udt8415)p1u_233828,B,p1udt16937-p1udt8415x,p1udt16937,"LINESTRING(-97.7271393634446 30.4149528102593, -97.7271875187087 30.4149628330907)",0.001,,,0.001,,,205,OVERHEAD,,1
padswitch(r:p1udt18357-p1udt8415)p1u_233829,B,p1udt8415,p1udt18357-p1udt8415xx,"LINESTRING(-97.727039642812 30.4149276253002, -97.7270123975617 30.4149696151909)",0.001,,,0.001,,,151,OVERHEAD,,1
padswitch(r:p1udt18357-p1udt8415)p1u_233830,B,p1udt18357-p1udt8415x,p1udt18357,"LINESTRING(-97.7272017408279 30.4145479696359, -97.7272401910956 30.4145741622397)",0.001,,,0.001,,,205,OVERHEAD,,1
padswitch(r:p1udt3286-p1udt8415)p1u_233831,B,p1udt3286,p1udt3286-p1udt8415x,"LINESTRING(-97.7271270097873 30.4154623455997, -97.7271184634875 30.4155067656629)",0.001,,,0.001,,,301,OVERHEAD,,1
padswitch(r:p1udt3286-p1udt8415)p1u_233832,B,p1udt3286-p1udt8415xx,p1udt8415,"LINESTRING(-97.7269886386968 30.4149148926118, -97.727039642812 30.4149276253002)",0.001,,,0.001,,,151,OVERHEAD,,1
padswitch(r:p1udt22289-p1udt3286)p1u_233833,B,p1udt22289,p1udt22289-p1udt3286x,"LINESTRING(-97.7271432445704 30.4158145702594, -97.727184397508 30.4158420188359)",0.001,,,0.001,,,301,OVERHEAD,,1
padswitch(r:p1udt22289-p1udt3286)p1u_233834,B,p1udt22289-p1udt3286xx,p1udt3286,"LINESTRING(-97.7271757388584 30.4154467647151, -97.7271270097873 30.4154623455997)",0.001,,,0.001,,,151,OVERHEAD,,1
padswitch(r:p1udt22289-p1udt303)p1u_233835,B,p1udt303,p1udt22289-p1udt303xx,"LINESTRING(-97.7271504696869 30.4160673215422, -97.727128384271 30.4161097903409)",0.001,,,0.001,,,151,OVERHEAD,,1
padswitch(r:p1udt22289-p1udt303)p1u_233836,B,p1udt22289-p1udt303x,p1udt22289,"LINESTRING(-97.7271502767068 30.4157699541795, -97.7271432445704 30.4158145702594)",0.001,,,0.001,,,151,OVERHEAD,,1
padswitch(r:p1udt303-p1udt917)p1u_233837,B,p1udt917,p1udt303-p1udt917xx,"LINESTRING(-97.7263187688755 30.4159780037929, -97.7262696719425 30.4159589457983)",0.001,,,0.001,,,151,OVERHEAD,,1
padswitch(r:p1udt303-p1udt917)p1u_233838,B,p1udt303-p1udt917x,p1udt303,"LINESTRING(-97.7271996806707 30.4160860158403, -97.7271504696869 30.4160673215422)",0.001,,,0.001,,,151,OVERHEAD,,1
padswitch(r:p1udt11700-p1udt12377)p1u_233839,B,p1udt12377,p1udt11700-p1udt12377xx,"LINESTRING(-97.7267564582444 30.4167399903672, -97.7267162335078 30.4167115161072)",0.001,,,0.001,,,151,OVERHEAD,,1
padswitch(r:p1udt11700-p1udt12377)p1u_233840,B,p1udt11700-p1udt12377x,p1udt11700,"LINESTRING(-97.7266092779467 30.4170094319805, -97.7265629454822 30.4170230305683)",0.001,,,0.001,,,205,OVERHEAD,,1
padswitch(r:p1udt12377-p1udt12378)p1u_233841,B,p1udt12378,p1udt12377-p1udt12378xx,"LINESTRING(-97.7268520005873 30.4165967265602, -97.7268590329252 30.4165521105065)",0.001,,,0.001,,,301,OVERHEAD,,1
padswitch(r:p1udt12377-p1udt12378)p1u_233842,B,p1udt12377-p1udt12378x,p1udt12377,"LINESTRING(-97.7267479116444 30.4167844103898, -97.7267564582444 30.4167399903672)",0.001,,,0.001,,,151,OVERHEAD,,1
padswitch(r:p1udt12378-p1udt917)p1u_233843,B,p1udt917,p1udt12378-p1udt917xx,"LINESTRING(-97.7263187688755 30.4159780037929, -97.7263679796446 30.4159966983989)",0.001,,,0.001,,,151,OVERHEAD,,1
padswitch(r:p1udt12378-p1udt917)p1u_233844,B,p1udt12378-p1udt917x,p1udt12378,"LINESTRING(-97.7268038434114 30.4166135732272, -97.7268520005873 30.4165967265602)",0.001,,,0.001,,,151,OVERHEAD,,1
padswitch(r:p1udt5312-p1udt917)p1u_233845,B,p1udt5312,p1udt5312-p1udt917x,"LINESTRING(-97.7258841514611 30.4157752583006, -97.7258350547188 30.4157562001472)",0.001,,,0.001,,,151,OVERHEAD,,1
padswitch(r:p1udt5312-p1udt917)p1u_233846,B,p1udt5312-p1udt917xx,p1udt917,"LINESTRING(-97.7263403042507 30.4159353013556, -97.7263187688755 30.4159780037929)",0.001,,,0.001,,,151,OVERHEAD,,1
padswitch(r:p1udt11699-p1udt18755)p1u_233847,B,p1udt18755,p1udt11699-p1udt18755xx,"LINESTRING(-97.7259089733191 30.4162625294876, -97.7258687490292 30.416234054977)",0.001,,,0.001,,,151,OVERHEAD,,1
padswitch(r:p1udt11699-p1udt18755)p1u_233848,B,p1udt11699-p1udt18755x,p1udt11699,"LINESTRING(-97.7257723410611 30.4163927531391, -97.7258107916358 30.4164189461664)",0.001,,,0.001,,,301,OVERHEAD,,1
padswitch(r:p1udt18755-p1udt5312)p1u_233849,B,p1udt5312,p1udt18755-p1udt5312xx,"LINESTRING(-97.7258841514611 30.4157752583006, -97.7259333620409 30.4157939530658)",0.001,,,0.001,,,151,OVERHEAD,,1
padswitch(r:p1udt18755-p1udt5312)p1u_233850,B,p1udt18755-p1udt5312x,p1udt18755,"LINESTRING(-97.725900426387 30.4163069494482, -97.7259089733191 30.4162625294876)",0.001,,,0.001,,,151,OVERHEAD,,1
padswitch(r:p1udt13654-p1udt5312)p1u_233851,B,p1udt13654,p1udt13654-p1udt5312x,"LINESTRING(-97.725625363271 30.4156552243322, -97.7256168162744 30.4156996442761)",0.001,,,0.001,,,151,OVERHEAD,,1
padswitch(r:p1udt13654-p1udt5312)p1u_233852,B,p1udt13654-p1udt5312xx,p1udt5312,"LINESTRING(-97.7258620655754 30.415817726873, -97.7258841514611 30.4157752583006)",0.001,,,0.001,,,151,OVERHEAD,,1
padswitch(r:p1udt13654-p1udt302)p1u_233853,B,p1udt13654-p1udt302xxx,p1udt13654-p1udt302xx,"LINESTRING(-97.7252289883429 30.4155022500562, -97.7252358595899 30.4154586540493)",0.001,,,0.001,,,151,OVERHEAD,,1
padswitch(r:p1udt13654-p1udt302)p1u_233854,B,p1udt13654-p1udt302x,p1udt13654,"LINESTRING(-97.7255851393092 30.4156267497411, -97.725625363271 30.4156552243322)",0.001,,,0.001,,,151,OVERHEAD,,1
padswitch(r:p1udt5814-p1udt7611)p1u_233855,C,p1udt5814,p1udt5814-p1udt7611x,"LINESTRING(-97.7262390682157 30.4148942630711, -97.7261988443723 30.4148657886696)",0.001,,,0.001,,,151,OVERHEAD,,1
padswitch(r:p1udt5814-p1udt7611)p1u_233856,C,p1udt5814-p1udt7611xx,p1udt7611,"LINESTRING(-97.7261878817748 30.4149625211373, -97.7262263319165 30.4149887142109)",0.001,,,0.001,,,151,OVERHEAD,,1
padswitch(r:p1udt22531-p1udt5814)p1u_233857,C,p1udt22531,p1udt22531-p1udt5814x,"LINESTRING(-97.7262746141607 30.4145609324427, -97.7262816465792 30.4145163164098)",0.001,,,0.001,,,151,OVERHEAD,,1
padswitch(r:p1udt22531-p1udt5814)p1u_233858,C,p1udt22531-p1udt5814xx,p1udt5814,"LINESTRING(-97.7262877971296 30.4148786825127, -97.7262390682157 30.4148942630711)",0.001,,,0.001,,,151,OVERHEAD,,1
padswitch(r:p1udt14508-p1udt22531)p1u_233859,C,p1udt14508,p1udt14508-p1udt22531x,"LINESTRING(-97.7263606004146 30.4143540720172, -97.7263203767502 30.4143255976562)",0.001,,,0.001,,,151,OVERHEAD,,1
padswitch(r:p1udt14508-p1udt22531)p1u_233860,C,p1udt14508-p1udt22531xx,p1udt22531,"LINESTRING(-97.7263157663319 30.4145883812763, -97.7262746141607 30.4145609324427)",0.001,,,0.001,,,151,OVERHEAD,,1
padswitch(r:p1udt14508-p1udt18567)p1u_233861,C,p1udt18567,p1udt14508-p1udt18567xx,"LINESTRING(-97.7264707446882 30.4138951861458, -97.7264486595071 30.4139376548488)",0.001,,,0.001,,,151,OVERHEAD,,1
padswitch(r:p1udt14508-p1udt18567)p1u_233862,C,p1udt14508-p1udt18567x,p1udt14508,"LINESTRING(-97.7263520538851 30.4143984920306, -97.7263606004146 30.4143540720172)",0.001,,,0.001,,,151,OVERHEAD,,1
padswitch(r:p1udt16490-p1udt6731)p1u_233863,C,p1udt6731,p1udt16490-p1udt6731xx,"LINESTRING(-97.7275673725298 30.4144199763827, -97.727558826537 30.4144643964899)",0.001,,,0.001,,,151,OVERHEAD,,1
padswitch(r:p1udt16490-p1udt6731)p1u_233864,C,p1udt16490-p1udt6731x,p1udt16490,"LINESTRING(-97.7279729003237 30.4146134858393, -97.7279269700538 30.4145989013698)",0.001,,,0.001,,,301,OVERHEAD,,1
padswitch(r:p1udt301-p1udt6731)p1u_233865,C,p1udt301,p1udt301-p1udt6731x,"LINESTRING(-97.7270500533602 30.4141714855783, -97.7270912055983 30.4141989341706)",0.001,,,0.001,,,151,OVERHEAD,,1
padswitch(r:p1udt301-p1udt6731)p1u_233866,C,p1udt301-p1udt6731xx,p1udt6731,"LINESTRING(-97.7275271484745 30.414391502383, -97.7275673725298 30.4144199763827)",0.001,,,0.001,,,151,OVERHEAD,,1
padswitch(r:p1udt24467-p1udt301)p1u_233867,C,p1udt24467,p1udt24467-p1udt301x,"LINESTRING(-97.7268741675564 30.4140883925517, -97.726922895973 30.4140728117402)",0.001,,,0.001,,,151,OVERHEAD,,1
padswitch(r:p1udt24467-p1udt301)p1u_233868,C,p1udt24467-p1udt301xx,p1udt301,"LINESTRING(-97.7270570853927 30.4141268694903, -97.7270500533602 30.4141714855783)",0.001,,,0.001,,,151,OVERHEAD,,1
padswitch(r:p1udt18567-p1udt24467)p1u_233869,C,p1udt18567,p1udt18567-p1udt24467x,"LINESTRING(-97.7264707446882 30.4138951861458, -97.7265199544582 30.4139138806716)",0.001,,,0.001,,,151,OVERHEAD,,1
padswitch(r:p1udt18567-p1udt24467)p1u_233870,C,p1udt18567-p1udt24467xx,p1udt24467,"LINESTRING(-97.726865621286 30.4141328126077, -97.7268741675564 30.4140883925517)",0.001,,,0.001,,,151,OVERHEAD,,1
padswitch(r:p1udt13354-p1udt18567)p1u_233871,C,p1udt13354,p1udt13354-p1udt18567x,"LINESTRING(-97.7263982544744 30.4138583488582, -97.7263500985896 30.4138751954008)",0.001,,,0.001,,,151,OVERHEAD,,1
padswitch(r:p1udt13354-p1udt18567)p1u_233872,C,p1udt13354-p1udt18567xx,p1udt18567,"LINESTRING(-97.7264216487511 30.4138761282313, -97.7264707446882 30.4138951861458)",0.001,,,0.001,,,151,OVERHEAD,,1
padswitch(r:p1udt13354-p1udt8414)p1u_233873,C,p1udt8414,p1udt13354-p1udt8414xx,"LINESTRING(-97.7259018713696 30.4136099246826, -97.7259234063647 30.4135672222894)",0.001,,,0.001,,,151,OVERHEAD,,1
padswitch(r:p1udt13354-p1udt8414)p1u_233874,C,p1udt13354-p1udt8414x,p1udt13354,"LINESTRING(-97.7264052867743 30.413813732811, -97.7263982544744 30.4138583488582)",0.001,,,0.001,,,151,OVERHEAD,,1
padswitch(r:p1udt3281-p1udt9944)p1u_233875,C,p1udt3281,p1udt3281-p1udt9944x,"LINESTRING(-97.7254671708234 30.4134071387349, -97.725474203505 30.413362522746)",0.001,,,0.001,,,151,OVERHEAD,,1
padswitch(r:p1udt3281-p1udt9944)p1u_233876,C,p1udt3281-p1udt9944xx,p1udt9944,"LINESTRING(-97.7253248170183 30.4133065139162, -97.7252784861621 30.4133201121003)",0.001,,,0.001,,,205,OVERHEAD,,1
padswitch(r:p1udt24267-p1udt3281)p1u_233877,C,p1udt24267,p1udt24267-p1udt3281x,"LINESTRING(-97.7256430887708 30.4134898908725, -97.7256345420082 30.4135343108375)",0.001,,,0.001,,,151,OVERHEAD,,1
padswitch(r:p1udt24267-p1udt3281)p1u_233878,C,p1udt24267-p1udt3281xx,p1udt3281,"LINESTRING(-97.725508322287 30.4134345878076, -97.7254671708234 30.4134071387349)",0.001,,,0.001,,,151,OVERHEAD,,1
padswitch(r:p1udt24267-p1udt8414)p1u_233879,C,p1udt8414,p1udt24267-p1udt8414xx,"LINESTRING(-97.7259018713696 30.4136099246826, -97.7258527756919 30.4135908665605)",0.001,,,0.001,,,151,OVERHEAD,,1
padswitch(r:p1udt24267-p1udt8414)p1u_233880,C,p1udt24267-p1udt8414x,p1udt24267,"LINESTRING(-97.7256918170646 30.4134743105162, -97.7256430887708 30.4134898908725)",0.001,,,0.001,,,151,OVERHEAD,,1
padswitch(r:p1udt5310-p1udt8414)p1u_233881,C,p1udt5310,p1udt5310-p1udt8414x,"LINESTRING(-97.7256274045032 30.4138957703008, -97.7255871812432 30.4138672957233)",0.001,,,0.001,,,151,OVERHEAD,,1
padswitch(r:p1udt5310-p1udt8414)p1u_233882,C,p1udt5310-p1udt8414xx,p1udt8414,"LINESTRING(-97.7259510808819 30.4136286194164, -97.7259018713696 30.4136099246826)",0.001,,,0.001,,,151,OVERHEAD,,1
padswitch(r:p1udt5310-p1udt9188)p1u_233883,C,p1udt9188,p1udt5310-p1udt9188xx,"LINESTRING(-97.7254567364176 30.414210078922, -97.7254637691753 30.4141654629408)",0.001,,,0.001,,,151,OVERHEAD,,1
padswitch(r:p1udt5310-p1udt9188)p1u_233884,C,p1udt5310-p1udt9188x,p1udt5310,"LINESTRING(-97.7256761330034 30.4138801899571, -97.7256274045032 30.4138957703008)",0.001,,,0.001,,,151,OVERHEAD,,1
padswitch(r:p1udt2112-p1udt9188)p1u_233885,C,p1udt2112,p1udt2112-p1udt9188x,"LINESTRING(-97.7253680862222 30.414624097348, -97.7253278627498 30.4145956226873)",0.001,,,0.001,,,151,OVERHEAD,,1
padswitch(r:p1udt2112-p1udt9188)p1u_233886,C,p1udt2112-p1udt9188xx,p1udt9188,"LINESTRING(-97.7254978882065 30.4142375280042, -97.7254567364176 30.414210078922)",0.001,,,0.001,,,151,OVERHEAD,,1
padswitch(r:p1udt18358-p1udt2112)p1u_233887,C,p1udt18358,p1udt18358-p1udt2112x,"LINESTRING(-97.7253106458916 30.4150385919221, -97.7253593750125 30.4150230117169)",0.001,,,0.001,,,205,OVERHEAD,,1
padswitch(r:p1udt18358-p1udt2112)p1u_233888,C,p1udt18358-p1udt2112xx,p1udt2112,"LINESTRING(-97.7253595392174 30.4146685172811, -97.7253680862222 30.414624097348)",0.001,,,0.001,,,151,OVERHEAD,,1
padswitch(r:p1udt15523-p1udt18358)p1u_233889,C,p1udt15523,p1udt15523-p1udt18358x,"LINESTRING(-97.7252761172179 30.4152910687165, -97.7252831501536 30.4152464527568)",0.001,,,0.001,,,151,OVERHEAD,,1
padswitch(r:p1udt15523-p1udt18358)p1u_233890,C,p1udt15523-p1udt18358xx,p1udt18358,"LINESTRING(-97.725270422271 30.4150101172411, -97.7253106458916 30.4150385919221)",0.001,,,0.001,,,151,OVERHEAD,,1
padswitch(r:p1udt15523-p1udt302)p1u_233891,C,p1udt15523-p1udt302xxx,p1udt15523-p1udt302xx,"LINESTRING(-97.7252670151872 30.4155701206205, -97.7253112621752 30.415591683909)",0.001,,,0.001,,,151,OVERHEAD,,1
padswitch(r:p1udt15523-p1udt302)p1u_233892,C,p1udt15523-p1udt302x,p1udt15523,"LINESTRING(-97.7253172693964 30.4153185178627, -97.7252761172179 30.4152910687165)",0.001,,,0.001,,,151,OVERHEAD,,1
padswitch(r:p1udt11032-p1udt6303)p1u_233901,C,p1udt11032,p1udt11032-p1udt6303x,"LINESTRING(-97.7252468772537 30.4191434068596, -97.7252383297227 30.419187826742)",0.001,,,0.001,,,151,OVERHEAD,,1
padswitch(r:p1udt11032-p1udt6303)p1u_233902,C,p1udt11032-p1udt6303xx,p1udt6303,"LINESTRING(-97.7254743103137 30.4192938860996, -97.7255134968296 30.4192685245897)",0.001,,,0.001,,,301,OVERHEAD,,1
padswitch(r:p1udt11032-p1udt922)p1u_233903,C,p1udt922,p1udt11032-p1udt922xx,"LINESTRING(-97.7248019386858 30.4189317054478, -97.7247537800242 30.41894855131)",0.001,,,0.001,,,151,OVERHEAD,,1
padswitch(r:p1udt11032-p1udt922)p1u_233904,C,p1udt11032-p1udt922x,p1udt11032,"LINESTRING(-97.7252956084487 30.4191278267461, -97.7252468772537 30.4191434068596)",0.001,,,0.001,,,301,OVERHEAD,,1
padswitch(r:p1udt23482-p1udt922)p1u_233905,C,p1udt23482,p1udt23482-p1udt922x,"LINESTRING(-97.7246157368212 30.4188396571381, -97.7246227703718 30.4187950412534)",0.001,,,0.001,,,151,OVERHEAD,,1
padswitch(r:p1udt23482-p1udt922)p1u_233906,C,p1udt23482-p1udt922xx,p1udt922,"LINESTRING(-97.7248089721602 30.4188870895515, -97.7248019386858 30.4189317054478)",0.001,,,0.001,,,151,OVERHEAD,,1
padswitch(r:p1udt10311-p1udt23482)p1u_233907,C,p1udt10311,p1udt10311-p1udt23482x,"LINESTRING(-97.7241708356669 30.4186276109195, -97.7242195667582 30.4186120312041)",0.001,,,0.001,,,151,OVERHEAD,,1
padswitch(r:p1udt10311-p1udt23482)p1u_233908,C,p1udt10311-p1udt23482xx,p1udt23482,"LINESTRING(-97.724567578176 30.4188565029321, -97.7246157368212 30.4188396571381)",0.001,,,0.001,,,151,OVERHEAD,,1
padswitch(r:p1udt10311-p1udt22914)p1u_233909,C,p1udt22914,p1udt10311-p1udt22914xx,"LINESTRING(-97.7238087096411 30.4184528072102, -97.7238498626847 30.4184802568322)",0.001,,,0.001,,,151,OVERHEAD,,1
padswitch(r:p1udt10311-p1udt22914)p1u_233910,C,p1udt10311-p1udt22914x,p1udt10311,"LINESTRING(-97.7241306109577 30.41859913587, -97.7241708356669 30.4186276109195)",0.001,,,0.001,,,151,OVERHEAD,,1
padswitch(r:p1udt19683-p1udt22914)p1u_233911,C,p1udt19683,p1udt19683-p1udt22914x,"LINESTRING(-97.723446484795 30.4182868529534, -97.7234535188261 30.418242237142)",0.001,,,0.001,,,205,OVERHEAD,,1
padswitch(r:p1udt19683-p1udt22914)p1u_233912,C,p1udt19683-p1udt22914xx,p1udt22914,"LINESTRING(-97.723760551061 30.418469652709, -97.7238087096411 30.4184528072102)",0.001,,,0.001,,,151,OVERHEAD,,1
padswitch(r:p1udt19683-p1udt3297)p1u_233913,C,p1udt3297,p1udt19683-p1udt3297xx,"LINESTRING(-97.7230016889612 30.4180659524516, -97.7229535304463 30.418082797655)",0.001,,,0.001,,,151,OVERHEAD,,1
padswitch(r:p1udt19683-p1udt3297)p1u_233914,C,p1udt19683-p1udt3297x,p1udt19683,"LINESTRING(-97.7234876376649 30.4183143026854, -97.723446484795 30.4182868529534)",0.001,,,0.001,,,205,OVERHEAD,,1
padswitch(r:p1udt20022-p1udt3297)p1u_233915,C,p1udt20022,p1udt20022-p1udt3297x,"LINESTRING(-97.7225865244608 30.4179714464064, -97.7226152698339 30.4180108383599)",0.001,,,0.001,,,151,OVERHEAD,,1
padswitch(r:p1udt20022-p1udt3297)p1u_233916,C,p1udt20022-p1udt3297xx,p1udt3297,"LINESTRING(-97.7230087231742 30.4180213366681, -97.7230016889612 30.4180659524516)",0.001,,,0.001,,,205,OVERHEAD,,1
padswitch(r:p1udt23261-p1udt6743)p1u_233917,C,p1udt6743,p1udt23261-p1udt6743xx,"LINESTRING(-97.7220869974847 30.4187517679003, -97.7220940321731 30.4187071521839)",0.001,,,0.001,,,151,OVERHEAD,,1
padswitch(r:p1udt23261-p1udt6743)p1u_233918,C,p1udt23261-p1udt6743x,p1udt23261,"LINESTRING(-97.7219817664736 30.418994261342, -97.7219358351473 30.4189796747408)",0.001,,,0.001,,,205,OVERHEAD,,1
padswitch(r:p1udt2125-p1udt6743)p1u_233919,C,p1udt2125,p1udt2125-p1udt6743x,"LINESTRING(-97.7222654190135 30.4186450240397, -97.722294164442 30.4186844160619)",0.001,,,0.001,,,151,OVERHEAD,,1
padswitch(r:p1udt2125-p1udt6743)p1u_233920,C,p1udt2125-p1udt6743xx,p1udt6743,"LINESTRING(-97.722128150148 30.4187792180537, -97.7220869974847 30.4187517679003)",0.001,,,0.001,,,151,OVERHEAD,,1
padswitch(r:p1udt3266-p1udt8015)p1u_233921,C,p1udt8015,p1udt3266-p1udt8015xx,"LINESTRING(-97.7246245873219 30.4197600830421, -97.7246316209504 30.4197154671648)",0.001,,,0.001,,,151,OVERHEAD,,1
padswitch(r:p1udt3266-p1udt8015)p1u_233922,C,p1udt3266-p1udt8015x,p1udt3266,"LINESTRING(-97.725121792943 30.4199865543975, -97.7251602447098 30.4200127476375)",0.001,,,0.001,,,205,OVERHEAD,,1
padswitch(r:p1udt15760-p1udt8015)p1u_233923,C,p1udt15760,p1udt15760-p1udt8015x,"LINESTRING(-97.7242624736405 30.4195851091174, -97.7242695074174 30.4195404932628)",0.001,,,0.001,,,151,OVERHEAD,,1
padswitch(r:p1udt15760-p1udt8015)p1u_233924,C,p1udt15760-p1udt8015xx,p1udt8015,"LINESTRING(-97.7246657411386 30.4197875324236, -97.7246245873219 30.4197600830421)",0.001,,,0.001,,,151,OVERHEAD,,1
padswitch(r:p1udt11364-p1udt15760)p1u_233925,C,p1udt11364,p1udt11364-p1udt15760x,"LINESTRING(-97.7237140592985 30.4193269350535, -97.7237055110576 30.419371354814)",0.001,,,0.001,,,151,OVERHEAD,,1
padswitch(r:p1udt11364-p1udt15760)p1u_233926,C,p1udt11364-p1udt15760xx,p1udt15760,"LINESTRING(-97.7242143145684 30.4196019547671, -97.7242624736405 30.4195851091174)",0.001,,,0.001,,,151,OVERHEAD,,1
padswitch(r:p1udt11364-p1udt4310)p1u_233927,C,p1udt4310,p1udt11364-p1udt4310xx,"LINESTRING(-97.7233519489086 30.4191519586832, -97.7234006803823 30.4191363792859)",0.001,,,0.001,,,151,OVERHEAD,,1
padswitch(r:p1udt11364-p1udt4310)p1u_233928,C,p1udt11364-p1udt4310x,p1udt11364,"LINESTRING(-97.7236738344481 30.4192984598619, -97.7237140592985 30.4193269350535)",0.001,,,0.001,,,151,OVERHEAD,,1
padswitch(r:p1udt17383-p1udt4310)p1u_233929,C,p1udt17383,p1udt17383-p1udt4310x,"LINESTRING(-97.7230828052525 30.4190321998142, -97.7230346462695 30.4190490450319)",0.001,,,0.001,,,151,OVERHEAD,,1
padswitch(r:p1udt17383-p1udt4310)p1u_233930,C,p1udt17383-p1udt4310xx,p1udt4310,"LINESTRING(-97.7233434005228 30.4191963784169, -97.7233519489086 30.4191519586832)",0.001,,,0.001,,,151,OVERHEAD,,1
padswitch(r:p1udt17383-p1udt21622)p1u_233931,C,p1udt21622,p1udt17383-p1udt21622xx,"LINESTRING(-97.7227206971245 30.418857221748, -97.7226725381714 30.4188740668333)",0.001,,,0.001,,,151,OVERHEAD,,1
padswitch(r:p1udt17383-p1udt21622)p1u_233932,C,p1udt17383-p1udt21622x,p1udt17383,"LINESTRING(-97.7231239583213 30.4190596496638, -97.7230828052525 30.4190321998142)",0.001,,,0.001,,,151,OVERHEAD,,1
padswitch(r:p1udt2125-p1udt21622)p1u_233933,C,p1udt2125,p1udt2125-p1udt21622x,"LINESTRING(-97.7222654190135 30.4186450240397, -97.7223108504749 30.4186201545482)",0.001,,,0.001,,,151,OVERHEAD,,1
padswitch(r:p1udt2125-p1udt21622)p1u_233934,C,p1udt2125-p1udt21622xx,p1udt21622,"LINESTRING(-97.7227618500159 30.4188846717075, -97.7227206971245 30.418857221748)",0.001,,,0.001,,,151,OVERHEAD,,1
padswitch(r:p1udt2125-p1udt22290)p1u_233935,C,p1udt22290,p1udt2125-p1udt22290xx,"LINESTRING(-97.7223845990423 30.4182853166663, -97.72243333022 30.4182697376203)",0.001,,,0.001,,,151,OVERHEAD,,1
padswitch(r:p1udt2125-p1udt22290)p1u_233936,C,p1udt2125-p1udt22290x,p1udt2125,"LINESTRING(-97.7222202147804 30.4186702956668, -97.7222654190135 30.4186450240397)",0.001,,,0.001,,,151,OVERHEAD,,1
padswitch(r:p1udt21767-p1udt22290)p1u_233937,C,p1udt21767,p1udt21767-p1udt22290x,"LINESTRING(-97.7224802667788 30.418133034534, -97.722487301234 30.418088418786)",0.001,,,0.001,,,151,OVERHEAD,,1
padswitch(r:p1udt21767-p1udt22290)p1u_233938,C,p1udt21767-p1udt22290xx,p1udt22290,"LINESTRING(-97.7223760503111 30.4183297363321, -97.7223845990423 30.4182853166663)",0.001,,,0.001,,,151,OVERHEAD,,1
padswitch(r:p1udt20022-p1udt21767)p1u_233939,C,p1udt20022,p1udt20022-p1udt21767x,"LINESTRING(-97.7225865244608 30.4179714464064, -97.7225413206235 30.4179967181585)",0.001,,,0.001,,,151,OVERHEAD,,1
padswitch(r:p1udt20022-p1udt21767)p1u_233940,C,p1udt20022-p1udt21767xx,p1udt21767,"LINESTRING(-97.7225214193038 30.4181604845618, -97.7224802667788 30.418133034534)",0.001,,,0.001,,,151,OVERHEAD,,1
padswitch(r:p1udt20022-p1udt307)p1u_233941,C,p1udt307,p1udt20022-p1udt307xx,"LINESTRING(-97.7228206779081 30.4175767717523, -97.7228121294473 30.4176211914588)",0.001,,,0.001,,,151,OVERHEAD,,1
padswitch(r:p1udt20022-p1udt307)p1u_233942,C,p1udt20022-p1udt307x,p1udt20022,"LINESTRING(-97.7225573584434 30.4179323241632, -97.7225865244608 30.4179714464064)",0.001,,,0.001,,,151,OVERHEAD,,1
padswitch(r:p1udt10312-p1udt307)p1u_233943,C,p1udt10312-p1udt307x,p1udt10312-p1udt307xx,"LINESTRING(-97.7233037736916 30.4172546689284, -97.7232664750341 30.4172254511709)",0.001,,,0.001,,,151,OVERHEAD,,1
padswitch(r:p1udt10312-p1udt307)p1u_233944,C,p1udt10312-p1udt307xxx,p1udt307,"LINESTRING(-97.7227804540264 30.4175482963058, -97.7228206779081 30.4175767717523)",0.001,,,0.001,,,151,OVERHEAD,,1
padswitch(r:p1udt1546-p1udt6736)p1u_233945,A,p1udt1546,p1udt1546-p1udt6736x,"LINESTRING(-97.7279980879325 30.4181327755102, -97.7280051198878 30.4180881593933)",0.001,,,0.001,,,151,OVERHEAD,,1
padswitch(r:p1udt1546-p1udt6736)p1u_233946,A,p1udt1546-p1udt6736xx,p1udt6736,"LINESTRING(-97.7277228322568 30.4185127770088, -97.7277620178967 30.4184874147955)",0.001,,,0.001,,,151,OVERHEAD,,1
padswitch(r:p1udt1546-p1udt9589)p1u_233947,A,p1udt9589,p1udt1546-p1udt9589xx,"LINESTRING(-97.7279085915265 30.4178161388762, -97.7278865060116 30.4178586077901)",0.001,,,0.001,,,151,OVERHEAD,,1
padswitch(r:p1udt1546-p1udt9589)p1u_233948,A,p1udt1546-p1udt9589x,p1udt1546,"LINESTRING(-97.727949930173 30.4181496225804, -97.7279980879325 30.4181327755102)",0.001,,,0.001,,,151,OVERHEAD,,1
padswitch(r:p1udt13655-p1udt15276)p1u_233949,A,p1udt13655,p1udt13655-p1udt15276x,"LINESTRING(-97.7288144615941 30.4169268984942, -97.7288497231438 30.4168938176755)",0.001,,,0.001,,,301,OVERHEAD,,1
padswitch(r:p1udt13655-p1udt15276)p1u_233950,A,p1udt13655-p1udt15276xx,p1udt15276,"LINESTRING(-97.7288836902163 30.4168624010224, -97.7289203786617 30.4168339321695)",0.001,,,0.001,,,301,OVERHEAD,,1
padswitch(r:p1udt13655-p1udt17975)p1u_233951,A,p1udt17975,p1udt13655-p1udt17975xx,"LINESTRING(-97.7293344950662 30.4170359673654, -97.7292863380637 30.4170528149532)",0.001,,,0.001,,,151,OVERHEAD,,1
padswitch(r:p1udt13655-p1udt17975)p1u_233952,A,p1udt13655-p1udt17975x,p1udt13655,"LINESTRING(-97.7287618277644 30.4169207650616, -97.7288144615941 30.4169268984942)",0.001,,,0.001,,,301,OVERHEAD,,1
padswitch(r:p1udt17975-p1udt5818)p1u_233953,A,p1udt5818,p1udt17975-p1udt5818xx,"LINESTRING(-97.7293425839407 30.4172163334951, -97.7293913135732 30.4172007518023)",0.001,,,0.001,,,151,OVERHEAD,,1
padswitch(r:p1udt17975-p1udt5818)p1u_233954,A,p1udt17975-p1udt5818x,p1udt17975,"LINESTRING(-97.7293415263186 30.4169913511498, -97.7293344950662 30.4170359673654)",0.001,,,0.001,,,301,OVERHEAD,,1
padswitch(r:p1udt18952-p1udt5818)p1u_233955,A,p1udt18952,p1udt18952-p1udt5818x,"LINESTRING(-97.7288879158518 30.4177625170821, -97.7289094505455 30.4177198142117)",0.001,,,0.001,,,151,OVERHEAD,,1
padswitch(r:p1udt18952-p1udt5818)p1u_233956,A,p1udt18952-p1udt5818xx,p1udt5818,"LINESTRING(-97.7293340384562 30.417260753716, -97.7293425839407 30.4172163334951)",0.001,,,0.001,,,301,OVERHEAD,,1
padswitch(r:p1udt305-p1udt4780)p1u_233957,A,p1udt4780,p1udt305-p1udt4780xx,"LINESTRING(-97.7290332082199 30.4185940041505, -97.7290743628464 30.4186214521678)",0.001,,,0.001,,,151,OVERHEAD,,1
padswitch(r:p1udt305-p1udt4780)p1u_233958,A,p1udt305-p1udt4780x,p1udt305,"LINESTRING(-97.7286791218297 30.418630368361, -97.7287183072812 30.4186050058554)",0.001,,,0.001,,,301,OVERHEAD,,1
padswitch(r:p1udt21218-p1udt4780)p1u_233959,A,p1udt21218,p1udt21218-p1udt4780x,"LINESTRING(-97.72941272849 30.4182368190079, -97.7294619410106 30.4182555124902)",0.001,,,0.001,,,151,OVERHEAD,,1
padswitch(r:p1udt21218-p1udt4780)p1u_233960,A,p1udt21218-p1udt4780xx,p1udt4780,"LINESTRING(-97.7289850503944 30.4186108516001, -97.7290332082199 30.4185940041505)",0.001,,,0.001,,,151,OVERHEAD,,1
padswitch(r:p1udt12702-p1udt22784)p1u_233961,A,p1udt22784,p1udt12702-p1udt22784xx,"LINESTRING(-97.7294478436111 30.4187333843415, -97.7293996857816 30.4187502319438)",0.001,,,0.001,,,151,OVERHEAD,,1
padswitch(r:p1udt12702-p1udt22784)p1u_233962,A,p1udt12702-p1udt22784x,p1udt12702,"LINESTRING(-97.7295187052994 30.4190498943185, -97.7294723722244 30.419063493919)",0.001,,,0.001,,,151,OVERHEAD,,1
padswitch(r:p1udt21218-p1udt22784)p1u_233963,A,p1udt21218,p1udt21218-p1udt22784x,"LINESTRING(-97.72941272849 30.4182368190079, -97.729363629797 30.4182177621344)",0.001,,,0.001,,,151,OVERHEAD,,1
padswitch(r:p1udt21218-p1udt22784)p1u_233964,A,p1udt21218-p1udt22784xx,p1udt22784,"LINESTRING(-97.729454874963 30.418688768133, -97.7294478436111 30.4187333843415)",0.001,,,0.001,,,151,OVERHEAD,,1
padswitch(r:p1udt21218-p1udt5819)p1u_233965,A,p1udt5819,p1udt21218-p1udt5819xx,"LINESTRING(-97.7293857303659 30.417902668865, -97.7293375729401 30.4179195164578)",0.001,,,0.001,,,301,OVERHEAD,,1
padswitch(r:p1udt21218-p1udt5819)p1u_233966,A,p1udt21218-p1udt5819x,p1udt21218,"LINESTRING(-97.7293906435153 30.4182792881895, -97.72941272849 30.4182368190079)",0.001,,,0.001,,,151,OVERHEAD,,1
padswitch(r:p1udt18952-p1udt5819)p1u_233967,A,p1udt18952,p1udt18952-p1udt5819x,"LINESTRING(-97.7288879158518 30.4177625170821, -97.7288388175024 30.4177434600194)",0.001,,,0.001,,,151,OVERHEAD,,1
padswitch(r:p1udt18952-p1udt5819)p1u_233968,A,p1udt18952-p1udt5819xx,p1udt5819,"LINESTRING(-97.7293927616721 30.4178580526535, -97.7293857303659 30.417902668865)",0.001,,,0.001,,,151,OVERHEAD,,1
padswitch(r:p1udt14741-p1udt18952)p1u_233969,A,p1udt14741,p1udt14741-p1udt18952x,"LINESTRING(-97.7285854916231 30.4177954540447, -97.7285769457371 30.417839874201)",0.001,,,0.001,,,151,OVERHEAD,,1
padswitch(r:p1udt14741-p1udt18952)p1u_233970,A,p1udt14741-p1udt18952xx,p1udt18952,"LINESTRING(-97.7288658307678 30.4178049861745, -97.7288879158518 30.4177625170821)",0.001,,,0.001,,,151,OVERHEAD,,1
padswitch(r:p1udt14741-p1udt16006)p1u_233971,A,p1udt16006,p1udt14741-p1udt16006xx,"LINESTRING(-97.7284915536641 30.4178127565908, -97.7285327078128 30.4178402047686)",0.001,,,0.001,,,301,OVERHEAD,,1
padswitch(r:p1udt14741-p1udt16006)p1u_233972,A,p1udt14741-p1udt16006x,p1udt14741,"LINESTRING(-97.7285452659125 30.4177669803255, -97.7285854916231 30.4177954540447)",0.001,,,0.001,,,151,OVERHEAD,,1
padswitch(r:p1udt16006-p1udt9589)p1u_233973,A,p1udt9589,p1udt16006-p1udt9589xx,"LINESTRING(-97.7279085915265 30.4178161388762, -97.7279301266533 30.4177734361802)",0.001,,,0.001,,,151,OVERHEAD,,1
padswitch(r:p1udt16006-p1udt9589)p1u_233974,A,p1udt16006-p1udt9589x,p1udt16006,"LINESTRING(-97.7284985853674 30.4177681404382, -97.7284915536641 30.4178127565908)",0.001,,,0.001,,,301,OVERHEAD,,1
padswitch(r:p1udt4308-p1udt9589)p1u_233975,A,p1udt4308,p1udt4308-p1udt9589x,"LINESTRING(-97.727505214157 30.4176046416806, -97.7274570565826 30.4176214885753)",0.001,,,0.001,,,205,OVERHEAD,,1
padswitch(r:p1udt4308-p1udt9589)p1u_233976,A,p1udt4308-p1udt9589xx,p1udt9589,"LINESTRING(-97.7278594933549 30.4177970814499, -97.7279085915265 30.4178161388762)",0.001,,,0.001,,,151,OVERHEAD,,1
padswitch(r:p1udt3288-p1udt4308)p1u_233977,A,p1udt3288,p1udt3288-p1udt4308x,"LINESTRING(-97.7272442486565 30.4176652967812, -97.7271951506979 30.4176462391104)",0.001,,,0.001,,,151,OVERHEAD,,1
padswitch(r:p1udt3288-p1udt4308)p1u_233978,A,p1udt3288-p1udt4308xx,p1udt4308,"LINESTRING(-97.7275463679327 30.4176320901599, -97.727505214157 30.4176046416806)",0.001,,,0.001,,,205,OVERHEAD,,1
padswitch(r:p1udt21766-p1udt6735)p1u_233979,A,p1udt21766,p1udt21766-p1udt6735x,"LINESTRING(-97.7274353908823 30.4173693645784, -97.7274765445413 30.4173968130773)",0.001,,,0.001,,,205,OVERHEAD,,1
padswitch(r:p1udt21766-p1udt6735)p1u_233980,A,p1udt21766-p1udt6735xx,p1udt6735,"LINESTRING(-97.7276281256876 30.4171186179832, -97.7275817932985 30.4171322169349)",0.001,,,0.001,,,205,OVERHEAD,,1
padswitch(r:p1udt21766-p1udt3288)p1u_233981,A,p1udt3288,p1udt21766-p1udt3288xx,"LINESTRING(-97.7272442486565 30.4176652967812, -97.7272221628945 30.4177077655765)",0.001,,,0.001,,,151,OVERHEAD,,1
padswitch(r:p1udt21766-p1udt3288)p1u_233982,A,p1udt21766-p1udt3288x,p1udt21766,"LINESTRING(-97.7274424230246 30.4173247484925, -97.7274353908823 30.4173693645784)",0.001,,,0.001,,,205,OVERHEAD,,1
padswitch(r:p1udt13030-p1udt3288)p1u_233983,A,p1udt13030,p1udt13030-p1udt3288x,"LINESTRING(-97.7270634432866 30.4179522297224, -97.7271045970755 30.4179796783402)",0.001,,,0.001,,,151,OVERHEAD,,1
padswitch(r:p1udt13030-p1udt3288)p1u_233984,A,p1udt13030-p1udt3288xx,p1udt3288,"LINESTRING(-97.72729346045 30.4176839910627, -97.7272442486565 30.4176652967812)",0.001,,,0.001,,,151,OVERHEAD,,1
padswitch(r:p1udt13030-p1udt20791)p1u_233985,A,p1udt20791,p1udt13030-p1udt20791xx,"LINESTRING(-97.726925324208 30.4181672619846, -97.7268850988505 30.4181387877646)",0.001,,,0.001,,,151,OVERHEAD,,1
padswitch(r:p1udt13030-p1udt20791)p1u_233986,A,p1udt13030-p1udt20791x,p1udt13030,"LINESTRING(-97.7270152854694 30.4179690764462, -97.7270634432866 30.4179522297224)",0.001,,,0.001,,,151,OVERHEAD,,1
padswitch(r:p1udt18166-p1udt20791)p1u_233987,A,p1udt18166,p1udt18166-p1udt20791x,"LINESTRING(-97.7267494141733 30.4180843400012, -97.7267091889021 30.4180558657291)",0.001,,,0.001,,,151,OVERHEAD,,1
padswitch(r:p1udt18166-p1udt20791)p1u_233988,A,p1udt18166-p1udt20791xx,p1udt20791,"LINESTRING(-97.7269167775352 30.4182116820074, -97.726925324208 30.4181672619846)",0.001,,,0.001,,,151,OVERHEAD,,1
padswitch(r:p1udt18166-p1udt22169)p1u_233989,A,p1udt22169,p1udt18166-p1udt22169xx,"LINESTRING(-97.7265631946509 30.4179924658141, -97.7265702272439 30.4179478497918)",0.001,,,0.001,,,205,OVERHEAD,,1
padswitch(r:p1udt18166-p1udt22169)p1u_233990,A,p1udt18166-p1udt22169x,p1udt18166,"LINESTRING(-97.726798144618 30.4180687593025, -97.7267494141733 30.4180843400012)",0.001,,,0.001,,,151,OVERHEAD,,1
padswitch(r:p1udt22169-p1udt8418)p1u_233991,A,p1udt8418,p1udt22169-p1udt8418xx,"LINESTRING(-97.7262009838279 30.4178263477435, -97.7261924368643 30.4178707677126)",0.001,,,0.001,,,205,OVERHEAD,,1
padswitch(r:p1udt22169-p1udt8418)p1u_233992,A,p1udt22169-p1udt8418x,p1udt22169,"LINESTRING(-97.7266043483103 30.4180199145859, -97.7265631946509 30.4179924658141)",0.001,,,0.001,,,151,OVERHEAD,,1
padswitch(r:p1udt7179-p1udt8418)p1u_233993,A,p1udt7179,p1udt7179-p1udt8418x,"LINESTRING(-97.7258387396507 30.4176605714228, -97.7258798929628 30.4176880204147)",0.001,,,0.001,,,151,OVERHEAD,,1
padswitch(r:p1udt7179-p1udt8418)p1u_233994,A,p1udt7179-p1udt8418xx,p1udt8418,"LINESTRING(-97.7262497142222 30.4178107672477, -97.7262009838279 30.4178263477435)",0.001,,,0.001,,,151,OVERHEAD,,1
padswitch(r:p1udt7179-p1udt919)p1u_233995,A,p1udt919,p1udt7179-p1udt919xx,"LINESTRING(-97.7253835313231 30.4174395773493, -97.7254246844119 30.4174670264793)",0.001,,,0.001,,,205,OVERHEAD,,1
padswitch(r:p1udt7179-p1udt919)p1u_233996,A,p1udt7179-p1udt919x,p1udt7179,"LINESTRING(-97.7257905817853 30.4176774176936, -97.7258387396507 30.4176605714228)",0.001,,,0.001,,,151,OVERHEAD,,1
padswitch(r:p1udt5816-p1udt919)p1u_233997,A,p1udt5816-p1udt919x,p1udt5816-p1udt919xx,"LINESTRING(-97.7249056421336 30.4171729968387, -97.7249532862713 30.4171873678654)",0.001,,,0.001,,,205,OVERHEAD,,1
padswitch(r:p1udt5816-p1udt919)p1u_233998,A,p1udt5816-p1udt919xxx,p1udt919,"LINESTRING(-97.7253905644013 30.4173949614011, -97.7253835313231 30.4174395773493)",0.001,,,0.001,,,205,OVERHEAD,,1
padswitch(r:p1udt12701-p1udt2114)p1u_233999,C,p1udt2114,p1udt12701-p1udt2114xx,"LINESTRING(-97.7251920824632 30.4169504693194, -97.7251439248492 30.4169673153601)",0.001,,,0.001,,,151,OVERHEAD,,1
padswitch(r:p1udt12701-p1udt2114)p1u_234000,C,p1udt12701-p1udt2114x,p1udt12701,"LINESTRING(-97.7253930769619 30.416862106803, -97.7253471460694 30.4168475214116)",0.001,,,0.001,,,205,OVERHEAD,,1
padswitch(r:p1udt2114-p1udt5816)p1u_234001,C,p1udt2114-p1udt5816xxx,p1udt2114-p1udt5816xx,"LINESTRING(-97.7248063491481 30.417137541936, -97.724760789325 30.4171187467869)",0.001,,,0.001,,,151,OVERHEAD,,1
padswitch(r:p1udt2114-p1udt5816)p1u_234002,C,p1udt2114-p1udt5816x,p1udt2114,"LINESTRING(-97.725233235296 30.4169779185044, -97.7251920824632 30.4169504693194)",0.001,,,0.001,,,205,OVERHEAD,,1
padswitch(r:p1udt17977-p1udt3791)p1u_234009,C,p1udt17977-p1udt3791x,p1udt17977-p1udt3791xx,"LINESTRING(-97.7264858959797 30.4189225823328, -97.7265356468058 30.4189289035254)",0.001,,,0.001,,,151,OVERHEAD,,1
padswitch(r:p1udt17977-p1udt3791)p1u_234010,C,p1udt17977-p1udt3791xxx,p1udt3791,"LINESTRING(-97.7267348193972 30.4185624894495, -97.7266888875002 30.4185479045056)",0.001,,,0.001,,,301,OVERHEAD,,1
padswitch(r:p1udt18560-p1udt8808)p1u_234011,B,p1udt8808,p1udt18560-p1udt8808xx,"LINESTRING(-97.7257137502143 30.4200684759752, -97.7257207833768 30.4200238600278)",0.001,,,0.001,,,301,OVERHEAD,,1
padswitch(r:p1udt18560-p1udt8808)p1u_234012,B,p1udt18560-p1udt8808x,p1udt18560,"LINESTRING(-97.7255237668389 30.420427556095, -97.725477432605 30.4204411542403)",0.001,,,0.001,,,205,OVERHEAD,,1
padswitch(r:p1udt8808-p1udt924)p1u_234013,B,p1udt924,p1udt8808-p1udt924xx,"LINESTRING(-97.7258625363478 30.4198353318607, -97.7258695694221 30.4197907159014)",0.001,,,0.001,,,151,OVERHEAD,,1
padswitch(r:p1udt8808-p1udt924)p1u_234014,B,p1udt8808-p1udt924x,p1udt8808,"LINESTRING(-97.7256655911308 30.4200853221595, -97.7257137502143 30.4200684759752)",0.001,,,0.001,,,205,OVERHEAD,,1
padswitch(r:p1udt19325-p1udt924)p1u_234015,B,p1udt19325-p1udt924x,p1udt19325-p1udt924xx,"LINESTRING(-97.7262791422527 30.4196126018967, -97.7263291318287 30.4196079142521)",0.001,,,0.001,,,151,OVERHEAD,,1
padswitch(r:p1udt19325-p1udt924)p1u_234016,B,p1udt19325-p1udt924xxx,p1udt924,"LINESTRING(-97.7259036905567 30.4198627808623, -97.7258625363478 30.4198353318607)",0.001,,,0.001,,,151,OVERHEAD,,1
padswitch(r:p1udt2103-p1udt2104)p1u_234017,A,p1udt2103,p1udt2103-p1udt2104x,"LINESTRING(-97.7298598650019 30.4263076406523, -97.7298668968406 30.4262630244822)",0.001,,,0.001,,,151,OVERHEAD,,1
padswitch(r:p1udt2103-p1udt2104)p1u_234018,A,p1udt2103-p1udt2104xx,p1udt2104,"LINESTRING(-97.7297854701598 30.4264563480864, -97.7298239256975 30.4264825400345)",0.001,,,0.001,,,205,OVERHEAD,,1
padswitch(r:p1udt2103-p1udt5806)p1u_234019,A,p1udt5806,p1udt2103-p1udt5806xx,"LINESTRING(-97.7299174287636 30.4258839512545, -97.7299088826343 30.4259283714413)",0.001,,,0.001,,,151,OVERHEAD,,1
padswitch(r:p1udt2103-p1udt5806)p1u_234020,A,p1udt2103-p1udt5806x,p1udt2103,"LINESTRING(-97.7299010230268 30.4263350884757, -97.7298598650019 30.4263076406523)",0.001,,,0.001,,,151,OVERHEAD,,1
padswitch(r:p1udt23837-p1udt5806)p1u_234021,A,p1udt23837,p1udt23837-p1udt5806x,"LINESTRING(-97.7296728204403 30.4254757103777, -97.7296246592902 30.4254925579532)",0.001,,,0.001,,,205,OVERHEAD,,1
padswitch(r:p1udt23837-p1udt5806)p1u_234022,A,p1udt23837-p1udt5806xx,p1udt5806,"LINESTRING(-97.7299661626737 30.4258683694868, -97.7299174287636 30.4258839512545)",0.001,,,0.001,,,151,OVERHEAD,,1
padswitch(r:p1udt1533-p1udt23837)p1u_234023,A,p1udt1533,p1udt1533-p1udt23837x,"LINESTRING(-97.7293312634781 30.4253189960305, -97.7293382954685 30.4252743798872)",0.001,,,0.001,,,205,OVERHEAD,,1
padswitch(r:p1udt1533-p1udt23837)p1u_234024,A,p1udt1533-p1udt23837xx,p1udt23837,"LINESTRING(-97.7296798522898 30.425431094213, -97.7296728204403 30.4254757103777)",0.001,,,0.001,,,205,OVERHEAD,,1
padswitch(r:p1udt1533-p1udt3270)p1u_234025,A,p1udt3270,p1udt1533-p1udt3270xx,"LINESTRING(-97.7293509118039 30.4246063753227, -97.7293920689838 30.4246338232893)",0.001,,,0.001,,,205,OVERHEAD,,1
padswitch(r:p1udt1533-p1udt3270)p1u_234026,A,p1udt1533-p1udt3270x,p1udt1533,"LINESTRING(-97.729283102352 30.4253358434809, -97.7293312634781 30.4253189960305)",0.001,,,0.001,,,205,OVERHEAD,,1
padswitch(r:p1udt16486-p1udt3270)p1u_234027,A,p1udt16486,p1udt16486-p1udt3270x,"LINESTRING(-97.7293474688112 30.4243619105858, -97.7293886260229 30.4243893584121)",0.001,,,0.001,,,301,OVERHEAD,,1
padswitch(r:p1udt16486-p1udt3270)p1u_234028,A,p1udt16486-p1udt3270xx,p1udt3270,"LINESTRING(-97.7293027510357 30.4246232227922, -97.7293509118039 30.4246063753227)",0.001,,,0.001,,,205,OVERHEAD,,1
padswitch(r:p1udt16486-p1udt5300)p1u_234029,A,p1udt5300,p1udt16486-p1udt5300xx,"LINESTRING(-97.7293065778016 30.4240104299082, -97.7293136096868 30.4239658137552)",0.001,,,0.001,,,301,OVERHEAD,,1
padswitch(r:p1udt16486-p1udt5300)p1u_234030,A,p1udt16486-p1udt5300x,p1udt16486,"LINESTRING(-97.7293545006389 30.4243172942916, -97.7293474688112 30.4243619105858)",0.001,,,0.001,,,205,OVERHEAD,,1
padswitch(r:p1udt11691-p1udt5300)p1u_234031,A,p1udt11691,p1udt11691-p1udt5300x,"LINESTRING(-97.7292716020189 30.4234957819794, -97.7292786338741 30.4234511658242)",0.001,,,0.001,,,205,OVERHEAD,,1
padswitch(r:p1udt11691-p1udt5300)p1u_234032,A,p1udt11691-p1udt5300xx,p1udt5300,"LINESTRING(-97.7292584173231 30.4240272773709, -97.7293065778016 30.4240104299082)",0.001,,,0.001,,,205,OVERHEAD,,1
padswitch(r:p1udt11691-p1udt3269)p1u_234033,A,p1udt3269,p1udt11691-p1udt3269xx,"LINESTRING(-97.7291942841155 30.4230348594442, -97.7292354406064 30.4230623074468)",0.001,,,0.001,,,205,OVERHEAD,,1
padswitch(r:p1udt11691-p1udt3269)p1u_234034,A,p1udt11691-p1udt3269x,p1udt11691,"LINESTRING(-97.729223441791 30.4235126294374, -97.7292716020189 30.4234957819794)",0.001,,,0.001,,,205,OVERHEAD,,1
padswitch(r:p1udt3269-p1udt8010)p1u_234035,A,p1udt8010,p1udt3269-p1udt8010xx,"LINESTRING(-97.7291334602042 30.4229079461633, -97.7290853002472 30.4229247935794)",0.001,,,0.001,,,151,OVERHEAD,,1
padswitch(r:p1udt3269-p1udt8010)p1u_234036,A,p1udt3269-p1udt8010x,p1udt3269,"LINESTRING(-97.7291461241049 30.423051706881, -97.7291942841155 30.4230348594442)",0.001,,,0.001,,,151,OVERHEAD,,1
padswitch(r:p1udt8009-p1udt8010)p1u_234037,A,p1udt8009,p1udt8009-p1udt8010x,"LINESTRING(-97.7287315576529 30.4225882299719, -97.7287385896721 30.4225436138448)",0.001,,,0.001,,,151,OVERHEAD,,1
padswitch(r:p1udt8009-p1udt8010)p1u_234038,A,p1udt8009-p1udt8010xx,p1udt8010,"LINESTRING(-97.7291404920697 30.4228633300122, -97.7291334602042 30.4229079461633)",0.001,,,0.001,,,151,OVERHEAD,,1
padswitch(r:p1udt14499-p1udt8009)p1u_234039,A,p1udt14499-p1udt8009x,p1udt14499-p1udt8009xx,"LINESTRING(-97.7282970666968 30.4223742965203, -97.7282597646069 30.4223450801145)",0.001,,,0.001,,,151,OVERHEAD,,1
padswitch(r:p1udt14499-p1udt8009)p1u_234040,A,p1udt14499-p1udt8009xxx,p1udt8009,"LINESTRING(-97.7286833977915 30.4226050772429, -97.7287315576529 30.4225882299719)",0.001,,,0.001,,,151,OVERHEAD,,1
padswitch(r:p1udt13351-p1udt13651)p1u_234041,C,p1udt13351,p1udt13351-p1udt13651x,"LINESTRING(-97.7293502189228 30.4270696298896, -97.7293572510603 30.4270250137602)",0.001,,,0.001,,,151,OVERHEAD,,1
padswitch(r:p1udt13351-p1udt13651)p1u_234042,C,p1udt13351-p1udt13651xx,p1udt13651,"LINESTRING(-97.7294851673751 30.4271288012151, -97.7295243561078 30.4271034385901)",0.001,,,0.001,,,151,OVERHEAD,,1
padswitch(r:p1udt13351-p1udt7172)p1u_234043,C,p1udt7172,p1udt13351-p1udt7172xx,"LINESTRING(-97.7290803615813 30.4270038421101, -97.7290873938352 30.4269592259982)",0.001,,,0.001,,,151,OVERHEAD,,1
padswitch(r:p1udt13351-p1udt7172)p1u_234044,C,p1udt13351-p1udt7172x,p1udt13351,"LINESTRING(-97.7293913771109 30.4270970778756, -97.7293502189228 30.4270696298896)",0.001,,,0.001,,,151,OVERHEAD,,1
padswitch(r:p1udt11694-p1udt7172)p1u_234045,C,p1udt11694,p1udt11694-p1udt7172x,"LINESTRING(-97.7288000940167 30.4269379523953, -97.7287519320006 30.4269547996205)",0.001,,,0.001,,,151,OVERHEAD,,1
padswitch(r:p1udt11694-p1udt7172)p1u_234046,C,p1udt11694-p1udt7172xx,p1udt7172,"LINESTRING(-97.7291215196637 30.4270312901786, -97.7290803615813 30.4270038421101)",0.001,,,0.001,,,151,OVERHEAD,,1
padswitch(r:p1udt11694-p1udt7603)p1u_234047,C,p1udt7603,p1udt11694-p1udt7603xx,"LINESTRING(-97.7284266168996 30.4268348908389, -97.7284753515043 30.4268193096502)",0.001,,,0.001,,,205,OVERHEAD,,1
padswitch(r:p1udt11694-p1udt7603)p1u_234048,C,p1udt11694-p1udt7603x,p1udt11694,"LINESTRING(-97.7288071263917 30.4268933363016, -97.7288000940167 30.4269379523953)",0.001,,,0.001,,,151,OVERHEAD,,1
padswitch(r:p1udt11693-p1udt7603)p1u_234049,C,p1udt11693,p1udt11693-p1udt7603x,"LINESTRING(-97.7279714376404 30.4266141153981, -97.727992974818 30.426571412802)",0.001,,,0.001,,,151,OVERHEAD,,1
padswitch(r:p1udt11693-p1udt7603)p1u_234050,C,p1udt11693-p1udt7603xx,p1udt7603,"LINESTRING(-97.7283863876266 30.4268064170052, -97.7284266168996 30.4268348908389)",0.001,,,0.001,,,205,OVERHEAD,,1
padswitch(r:p1udt2682-p1udt3272)p1u_234051,C,p1udt3272,p1udt2682-p1udt3272xx,"LINESTRING(-97.7287688598895 30.4277406891762, -97.7288100181826 30.4277681373462)",0.001,,,0.001,,,301,OVERHEAD,,1
padswitch(r:p1udt2682-p1udt3272)p1u_234052,C,p1udt2682-p1udt3272x,p1udt2682,"LINESTRING(-97.7291010272682 30.42784689618, -97.72914021639 30.4278215336841)",0.001,,,0.001,,,205,OVERHEAD,,1
padswitch(r:p1udt292-p1udt3272)p1u_234053,C,p1udt292,p1udt292-p1udt3272x,"LINESTRING(-97.7284887074979 30.4276657769545, -97.7284957400788 30.4276211608879)",0.001,,,0.001,,,151,OVERHEAD,,1
padswitch(r:p1udt292-p1udt3272)p1u_234054,C,p1udt292-p1udt3272xx,p1udt3272,"LINESTRING(-97.7287206974688 30.4277575363764, -97.7287688598895 30.4277406891762)",0.001,,,0.001,,,151,OVERHEAD,,1
padswitch(r:p1udt15518-p1udt292)p1u_234055,C,p1udt15518,p1udt15518-p1udt292x,"LINESTRING(-97.7282084385029 30.4275998859332, -97.7281602760638 30.4276167329262)",0.001,,,0.001,,,151,OVERHEAD,,1
padswitch(r:p1udt15518-p1udt292)p1u_234056,C,p1udt15518-p1udt292xx,p1udt292,"LINESTRING(-97.7285298656785 30.4276932252101, -97.7284887074979 30.4276657769545)",0.001,,,0.001,,,151,OVERHEAD,,1
padswitch(r:p1udt1534-p1udt15518)p1u_234057,C,p1udt1534,p1udt1534-p1udt15518x,"LINESTRING(-97.7279810427392 30.4274713490744, -97.728022200692 30.4274987974845)",0.001,,,0.001,,,151,OVERHEAD,,1
padswitch(r:p1udt1534-p1udt15518)p1u_234058,C,p1udt1534-p1udt15518xx,p1udt15518,"LINESTRING(-97.7282495965747 30.4276273342745, -97.7282084385029 30.4275998859332)",0.001,,,0.001,,,151,OVERHEAD,,1
padswitch(r:p1udt1534-p1udt5808)p1u_234059,C,p1udt5808,p1udt1534-p1udt5808xx,"LINESTRING(-97.7278694525666 30.4272446882886, -97.7278764853907 30.4272000722597)",0.001,,,0.001,,,151,OVERHEAD,,1
padswitch(r:p1udt1534-p1udt5808)p1u_234060,C,p1udt1534-p1udt5808x,p1udt1534,"LINESTRING(-97.7279880755329 30.42742673304, -97.7279810427392 30.4274713490744)",0.001,,,0.001,,,151,OVERHEAD,,1
padswitch(r:p1udt5808-p1udt8802)p1u_234061,C,p1udt8802,p1udt5808-p1udt8802xx,"LINESTRING(-97.7279037285039 30.4270104261319, -97.7279107612916 30.4269658100986)",0.001,,,0.001,,,301,OVERHEAD,,1
padswitch(r:p1udt5808-p1udt8802)p1u_234062,C,p1udt5808-p1udt8802x,p1udt5808,"LINESTRING(-97.727910610394 30.4272721367313, -97.7278694525666 30.4272446882886)",0.001,,,0.001,,,151,OVERHEAD,,1
padswitch(r:p1udt11693-p1udt8802)p1u_234063,C,p1udt11693,p1udt11693-p1udt8802x,"LINESTRING(-97.7279714376404 30.4266141153981, -97.7279493500259 30.4266565842113)",0.001,,,0.001,,,151,OVERHEAD,,1
padswitch(r:p1udt11693-p1udt8802)p1u_234064,C,p1udt11693-p1udt8802xx,p1udt8802,"LINESTRING(-97.7279448862454 30.4270378745622, -97.7279037285039 30.4270104261319)",0.001,,,0.001,,,301,OVERHEAD,,1
padswitch(r:p1udt11693-p1udt13650)p1u_234065,C,p1udt13650,p1udt11693-p1udt13650xx,"LINESTRING(-97.7280265568349 30.426370994967, -97.7280677143505 30.4263984433545)",0.001,,,0.001,,,151,OVERHEAD,,1
padswitch(r:p1udt11693-p1udt13650)p1u_234066,C,p1udt11693-p1udt13650x,p1udt11693,"LINESTRING(-97.7279223351134 30.4265950578951, -97.7279714376404 30.4266141153981)",0.001,,,0.001,,,151,OVERHEAD,,1
padswitch(r:p1udt13650-p1udt20017)p1u_234067,C,p1udt20017,p1udt13650-p1udt20017xx,"LINESTRING(-97.7280816530472 30.4261369356051, -97.7280334913165 30.4261537825747)",0.001,,,0.001,,,151,OVERHEAD,,1
padswitch(r:p1udt13650-p1udt20017)p1u_234068,C,p1udt13650-p1udt20017x,p1udt13650,"LINESTRING(-97.72803358951 30.42632637892, -97.7280265568349 30.426370994967)",0.001,,,0.001,,,151,OVERHEAD,,1
padswitch(r:p1udt18562-p1udt20017)p1u_234069,C,p1udt18562,p1udt18562-p1udt20017x,"LINESTRING(-97.7285279049498 30.4254465173039, -97.7285349373155 30.4254019012153)",0.001,,,0.001,,,151,OVERHEAD,,1
padswitch(r:p1udt18562-p1udt20017)p1u_234070,C,p1udt18562-p1udt20017xx,p1udt20017,"LINESTRING(-97.7280886856766 30.4260923195523, -97.7280816530472 30.4261369356051)",0.001,,,0.001,,,151,OVERHEAD,,1
padswitch(r:p1udt18562-p1udt21621)p1u_234071,C,p1udt21621,p1udt18562-p1udt21621xx,"LINESTRING(-97.7283379474616 30.424840130252, -97.7283449798595 30.4247955141709)",0.001,,,0.001,,,151,OVERHEAD,,1
padswitch(r:p1udt18562-p1udt21621)p1u_234072,C,p1udt18562-p1udt21621x,p1udt18562,"LINESTRING(-97.7284797436333 30.4254633644518, -97.7285279049498 30.4254465173039)",0.001,,,0.001,,,151,OVERHEAD,,1
padswitch(r:p1udt17377-p1udt21621)p1u_234073,C,p1udt17377,p1udt17377-p1udt21621x,"LINESTRING(-97.7283296435857 30.4246776365277, -97.7283708004966 30.4247050848088)",0.001,,,0.001,,,151,OVERHEAD,,1
padswitch(r:p1udt17377-p1udt21621)p1u_234074,C,p1udt17377-p1udt21621xx,p1udt21621,"LINESTRING(-97.7283791044414 30.4248675785319, -97.7283379474616 30.424840130252)",0.001,,,0.001,,,151,OVERHEAD,,1
padswitch(r:p1udt11357-p1udt17377)p1u_234075,C,p1udt11357,p1udt11357-p1udt17377x,"LINESTRING(-97.7284590145158 30.4243360252522, -97.7284660468139 30.4242914091586)",0.001,,,0.001,,,151,OVERHEAD,,1
padswitch(r:p1udt11357-p1udt17377)p1u_234076,C,p1udt11357-p1udt17377xx,p1udt17377,"LINESTRING(-97.7283366759729 30.4246330204457, -97.7283296435857 30.4246776365277)",0.001,,,0.001,,,151,OVERHEAD,,1
padswitch(r:p1udt11357-p1udt2681)p1u_234077,C,p1udt2681,p1udt11357-p1udt2681xx,"LINESTRING(-97.7284219368643 30.4239837695776, -97.7284630935181 30.4240112178249)",0.001,,,0.001,,,151,OVERHEAD,,1
padswitch(r:p1udt11357-p1udt2681)p1u_234078,C,p1udt11357-p1udt2681x,p1udt11357,"LINESTRING(-97.7285001713247 30.4243634734909, -97.7284590145158 30.4243360252522)",0.001,,,0.001,,,151,OVERHEAD,,1
padswitch(r:p1udt2681-p1udt7601)p1u_234079,C,p1udt7601,p1udt2681-p1udt7601xx,"LINESTRING(-97.7283849764493 30.4236224920848, -97.7283920087176 30.42357787599)",0.001,,,0.001,,,151,OVERHEAD,,1
padswitch(r:p1udt2681-p1udt7601)p1u_234080,C,p1udt2681-p1udt7601x,p1udt2681,"LINESTRING(-97.7284289691479 30.4239391534834, -97.7284219368643 30.4239837695776)",0.001,,,0.001,,,151,OVERHEAD,,1
padswitch(r:p1udt1530-p1udt7601)p1u_234081,C,p1udt1530,p1udt1530-p1udt7601x,"LINESTRING(-97.7283675494886 30.423360657159, -97.7283745817414 30.423316041063)",0.001,,,0.001,,,151,OVERHEAD,,1
padswitch(r:p1udt1530-p1udt7601)p1u_234082,C,p1udt1530-p1udt7601xx,p1udt7601,"LINESTRING(-97.7284261329445 30.4236499403407, -97.7283849764493 30.4236224920848)",0.001,,,0.001,,,151,OVERHEAD,,1
padswitch(r:p1udt1530-p1udt16003)p1u_234083,C,p1udt1530-p1udt16003xxx,p1udt1530-p1udt16003xx,"LINESTRING(-97.728317075038 30.423185988175, -97.728268051059 30.4231923238468)",0.001,,,0.001,,,151,OVERHEAD,,1
padswitch(r:p1udt1530-p1udt16003)p1u_234084,C,p1udt1530-p1udt16003x,p1udt1530,"LINESTRING(-97.7283193891852 30.4233775042812, -97.7283675494886 30.423360657159)",0.001,,,0.001,,,151,OVERHEAD,,1
padswitch(r:p1udt16484-p1udt23476)p1u_234101,B,p1udt16484-p1udt23476x,p1udt16484-p1udt23476xx,"LINESTRING(-97.7262165131116 30.4214755655899, -97.7262348950703 30.4214350049546)",0.001,,,0.001,,,151,OVERHEAD,,1
padswitch(r:p1udt16484-p1udt23476)p1u_234102,B,p1udt16484-p1udt23476xxx,p1udt23476,"LINESTRING(-97.726014466307 30.4219210172357, -97.725968532972 30.4219064320039)",0.001,,,0.001,,,205,OVERHEAD,,1
padswitch(r:p1udt13951-p1udt21910)p1u_234119,B,p1udt13951,p1udt13951-p1udt21910x,"LINESTRING(-97.7295678578701 30.4199165579886, -97.7295196994707 30.4199334056163)",0.001,,,0.001,,,151,OVERHEAD,,1
padswitch(r:p1udt13951-p1udt21910)p1u_234120,B,p1udt13951-p1udt21910xx,p1udt21910,"LINESTRING(-97.729479311314 30.4195508199767, -97.729517764127 30.4195770119629)",0.001,,,0.001,,,151,OVERHEAD,,1
padswitch(r:p1udt13951-p1udt3794)p1u_234121,B,p1udt3794,p1udt13951-p1udt3794xx,"LINESTRING(-97.7292304161476 30.4202471225665, -97.7292374477327 30.4202025063858)",0.001,,,0.001,,,205,OVERHEAD,,1
padswitch(r:p1udt13951-p1udt3794)p1u_234122,B,p1udt13951-p1udt3794x,p1udt13951,"LINESTRING(-97.7296090131939 30.4199440058519, -97.7295678578701 30.4199165579886)",0.001,,,0.001,,,151,OVERHEAD,,1
padswitch(r:p1udt285-p1udt3794)p1u_234123,B,p1udt285,p1udt285-p1udt3794x,"LINESTRING(-97.7289291139386 30.4201990745471, -97.7288809552977 30.4202159219313)",0.001,,,0.001,,,151,OVERHEAD,,1
padswitch(r:p1udt285-p1udt3794)p1u_234124,B,p1udt285-p1udt3794xx,p1udt3794,"LINESTRING(-97.7292715715082 30.4202745705362, -97.7292304161476 30.4202471225665)",0.001,,,0.001,,,205,OVERHEAD,,1
padswitch(r:p1udt285-p1udt8406)p1u_234125,B,p1udt8406,p1udt285-p1udt8406xx,"LINESTRING(-97.728731793919 30.420161061408, -97.7287388257223 30.4201164452598)",0.001,,,0.001,,,151,OVERHEAD,,1
padswitch(r:p1udt285-p1udt8406)p1u_234126,B,p1udt285-p1udt8406x,p1udt285,"LINESTRING(-97.7289702691916 30.420226522609, -97.7289291139386 30.4201990745471)",0.001,,,0.001,,,205,OVERHEAD,,1
padswitch(r:p1udt3292-p1udt8406)p1u_234127,B,p1udt3292,p1udt3292-p1udt8406x,"LINESTRING(-97.7285343570756 30.4201320697766, -97.7284861984058 30.4201489170144)",0.001,,,0.001,,,151,OVERHEAD,,1
padswitch(r:p1udt3292-p1udt8406)p1u_234128,B,p1udt3292-p1udt8406xx,p1udt8406,"LINESTRING(-97.7286836352659 30.4201779087191, -97.728731793919 30.420161061408)",0.001,,,0.001,,,151,OVERHEAD,,1
padswitch(r:p1udt12380-p1udt3292)p1u_234129,B,p1udt12380,p1udt12380-p1udt3292x,"LINESTRING(-97.72823305562 30.4200840201692, -97.7282742106226 30.4201114684442)",0.001,,,0.001,,,151,OVERHEAD,,1
padswitch(r:p1udt12380-p1udt3292)p1u_234130,B,p1udt12380-p1udt3292xx,p1udt3292,"LINESTRING(-97.7285755121859 30.4201595179593, -97.7285343570756 30.4201320697766)",0.001,,,0.001,,,151,OVERHEAD,,1
padswitch(r:p1udt12380-p1udt1548)p1u_234131,B,p1udt1548,p1udt12380-p1udt1548xx,"LINESTRING(-97.7278382997726 30.4200170133191, -97.7278453319679 30.4199723972293)",0.001,,,0.001,,,151,OVERHEAD,,1
padswitch(r:p1udt12380-p1udt1548)p1u_234132,B,p1udt12380-p1udt1548x,p1udt12380,"LINESTRING(-97.7281848969264 30.4201008672952, -97.72823305562 30.4200840201692)",0.001,,,0.001,,,151,OVERHEAD,,1
padswitch(r:p1udt1548-p1udt923)p1u_234133,B,p1udt923,p1udt1548-p1udt923xx,"LINESTRING(-97.7276408808351 30.4199878489888, -97.7276006545344 30.41995937497)",0.001,,,0.001,,,151,OVERHEAD,,1
padswitch(r:p1udt1548-p1udt923)p1u_234134,B,p1udt1548-p1udt923x,p1udt1548,"LINESTRING(-97.7277901410501 30.4200338602985, -97.7278382997726 30.4200170133191)",0.001,,,0.001,,,151,OVERHEAD,,1
padswitch(r:p1udt7180-p1udt923)p1u_234135,B,p1udt7180,p1udt7180-p1udt923x,"LINESTRING(-97.727224586193 30.4199749395349, -97.7272657408566 30.4200023881189)",0.001,,,0.001,,,301,OVERHEAD,,1
padswitch(r:p1udt7180-p1udt923)p1u_234136,B,p1udt7180-p1udt923xx,p1udt923,"LINESTRING(-97.7276323342948 30.4200322690511, -97.7276408808351 30.4199878489888)",0.001,,,0.001,,,151,OVERHEAD,,1
padswitch(r:p1udt306-p1udt7180)p1u_234137,B,p1udt306-p1udt7180x,p1udt306-p1udt7180xx,"LINESTRING(-97.7268285708222 30.4200082806041, -97.7268289600632 30.420052831911)",0.001,,,0.001,,,151,OVERHEAD,,1
padswitch(r:p1udt306-p1udt7180)p1u_234138,B,p1udt306-p1udt7180xxx,p1udt7180,"LINESTRING(-97.7271764273945 30.4199917862856, -97.727224586193 30.4199749395349)",0.001,,,0.001,,,151,OVERHEAD,,1
padswitch(r:p1udt13950-p1udt921)p1u_234139,A,p1udt13950,p1udt13950-p1udt921x,"LINESTRING(-97.7273497960034 30.4191548576067, -97.7273952264832 30.4191299863174)",0.001,,,0.001,,,151,OVERHEAD,,1
padswitch(r:p1udt13950-p1udt921)p1u_234140,A,p1udt13950-p1udt921xx,p1udt921,"LINESTRING(-97.7275319621096 30.4189132462729, -97.7274856288509 30.4189268451625)",0.001,,,0.001,,,205,OVERHEAD,,1
padswitch(r:p1udt11031-p1udt3793)p1u_234141,A,p1udt3793,p1udt11031-p1udt3793xx,"LINESTRING(-97.728743860621 30.4193832648616, -97.7287969074051 30.4193816057645)",0.001,,,0.001,,,151,OVERHEAD,,1
padswitch(r:p1udt11031-p1udt3793)p1u_234142,A,p1udt11031-p1udt3793x,p1udt11031,"LINESTRING(-97.7290356461966 30.4193700183267, -97.7289893129081 30.4193836177488)",0.001,,,0.001,,,233,OVERHEAD,,1
padswitch(r:p1udt19856-p1udt3793)p1u_234143,A,p1udt3793,p1udt19856-p1udt3793xx,"LINESTRING(-97.728743860621 30.4193832648616, -97.7286904129724 30.4193847595282)",0.001,,,0.001,,,151,OVERHEAD,,1
padswitch(r:p1udt19856-p1udt3793)p1u_234144,A,p1udt19856-p1udt3793x,p1udt19856,"LINESTRING(-97.7286401751078 30.4193881272726, -97.7285907658815 30.4193913905376)",0.001,,,0.001,,,151,OVERHEAD,,1
padswitch(r:p1udt13031-p1udt3793)p1u_234145,A,p1udt13031,p1udt13031-p1udt3793x,"LINESTRING(-97.7282951849753 30.4193084809144, -97.7283439158119 30.4192928996517)",0.001,,,0.001,,,151,OVERHEAD,,1
padswitch(r:p1udt13031-p1udt3793)p1u_234146,A,p1udt13031-p1udt3793xx,p1udt3793,"LINESTRING(-97.7287588619076 30.4194296398253, -97.728743860621 30.4193832648616)",0.001,,,0.001,,,151,OVERHEAD,,1
padswitch(r:p1udt13031-p1udt16007)p1u_234147,A,p1udt16007,p1udt13031-p1udt16007xx,"LINESTRING(-97.7279004321812 30.4192414743318, -97.7279491630413 30.4192258932172)",0.001,,,0.001,,,151,OVERHEAD,,1
padswitch(r:p1udt13031-p1udt16007)p1u_234148,A,p1udt13031-p1udt16007x,p1udt13031,"LINESTRING(-97.7282866388006 30.4193529010341, -97.7282951849753 30.4193084809144)",0.001,,,0.001,,,151,OVERHEAD,,1
padswitch(r:p1udt13950-p1udt16007)p1u_234149,A,p1udt13950,p1udt13950-p1udt16007x,"LINESTRING(-97.7273497960034 30.4191548576067, -97.727378543659 30.4191942485685)",0.001,,,0.001,,,151,OVERHEAD,,1
padswitch(r:p1udt13950-p1udt16007)p1u_234150,A,p1udt13950-p1udt16007xx,p1udt16007,"LINESTRING(-97.7278602061001 30.4192130003964, -97.7279004321812 30.4192414743318)",0.001,,,0.001,,,151,OVERHEAD,,1
padswitch(r:p1udt13950-p1udt306)p1u_234151,A,p1udt13950-p1udt306xxx,p1udt13950-p1udt306xx,"LINESTRING(-97.7268666627219 30.419921425633, -97.7268986269957 30.4198865725268)",0.001,,,0.001,,,151,OVERHEAD,,1
padswitch(r:p1udt13950-p1udt306)p1u_234152,A,p1udt13950-p1udt306x,p1udt13950,"LINESTRING(-97.7273045927742 30.4191801310234, -97.7273497960034 30.4191548576067)",0.001,,,0.001,,,205,OVERHEAD,,1
padswitch(r:p1udt1557-p1udt8426)p1u_234207,B,p1udt1557,p1udt1557-p1udt8426x,"LINESTRING(-97.7213265379098 30.4179954568481, -97.7213044495426 30.4180379245648)",0.001,,,0.001,,,151,OVERHEAD,,1
padswitch(r:p1udt1557-p1udt8426)p1u_234208,B,p1udt1557-p1udt8426xx,p1udt8426,"LINESTRING(-97.7215718222209 30.417568439998, -97.7216110089952 30.4175430796623)",0.001,,,0.001,,,205,OVERHEAD,,1
padswitch(r:p1udt1557-p1udt20496)p1u_234209,B,p1udt1557,p1udt1557-p1udt20496x,"LINESTRING(-97.7213265379098 30.4179954568481, -97.7212774410231 30.4179763969803)",0.001,,,0.001,,,151,OVERHEAD,,1
padswitch(r:p1udt1557-p1udt20496)p1u_234210,B,p1udt1557-p1udt20496xx,p1udt20496,"LINESTRING(-97.7210941331877 30.4182779172345, -97.7211325831806 30.4183041116179)",0.001,,,0.001,,,205,OVERHEAD,,1
padswitch(r:p1udt1557-p1udt2123)p1u_234211,B,p1udt2123,p1udt1557-p1udt2123xx,"LINESTRING(-97.7208944345561 30.4175940050258, -97.7208542112496 30.4175655290015)",0.001,,,0.001,,,151,OVERHEAD,,1
padswitch(r:p1udt1557-p1udt2123)p1u_234212,B,p1udt1557-p1udt2123x,p1udt1557,"LINESTRING(-97.7213757486536 30.4180141533325, -97.7213265379098 30.4179954568481)",0.001,,,0.001,,,151,OVERHEAD,,1
padswitch(r:p1udt2123-p1udt7615)p1u_234213,B,p1udt7615,p1udt2123-p1udt7615xx,"LINESTRING(-97.7203667246223 30.417345214506, -97.7203265015745 30.4173167383253)",0.001,,,0.001,,,151,OVERHEAD,,1
padswitch(r:p1udt2123-p1udt7615)p1u_234214,B,p1udt2123-p1udt7615x,p1udt2123,"LINESTRING(-97.7209431656016 30.4175784265314, -97.7208944345561 30.4175940050258)",0.001,,,0.001,,,151,OVERHEAD,,1
padswitch(r:p1udt7183-p1udt7615)p1u_234215,B,p1udt7183,p1udt7183-p1udt7615x,"LINESTRING(-97.7197563301397 30.41705049644, -97.7198050610764 30.4170349183667)",0.001,,,0.001,,,151,OVERHEAD,,1
padswitch(r:p1udt7183-p1udt7615)p1u_234216,B,p1udt7183-p1udt7615xx,p1udt7615,"LINESTRING(-97.72035817508 30.4173896340222, -97.7203667246223 30.417345214506)",0.001,,,0.001,,,151,OVERHEAD,,1
padswitch(r:p1udt15528-p1udt7183)p1u_234217,B,p1udt15528-p1udt7183x,p1udt15528-p1udt7183xx,"LINESTRING(-97.7190037574821 30.4167337634891, -97.7189660956777 30.416763283257)",0.001,,,0.001,,,151,OVERHEAD,,1
padswitch(r:p1udt15528-p1udt7183)p1u_234218,B,p1udt15528-p1udt7183xxx,p1udt7183,"LINESTRING(-97.719716107394 30.4170220200784, -97.7197563301397 30.41705049644)",0.001,,,0.001,,,151,OVERHEAD,,1
padswitch(r:p1udt13034-p1udt7185)p1u_234219,A,p1udt13034,p1udt13034-p1udt7185x,"LINESTRING(-97.7199617232227 30.4180632501042, -97.7200028749837 30.4180907009053)",0.001,,,0.001,,,151,OVERHEAD,,1
padswitch(r:p1udt13034-p1udt7185)p1u_234220,A,p1udt13034-p1udt7185xx,p1udt7185,"LINESTRING(-97.7204794928068 30.4183079863301, -97.72051794264 30.4183341808901)",0.001,,,0.001,,,115,OVERHEAD,,1
padswitch(r:p1udt13034-p1udt1556)p1u_234221,A,p1udt1556,p1udt13034-p1udt1556xx,"LINESTRING(-97.7194651243026 30.4178237839158, -97.7195062758207 30.4178512348676)",0.001,,,0.001,,,151,OVERHEAD,,1
padswitch(r:p1udt13034-p1udt1556)p1u_234222,A,p1udt13034-p1udt1556x,p1udt13034,"LINESTRING(-97.7199687588126 30.418018634524, -97.7199617232227 30.4180632501042)",0.001,,,0.001,,,151,OVERHEAD,,1
padswitch(r:p1udt13033-p1udt1556)p1u_234223,A,p1udt13033,p1udt13033-p1udt1556x,"LINESTRING(-97.7190669278395 30.4172243642593, -97.7191080789961 30.4172518153287)",0.001,,,0.001,,,151,OVERHEAD,,1
padswitch(r:p1udt13033-p1udt1556)p1u_234224,A,p1udt13033-p1udt1556xx,p1udt1556,"LINESTRING(-97.7194721600962 30.4177791683667, -97.7194651243026 30.4178237839158)",0.001,,,0.001,,,151,OVERHEAD,,1
padswitch(r:p1udt13033-p1udt15528)p1u_234225,A,p1udt13033-p1udt15528xxx,p1udt13033-p1udt15528xx,"LINESTRING(-97.7190886973607 30.4167190414047, -97.7191367667607 30.4167332521453)",0.001,,,0.001,,,151,OVERHEAD,,1
padswitch(r:p1udt13033-p1udt15528)p1u_234226,A,p1udt13033-p1udt15528x,p1udt13033,"LINESTRING(-97.71907396376 30.4171797487316, -97.7190669278395 30.4172243642593)",0.001,,,0.001,,,151,OVERHEAD,,1
padswitch(r:p1udt13360-p1udt3799)p1u_234227,ABC,p1udt13360,p1udt13360-p1udt3799x,"LINESTRING(-97.7174481061344 30.4176418673968, -97.7174037978716 30.41761403656)",1,1,1,1,1,1,525,OVERHEAD,,1
padswitch(r:p1udt13360-p1udt3799)p1u_234228,ABC,p1udt13360-p1udt3799xx,p1udt3799,"LINESTRING(-97.7177691161123 30.4174466503787, -97.7177620795769 30.4174912658167)",1,1,1,1,1,1,525,OVERHEAD,,1
padswitch(r:p1udt15281-p1udt8811)p1u_234229,B,p1udt15281,p1udt15281-p1udt8811x,"LINESTRING(-97.7161819375904 30.4165193067058, -97.7162230876162 30.4165467586561)",0.001,,,0.001,,,205,OVERHEAD,,1
padswitch(r:p1udt15281-p1udt8811)p1u_234230,B,p1udt15281-p1udt8811xx,p1udt8811,"LINESTRING(-97.7157697271335 30.4163527443296, -97.7157237980373 30.4163381555985)",0.001,,,0.001,,,301,OVERHEAD,,1
padswitch(r:p1udt15281-p1udt926)p1u_234231,B,p1udt926,p1udt15281-p1udt926xx,"LINESTRING(-97.716679229902 30.4167046544246, -97.7166862668579 30.4166600390522)",0.001,,,0.001,,,151,OVERHEAD,,1
padswitch(r:p1udt15281-p1udt926)p1u_234232,B,p1udt15281-p1udt926x,p1udt15281,"LINESTRING(-97.716188974755 30.4164746913651, -97.7161819375904 30.4165193067058)",0.001,,,0.001,,,205,OVERHEAD,,1
padswitch(r:p1udt1555-p1udt926)p1u_234233,B,p1udt1555,p1udt1555-p1udt926x,"LINESTRING(-97.7171153654561 30.4167901471513, -97.7171565158652 30.4168175988169)",0.001,,,0.001,,,151,OVERHEAD,,1
padswitch(r:p1udt1555-p1udt926)p1u_234234,B,p1udt1555-p1udt926xx,p1udt926,"LINESTRING(-97.7167203801488 30.4167321062235, -97.716679229902 30.4167046544246)",0.001,,,0.001,,,151,OVERHEAD,,1
padswitch(r:p1udt1555-p1udt7184)p1u_234235,B,p1udt7184,p1udt1555-p1udt7184xx,"LINESTRING(-97.7174893988437 30.4168479596007, -97.7175305493857 30.4168754111519)",0.001,,,0.001,,,151,OVERHEAD,,1
padswitch(r:p1udt1555-p1udt7184)p1u_234236,B,p1udt1555-p1udt7184x,p1udt1555,"LINESTRING(-97.7170672066475 30.4168069901751, -97.7171153654561 30.4167901471513)",0.001,,,0.001,,,151,OVERHEAD,,1
padswitch(r:p1udt13360-p1udt7184)p1u_234237,B,p1udt13360-p1udt7184x,p1udt13360-p1udt7184xx,"LINESTRING(-97.7174856602829 30.4176086357183, -97.7175192713387 30.4175762749397)",0.001,,,0.001,,,301,OVERHEAD,,1
padswitch(r:p1udt13360-p1udt7184)p1u_234238,B,p1udt13360-p1udt7184xxx,p1udt7184,"LINESTRING(-97.7174964354453 30.4168033441753, -97.7174893988437 30.4168479596007)",0.001,,,0.001,,,151,OVERHEAD,,1
padswitch(r:p1udt13360-p1udt17155)p1u_234239,ABC,p1udt17155,p1udt13360-p1udt17155xx,"LINESTRING(-97.7172649874089 30.4179353656672, -97.7172186973116 30.4179587229187)",1,1,1,1,1,1,445,OVERHEAD,,1
padswitch(r:p1udt13360-p1udt17155)p1u_234240,ABC,p1udt13360-p1udt17155x,p1udt13360,"LINESTRING(-97.7174819736478 30.4176791536813, -97.7174481061344 30.4176418673968)",1,1,1,1,1,1,550,OVERHEAD,,1
padswitch(r:p1udt17155-p1udt20937)p1u_234241,ABC,p1udt20937,p1udt17155-p1udt20937xx,"LINESTRING(-97.7171817819906 30.4180809065604, -97.7171415596116 30.4180524294192)",1,1,1,1,1,1,445,OVERHEAD,,1
padswitch(r:p1udt17155-p1udt20937)p1u_234242,ABC,p1udt17155-p1udt20937x,p1udt17155,"LINESTRING(-97.7172308704191 30.4178982686585, -97.7172649874089 30.4179353656672)",1,1,1,1,1,1,445,OVERHEAD,,1
padswitch(r:p1udt12381-p1udt20937)p1u_234243,ABC,p1udt12381,p1udt12381-p1udt20937x,"LINESTRING(-97.7170756619529 30.4182334250021, -97.7170826988654 30.4181888096165)",1,1,1,1,1,1,445,OVERHEAD,,1
padswitch(r:p1udt12381-p1udt20937)p1u_234244,ABC,p1udt12381-p1udt20937xx,p1udt20937,"LINESTRING(-97.7171732309364 30.4181253258199, -97.7171817819906 30.4180809065604)",1,1,1,1,1,1,445,OVERHEAD,,1
padswitch(r:p1udt12381-p1udt15530)p1u_234245,ABC,p1udt15530,p1udt12381-p1udt15530xx,"LINESTRING(-97.7169269759274 30.418457536865, -97.7168788162591 30.4184743797907)",1,1,1,1,1,1,445,OVERHEAD,,1
padswitch(r:p1udt12381-p1udt15530)p1u_234246,ABC,p1udt12381-p1udt15530x,p1udt12381,"LINESTRING(-97.7171168129408 30.4182608766913, -97.7170756619529 30.4182334250021)",1,1,1,1,1,1,445,OVERHEAD,,1
padswitch(r:p1udt15530-p1udt5320)p1u_234247,ABC,p1udt5320,p1udt15530-p1udt5320xx,"LINESTRING(-97.7167781711468 30.418690670294, -97.7167852082349 30.4186460549323)",1,1,1,1,1,1,445,OVERHEAD,,1
padswitch(r:p1udt15530-p1udt5320)p1u_234248,ABC,p1udt15530-p1udt5320x,p1udt15530,"LINESTRING(-97.7169681269636 30.4184849886017, -97.7169269759274 30.418457536865)",1,1,1,1,1,1,445,OVERHEAD,,1
padswitch(r:p1udt5320-p1udt8813)p1u_234249,ABC,p1udt8813,p1udt5320-p1udt8813xx,"LINESTRING(-97.7161906543217 30.4185431052205, -97.7161363417431 30.4185320518222)",1,1,1,1,1,1,445,OVERHEAD,,1
padswitch(r:p1udt5320-p1udt8813)p1u_234250,ABC,p1udt5320-p1udt8813x,p1udt5320,"LINESTRING(-97.7167300113391 30.4187075131602, -97.7167781711468 30.418690670294)",1,1,1,1,1,1,445,OVERHEAD,,1
padswitch(r:p1udt13035-p1udt8813)p1u_234251,A,p1udt13035-p1udt8813xxx,p1udt13035-p1udt8813xx,"LINESTRING(-97.7162155513963 30.4185021121857, -97.7162379264121 30.4184629740451)",0.001,,,0.001,,,151,OVERHEAD,,1
padswitch(r:p1udt13035-p1udt8813)p1u_234252,A,p1udt13035-p1udt8813x,p1udt13035,"LINESTRING(-97.7162629811958 30.4184259554339, -97.7162920959368 30.4183915449787)",0.001,,,0.001,,,205,OVERHEAD,,1
padswitch(r:p1udt8813-p1udt8814)p1u_234253,ABC,p1udt8814,p1udt8813-p1udt8814xx,"LINESTRING(-97.7156800626392 30.4182738404576, -97.7157212132361 30.4183012925759)",1,1,1,1,1,1,550,OVERHEAD,,1
padswitch(r:p1udt8813-p1udt8814)p1u_234254,ABC,p1udt8813-p1udt8814x,p1udt8813,"LINESTRING(-97.7161660640924 30.4185837124246, -97.7161906543217 30.4185431052205)",1,1,1,1,1,1,445,OVERHEAD,,1
padswitch(r:p1udt309-p1udt8814)p1u_234255,ABC,p1udt309,p1udt309-p1udt8814x,"LINESTRING(-97.7151205606041 30.4180696592332, -97.7151120086224 30.418114078331)",1,1,1,1,1,1,445,OVERHEAD,,1
padswitch(r:p1udt309-p1udt8814)p1u_234256,ABC,p1udt309-p1udt8814xx,p1udt8814,"LINESTRING(-97.7156871001876 30.4182292251658, -97.7156800626392 30.4182738404576)",1,1,1,1,1,1,445,OVERHEAD,,1
padswitch(r:p1udt309-p1udt4787)p1u_234257,ABC,p1udt4787,p1udt309-p1udt4787xx,"LINESTRING(-97.714944289325 30.4180139582606, -97.7148961295649 30.4180308004524)",1,1,1,1,1,1,445,OVERHEAD,,1
padswitch(r:p1udt309-p1udt4787)p1u_234258,ABC,p1udt309-p1udt4787x,p1udt309,"LINESTRING(-97.7150803388526 30.4180411814741, -97.7151205606041 30.4180696592332)",1,1,1,1,1,1,445,OVERHEAD,,1
padswitch(r:p1udt308-p1udt4787)p1u_234259,ABC,p1udt308,p1udt308-p1udt4787x,"LINESTRING(-97.7144236910649 30.4180178557205, -97.7143755312207 30.4180346977176)",1,1,1,1,1,1,445,OVERHEAD,,1
padswitch(r:p1udt308-p1udt4787)p1u_234260,ABC,p1udt308-p1udt4787xx,p1udt4787,"LINESTRING(-97.7149513271835 30.4179693430158, -97.714944289325 30.4180139582606)",1,1,1,1,1,1,445,OVERHEAD,,1
padswitch(r:p1udt308-p1udt4316)p1u_234261,ABC,p1udt4316,p1udt308-p1udt4316xx,"LINESTRING(-97.7140044675867 30.418230276872, -97.7139563075707 30.4182471187088)",1,1,1,1,1,1,445,OVERHEAD,,1
padswitch(r:p1udt308-p1udt4316)p1u_234262,ABC,p1udt308-p1udt4316x,p1udt308,"LINESTRING(-97.7144307291595 30.4179732405106, -97.7144236910649 30.4180178557205)",1,1,1,1,1,1,445,OVERHEAD,,1
padswitch(r:p1udt18954-p1udt4316)p1u_234263,ABC,p1udt18954,p1udt18954-p1udt4316x,"LINESTRING(-97.713757277331 30.4185001576867, -97.7137039230459 30.4185042908409)",1,1,1,1,1,1,445,OVERHEAD,,1
padswitch(r:p1udt18954-p1udt4316)p1u_234264,ABC,p1udt18954-p1udt4316xx,p1udt4316,"LINESTRING(-97.7140456176764 30.4182577295048, -97.7140044675867 30.418230276872)",1,1,1,1,1,1,445,OVERHEAD,,1
padswitch(r:p1udt18361-p1udt18954)p1u_234265,ABC,p1udt18361,p1udt18361-p1udt18954x,"LINESTRING(-97.7135404796933 30.4189700512161, -97.7134923193687 30.4189868927277)",1,1,1,1,1,1,445,OVERHEAD,,1
padswitch(r:p1udt18361-p1udt18954)p1u_234266,ABC,p1udt18361-p1udt18954xx,p1udt18954,"LINESTRING(-97.7137445545253 30.4184540284367, -97.713757277331 30.4185001576867)",1,1,1,1,1,1,445,OVERHEAD,,1
padswitch(r:p1udt11036-p1udt18361)p1u_234267,ABC,p1udt11036,p1udt11036-p1udt18361x,"LINESTRING(-97.7134413704089 30.4190999901923, -97.7134629120496 30.4190572900798)",1,1,1,1,1,1,595,OVERHEAD,,1
padswitch(r:p1udt11036-p1udt18361)p1u_234268,ABC,p1udt11036-p1udt18361xx,p1udt18361,"LINESTRING(-97.7135475182029 30.4189254359323, -97.7135404796933 30.4189700512161)",1,1,1,1,1,1,445,OVERHEAD,,1
padswitch(r:p1udt11036-p1udt12703)p1u_234269,ABC,p1udt12703,p1udt11036-p1udt12703xx,"LINESTRING(-97.7127618064413 30.4190880636314, -97.7127303290612 30.4191259378243)",1,1,1,1,1,1,960,OVERHEAD,,1
padswitch(r:p1udt11036-p1udt12703)p1u_234270,ABC,p1udt11036-p1udt12703x,p1udt11036,"LINESTRING(-97.7134192784099 30.4191424564625, -97.7134413704089 30.4190999901923)",1,1,1,1,1,1,960,OVERHEAD,,1
padswitch(r:p1udt13037-p1udt8024)p1u_233265,ABC,p1udt8024,p1udt13037-p1udt8024xx,"LINESTRING(-97.7116408270718 30.4253890370471, -97.7116895633785 30.4253734621793)",1,1,1,1,1,1,295,OVERHEAD,,1
padswitch(r:p1udt13037-p1udt8024)p1u_233266,ABC,p1udt13037-p1udt8024x,p1udt13037,"LINESTRING(-97.7111996660152 30.4257579213641, -97.7112334436657 30.4257957316713)",1,1,1,1,1,1,295,OVERHEAD,,1
padswitch(r:p1udt24269-p1udt8024)p1u_233267,ABC,p1udt24269,p1udt24269-p1udt8024x,"LINESTRING(-97.7118225045984 30.4251369424945, -97.7118661305388 30.4251638828989)",1,1,1,1,1,1,295,OVERHEAD,,1
padswitch(r:p1udt24269-p1udt8024)p1u_233268,ABC,p1udt24269-p1udt8024xx,p1udt8024,"LINESTRING(-97.7116006034501 30.4253605581895, -97.7116408270718 30.4253890370471)",1,1,1,1,1,1,295,OVERHEAD,,1
padswitch(r:p1udt21911-p1udt24269)p1u_233279,ABC,p1udt21911,p1udt21911-p1udt24269x,"LINESTRING(-97.7119278167257 30.4249408955643, -97.7118796530411 30.4249577365129)",1,1,1,1,1,1,295,OVERHEAD,,1
padswitch(r:p1udt21911-p1udt24269)p1u_233280,ABC,p1udt21911-p1udt24269xx,p1udt24269,"LINESTRING(-97.7117971487585 30.4251789939483, -97.7118225045984 30.4251369424945)",1,1,1,1,1,1,295,OVERHEAD,,1
padswitch(r:p1udt14230-p1udt21911)p1u_233281,ABC,p1udt14230,p1udt14230-p1udt21911x,"LINESTRING(-97.7120128772677 30.4248063912961, -97.7119647136634 30.4248232322788)",1,1,1,1,1,1,295,OVERHEAD,,1
padswitch(r:p1udt14230-p1udt21911)p1u_233282,ABC,p1udt14230-p1udt21911xx,p1udt21911,"LINESTRING(-97.711968968954 30.4249683488886, -97.7119278167257 30.4249408955643)",1,1,1,1,1,1,295,OVERHEAD,,1
padswitch(r:p1udt14230-p1udt22785)p1u_233283,ABC,p1udt22785,p1udt14230-p1udt22785xx,"LINESTRING(-97.7121379211329 30.4246129344177, -97.7121838534773 30.4246275244886)",1,1,1,1,1,1,295,OVERHEAD,,1
padswitch(r:p1udt14230-p1udt22785)p1u_233284,ABC,p1udt14230-p1udt22785x,p1udt14230,"LINESTRING(-97.7120540294658 30.4248338445932, -97.7120128772677 30.4248063912961)",1,1,1,1,1,1,295,OVERHEAD,,1
padswitch(r:p1udt10677-p1udt9930)p1u_233353,ABC,p1udt10677,p1udt10677-p1udt9930x,"LINESTRING(-97.7156256766759 30.4311670481293, -97.7156668325326 30.4311945003666)",1,1,1,1,1,1,301,OVERHEAD,,1
padswitch(r:p1udt10677-p1udt9930)p1u_233354,ABC,p1udt10677-p1udt9930xx,p1udt9930,"LINESTRING(-97.7159711933674 30.4314209565962, -97.7159511224547 30.4314649399252)",1,1,1,1,1,1,295,OVERHEAD,,1
padswitch(r:p1udt10677-p1udt13941)p1u_233355,ABC,p1udt13941,p1udt10677-p1udt13941xx,"LINESTRING(-97.7151081009108 30.430936209712, -97.7150678740254 30.4309077318524)",1,1,1,1,1,1,295,OVERHEAD,,1
padswitch(r:p1udt10677-p1udt13941)p1u_233356,ABC,p1udt10677-p1udt13941x,p1udt10677,"LINESTRING(-97.7155775104737 30.4311838903575, -97.7156256766759 30.4311670481293)",1,1,1,1,1,1,295,OVERHEAD,,1
padswitch(r:p1udt11355-p1udt13941)p1u_233357,ABC,p1udt11355,p1udt11355-p1udt13941x,"LINESTRING(-97.714942589937 30.4308533740939, -97.7149023631348 30.4308248961853)",1,1,1,1,1,1,295,OVERHEAD,,1
padswitch(r:p1udt11355-p1udt13941)p1u_233358,ABC,p1udt11355-p1udt13941xx,p1udt13941,"LINESTRING(-97.7150995475781 30.4309806286912, -97.7151081009108 30.430936209712)",1,1,1,1,1,1,295,OVERHEAD,,1
padswitch(r:p1udt11355-p1udt12032)p1u_233359,ABC,p1udt12032,p1udt11355-p1udt12032xx,"LINESTRING(-97.7152383370139 30.4305316325915, -97.7152794924974 30.4305590849428)",1,1,1,1,1,1,295,OVERHEAD,,1
padswitch(r:p1udt11355-p1udt12032)p1u_233360,ABC,p1udt11355-p1udt12032x,p1udt11355,"LINESTRING(-97.7149913285168 30.4308377980686, -97.714942589937 30.4308533740939)",1,1,1,1,1,1,295,OVERHEAD,,1
padswitch(r:p1udt12032-p1udt3261)p1u_233361,ABC,p1udt3261,p1udt12032-p1udt3261xx,"LINESTRING(-97.7154743158001 30.4301794518226, -97.7154512660423 30.4302224785276)",1,1,1,1,1,1,295,OVERHEAD,,1
padswitch(r:p1udt12032-p1udt3261)p1u_233362,ABC,p1udt12032-p1udt3261x,p1udt12032,"LINESTRING(-97.7152453758556 30.4304870174363, -97.7152383370139 30.4305316325915)",1,1,1,1,1,1,295,OVERHEAD,,1
padswitch(r:p1udt13341-p1udt3261)p1u_233363,ABC,p1udt13341,p1udt13341-p1udt3261x,"LINESTRING(-97.714871841313 30.4298962496433, -97.7149205794212 30.4298806736289)",1,1,1,1,1,1,295,OVERHEAD,,1
padswitch(r:p1udt13341-p1udt3261)p1u_233364,ABC,p1udt13341-p1udt3261xx,p1udt3261,"LINESTRING(-97.7155191120467 30.4302049246125, -97.7154743158001 30.4301794518226)",1,1,1,1,1,1,295,OVERHEAD,,1
padswitch(r:p1udt13341-p1udt8413)p1u_233365,ABC,p1udt8413,p1udt13341-p1udt8413xx,"LINESTRING(-97.7144579687979 30.4297029028716, -97.7144795125089 30.4296602027131)",1,1,1,1,1,1,295,OVERHEAD,,1
padswitch(r:p1udt13341-p1udt8413)p1u_233366,ABC,p1udt13341-p1udt8413x,p1udt13341,"LINESTRING(-97.7148316149144 30.4298677717207, -97.714871841313 30.4298962496433)",1,1,1,1,1,1,295,OVERHEAD,,1
padswitch(r:p1udt11025-p1udt11026)p1u_233411,ABC,p1udt11025,p1udt11025-p1udt11026x,"LINESTRING(-97.7155474166286 30.428423610443, -97.7155104249196 30.4284571865329)",1,1,1,1,1,1,295,OVERHEAD,,1
padswitch(r:p1udt11025-p1udt11026)p1u_233412,ABC,p1udt11025-p1udt11026xx,p1udt11026,"LINESTRING(-97.7160082349195 30.4286661753956, -97.7160627091906 30.4286694942083)",1,1,1,1,1,1,151,OVERHEAD,,1
padswitch(r:p1udt11025-p1udt11697)p1u_233447,ABC,p1udt11697,p1udt11025-p1udt11697xx,"LINESTRING(-97.7153768607435 30.4287013461204, -97.7153838993591 30.4286567309399)",1,1,1,1,1,1,295,OVERHEAD,,1
padswitch(r:p1udt11025-p1udt11697)p1u_233448,ABC,p1udt11025-p1udt11697x,p1udt11025,"LINESTRING(-97.7155812869692 30.4284608972467, -97.7155474166286 30.428423610443)",1,1,1,1,1,1,295,OVERHEAD,,1
padswitch(r:p1udt11697-p1udt22528)p1u_233449,ABC,p1udt22528,p1udt11697-p1udt22528xx,"LINESTRING(-97.71519609404 30.428988299899, -97.7152372488794 30.4290157522511)",1,1,1,1,1,1,295,OVERHEAD,,1
padswitch(r:p1udt11697-p1udt22528)p1u_233450,ABC,p1udt11697-p1udt22528x,p1udt11697,"LINESTRING(-97.7154180155184 30.4287287984146, -97.7153768607435 30.4287013461204)",1,1,1,1,1,1,295,OVERHEAD,,1
padswitch(r:p1udt22528-p1udt22529)p1u_233451,ABC,p1udt22529,p1udt22528-p1udt22529xx,"LINESTRING(-97.7149209193868 30.4293284613558, -97.7149620742851 30.4293559137951)",1,1,1,1,1,1,295,OVERHEAD,,1
padswitch(r:p1udt22528-p1udt22529)p1u_233452,ABC,p1udt22528-p1udt22529x,p1udt22528,"LINESTRING(-97.7152031327631 30.4289436847332, -97.71519609404 30.428988299899)",1,1,1,1,1,1,295,OVERHEAD,,1
padswitch(r:p1udt22529-p1udt8413)p1u_233453,ABC,p1udt8413,p1udt22529-p1udt8413xx,"LINESTRING(-97.7144579687979 30.4297029028716, -97.7144088675675 30.4296838403236)",1,1,1,1,1,1,295,OVERHEAD,,1
padswitch(r:p1udt22529-p1udt8413)p1u_233454,ABC,p1udt22529-p1udt8413x,p1udt22529,"LINESTRING(-97.714927958265 30.4292838462113, -97.7149209193868 30.4293284613558)",1,1,1,1,1,1,295,OVERHEAD,,1
padswitch(r:p1udt8399-p1udt8413)p1u_233455,ABC,p1udt8399,p1udt8399-p1udt8413x,"LINESTRING(-97.7141370321249 30.4295553366177, -97.7140888664906 30.4295721783159)",1,1,1,1,1,1,295,OVERHEAD,,1
padswitch(r:p1udt8399-p1udt8413)p1u_233456,ABC,p1udt8399-p1udt8413xx,p1udt8413,"LINESTRING(-97.7144358746672 30.4297453691907, -97.7144579687979 30.4297029028716)",1,1,1,1,1,1,295,OVERHEAD,,1
padswitch(r:p1udt12698-p1udt8399)p1u_233457,ABC,p1udt12698,p1udt12698-p1udt8399x,"LINESTRING(-97.7138227154654 30.4293794648171, -97.7137693004169 30.4293759136921)",1,1,1,1,1,1,295,OVERHEAD,,1
padswitch(r:p1udt12698-p1udt8399)p1u_233458,ABC,p1udt12698-p1udt8399xx,p1udt8399,"LINESTRING(-97.7141440713786 30.4295107215277, -97.7141370321249 30.4295553366177)",1,1,1,1,1,1,295,OVERHEAD,,1
padswitch(r:p1udt12698-p1udt9942)p1u_233485,ABC,p1udt9942,p1udt12698-p1udt9942xx,"LINESTRING(-97.7134856501782 30.4292060474381, -97.713526804607 30.4292335003175)",1,1,1,1,1,1,295,OVERHEAD,,1
padswitch(r:p1udt12698-p1udt9942)p1u_233486,ABC,p1udt12698-p1udt9942x,p1udt12698,"LINESTRING(-97.7138193425833 30.4293320998857, -97.7138227154654 30.4293794648171)",1,1,1,1,1,1,295,OVERHEAD,,1
padswitch(r:p1udt10309-p1udt9942)p1u_233487,ABC,p1udt10309,p1udt10309-p1udt9942x,"LINESTRING(-97.7133785681968 30.4286456102987, -97.7134277825801 30.4286643098599)",1,1,1,1,1,1,205,OVERHEAD,,1
padswitch(r:p1udt10309-p1udt9942)p1u_233488,ABC,p1udt10309-p1udt9942xx,p1udt9942,"LINESTRING(-97.713492689696 30.4291614323887, -97.7134856501782 30.4292060474381)",1,1,1,1,1,1,295,OVERHEAD,,1
padswitch(r:p1udt16708-p1udt7607)p1u_233591,ABC,p1udt7607,p1udt16708-p1udt7607xx,"LINESTRING(-97.7127089340679 30.4297304558468, -97.7127316285746 30.4296865264665)",1,1,1,1,1,1,295,OVERHEAD,,1
padswitch(r:p1udt16708-p1udt7607)p1u_233592,ABC,p1udt16708-p1udt7607x,p1udt16708,"LINESTRING(-97.7117942974986 30.4295296054103, -97.7118065351136 30.4295755319988)",1,1,1,1,1,1,205,OVERHEAD,,1
padswitch(r:p1udt14505-p1udt7607)p1u_233593,ABC,p1udt14505,p1udt14505-p1udt7607x,"LINESTRING(-97.712850253135 30.4294844643281, -97.7128416989172 30.4295288833131)",1,1,1,1,1,1,295,OVERHEAD,,1
padswitch(r:p1udt14505-p1udt7607)p1u_233594,ABC,p1udt14505-p1udt7607xx,p1udt7607,"LINESTRING(-97.7126782788291 30.429690464644, -97.7127089340679 30.4297304558468)",1,1,1,1,1,1,295,OVERHEAD,,1
padswitch(r:p1udt14505-p1udt16715)p1u_233595,ABC,p1udt16715,p1udt14505-p1udt16715xx,"LINESTRING(-97.7128810864334 30.4289300029828, -97.7128757799924 30.4289771941356)",1,1,1,1,1,1,295,OVERHEAD,,1
padswitch(r:p1udt14505-p1udt16715)p1u_233596,ABC,p1udt14505-p1udt16715x,p1udt14505,"LINESTRING(-97.7128989913092 30.429468889241, -97.712850253135 30.4294844643281)",1,1,1,1,1,1,295,OVERHEAD,,1
padswitch(r:p1udt10309-p1udt16715)p1u_233601,ABC,p1udt10309,p1udt10309-p1udt16715x,"LINESTRING(-97.7133785681968 30.4286456102987, -97.7134001121214 30.4286029103184)",1,1,1,1,1,1,205,OVERHEAD,,1
padswitch(r:p1udt10309-p1udt16715)p1u_233602,ABC,p1udt10309-p1udt16715xx,p1udt16715,"LINESTRING(-97.712870757042 30.4288833814851, -97.7128810864334 30.4289300029828)",1,1,1,1,1,1,295,OVERHEAD,,1
padswitch(r:p1udt10309-p1udt24466)p1u_233603,ABC,p1udt24466,p1udt10309-p1udt24466xx,"LINESTRING(-97.7134743017742 30.42848410327, -97.7135154559042 30.4285115561472)",1,1,1,1,1,1,295,OVERHEAD,,1
padswitch(r:p1udt10309-p1udt24466)p1u_233604,ABC,p1udt10309-p1udt24466x,p1udt10309,"LINESTRING(-97.7133294677139 30.4286265473627, -97.7133785681968 30.4286456102987)",1,1,1,1,1,1,205,OVERHEAD,,1
padswitch(r:p1udt10695-p1udt24466)p1u_233605,ABC,p1udt10695,p1udt10695-p1udt24466x,"LINESTRING(-97.7136748205709 30.4281599657843, -97.7137085843067 30.4281239315216)",1,1,1,1,1,1,295,OVERHEAD,,1
padswitch(r:p1udt10695-p1udt24466)p1u_233606,ABC,p1udt10695-p1udt24466xx,p1udt24466,"LINESTRING(-97.7134261365689 30.4285009447381, -97.7134743017742 30.42848410327)",1,1,1,1,1,1,295,OVERHEAD,,1
padswitch(r:p1udt10695-p1udt21908)p1u_233607,ABC,p1udt21908,p1udt10695-p1udt21908xx,"LINESTRING(-97.713910492099 30.4277755923521, -97.7139516460666 30.4278030450896)",1,1,1,1,1,1,301,OVERHEAD,,1
padswitch(r:p1udt10695-p1udt21908)p1u_233608,ABC,p1udt10695-p1udt21908x,p1udt10695,"LINESTRING(-97.7136375469723 30.428125197359, -97.7136748205709 30.4281599657843)",1,1,1,1,1,1,295,OVERHEAD,,1
padswitch(r:p1udt1536-p1udt21908)p1u_233609,ABC,p1udt1536,p1udt1536-p1udt21908x,"LINESTRING(-97.7142634701407 30.4272350852922, -97.7142404206013 30.4272781118069)",1,1,1,1,1,1,295,OVERHEAD,,1
padswitch(r:p1udt1536-p1udt21908)p1u_233610,ABC,p1udt1536-p1udt21908xx,p1udt21908,"LINESTRING(-97.7138623273154 30.4277924339951, -97.713910492099 30.4277755923521)",1,1,1,1,1,1,301,OVERHEAD,,1
padswitch(r:p1udt1536-p1udt5810)p1u_233611,ABC,p1udt5810,p1udt1536-p1udt5810xx,"LINESTRING(-97.7144273643024 30.4268994218576, -97.7144110134925 30.4269436292986)",1,1,1,1,1,1,301,OVERHEAD,,1
padswitch(r:p1udt1536-p1udt5810)p1u_233612,ABC,p1udt1536-p1udt5810x,p1udt1536,"LINESTRING(-97.71430826474 30.4272605584614, -97.7142634701407 30.4272350852922)",1,1,1,1,1,1,295,OVERHEAD,,1
padswitch(r:p1udt4301-p1udt5810)p1u_233613,ABC,p1udt4301,p1udt4301-p1udt5810x,"LINESTRING(-97.7144904133432 30.426427868906, -97.7144422493223 30.4264447107883)",1,1,1,1,1,1,295,OVERHEAD,,1
padswitch(r:p1udt4301-p1udt5810)p1u_233614,ABC,p1udt4301-p1udt5810xx,p1udt5810,"LINESTRING(-97.7144765210901 30.4269203005625, -97.7144273643024 30.4268994218576)",1,1,1,1,1,1,295,OVERHEAD,,1
padswitch(r:p1udt4301-p1udt9941)p1u_233615,ABC,p1udt9941,p1udt4301-p1udt9941xx,"LINESTRING(-97.7146696362091 30.4260725307867, -97.7147155696402 30.4260871199938)",1,1,1,1,1,1,295,OVERHEAD,,1
padswitch(r:p1udt4301-p1udt9941)p1u_233616,ABC,p1udt4301-p1udt9941x,p1udt4301,"LINESTRING(-97.7144974521578 30.4263832537651, -97.7144904133432 30.426427868906)",1,1,1,1,1,1,295,OVERHEAD,,1
padswitch(r:p1udt10725-p1udt13685)p1u_233705,ABC,p1udt10725,p1udt10725-p1udt13685x,"LINESTRING(-97.7264032748243 30.4086611790218, -97.7264103066597 30.408616562929)",1,1,1,1,1,1,295,OVERHEAD,,1
padswitch(r:p1udt10725-p1udt13685)p1u_233706,ABC,p1udt10725-p1udt13685xx,p1udt13685,"LINESTRING(-97.7272871995216 30.4080532765027, -97.7273163646772 30.4080923977169)",1,1,1,1,1,1,295,OVERHEAD,,1
padswitch(r:p1udt10725-p1udt21386)p1u_233709,ABC,p1udt10725,p1udt10725-p1udt21386x,"LINESTRING(-97.7264032748243 30.4086611790218, -97.7263551215261 30.4086780256519)",1,1,1,1,1,1,550,OVERHEAD,,1
padswitch(r:p1udt10725-p1udt21386)p1u_233710,ABC,p1udt10725-p1udt21386xx,p1udt21386,"LINESTRING(-97.7254987606996 30.4085621024929, -97.7254576112318 30.4085346534554)",1,1,1,1,1,1,550,OVERHEAD,,1
padswitch(r:p1udt3280-p1udt6738)p1u_233711,ABC,p1udt6738,p1udt3280-p1udt6738xx,"LINESTRING(-97.723156360998 30.4127593674918, -97.7231333189469 30.4128023958788)",1,1,1,1,1,1,295,OVERHEAD,,1
padswitch(r:p1udt3280-p1udt6738)p1u_233712,ABC,p1udt3280-p1udt6738x,p1udt3280,"LINESTRING(-97.7235959902644 30.412478082126, -97.7236236545519 30.4125168873925)",1,1,1,1,1,1,325,OVERHEAD,,1
padswitch(r:p1udt15278-p1udt6738)p1u_233721,ABC,p1udt15278,p1udt15278-p1udt6738x,"LINESTRING(-97.7228775249157 30.4132103974961, -97.7229186755429 30.4132378473631)",1,1,1,1,1,1,325,OVERHEAD,,1
padswitch(r:p1udt15278-p1udt6738)p1u_233722,ABC,p1udt15278-p1udt6738xx,p1udt6738,"LINESTRING(-97.7231924027783 30.4127236583686, -97.723156360998 30.4127593674918)",1,1,1,1,1,1,325,OVERHEAD,,1
padswitch(r:p1udt15278-p1udt17979)p1u_233723,ABC,p1udt17979,p1udt15278-p1udt17979xx,"LINESTRING(-97.7226538809763 30.4135961961236, -97.722605724631 30.4136130412708)",1,1,1,1,1,1,295,OVERHEAD,,1
padswitch(r:p1udt15278-p1udt17979)p1u_233724,ABC,p1udt15278-p1udt17979x,p1udt15278,"LINESTRING(-97.7228845587527 30.4131657816786, -97.7228775249157 30.4132103974961)",1,1,1,1,1,1,325,OVERHEAD,,1
padswitch(r:p1udt17979-p1udt19326)p1u_233725,ABC,p1udt19326,p1udt17979-p1udt19326xx,"LINESTRING(-97.7225855507529 30.4140466745714, -97.7226267016369 30.4140741245346)",1,1,1,1,1,1,295,OVERHEAD,,1
padswitch(r:p1udt17979-p1udt19326)p1u_233726,ABC,p1udt17979-p1udt19326x,p1udt17979,"LINESTRING(-97.722695031696 30.4136236460622, -97.7226538809763 30.4135961961236)",1,1,1,1,1,1,295,OVERHEAD,,1
padswitch(r:p1udt19326-p1udt2118)p1u_233727,ABC,p1udt2118,p1udt19326-p1udt2118xx,"LINESTRING(-97.7228619002173 30.414410295663, -97.7229030513307 30.4144377455442)",1,1,1,1,1,1,295,OVERHEAD,,1
padswitch(r:p1udt19326-p1udt2118)p1u_233728,ABC,p1udt19326-p1udt2118x,p1udt19326,"LINESTRING(-97.7225925847966 30.4140020587807, -97.7225855507529 30.4140466745714)",1,1,1,1,1,1,295,OVERHEAD,,1
padswitch(r:p1udt2118-p1udt24575)p1u_233729,ABC,p1udt24575,p1udt2118-p1udt24575xx,"LINESTRING(-97.7230767529827 30.4147009596972, -97.7230365301718 30.4146724843488)",1,1,1,1,1,1,295,OVERHEAD,,1
padswitch(r:p1udt2118-p1udt24575)p1u_233730,ABC,p1udt2118-p1udt24575x,p1udt2118,"LINESTRING(-97.7228689341681 30.414365679857, -97.7228619002173 30.414410295663)",1,1,1,1,1,1,295,OVERHEAD,,1
padswitch(r:p1udt24575-p1udt8423)p1u_233731,ABC,p1udt8423,p1udt24575-p1udt8423xx,"LINESTRING(-97.7227818574784 30.4150667694045, -97.7228254821941 30.4150937061443)",1,1,1,1,1,1,295,OVERHEAD,,1
padswitch(r:p1udt24575-p1udt8423)p1u_233732,ABC,p1udt24575-p1udt8423x,p1udt24575,"LINESTRING(-97.7231254822571 30.4146853803305, -97.7230767529827 30.4147009596972)",1,1,1,1,1,1,295,OVERHEAD,,1
padswitch(r:p1udt2691-p1udt8423)p1u_233733,ABC,p1udt2691,p1udt2691-p1udt8423x,"LINESTRING(-97.7219748262342 30.415376092496, -97.7220159774837 30.4154035426574)",1,1,1,1,1,1,301,OVERHEAD,,1
padswitch(r:p1udt2691-p1udt8423)p1u_233734,ABC,p1udt2691-p1udt8423xx,p1udt8423,"LINESTRING(-97.7228197701473 30.4150325537418, -97.7227818574784 30.4150667694045)",1,1,1,1,1,1,295,OVERHEAD,,1
padswitch(r:p1udt11702-p1udt2691)p1u_233735,ABC,p1udt11702,p1udt11702-p1udt2691x,"LINESTRING(-97.7215602163837 30.415236689203, -97.7215120590494 30.4152535339143)",1,1,1,1,1,1,295,OVERHEAD,,1
padswitch(r:p1udt11702-p1udt2691)p1u_233736,ABC,p1udt11702-p1udt2691xx,p1udt2691,"LINESTRING(-97.721926668896 30.41539293736, -97.7219748262342 30.415376092496)",1,1,1,1,1,1,295,OVERHEAD,,1
padswitch(r:p1udt11702-p1udt8422)p1u_233737,ABC,p1udt8422,p1udt11702-p1udt8422xx,"LINESTRING(-97.7211254949929 30.4150429500012, -97.7211666458582 30.4150704004209)",1,1,1,1,1,1,295,OVERHEAD,,1
padswitch(r:p1udt11702-p1udt8422)p1u_233738,ABC,p1udt11702-p1udt8422x,p1udt11702,"LINESTRING(-97.7215672509977 30.4151920734913, -97.7215602163837 30.415236689203)",1,1,1,1,1,1,295,OVERHEAD,,1
padswitch(r:p1udt3797-p1udt8422)p1u_233739,ABC,p1udt3797,p1udt3797-p1udt8422x,"LINESTRING(-97.7209495956652 30.4149600204624, -97.7209566305312 30.4149154047891)",1,1,1,1,1,1,295,OVERHEAD,,1
padswitch(r:p1udt3797-p1udt8422)p1u_233740,ABC,p1udt3797-p1udt8422xx,p1udt8422,"LINESTRING(-97.7211325297867 30.4149983343168, -97.7211254949929 30.4150429500012)",1,1,1,1,1,1,295,OVERHEAD,,1
padswitch(r:p1udt3797-p1udt5318)p1u_233741,ABC,p1udt5318,p1udt3797-p1udt5318xx,"LINESTRING(-97.7204020429193 30.4147269930132, -97.7203844179415 30.4147722123084)",1,1,1,1,1,1,295,OVERHEAD,,1
padswitch(r:p1udt3797-p1udt5318)p1u_233742,ABC,p1udt3797-p1udt5318x,p1udt3797,"LINESTRING(-97.7209907464452 30.4149874709355, -97.7209495956652 30.4149600204624)",1,1,1,1,1,1,295,OVERHEAD,,1
padswitch(r:p1udt17381-p1udt5318)p1u_233757,ABC,p1udt17381,p1udt17381-p1udt5318x,"LINESTRING(-97.7197636729236 30.4153213198175, -97.7197473266248 30.4153655281277)",1,1,1,1,1,1,295,OVERHEAD,,1
padswitch(r:p1udt17381-p1udt5318)p1u_233758,ABC,p1udt17381-p1udt5318xx,p1udt5318,"LINESTRING(-97.7203745139706 30.4146852852857, -97.7204020429193 30.4147269930132)",1,1,1,1,1,1,295,OVERHEAD,,1
padswitch(r:p1udt15003-p1udt17381)p1u_233759,ABC,p1udt15003,p1udt15003-p1udt17381x,"LINESTRING(-97.7191205454363 30.4155105336124, -97.7191616959075 30.4155379846518)",1,1,1,1,1,1,295,OVERHEAD,,1
padswitch(r:p1udt15003-p1udt17381)p1u_233760,ABC,p1udt15003-p1udt17381xx,p1udt17381,"LINESTRING(-97.7197097381113 30.4153131906543, -97.7197636729236 30.4153213198175)",1,1,1,1,1,1,295,OVERHEAD,,1
padswitch(r:p1udt15003-p1udt18360)p1u_233761,ABC,p1udt18360,p1udt15003-p1udt18360xx,"LINESTRING(-97.7185032583753 30.4153661983752, -97.7184567795815 30.4153411060331)",1,1,1,1,1,1,295,OVERHEAD,,1
padswitch(r:p1udt15003-p1udt18360)p1u_233762,ABC,p1udt15003-p1udt18360x,p1udt15003,"LINESTRING(-97.7191275811799 30.4154659180662, -97.7191205454363 30.4155105336124)",1,1,1,1,1,1,295,OVERHEAD,,1
padswitch(r:p1udt16256-p1udt18360)p1u_233763,ABC,p1udt16256,p1udt16256-p1udt18360x,"LINESTRING(-97.7185357356135 30.4156491616987, -97.7185768859707 30.4156766129189)",1,1,1,1,1,1,295,OVERHEAD,,1
padswitch(r:p1udt16256-p1udt18360)p1u_233764,ABC,p1udt16256-p1udt18360xx,p1udt18360,"LINESTRING(-97.7185559443627 30.4153790069983, -97.7185032583753 30.4153661983752)",1,1,1,1,1,1,295,OVERHEAD,,1
padswitch(r:p1udt16256-p1udt3295)p1u_233765,ABC,p1udt3295,p1udt16256-p1udt3295xx,"LINESTRING(-97.7184476270049 30.4160182369642, -97.7184546630985 30.4159736214675)",1,1,1,1,1,1,295,OVERHEAD,,1
padswitch(r:p1udt16256-p1udt3295)p1u_233766,ABC,p1udt16256-p1udt3295x,p1udt16256,"LINESTRING(-97.7184875775969 30.4156660052725, -97.7185357356135 30.4156491616987)",1,1,1,1,1,1,295,OVERHEAD,,1
padswitch(r:p1udt17784-p1udt3295)p1u_233767,ABC,p1udt17784,p1udt17784-p1udt3295x,"LINESTRING(-97.7182563320003 30.416341480446, -97.7182193459069 30.4163750575215)",1,1,1,1,1,1,295,OVERHEAD,,1
padswitch(r:p1udt17784-p1udt3295)p1u_233768,ABC,p1udt17784-p1udt3295xx,p1udt3295,"LINESTRING(-97.7183994687906 30.4160350804989, -97.7184476270049 30.4160182369642)",1,1,1,1,1,1,295,OVERHEAD,,1
padswitch(r:p1udt17784-p1udt7614)p1u_233779,ABC,p1udt7614,p1udt17784-p1udt7614xx,"LINESTRING(-97.7181813952637 30.4164756211602, -97.7181411732234 30.4164471443307)",1,1,1,1,1,1,295,OVERHEAD,,1
padswitch(r:p1udt17784-p1udt7614)p1u_233780,ABC,p1udt17784-p1udt7614x,p1udt17784,"LINESTRING(-97.7182901993987 30.4163787665241, -97.7182563320003 30.416341480446)",1,1,1,1,1,1,295,OVERHEAD,,1
padswitch(r:p1udt7614-p1udt9950)p1u_233781,ABC,p1udt9950,p1udt7614-p1udt9950xx,"LINESTRING(-97.7179580617331 30.4168345168654, -97.7179099030354 30.4168513602036)",1,1,1,1,1,1,295,OVERHEAD,,1
padswitch(r:p1udt7614-p1udt9950)p1u_233782,ABC,p1udt7614-p1udt9950x,p1udt7614,"LINESTRING(-97.7182301261391 30.4164600436726, -97.7181813952637 30.4164756211602)",1,1,1,1,1,1,295,OVERHEAD,,1
padswitch(r:p1udt3799-p1udt9950)p1u_233783,ABC,p1udt3799,p1udt3799-p1udt9950x,"LINESTRING(-97.7177620795769 30.4174912658167, -97.7177139205214 30.4175081090707)",1,1,1,1,1,1,325,OVERHEAD,,1
padswitch(r:p1udt3799-p1udt9950)p1u_233784,ABC,p1udt3799-p1udt9950xx,p1udt9950,"LINESTRING(-97.7179650981212 30.4167899014086, -97.7179580617331 30.4168345168654)",1,1,1,1,1,1,295,OVERHEAD,,1
padswitch(r:p1udt302-p1udt6733)p1u_233893,ABC,p1udt6733,p1udt302-p1udt6733xx,"LINESTRING(-97.7251331725023 30.4158761641704, -97.7251402055548 30.4158315482253)",1,1,1,1,1,1,295,OVERHEAD,,1
padswitch(r:p1udt302-p1udt6733)p1u_233894,ABC,p1udt302-p1udt6733x,p1udt302,"LINESTRING(-97.7251924997461 30.4155904023352, -97.7252182799774 30.4155486919044)",1,1,1,1,1,1,151,OVERHEAD,,1
padswitch(r:p1udt11029-p1udt6733)p1u_233895,ABC,p1udt11029,p1udt11029-p1udt6733x,"LINESTRING(-97.724765088914 30.4161613034561, -97.7247169316254 30.4161781493502)",1,1,1,1,1,1,295,OVERHEAD,,1
padswitch(r:p1udt11029-p1udt6733)p1u_233896,ABC,p1udt11029-p1udt6733xx,p1udt6733,"LINESTRING(-97.7251743248784 30.4159036133651, -97.7251331725023 30.4158761641704)",1,1,1,1,1,1,295,OVERHEAD,,1
padswitch(r:p1udt11029-p1udt14509)p1u_233897,ABC,p1udt14509,p1udt11029-p1udt14509xx,"LINESTRING(-97.7240467690953 30.4165903688485, -97.7240959229836 30.4166112438734)",1,1,1,1,1,1,205,OVERHEAD,,1
padswitch(r:p1udt11029-p1udt14509)p1u_233898,ABC,p1udt11029-p1udt14509x,p1udt11029,"LINESTRING(-97.7247721221586 30.4161166875381, -97.724765088914 30.4161613034561)",1,1,1,1,1,1,295,OVERHEAD,,1
padswitch(r:p1udt12045-p1udt14509)p1u_233899,ABC,p1udt12045,p1udt12045-p1udt14509x,"LINESTRING(-97.7235090732584 30.4166811672352, -97.7234638702542 30.4167064393354)",1,1,1,1,1,1,295,OVERHEAD,,1
padswitch(r:p1udt12045-p1udt14509)p1u_233900,ABC,p1udt12045-p1udt14509xx,p1udt14509,"LINESTRING(-97.7239928331666 30.4165822414265, -97.7240467690953 30.4165903688485)",1,1,1,1,1,1,205,OVERHEAD,,1
padswitch(r:p1udt5816-p1udt6734)p1u_234003,ABC,p1udt6734,p1udt5816-p1udt6734xx,"LINESTRING(-97.7246886879365 30.417234115406, -97.7246484636272 30.4172056405222)",1,1,1,1,1,1,295,OVERHEAD,,1
padswitch(r:p1udt5816-p1udt6734)p1u_234004,ABC,p1udt5816-p1udt6734x,p1udt5816,"LINESTRING(-97.7248771097665 30.4171107829518, -97.7248559926242 30.4171552540011)",1,1,1,1,1,1,151,OVERHEAD,,1
padswitch(r:p1udt3790-p1udt6734)p1u_234005,ABC,p1udt3790,p1udt3790-p1udt6734x,"LINESTRING(-97.724363861917 30.417393526345, -97.7243157039517 30.4174103720688)",1,1,1,1,1,1,151,OVERHEAD,,1
padswitch(r:p1udt3790-p1udt6734)p1u_234006,ABC,p1udt3790-p1udt6734xx,p1udt6734,"LINESTRING(-97.7247374182518 30.4172185354719, -97.7246886879365 30.417234115406)",1,1,1,1,1,1,151,OVERHEAD,,1
padswitch(r:p1udt12046-p1udt3790)p1u_234007,ABC,p1udt12046,p1udt12046-p1udt3790x,"LINESTRING(-97.7238821808746 30.4176144307495, -97.7239313919539 30.4176331262798)",1,1,1,1,1,1,295,OVERHEAD,,1
padswitch(r:p1udt12046-p1udt3790)p1u_234008,ABC,p1udt12046-p1udt3790xx,p1udt3790,"LINESTRING(-97.724370895453 30.4173489104646, -97.724363861917 30.417393526345)",1,1,1,1,1,1,151,OVERHEAD,,1
padswitch(r:p1udt11690-p1udt16003)p1u_234085,ABC,p1udt11690,p1udt11690-p1udt16003x,"LINESTRING(-97.7283306067244 30.4229992082671, -97.7282903790126 30.422970734433)",1,1,1,1,1,1,151,OVERHEAD,,1
padswitch(r:p1udt11690-p1udt16003)p1u_234086,ABC,p1udt11690-p1udt16003xx,p1udt16003,"LINESTRING(-97.7284047165223 30.4232096916208, -97.7283679969536 30.4231770175713)",1,1,1,1,1,1,151,OVERHEAD,,1
padswitch(r:p1udt11690-p1udt14499)p1u_234087,ABC,p1udt14499,p1udt11690-p1udt14499xx,"LINESTRING(-97.7283392700807 30.4224030205037, -97.7283116527402 30.4224439870591)",1,1,1,1,1,1,295,OVERHEAD,,1
padswitch(r:p1udt11690-p1udt14499)p1u_234088,ABC,p1udt11690-p1udt14499x,p1udt11690,"LINESTRING(-97.7283793394128 30.4229836270517, -97.7283306067244 30.4229992082671)",1,1,1,1,1,1,151,OVERHEAD,,1
padswitch(r:p1udt14499-p1udt15266)p1u_234089,ABC,p1udt15266,p1udt14499-p1udt15266xx,"LINESTRING(-97.7279659065642 30.4222196823683, -97.7280146389132 30.4222041012779)",1,1,1,1,1,1,295,OVERHEAD,,1
padswitch(r:p1udt14499-p1udt15266)p1u_234090,ABC,p1udt14499-p1udt15266x,p1udt14499,"LINESTRING(-97.7283789818746 30.4223703714874, -97.7283392700807 30.4224030205037)",1,1,1,1,1,1,151,OVERHEAD,,1
padswitch(r:p1udt15266-p1udt8801)p1u_234091,ABC,p1udt8801,p1udt15266-p1udt8801xx,"LINESTRING(-97.7276038774279 30.422035866917, -97.7275557176634 30.4220527137755)",1,1,1,1,1,1,295,OVERHEAD,,1
padswitch(r:p1udt15266-p1udt8801)p1u_234092,ABC,p1udt15266-p1udt8801x,p1udt15266,"LINESTRING(-97.727925679274 30.4221912084305, -97.7279659065642 30.4222196823683)",1,1,1,1,1,1,295,OVERHEAD,,1
padswitch(r:p1udt3268-p1udt8801)p1u_234093,ABC,p1udt3268,p1udt3268-p1udt8801x,"LINESTRING(-97.7273347377639 30.4219159451324, -97.7273758932541 30.4219433936978)",1,1,1,1,1,1,295,OVERHEAD,,1
padswitch(r:p1udt3268-p1udt8801)p1u_234094,ABC,p1udt3268-p1udt8801xx,p1udt8801,"LINESTRING(-97.7276450330456 30.4220633154005, -97.7276038774279 30.422035866917)",1,1,1,1,1,1,295,OVERHEAD,,1
padswitch(r:p1udt14498-p1udt3268)p1u_234095,ABC,p1udt14498,p1udt14498-p1udt3268x,"LINESTRING(-97.7269197409096 30.4218036233797, -97.7268715811528 30.4218204699863)",1,1,1,1,1,1,295,OVERHEAD,,1
padswitch(r:p1udt14498-p1udt3268)p1u_234096,ABC,p1udt14498-p1udt3268xx,p1udt3268,"LINESTRING(-97.7272865780167 30.4219327918924, -97.7273347377639 30.4219159451324)",1,1,1,1,1,1,295,OVERHEAD,,1
padswitch(r:p1udt11018-p1udt14498)p1u_234097,ABC,p1udt11018,p1udt11018-p1udt14498x,"LINESTRING(-97.7264509370599 30.4218261194345, -97.7264579700447 30.4217815034531)",1,1,1,1,1,1,295,OVERHEAD,,1
padswitch(r:p1udt11018-p1udt14498)p1u_234098,ABC,p1udt11018-p1udt14498xx,p1udt14498,"LINESTRING(-97.7269608962326 30.4218310720718, -97.7269197409096 30.4218036233797)",1,1,1,1,1,1,295,OVERHEAD,,1
padswitch(r:p1udt11018-p1udt16484)p1u_234099,ABC,p1udt16484,p1udt11018-p1udt16484xx,"LINESTRING(-97.7262002373512 30.4215198762688, -97.7261462985136 30.4215117496605)",1,1,1,1,1,1,295,OVERHEAD,,1
padswitch(r:p1udt11018-p1udt16484)p1u_234100,ABC,p1udt11018-p1udt16484x,p1udt11018,"LINESTRING(-97.7264920922552 30.4218535682708, -97.7264509370599 30.4218261194345)",1,1,1,1,1,1,295,OVERHEAD,,1
padswitch(r:p1udt16484-p1udt18944)p1u_234103,ABC,p1udt18944,p1udt16484-p1udt18944xx,"LINESTRING(-97.7261691627963 30.4213377196118, -97.7261289363843 30.4213092451355)",1,1,1,1,1,1,295,OVERHEAD,,1
padswitch(r:p1udt16484-p1udt18944)p1u_234104,ABC,p1udt16484-p1udt18944x,p1udt16484,"LINESTRING(-97.7262493941606 30.4215407505508, -97.7262002373512 30.4215198762688)",1,1,1,1,1,1,295,OVERHEAD,,1
padswitch(r:p1udt18944-p1udt901)p1u_234105,ABC,p1udt901,p1udt18944-p1udt901xx,"LINESTRING(-97.7261807662317 30.4209843503887, -97.726132606766 30.4210011967326)",1,1,1,1,1,1,295,OVERHEAD,,1
padswitch(r:p1udt18944-p1udt901)p1u_234106,ABC,p1udt18944-p1udt901x,p1udt18944,"LINESTRING(-97.7262178949449 30.4213221391798, -97.7261691627963 30.4213377196118)",1,1,1,1,1,1,295,OVERHEAD,,1
padswitch(r:p1udt3267-p1udt901)p1u_234107,ABC,p1udt3267,p1udt3267-p1udt901x,"LINESTRING(-97.7264041572843 30.4206256509286, -97.7263820704483 30.4206681195336)",1,1,1,1,1,1,295,OVERHEAD,,1
padswitch(r:p1udt3267-p1udt901)p1u_234108,ABC,p1udt3267-p1udt901xx,p1udt901,"LINESTRING(-97.726187799264 30.4209397344182, -97.7261807662317 30.4209843503887)",1,1,1,1,1,1,295,OVERHEAD,,1
padswitch(r:p1udt306-p1udt3267)p1u_234117,ABC,p1udt306,p1udt306-p1udt3267x,"LINESTRING(-97.7268331569612 30.4199601002868, -97.7268848066062 30.4199768676255)",1,1,1,1,1,1,295,OVERHEAD,,1
padswitch(r:p1udt306-p1udt3267)p1u_234118,ABC,p1udt306-p1udt3267xx,p1udt3267,"LINESTRING(-97.7264533703704 30.4206443455562, -97.7264041572843 30.4206256509286)",1,1,1,1,1,1,295,OVERHEAD,,1
padswitch(r:p1udt306-p1udt6737)p1u_234153,ABC,p1udt6737,p1udt306-p1udt6737xx,"LINESTRING(-97.7265198795252 30.4197244476879, -97.7265269122918 30.4196798316837)",1,1,1,1,1,1,151,OVERHEAD,,1
padswitch(r:p1udt306-p1udt6737)p1u_234154,ABC,p1udt306-p1udt6737x,p1udt306,"LINESTRING(-97.7267973246067 30.4199234648591, -97.7268331569612 30.4199601002868)",1,1,1,1,1,1,295,OVERHEAD,,1
padswitch(r:p1udt19325-p1udt6737)p1u_234155,ABC,p1udt19325,p1udt19325-p1udt6737x,"LINESTRING(-97.7262255196479 30.4196142966345, -97.7262154167092 30.4195676828722)",1,1,1,1,1,1,295,OVERHEAD,,1
padswitch(r:p1udt19325-p1udt6737)p1u_234156,ABC,p1udt19325-p1udt6737xx,p1udt6737,"LINESTRING(-97.7264717207402 30.4197412941793, -97.7265198795252 30.4197244476879)",1,1,1,1,1,1,151,OVERHEAD,,1
padswitch(r:p1udt19325-p1udt9946)p1u_234157,ABC,p1udt9946,p1udt19325-p1udt9946xx,"LINESTRING(-97.7262556696576 30.4192256084595, -97.7262075110792 30.4192424548603)",1,1,1,1,1,1,151,OVERHEAD,,1
padswitch(r:p1udt19325-p1udt9946)p1u_234158,ABC,p1udt19325-p1udt9946x,p1udt19325,"LINESTRING(-97.7262201629844 30.4196615237514, -97.7262255196479 30.4196142966345)",1,1,1,1,1,1,295,OVERHEAD,,1
padswitch(r:p1udt17977-p1udt9946)p1u_234159,ABC,p1udt17977,p1udt17977-p1udt9946x,"LINESTRING(-97.7264323787783 30.4189192128439, -97.7263789687629 30.4189156670238)",1,1,1,1,1,1,295,OVERHEAD,,1
padswitch(r:p1udt17977-p1udt9946)p1u_234160,ABC,p1udt17977-p1udt9946xx,p1udt9946,"LINESTRING(-97.7262968237318 30.4192530573355, -97.7262556696576 30.4192256084595)",1,1,1,1,1,1,295,OVERHEAD,,1
padswitch(r:p1udt17977-p1udt4309)p1u_234161,ABC,p1udt4309,p1udt17977-p1udt4309xx,"LINESTRING(-97.7261378018225 30.418682910527, -97.7260975764971 30.4186544360671)",1,1,1,1,1,1,295,OVERHEAD,,1
padswitch(r:p1udt17977-p1udt4309)p1u_234162,ABC,p1udt17977-p1udt4309x,p1udt17977,"LINESTRING(-97.7264203325266 30.4189654782644, -97.7264323787783 30.4189192128439)",1,1,1,1,1,1,295,OVERHEAD,,1
padswitch(r:p1udt11701-p1udt4309)p1u_234163,ABC,p1udt11701,p1udt11701-p1udt4309x,"LINESTRING(-97.7256824535748 30.4184711105323, -97.7257236071729 30.4184985595786)",1,1,1,1,1,1,205,OVERHEAD,,1
padswitch(r:p1udt11701-p1udt4309)p1u_234164,ABC,p1udt11701-p1udt4309xx,p1udt4309,"LINESTRING(-97.726129254741 30.4187273304834, -97.7261378018225 30.418682910527)",1,1,1,1,1,1,295,OVERHEAD,,1
padswitch(r:p1udt11701-p1udt24690)p1u_234165,ABC,p1udt24690,p1udt11701-p1udt24690xx,"LINESTRING(-97.725413443299 30.4183421632734, -97.725420476444 30.4182975473311)",1,1,1,1,1,1,295,OVERHEAD,,1
padswitch(r:p1udt11701-p1udt24690)p1u_234166,ABC,p1udt11701-p1udt24690x,p1udt11701,"LINESTRING(-97.7256894866093 30.4184264945732, -97.7256824535748 30.4184711105323)",1,1,1,1,1,1,295,OVERHEAD,,1
padswitch(r:p1udt24690-p1udt7612)p1u_234167,ABC,p1udt7612,p1udt24690-p1udt7612xx,"LINESTRING(-97.7250513332682 30.4181671916092, -97.7250924865577 30.418194640847)",1,1,1,1,1,1,295,OVERHEAD,,1
padswitch(r:p1udt24690-p1udt7612)p1u_234168,ABC,p1udt24690-p1udt7612x,p1udt24690,"LINESTRING(-97.7254545967659 30.4183696124014, -97.725413443299 30.4183421632734)",1,1,1,1,1,1,295,OVERHEAD,,1
padswitch(r:p1udt7612-p1udt9945)p1u_234169,ABC,p1udt9945,p1udt7612-p1udt9945xx,"LINESTRING(-97.7248864109492 30.4180720582789, -97.7248382528624 30.4180889039887)",1,1,1,1,1,1,301,OVERHEAD,,1
padswitch(r:p1udt7612-p1udt9945)p1u_234170,ABC,p1udt7612-p1udt9945x,p1udt7612,"LINESTRING(-97.7250031750264 30.4181840375772, -97.7250513332682 30.4181671916092)",1,1,1,1,1,1,295,OVERHEAD,,1
padswitch(r:p1udt4777-p1udt9945)p1u_234171,ABC,p1udt4777,p1udt4777-p1udt9945x,"LINESTRING(-97.7243268824352 30.4178352889442, -97.7243339160272 30.4177906730701)",1,1,1,1,1,1,301,OVERHEAD,,1
padswitch(r:p1udt4777-p1udt9945)p1u_234172,ABC,p1udt4777-p1udt9945xx,p1udt9945,"LINESTRING(-97.7249275642845 30.4180995074272, -97.7248864109492 30.4180720582789)",1,1,1,1,1,1,295,OVERHEAD,,1
padswitch(r:p1udt12046-p1udt4777)p1u_234173,ABC,p1udt12046,p1udt12046-p1udt4777x,"LINESTRING(-97.7238821808746 30.4176144307495, -97.7239037176823 30.4175717287651)",1,1,1,1,1,1,295,OVERHEAD,,1
padswitch(r:p1udt12046-p1udt4777)p1u_234174,ABC,p1udt12046-p1udt4777xx,p1udt4777,"LINESTRING(-97.7243680353774 30.4178627384021, -97.7243268824352 30.4178352889442)",1,1,1,1,1,1,295,OVERHEAD,,1
padswitch(r:p1udt12046-p1udt23717)p1u_234175,ABC,p1udt23717,p1udt12046-p1udt23717xx,"LINESTRING(-97.7236026714747 30.4174853388051, -97.7235545133436 30.4175021842428)",1,1,1,1,1,1,295,OVERHEAD,,1
padswitch(r:p1udt12046-p1udt23717)p1u_234176,ABC,p1udt12046-p1udt23717x,p1udt12046,"LINESTRING(-97.7238600936901 30.417656898935, -97.7238821808746 30.4176144307495)",1,1,1,1,1,1,295,OVERHEAD,,1
padswitch(r:p1udt10312-p1udt23717)p1u_234177,ABC,p1udt10312,p1udt10312-p1udt23717x,"LINESTRING(-97.7233459734042 30.417283394444, -97.7233881226803 30.4173120455553)",1,1,1,1,1,1,295,OVERHEAD,,1
padswitch(r:p1udt10312-p1udt23717)p1u_234178,ABC,p1udt10312-p1udt23717xx,p1udt23717,"LINESTRING(-97.7236097053637 30.4174407229763, -97.7236026714747 30.4174853388051)",1,1,1,1,1,1,295,OVERHEAD,,1
padswitch(r:p1udt10312-p1udt19504)p1u_234179,ABC,p1udt19504,p1udt10312-p1udt19504xx,"LINESTRING(-97.723453809148 30.4169244612512, -97.7234608430545 30.4168798454275)",1,1,1,1,1,1,295,OVERHEAD,,1
padswitch(r:p1udt10312-p1udt19504)p1u_234180,ABC,p1udt10312-p1udt19504x,p1udt10312,"LINESTRING(-97.7233856846651 30.4172507469102, -97.7233459734042 30.417283394444)",1,1,1,1,1,1,295,OVERHEAD,,1
padswitch(r:p1udt12045-p1udt19504)p1u_234181,ABC,p1udt12045,p1udt12045-p1udt19504x,"LINESTRING(-97.7235090732584 30.4166811672352, -97.7235545034919 30.4166562972687)",1,1,1,1,1,1,295,OVERHEAD,,1
padswitch(r:p1udt12045-p1udt19504)p1u_234182,ABC,p1udt12045-p1udt19504xx,p1udt19504,"LINESTRING(-97.7234949614627 30.4169519109703, -97.723453809148 30.4169244612512)",1,1,1,1,1,1,295,OVERHEAD,,1
padswitch(r:p1udt12045-p1udt5815)p1u_234183,ABC,p1udt5815,p1udt12045-p1udt5815xx,"LINESTRING(-97.7232221425649 30.4163266819994, -97.7232632945674 30.416354131785)",1,1,1,1,1,1,295,OVERHEAD,,1
padswitch(r:p1udt12045-p1udt5815)p1u_234184,ABC,p1udt12045-p1udt5815x,p1udt12045,"LINESTRING(-97.7234799072293 30.4166420451911, -97.7235090732584 30.4166811672352)",1,1,1,1,1,1,295,OVERHEAD,,1
padswitch(r:p1udt5815-p1udt9190)p1u_234185,ABC,p1udt9190,p1udt5815-p1udt9190xx,"LINESTRING(-97.7226181479138 30.416445677122, -97.722592799015 30.4164877309244)",1,1,1,1,1,1,295,OVERHEAD,,1
padswitch(r:p1udt5815-p1udt9190)p1u_234186,ABC,p1udt5815-p1udt9190x,p1udt5815,"LINESTRING(-97.7231739849504 30.416343527314, -97.7232221425649 30.4163266819994)",1,1,1,1,1,1,295,OVERHEAD,,1
padswitch(r:p1udt18168-p1udt9190)p1u_234187,ABC,p1udt18168,p1udt18168-p1udt9190x,"LINESTRING(-97.722216487274 30.416804081733, -97.7222235217303 30.416759465991)",1,1,1,1,1,1,295,OVERHEAD,,1
padswitch(r:p1udt18168-p1udt9190)p1u_234188,ABC,p1udt18168-p1udt9190xx,p1udt9190,"LINESTRING(-97.7226617731816 30.4164726139272, -97.7226181479138 30.416445677122)",1,1,1,1,1,1,295,OVERHEAD,,1
padswitch(r:p1udt15529-p1udt18168)p1u_234189,ABC,p1udt15529,p1udt15529-p1udt18168x,"LINESTRING(-97.7218998516673 30.4171348308762, -97.7219410036144 30.4171622810744)",1,1,1,1,1,1,295,OVERHEAD,,1
padswitch(r:p1udt15529-p1udt18168)p1u_234190,ABC,p1udt15529-p1udt18168xx,p1udt18168,"LINESTRING(-97.7222576391782 30.4168315318313, -97.722216487274 30.416804081733)",1,1,1,1,1,1,295,OVERHEAD,,1
padswitch(r:p1udt15529-p1udt20182)p1u_234191,ABC,p1udt20182,p1udt15529-p1udt20182xx,"LINESTRING(-97.7214852345903 30.4169954271725, -97.7215263863593 30.417022877497)",1,1,1,1,1,1,295,OVERHEAD,,1
padswitch(r:p1udt15529-p1udt20182)p1u_234192,ABC,p1udt15529-p1udt20182x,p1udt15529,"LINESTRING(-97.721851693442 30.4171516756831, -97.7218998516673 30.4171348308762)",1,1,1,1,1,1,295,OVERHEAD,,1
padswitch(r:p1udt20182-p1udt2121)p1u_234193,ABC,p1udt2121,p1udt20182-p1udt2121xx,"LINESTRING(-97.7213093314998 30.416912498034, -97.7213504831835 30.4169399484119)",1,1,1,1,1,1,295,OVERHEAD,,1
padswitch(r:p1udt20182-p1udt2121)p1u_234194,ABC,p1udt20182-p1udt2121x,p1udt20182,"LINESTRING(-97.7214922693949 30.4169508114811, -97.7214852345903 30.4169954271725)",1,1,1,1,1,1,295,OVERHEAD,,1
padswitch(r:p1udt2121-p1udt8812)p1u_234195,ABC,p1udt8812,p1udt2121-p1udt8812xx,"LINESTRING(-97.7208540197127 30.4167005103093, -97.7208951711768 30.4167279608255)",1,1,1,1,1,1,295,OVERHEAD,,1
padswitch(r:p1udt2121-p1udt8812)p1u_234196,ABC,p1udt2121-p1udt8812x,p1udt2121,"LINESTRING(-97.7212611732919 30.4169293426238, -97.7213093314998 30.416912498034)",1,1,1,1,1,1,295,OVERHEAD,,1
padswitch(r:p1udt11034-p1udt8812)p1u_234197,ABC,p1udt11034,p1udt11034-p1udt8812x,"LINESTRING(-97.7203987099375 30.4164885210459, -97.720350551797 30.4165053653023)",1,1,1,1,1,1,295,OVERHEAD,,1
padswitch(r:p1udt11034-p1udt8812)p1u_234198,ABC,p1udt11034-p1udt8812xx,p1udt8812,"LINESTRING(-97.720861054777 30.4166558946576, -97.7208540197127 30.4167005103093)",1,1,1,1,1,1,295,OVERHEAD,,1
padswitch(r:p1udt11034-p1udt15280)p1u_234199,ABC,p1udt15280,p1udt11034-p1udt15280xx,"LINESTRING(-97.7200366334193 30.4163133645107, -97.7200280838361 30.4163577840103)",1,1,1,1,1,1,295,OVERHEAD,,1
padswitch(r:p1udt11034-p1udt15280)p1u_234200,ABC,p1udt11034-p1udt15280x,p1udt11034,"LINESTRING(-97.7204057451892 30.4164439054228, -97.7203987099375 30.4164885210459)",1,1,1,1,1,1,295,OVERHEAD,,1
padswitch(r:p1udt15280-p1udt2120)p1u_234201,ABC,p1udt2120,p1udt15280-p1udt2120xx,"LINESTRING(-97.7197148656945 30.416238197588, -97.7197560166369 30.4162656484505)",1,1,1,1,1,1,295,OVERHEAD,,1
padswitch(r:p1udt15280-p1udt2120)p1u_234202,ABC,p1udt15280-p1udt2120x,p1udt15280,"LINESTRING(-97.7199964108832 30.4162848882387, -97.7200366334193 30.4163133645107)",1,1,1,1,1,1,295,OVERHEAD,,1
padswitch(r:p1udt1554-p1udt2120)p1u_234203,ABC,p1udt1554,p1udt1554-p1udt2120x,"LINESTRING(-97.7195131991096 30.4165339765142, -97.7195543501141 30.416561427441)",1,1,1,1,1,1,295,OVERHEAD,,1
padswitch(r:p1udt1554-p1udt2120)p1u_234204,ABC,p1udt1554-p1udt2120xx,p1udt2120,"LINESTRING(-97.7197219012337 30.4161935820084, -97.7197148656945 30.416238197588)",1,1,1,1,1,1,295,OVERHEAD,,1
padswitch(r:p1udt15528-p1udt1554)p1u_234205,ABC,p1udt15528,p1udt15528-p1udt1554x,"LINESTRING(-97.7190396790569 30.4166980268449, -97.7190622230749 30.4166549802938)",1,1,1,1,1,1,295,OVERHEAD,,1
padswitch(r:p1udt15528-p1udt1554)p1u_234206,ABC,p1udt15528-p1udt1554xx,p1udt1554,"LINESTRING(-97.7194650408068 30.4165508204387, -97.7195131991096 30.4165339765142)",1,1,1,1,1,1,295,OVERHEAD,,1
padswitch(r:p1udt13037-p1udt20024)p1u_233263,ABC,p1udt13037,p1udt13037-p1udt20024x,"LINESTRING(-97.7112334436657 30.4257957316713, -97.711242056667 30.4258432599551)",1,1,1,1,1,1,295,OVERHEAD,,1
padswitch(r:p1udt13037-p1udt20024)p1u_233264,ABC,p1udt13037-p1udt20024xx,p1udt20024,"LINESTRING(-97.7106788507384 30.4255504828023, -97.710637628792 30.4255221094999)",1,1,1,1,1,1,325,OVERHEAD,,1
padswitch(r:p1udt4318-p1udt8410)p1u_233623,ABC,p1udt4318,p1udt4318-p1udt8410x,"LINESTRING(-97.715378437245 30.4198408608831, -97.7153302766439 30.4198577032069)",1,1,1,1,1,1,205,OVERHEAD,,1
padswitch(r:p1udt4318-p1udt8410)p1u_233624,ABC,p1udt4318-p1udt8410xx,p1udt8410,"LINESTRING(-97.7159378030724 30.4201356375929, -97.7159654663123 30.4201744444132)",1,1,1,1,1,1,325,OVERHEAD,,1
padswitch(r:p1udt4318-p1udt6304)p1u_233625,ABC,p1udt6304,p1udt4318-p1udt6304xx,"LINESTRING(-97.7150262051901 30.4197108583892, -97.7150716388962 30.4196859914883)",1,1,1,1,1,1,295,OVERHEAD,,1
padswitch(r:p1udt4318-p1udt6304)p1u_233626,ABC,p1udt4318-p1udt6304x,p1udt4318,"LINESTRING(-97.7153854750697 30.4197962456252, -97.715378437245 30.4198408608831)",1,1,1,1,1,1,295,OVERHEAD,,1
padswitch(r:p1udt13685-p1udt7253)p1u_233701,ABC,p1udt13685,p1udt13685-p1udt7253x,"LINESTRING(-97.7273163646772 30.4080923977169, -97.7273451092443 30.4081317886587)",1,1,1,1,1,1,295,OVERHEAD,,1
padswitch(r:p1udt13685-p1udt7253)p1u_233702,ABC,p1udt13685-p1udt7253xx,p1udt7253,"LINESTRING(-97.7272270962773 30.4069779606017, -97.7272655436607 30.4070041531434)",1,1,1,1,1,1,550,OVERHEAD,,1
padswitch(r:p1udt13685-p1udt16742)p1u_233703,ABC,p1udt13685,p1udt13685-p1udt16742x,"LINESTRING(-97.7273163646772 30.4080923977169, -97.727361789934 30.4080675262527)",1,1,1,1,1,1,295,OVERHEAD,,1
padswitch(r:p1udt13685-p1udt16742)p1u_233704,ABC,p1udt13685-p1udt16742xx,p1udt16742,"LINESTRING(-97.7286964525176 30.4084630164799, -97.7287349008769 30.4084892086108)",1,1,1,1,1,1,295,OVERHEAD,,1
padswitch(r:p1udt17811-p1udt21386)p1u_233707,ABC,p1udt21386,p1udt17811-p1udt21386xx,"LINESTRING(-97.7254576112318 30.4085346534554, -97.7254094578473 30.4085514997342)",1,1,1,1,1,1,550,OVERHEAD,,1
padswitch(r:p1udt17811-p1udt21386)p1u_233708,ABC,p1udt17811-p1udt21386x,p1udt17811,"LINESTRING(-97.7253645412984 30.4077177207756, -97.7254029884462 30.407743913857)",1,1,1,1,1,1,960,OVERHEAD,,1
padswitch(r:p1udt21211-p1udt8800)p1u_234109,ABC,p1udt8800,p1udt21211-p1udt8800xx,"LINESTRING(-97.7273693765785 30.4208480190286, -97.7274200912029 30.420862742218)",1,1,1,1,1,1,370,OVERHEAD,,1
padswitch(r:p1udt21211-p1udt8800)p1u_234110,ABC,p1udt21211-p1udt8800x,p1udt21211,"LINESTRING(-97.7274675782017 30.4208774053045, -97.7275156234707 30.4208877337237)",1,1,1,1,1,1,370,OVERHEAD,,1
padswitch(r:p1udt8800-p1udt9181)p1u_234111,ABC,p1udt9181,p1udt8800-p1udt9181xx,"LINESTRING(-97.7271725409658 30.4207773021133, -97.7271323144914 30.4207488279483)",1,1,1,1,1,1,295,OVERHEAD,,1
padswitch(r:p1udt8800-p1udt9181)p1u_234112,ABC,p1udt8800-p1udt9181x,p1udt8800,"LINESTRING(-97.7273190617482 30.4208333506835, -97.7273693765785 30.4208480190286)",1,1,1,1,1,1,370,OVERHEAD,,1
padswitch(r:p1udt14219-p1udt9181)p1u_234113,ABC,p1udt14219,p1udt14219-p1udt9181x,"LINESTRING(-97.7269238564034 30.4206848193164, -97.7268756972041 30.420701665943)",1,1,1,1,1,1,295,OVERHEAD,,1
padswitch(r:p1udt14219-p1udt9181)p1u_234114,ABC,p1udt14219-p1udt9181xx,p1udt9181,"LINESTRING(-97.7271639941321 30.4208217221317, -97.7271725409658 30.4207773021133)",1,1,1,1,1,1,370,OVERHEAD,,1
padswitch(r:p1udt14219-p1udt3267)p1u_234115,ABC,p1udt3267,p1udt14219-p1udt3267xx,"LINESTRING(-97.7264041572843 30.4206256509286, -97.7263550580402 30.4206065929127)",1,1,1,1,1,1,295,OVERHEAD,,1
padswitch(r:p1udt14219-p1udt3267)p1u_234116,ABC,p1udt14219-p1udt3267x,p1udt14219,"LINESTRING(-97.7269308890724 30.4206402032936, -97.7269238564034 30.4206848193164)",1,1,1,1,1,1,370,OVERHEAD,,1
l(r:p1udt15270-p1udt22035)_disconnect,ABC,p1udt15270_b1_1,p1udt15270_b2_1,"LINESTRING(-97.7148797148761 30.4198146581229, -97.7149011155512 30.419743665226)",1,1,1,1,1,1,325,OVERHEAD,,1
padswitch(r:p1udt16930-p1udt8427)p1u_232870,A,p1udt16930-p1udt8427xxx,p1udt16930-p1udt8427xx,"LINESTRING(-97.7131868853604 30.4200242235325, -97.7132371505942 30.4200237494706)",0.001,,,0.001,,,205,OVERHEAD,,1
padswitch(r:p1udt16930-p1udt8427)p1u_232871,A,p1udt16930-p1udt8427x,p1udt16930,"LINESTRING(-97.7134777283129 30.4204446289615, -97.7134317976947 30.4204300393876)",0.001,,,0.001,,,205,OVERHEAD,,1
padswitch(r:p1udt13959-p1udt25187)p1u_232874,A,p1udt13959,p1udt13959-p1udt25187x,"LINESTRING(-97.6987767387177 30.4138604851903, -97.6987382966475 30.413834284427)",0.001,,,0.001,,,165,OVERHEAD,,1
padswitch(r:p1udt13959-p1udt25187)p1u_232875,A,p1udt13959-p1udt25187xx,p1udt25187,"LINESTRING(-97.6989974493639 30.4131330809633, -97.6990358912386 30.4131592816471)",0.001,,,0.001,,,233,OVERHEAD,,1
padswitch(r:p1udt15768-p1udt17162)p1u_232876,B,p1udt17162,p1udt15768-p1udt17162xx,"LINESTRING(-97.6998599782377 30.4140028068922, -97.6998670225706 30.4139581926241)",0.001,,,0.001,,,151,OVERHEAD,,1
padswitch(r:p1udt15768-p1udt17162)p1u_232877,B,p1udt15768-p1udt17162x,p1udt15768,"LINESTRING(-97.6999141284895 30.4138717227218, -97.6999533191016 30.4138463689931)",0.001,,,0.001,,,151,OVERHEAD,,1
padswitch(r:p1udt17162-p1udt21225)p1u_232878,B,p1udt21225,p1udt17162-p1udt21225xx,"LINESTRING(-97.6997538538037 30.4141551393354, -97.699794998064 30.4141825963128)",0.001,,,0.001,,,151,OVERHEAD,,1
padswitch(r:p1udt17162-p1udt21225)p1u_232879,B,p1udt17162-p1udt21225x,p1udt17162,"LINESTRING(-97.6998118180974 30.4140196435106, -97.6998599782377 30.4140028068922)",0.001,,,0.001,,,151,OVERHEAD,,1
padswitch(r:p1udt21225-p1udt21773)p1u_232880,B,p1udt21773,p1udt21225-p1udt21773xx,"LINESTRING(-97.6995518934629 30.4144689293128, -97.6995589379771 30.4144243150695)",0.001,,,0.001,,,151,OVERHEAD,,1
padswitch(r:p1udt21225-p1udt21773)p1u_232881,B,p1udt21225-p1udt21773x,p1udt21225,"LINESTRING(-97.6997056935709 30.4141719759116, -97.6997538538037 30.4141551393354)",0.001,,,0.001,,,151,OVERHEAD,,1
padswitch(r:p1udt21773-p1udt5334)p1u_232882,B,p1udt21773-p1udt5334xxx,p1udt21773-p1udt5334xx,"LINESTRING(-97.6993398370733 30.4148736031078, -97.6993893765197 30.4148730042259)",0.001,,,0.001,,,151,OVERHEAD,,1
padswitch(r:p1udt21773-p1udt5334)p1u_232883,B,p1udt21773-p1udt5334x,p1udt21773,"LINESTRING(-97.6995930377924 30.4144963863546, -97.6995518934629 30.4144689293128)",0.001,,,0.001,,,151,OVERHEAD,,1
padswitch(r:p1udt13663-p1udt2713)p1u_232888,B,p1udt13663,p1udt13663-p1udt2713x,"LINESTRING(-97.7003061431646 30.4149005161839, -97.7003131873757 30.4148559018937)",0.001,,,0.001,,,301,OVERHEAD,,1
padswitch(r:p1udt13663-p1udt2713)p1u_232889,B,p1udt13663-p1udt2713xx,p1udt2713,"LINESTRING(-97.700446114394 30.4145821494983, -97.7004845572254 30.4146083497776)",0.001,,,0.001,,,301,OVERHEAD,,1
padswitch(r:p1udt13370-p1udt13663)p1u_232890,B,p1udt13370,p1udt13370-p1udt13663x,"LINESTRING(-97.7001989422536 30.4151340443367, -97.7001507816035 30.4151508810629)",0.001,,,0.001,,,151,OVERHEAD,,1
padswitch(r:p1udt13370-p1udt13663)p1u_232891,B,p1udt13370-p1udt13663xx,p1udt13663,"LINESTRING(-97.7002579826476 30.414917352954, -97.7003061431646 30.4149005161839)",0.001,,,0.001,,,301,OVERHEAD,,1
padswitch(r:p1udt13370-p1udt332)p1u_232892,B,p1udt13370-p1udt332xxx,p1udt13370-p1udt332xx,"LINESTRING(-97.7003592447098 30.4156396305137, -97.70038338059 30.4156014147311)",0.001,,,0.001,,,151,OVERHEAD,,1
padswitch(r:p1udt13370-p1udt332)p1u_232893,B,p1udt13370-p1udt332x,p1udt13370,"LINESTRING(-97.7002059865341 30.4150894300557, -97.7001989422536 30.4151340443367)",0.001,,,0.001,,,151,OVERHEAD,,1
padswitch(r:p1udt8034-p1udt9198)p1u_232896,C,p1udt8034,p1udt8034-p1udt9198x,"LINESTRING(-97.7010820545492 30.4152691540087, -97.701123199653 30.4152966105871)",0.001,,,0.001,,,151,OVERHEAD,,1
padswitch(r:p1udt8034-p1udt9198)p1u_232897,C,p1udt8034-p1udt9198xx,p1udt9198,"LINESTRING(-97.7012319181808 30.4149856322041, -97.7012711089238 30.414960278087)",0.001,,,0.001,,,205,OVERHEAD,,1
padswitch(r:p1udt3311-p1udt8034)p1u_232898,C,p1udt3311,p1udt3311-p1udt8034x,"LINESTRING(-97.7009545318281 30.4154662174841, -97.7010032646854 30.41545064649)",0.001,,,0.001,,,151,OVERHEAD,,1
padswitch(r:p1udt3311-p1udt8034)p1u_232899,C,p1udt3311-p1udt8034xx,p1udt8034,"LINESTRING(-97.7010890984419 30.4152245396696, -97.7010820545492 30.4152691540087)",0.001,,,0.001,,,151,OVERHEAD,,1
padswitch(r:p1udt2147-p1udt3311)p1u_232900,C,p1udt2147-p1udt3311x,p1udt2147-p1udt3311xx,"LINESTRING(-97.7009866539315 30.4159691289493, -97.7010363079485 30.4159622726494)",0.001,,,0.001,,,205,OVERHEAD,,1
padswitch(r:p1udt2147-p1udt3311)p1u_232901,C,p1udt2147-p1udt3311xxx,p1udt3311,"LINESTRING(-97.7009143153981 30.4154377354983, -97.7009545318281 30.4154662174841)",0.001,,,0.001,,,151,OVERHEAD,,1
padswitch(r:p1udt11368-p1udt9957)p1u_232904,B,p1udt11368-p1udt9957x,p1udt11368-p1udt9957xx,"LINESTRING(-97.7018140595248 30.416383671119, -97.7018643227779 30.4163832013843)",0.001,,,0.001,,,301,OVERHEAD,,1
padswitch(r:p1udt11368-p1udt9957)p1u_232905,B,p1udt11368-p1udt9957xxx,p1udt9957,"LINESTRING(-97.7016362608201 30.4159023111666, -97.701674704487 30.4159285111144)",0.001,,,0.001,,,151,OVERHEAD,,1
padswitch(r:p1udt1575-p1udt23145)p1u_232908,C,p1udt1575,p1udt1575-p1udt23145x,"LINESTRING(-97.7014680642796 30.4175976086441, -97.7014199027366 30.4176144456055)",0.001,,,0.001,,,151,OVERHEAD,,1
padswitch(r:p1udt1575-p1udt23145)p1u_232909,C,p1udt1575-p1udt23145xx,p1udt23145,"LINESTRING(-97.70113078538 30.4179093895482, -97.7011692296724 30.417935589656)",0.001,,,0.001,,,301,OVERHEAD,,1
padswitch(r:p1udt1575-p1udt5329)p1u_232910,C,p1udt5329,p1udt1575-p1udt5329xx,"LINESTRING(-97.7015101981259 30.4175291377565, -97.7015172420267 30.4174845234084)",0.001,,,0.001,,,151,OVERHEAD,,1
padswitch(r:p1udt1575-p1udt5329)p1u_232911,C,p1udt1575-p1udt5329x,p1udt1575,"LINESTRING(-97.7015092105811 30.4176250649834, -97.7014680642796 30.4175976086441)",0.001,,,0.001,,,151,OVERHEAD,,1
padswitch(r:p1udt2140-p1udt5329)p1u_232912,C,p1udt2140,p1udt2140-p1udt5329x,"LINESTRING(-97.7018077299881 30.4170809901849, -97.7017586376289 30.4170619230951)",0.001,,,0.001,,,151,OVERHEAD,,1
padswitch(r:p1udt2140-p1udt5329)p1u_232913,C,p1udt2140-p1udt5329xx,p1udt5329,"LINESTRING(-97.7015513442788 30.4175565942217, -97.7015101981259 30.4175291377565)",0.001,,,0.001,,,151,OVERHEAD,,1
padswitch(r:p1udt17787-p1udt20793)p1u_232914,C,p1udt20793,p1udt17787-p1udt20793xx,"LINESTRING(-97.6998797321818 30.4164391860765, -97.6998867767236 30.4163945718284)",0.001,,,0.001,,,151,OVERHEAD,,1
padswitch(r:p1udt17787-p1udt20793)p1u_232915,C,p1udt17787-p1udt20793x,p1udt17787,"LINESTRING(-97.6995716452602 30.4162736099209, -97.6995257188301 30.4162590155608)",0.001,,,0.001,,,205,OVERHEAD,,1
padswitch(r:p1udt18958-p1udt20793)p1u_232916,C,p1udt18958,p1udt18958-p1udt20793x,"LINESTRING(-97.7000556325524 30.416521972195, -97.7001043660707 30.4165064015583)",0.001,,,0.001,,,151,OVERHEAD,,1
padswitch(r:p1udt18958-p1udt20793)p1u_232917,C,p1udt18958-p1udt20793xx,p1udt20793,"LINESTRING(-97.6999208774126 30.4164666430336, -97.6998797321818 30.4164391860765)",0.001,,,0.001,,,151,OVERHEAD,,1
padswitch(r:p1udt18958-p1udt9605)p1u_232918,C,p1udt9605,p1udt18958-p1udt9605xx,"LINESTRING(-97.7002313789542 30.4166141225054, -97.7002725243593 30.416641579356)",0.001,,,0.001,,,151,OVERHEAD,,1
padswitch(r:p1udt18958-p1udt9605)p1u_232919,C,p1udt18958-p1udt9605x,p1udt18958,"LINESTRING(-97.7000470739453 30.4165663901226, -97.7000556325524 30.416521972195)",0.001,,,0.001,,,151,OVERHEAD,,1
padswitch(r:p1udt25188-p1udt9605)p1u_232920,C,p1udt25188,p1udt25188-p1udt9605x,"LINESTRING(-97.7004072625995 30.4166970795231, -97.7004484080899 30.4167245363203)",0.001,,,0.001,,,205,OVERHEAD,,1
padswitch(r:p1udt25188-p1udt9605)p1u_232921,C,p1udt25188-p1udt9605xx,p1udt9605,"LINESTRING(-97.7002384233524 30.4165695082352, -97.7002313789542 30.4166141225054)",0.001,,,0.001,,,151,OVERHEAD,,1
padswitch(r:p1udt19688-p1udt25188)p1u_232922,C,p1udt19688,p1udt19688-p1udt25188x,"LINESTRING(-97.7005003668126 30.4167429492485, -97.7004918083828 30.4167873672091)",0.001,,,0.001,,,151,OVERHEAD,,1
padswitch(r:p1udt19688-p1udt25188)p1u_232923,C,p1udt19688-p1udt25188xx,p1udt25188,"LINESTRING(-97.7003591012041 30.416713916301, -97.7004072625995 30.4166970795231)",0.001,,,0.001,,,151,OVERHEAD,,1
padswitch(r:p1udt19688-p1udt2715)p1u_232924,C,p1udt2715,p1udt19688-p1udt2715xx,"LINESTRING(-97.7006761140437 30.4168350989807, -97.7007172596691 30.4168625556964)",0.001,,,0.001,,,151,OVERHEAD,,1
padswitch(r:p1udt19688-p1udt2715)p1u_232925,C,p1udt19688-p1udt2715x,p1udt19688,"LINESTRING(-97.7005491003779 30.4167273784474, -97.7005003668126 30.4167429492485)",0.001,,,0.001,,,151,OVERHEAD,,1
padswitch(r:p1udt17788-p1udt2715)p1u_232926,C,p1udt17788,p1udt17788-p1udt2715x,"LINESTRING(-97.7008520158255 30.4169178840612, -97.7008434575357 30.4169623020478)",0.001,,,0.001,,,151,OVERHEAD,,1
padswitch(r:p1udt17788-p1udt2715)p1u_232927,C,p1udt17788-p1udt2715xx,p1udt2715,"LINESTRING(-97.7006831582602 30.4167904846826, -97.7006761140437 30.4168350989807)",0.001,,,0.001,,,151,OVERHEAD,,1
padswitch(r:p1udt17788-p1udt20942)p1u_232928,C,p1udt20942,p1udt17788-p1udt20942xx,"LINESTRING(-97.7011209880194 30.4170468809248, -97.701169721648 30.4170313098943)",0.001,,,0.001,,,151,OVERHEAD,,1
padswitch(r:p1udt17788-p1udt20942)p1u_232929,C,p1udt17788-p1udt20942x,p1udt17788,"LINESTRING(-97.7009007494281 30.4169023131301, -97.7008520158255 30.4169178840612)",0.001,,,0.001,,,151,OVERHEAD,,1
padswitch(r:p1udt20942-p1udt2140)p1u_232930,C,p1udt2140,p1udt20942-p1udt2140xx,"LINESTRING(-97.7018077299881 30.4170809901849, -97.7018292761444 30.4170382921131)",0.001,,,0.001,,,151,OVERHEAD,,1
padswitch(r:p1udt20942-p1udt2140)p1u_232931,C,p1udt20942-p1udt2140x,p1udt20942,"LINESTRING(-97.7010807709083 30.4170183989769, -97.7011209880194 30.4170468809248)",0.001,,,0.001,,,151,OVERHEAD,,1
padswitch(r:p1udt20499-p1udt2140)p1u_232932,C,p1udt20499,p1udt20499-p1udt2140x,"LINESTRING(-97.7019667627786 30.4168569605973, -97.7019186015492 30.4168737979557)",0.001,,,0.001,,,151,OVERHEAD,,1
padswitch(r:p1udt20499-p1udt2140)p1u_232933,C,p1udt20499-p1udt2140xx,p1udt2140,"LINESTRING(-97.7017856335142 30.4171234543664, -97.7018077299881 30.4170809901849)",0.001,,,0.001,,,151,OVERHEAD,,1
padswitch(r:p1udt12712-p1udt20499)p1u_232934,C,p1udt12712-p1udt20499x,p1udt12712-p1udt20499xx,"LINESTRING(-97.7024075133046 30.416380547953, -97.7024577765621 30.4163800779897)",0.001,,,0.001,,,151,OVERHEAD,,1
padswitch(r:p1udt12712-p1udt20499)p1u_232935,C,p1udt12712-p1udt20499xxx,p1udt20499,"LINESTRING(-97.7020079087901 30.4168844169169, -97.7019667627786 30.4168569605973)",0.001,,,0.001,,,151,OVERHEAD,,1
padswitch(r:p1udt20668-p1udt21928)p1u_232946,C,p1udt21928,p1udt20668-p1udt21928xx,"LINESTRING(-97.7014746163069 30.4099946600435, -97.7014264584158 30.4100114973329)",0.001,,,0.001,,,151,OVERHEAD,,1
padswitch(r:p1udt20668-p1udt21928)p1u_232947,C,p1udt20668-p1udt21928x,p1udt20668,"LINESTRING(-97.7011692648776 30.4097259833291, -97.7011233412161 30.4097113896574)",0.001,,,0.001,,,205,OVERHEAD,,1
padswitch(r:p1udt21928-p1udt6805)p1u_232948,C,p1udt6805,p1udt21928-p1udt6805xx,"LINESTRING(-97.7017519495748 30.4102771279757, -97.7017589927178 30.410232513548)",0.001,,,0.001,,,151,OVERHEAD,,1
padswitch(r:p1udt21928-p1udt6805)p1u_232949,C,p1udt21928-p1udt6805x,p1udt21928,"LINESTRING(-97.7015157593693 30.4100221164589, -97.7014746163069 30.4099946600435)",0.001,,,0.001,,,151,OVERHEAD,,1
padswitch(r:p1udt2206-p1udt6805)p1u_232950,C,p1udt2206,p1udt2206-p1udt6805x,"LINESTRING(-97.7018843975939 30.4104949946194, -97.7019255409805 30.4105224509129)",0.001,,,0.001,,,151,OVERHEAD,,1
padswitch(r:p1udt2206-p1udt6805)p1u_232951,C,p1udt2206-p1udt6805xx,p1udt6805,"LINESTRING(-97.7017930928337 30.4103045843082, -97.7017519495748 30.4102771279757)",0.001,,,0.001,,,151,OVERHEAD,,1
padswitch(r:p1udt21512-p1udt2206)p1u_232952,C,p1udt21512,p1udt21512-p1udt2206x,"LINESTRING(-97.7019848015177 30.410775531402, -97.7020335318664 30.4107599599401)",0.001,,,0.001,,,151,OVERHEAD,,1
padswitch(r:p1udt21512-p1udt2206)p1u_232953,C,p1udt21512-p1udt2206xx,p1udt2206,"LINESTRING(-97.7018362395183 30.4105118320535, -97.7018843975939 30.4104949946194)",0.001,,,0.001,,,151,OVERHEAD,,1
padswitch(r:p1udt21512-p1udt4794)p1u_232954,C,p1udt4794,p1udt21512-p1udt4794xx,"LINESTRING(-97.7020151748342 30.4108391652304, -97.7020222179083 30.4107945507899)",0.001,,,0.001,,,151,OVERHEAD,,1
padswitch(r:p1udt21512-p1udt4794)p1u_232955,C,p1udt21512-p1udt4794x,p1udt21512,"LINESTRING(-97.7019445866473 30.4107470497608, -97.7019848015177 30.410775531402)",0.001,,,0.001,,,151,OVERHEAD,,1
padswitch(r:p1udt4794-p1udt9955)p1u_232956,C,p1udt9955,p1udt4794-p1udt9955xx,"LINESTRING(-97.7019581339213 30.4112173887449, -97.7020068644961 30.4112018173004)",0.001,,,0.001,,,151,OVERHEAD,,1
padswitch(r:p1udt4794-p1udt9955)p1u_232957,C,p1udt4794-p1udt9955x,p1udt4794,"LINESTRING(-97.7019670166079 30.4108560027077, -97.7020151748342 30.4108391652304)",0.001,,,0.001,,,151,OVERHEAD,,1
padswitch(r:p1udt13367-p1udt9955)p1u_232958,C,p1udt13367,p1udt13367-p1udt9955x,"LINESTRING(-97.7018833444416 30.4113611832397, -97.701924488182 30.4113886395405)",0.001,,,0.001,,,151,OVERHEAD,,1
padswitch(r:p1udt13367-p1udt9955)p1u_232959,C,p1udt13367-p1udt9955xx,p1udt9955,"LINESTRING(-97.7019179188827 30.4111889070923, -97.7019581339213 30.4112173887449)",0.001,,,0.001,,,151,OVERHEAD,,1
padswitch(r:p1udt13367-p1udt323)p1u_232960,C,p1udt323,p1udt13367-p1udt323xx,"LINESTRING(-97.7017528756607 30.4115544526999, -97.7017790583547 30.4115144359106)",0.001,,,0.001,,,151,OVERHEAD,,1
padswitch(r:p1udt13367-p1udt323)p1u_232961,C,p1udt13367-p1udt323x,p1udt13367,"LINESTRING(-97.701890387622 30.4113165688126, -97.7018833444416 30.4113611832397)",0.001,,,0.001,,,151,OVERHEAD,,1
padswitch(r:p1udt18174-p1udt323)p1u_232962,C,p1udt323,p1udt18174-p1udt323xx,"LINESTRING(-97.7017528756607 30.4115544526999, -97.7017265085314 30.4115947830043)",0.001,,,0.001,,,151,OVERHEAD,,1
padswitch(r:p1udt18174-p1udt323)p1u_232963,C,p1udt18174-p1udt323x,p1udt18174,"LINESTRING(-97.7017022395397 30.4116330718364, -97.7016744356928 30.4116685747047)",0.001,,,0.001,,,151,OVERHEAD,,1
padswitch(r:p1udt2708-p1udt323)p1u_232964,C,p1udt2708-p1udt323x,p1udt2708-p1udt323xx,"LINESTRING(-97.7016624347131 30.411985987975, -97.7016146566955 30.4119995223234)",0.001,,,0.001,,,151,OVERHEAD,,1
padswitch(r:p1udt2708-p1udt323)p1u_232965,C,p1udt2708-p1udt323xxx,p1udt323,"LINESTRING(-97.701712508787 30.4115213574955, -97.7017528756607 30.4115544526999)",0.001,,,0.001,,,151,OVERHEAD,,1
padswitch(r:p1udt14540-p1udt15792)p1u_232966,B,p1udt14540,p1udt14540-p1udt15792x,"LINESTRING(-97.7010716963715 30.410549901065, -97.7011204267385 30.4105343299444)",0.001,,,0.001,,,151,OVERHEAD,,1
padswitch(r:p1udt14540-p1udt15792)p1u_232967,B,p1udt14540-p1udt15792xx,p1udt15792,"LINESTRING(-97.7011597169118 30.4102221650478, -97.7011981582777 30.41024836509)",0.001,,,0.001,,,205,OVERHEAD,,1
padswitch(r:p1udt13091-p1udt14540)p1u_232968,B,p1udt13091,p1udt13091-p1udt14540x,"LINESTRING(-97.7010488305225 30.4107032345237, -97.7010899737501 30.4107306910755)",0.001,,,0.001,,,301,OVERHEAD,,1
padswitch(r:p1udt13091-p1udt14540)p1u_232969,B,p1udt13091-p1udt14540xx,p1udt14540,"LINESTRING(-97.7010631388478 30.4105943191273, -97.7010716963715 30.410549901065)",0.001,,,0.001,,,151,OVERHEAD,,1
padswitch(r:p1udt13091-p1udt22786)p1u_232970,B,p1udt22786,p1udt13091-p1udt22786xx,"LINESTRING(-97.7010477552812 30.4107844299806, -97.7010888985417 30.4108118865333)",0.001,,,0.001,,,233,OVERHEAD,,1
padswitch(r:p1udt13091-p1udt22786)p1u_232971,B,p1udt13091-p1udt22786x,p1udt13091,"LINESTRING(-97.7010006722117 30.410720071642, -97.7010488305225 30.4107032345237)",0.001,,,0.001,,,151,OVERHEAD,,1
padswitch(r:p1udt14516-p1udt22786)p1u_232972,B,p1udt14516,p1udt14516-p1udt22786x,"LINESTRING(-97.7009797088954 30.4110221618709, -97.700941267295 30.4109959617604)",0.001,,,0.001,,,151,OVERHEAD,,1
padswitch(r:p1udt14516-p1udt22786)p1u_232973,B,p1udt14516-p1udt22786xx,p1udt22786,"LINESTRING(-97.7009995969299 30.410801267097, -97.7010477552812 30.4107844299806)",0.001,,,0.001,,,233,OVERHEAD,,1
padswitch(r:p1udt23842-p1udt6318)p1u_232974,B,p1udt6318,p1udt23842-p1udt6318xx,"LINESTRING(-97.6985588513323 30.4124198592849, -97.6985999945341 30.4124473166151)",0.001,,,0.001,,,151,OVERHEAD,,1
padswitch(r:p1udt23842-p1udt6318)p1u_232975,B,p1udt23842-p1udt6318x,p1udt23842,"LINESTRING(-97.6985169817555 30.4125907814234, -97.6984710572005 30.4125761867388)",0.001,,,0.001,,,301,OVERHEAD,,1
padswitch(r:p1udt10325-p1udt6318)p1u_232976,B,p1udt10325,p1udt10325-p1udt6318x,"LINESTRING(-97.6989309430038 30.4118370791634, -97.6988827837953 30.4118539154707)",0.001,,,0.001,,,301,OVERHEAD,,1
padswitch(r:p1udt10325-p1udt6318)p1u_232977,B,p1udt10325-p1udt6318xx,p1udt6318,"LINESTRING(-97.6985658961129 30.4123752450904, -97.6985588513323 30.4124198592849)",0.001,,,0.001,,,151,OVERHEAD,,1
padswitch(r:p1udt10325-p1udt24894)p1u_232978,B,p1udt24894,p1udt10325-p1udt24894xx,"LINESTRING(-97.6990265375169 30.4116936652952, -97.6990676805585 30.4117211224759)",0.001,,,0.001,,,151,OVERHEAD,,1
padswitch(r:p1udt10325-p1udt24894)p1u_232979,B,p1udt10325-p1udt24894x,p1udt10325,"LINESTRING(-97.6989720860761 30.4118645363746, -97.6989309430038 30.4118370791634)",0.001,,,0.001,,,301,OVERHEAD,,1
padswitch(r:p1udt22649-p1udt24894)p1u_232980,B,p1udt22649,p1udt22649-p1udt24894x,"LINESTRING(-97.6992719406884 30.4112447936563, -97.6993206716648 30.4112292232274)",0.001,,,0.001,,,151,OVERHEAD,,1
padswitch(r:p1udt22649-p1udt24894)p1u_232981,B,p1udt22649-p1udt24894xx,p1udt24894,"LINESTRING(-97.6989783783948 30.4117105016407, -97.6990265375169 30.4116936652952)",0.001,,,0.001,,,151,OVERHEAD,,1
padswitch(r:p1udt13039-p1udt22649)p1u_232982,B,p1udt13039,p1udt13039-p1udt22649x,"LINESTRING(-97.6990551330189 30.4111074616151, -97.699006974193 30.4111242979811)",0.001,,,0.001,,,151,OVERHEAD,,1
padswitch(r:p1udt13039-p1udt22649)p1u_232983,B,p1udt13039-p1udt22649xx,p1udt22649,"LINESTRING(-97.699231726451 30.4112163111986, -97.6992719406884 30.4112447936563)",0.001,,,0.001,,,151,OVERHEAD,,1
padswitch(r:p1udt13039-p1udt4381)p1u_232984,B,p1udt13039-p1udt4381xxx,p1udt13039-p1udt4381xx,"LINESTRING(-97.6989022683999 30.4107802385994, -97.6988634352347 30.4107525670023)",0.001,,,0.001,,,233,OVERHEAD,,1
padswitch(r:p1udt13039-p1udt4381)p1u_232985,B,p1udt13039-p1udt4381x,p1udt13039,"LINESTRING(-97.6990962758292 30.4111349187823, -97.6990551330189 30.4111074616151)",0.001,,,0.001,,,151,OVERHEAD,,1
padswitch(r:p1udt23026-p1udt9959)p1u_232986,A,p1udt23026-p1udt9959x,p1udt23026-p1udt9959xx,"LINESTRING(-97.6970739933999 30.4118350830403, -97.6970302433667 30.4118582725445)",0.001,,,0.001,,,151,OVERHEAD,,1
padswitch(r:p1udt23026-p1udt9959)p1u_232987,A,p1udt23026-p1udt9959xxx,p1udt9959,"LINESTRING(-97.6967849049556 30.4119831531185, -97.696823345775 30.4120093544281)",0.001,,,0.001,,,301,OVERHEAD,,1
padswitch(r:p1udt1576-p1udt20347)p1u_232996,A,p1udt20347,p1udt1576-p1udt20347xx,"LINESTRING(-97.6982122514895 30.4118660071363, -97.6981640921534 30.4118828431745)",0.001,,,0.001,,,151,OVERHEAD,,1
padswitch(r:p1udt1576-p1udt20347)p1u_232997,A,p1udt1576-p1udt20347x,p1udt1576,"LINESTRING(-97.6984419706805 30.411967453622, -97.698396046426 30.4119528589185)",0.001,,,0.001,,,233,OVERHEAD,,1
padswitch(r:p1udt20185-p1udt20347)p1u_232998,A,p1udt20185-p1udt20347x,p1udt20185-p1udt20347xx,"LINESTRING(-97.6979220381569 30.411564135685, -97.6979720245534 30.4115594588155)",0.001,,,0.001,,,151,OVERHEAD,,1
padswitch(r:p1udt20185-p1udt20347)p1u_232999,A,p1udt20185-p1udt20347xxx,p1udt20347,"LINESTRING(-97.6982533943636 30.4118934645685, -97.6982122514895 30.4118660071363)",0.001,,,0.001,,,151,OVERHEAD,,1
padswitch(r:p1udt19862-p1udt24588)p1u_233018,C,p1udt19862-p1udt24588x,p1udt19862-p1udt24588xx,"LINESTRING(-97.7001450885703 30.4106359248194, -97.7001930547956 30.4106466019558)",0.001,,,0.001,,,151,OVERHEAD,,1
padswitch(r:p1udt19862-p1udt24588)p1u_233019,C,p1udt19862-p1udt24588xxx,p1udt24588,"LINESTRING(-97.6995807021593 30.4099718528119, -97.6996191429899 30.4099980533049)",0.001,,,0.001,,,151,OVERHEAD,,1
padswitch(r:p1udt2139-p1udt25185)p1u_233036,A,p1udt2139,p1udt2139-p1udt25185x,"LINESTRING(-97.7019748623226 30.4154584915508, -97.7019267017907 30.4154753289357)",0.001,,,0.001,,,151,OVERHEAD,,1
padswitch(r:p1udt2139-p1udt25185)p1u_233037,A,p1udt2139-p1udt25185xx,p1udt25185,"LINESTRING(-97.7018287526465 30.415615185986, -97.7018679435008 30.4155898316362)",0.001,,,0.001,,,205,OVERHEAD,,1
padswitch(r:p1udt2139-p1udt8031)p1u_233038,A,p1udt8031,p1udt2139-p1udt8031xx,"LINESTRING(-97.7021768172145 30.4151446977053, -97.7021838606002 30.4151000832916)",0.001,,,0.001,,,151,OVERHEAD,,1
padswitch(r:p1udt2139-p1udt8031)p1u_233039,A,p1udt2139-p1udt8031x,p1udt2139,"LINESTRING(-97.7020160077647 30.4154859478566, -97.7019748623226 30.4154584915508)",0.001,,,0.001,,,205,OVERHEAD,,1
padswitch(r:p1udt15287-p1udt8031)p1u_233040,A,p1udt15287,p1udt15287-p1udt8031x,"LINESTRING(-97.7023256677141 30.4149114102875, -97.7022854510908 30.4148829287169)",0.001,,,0.001,,,151,OVERHEAD,,1
padswitch(r:p1udt15287-p1udt8031)p1u_233041,A,p1udt15287-p1udt8031xx,p1udt8031,"LINESTRING(-97.7022179625873 30.4151721539465, -97.7021768172145 30.4151446977053)",0.001,,,0.001,,,151,OVERHEAD,,1
padswitch(r:p1udt15287-p1udt2136)p1u_233042,A,p1udt2136,p1udt15287-p1udt2136xx,"LINESTRING(-97.7024744828015 30.4146784653874, -97.7025156280706 30.4147059215335)",0.001,,,0.001,,,151,OVERHEAD,,1
padswitch(r:p1udt15287-p1udt2136)p1u_233043,A,p1udt15287-p1udt2136x,p1udt15287,"LINESTRING(-97.7023171102984 30.4149558284086, -97.7023256677141 30.4149114102875)",0.001,,,0.001,,,151,OVERHEAD,,1
padswitch(r:p1udt1574-p1udt2136)p1u_233044,A,p1udt1574,p1udt1574-p1udt2136x,"LINESTRING(-97.702769878233 30.4143836449312, -97.702776921282 30.414339030471)",0.001,,,0.001,,,151,OVERHEAD,,1
padswitch(r:p1udt1574-p1udt2136)p1u_233045,A,p1udt1574-p1udt2136xx,p1udt2136,"LINESTRING(-97.7024263227365 30.4146953029721, -97.7024744828015 30.4146784653874)",0.001,,,0.001,,,151,OVERHEAD,,1
padswitch(r:p1udt1574-p1udt16259)p1u_233046,A,p1udt1574-p1udt16259xxx,p1udt1574-p1udt16259xx,"LINESTRING(-97.703190134415 30.4145654120431, -97.7031488043313 30.4145904973569)",0.001,,,0.001,,,151,OVERHEAD,,1
padswitch(r:p1udt1574-p1udt16259)p1u_233047,A,p1udt1574-p1udt16259x,p1udt1574,"LINESTRING(-97.7028110234679 30.4144111009841, -97.702769878233 30.4143836449312)",0.001,,,0.001,,,151,OVERHEAD,,1
padswitch(r:p1udt10323-p1udt2137)p1u_233048,B,p1udt10323,p1udt10323-p1udt2137x,"LINESTRING(-97.7017092358052 30.4142917245126, -97.7016690196154 30.414263242762)",0.001,,,0.001,,,151,OVERHEAD,,1
padswitch(r:p1udt10323-p1udt2137)p1u_233049,B,p1udt10323-p1udt2137xx,p1udt2137,"LINESTRING(-97.7014769815498 30.4145653377299, -97.7015154246619 30.4145915377134)",0.001,,,0.001,,,301,OVERHEAD,,1
padswitch(r:p1udt10323-p1udt8437)p1u_233050,B,p1udt8437,p1udt10323-p1udt8437xx,"LINESTRING(-97.7018897563537 30.4140230039305, -97.7018415965229 30.4140398413076)",0.001,,,0.001,,,151,OVERHEAD,,1
padswitch(r:p1udt10323-p1udt8437)p1u_233051,B,p1udt10323-p1udt8437x,p1udt10323,"LINESTRING(-97.7017579679625 30.4142761532136, -97.7017092358052 30.4142917245126)",0.001,,,0.001,,,151,OVERHEAD,,1
padswitch(r:p1udt13368-p1udt8437)p1u_233052,B,p1udt13368,p1udt13368-p1udt8437x,"LINESTRING(-97.7020698156721 30.4137901985691, -97.7020768589852 30.4137455841507)",0.001,,,0.001,,,151,OVERHEAD,,1
padswitch(r:p1udt13368-p1udt8437)p1u_233053,B,p1udt13368-p1udt8437xx,p1udt8437,"LINESTRING(-97.7018967997691 30.4139783895263, -97.7018897563537 30.4140230039305)",0.001,,,0.001,,,151,OVERHEAD,,1
padswitch(r:p1udt13368-p1udt324)p1u_233054,B,p1udt324,p1udt13368-p1udt324xx,"LINESTRING(-97.7023012032868 30.4136120405417, -97.7023423480693 30.4136394967324)",0.001,,,0.001,,,205,OVERHEAD,,1
padswitch(r:p1udt13368-p1udt324)p1u_233055,B,p1udt13368-p1udt324x,p1udt13368,"LINESTRING(-97.7021109604599 30.4138176548322, -97.7020698156721 30.4137901985691)",0.001,,,0.001,,,151,OVERHEAD,,1
padswitch(r:p1udt324-p1udt8436)p1u_233056,B,p1udt8436,p1udt324-p1udt8436xx,"LINESTRING(-97.702440673819 30.4133066863478, -97.7024622188109 30.4132639881154)",0.001,,,0.001,,,205,OVERHEAD,,1
padswitch(r:p1udt324-p1udt8436)p1u_233057,B,p1udt324-p1udt8436x,p1udt324,"LINESTRING(-97.7023082464791 30.4135674261063, -97.7023012032868 30.4136120405417)",0.001,,,0.001,,,205,OVERHEAD,,1
padswitch(r:p1udt6319-p1udt7208)p1u_233058,B,p1udt6319,p1udt6319-p1udt7208x,"LINESTRING(-97.7006615778144 30.4124317790155, -97.7007027216354 30.4124592357002)",0.001,,,0.001,,,233,OVERHEAD,,1
padswitch(r:p1udt6319-p1udt7208)p1u_233059,B,p1udt6319-p1udt7208xx,p1udt7208,"LINESTRING(-97.7000620328486 30.412142142658, -97.7001004746416 30.4121683430292)",0.001,,,0.001,,,151,OVERHEAD,,1
padswitch(r:p1udt15766-p1udt6319)p1u_233060,B,p1udt15766,p1udt15766-p1udt6319x,"LINESTRING(-97.7010028973437 30.4126066488429, -97.701024442787 30.4125639508571)",0.001,,,0.001,,,151,OVERHEAD,,1
padswitch(r:p1udt15766-p1udt6319)p1u_233061,B,p1udt15766-p1udt6319xx,p1udt6319,"LINESTRING(-97.7006134185823 30.41244861596, -97.7006615778144 30.4124317790155)",0.001,,,0.001,,,233,OVERHEAD,,1
padswitch(r:p1udt330-p1udt8440)p1u_233062,B,p1udt8440,p1udt330-p1udt8440xx,"LINESTRING(-97.7005188506737 30.4129897785131, -97.7005599946811 30.4130172352461)",0.001,,,0.001,,,151,OVERHEAD,,1
padswitch(r:p1udt330-p1udt8440)p1u_233063,B,p1udt330-p1udt8440x,p1udt330,"LINESTRING(-97.7001698426289 30.4134334909432, -97.7002082849448 30.4134596912931)",0.001,,,0.001,,,301,OVERHEAD,,1
padswitch(r:p1udt15766-p1udt8440)p1u_233064,B,p1udt15766,p1udt15766-p1udt8440x,"LINESTRING(-97.7010028973437 30.4126066488429, -97.7009538073593 30.4125875815072)",0.001,,,0.001,,,151,OVERHEAD,,1
padswitch(r:p1udt15766-p1udt8440)p1u_233065,B,p1udt15766-p1udt8440xx,p1udt8440,"LINESTRING(-97.7004706911414 30.4130066153949, -97.7005188506737 30.4129897785131)",0.001,,,0.001,,,151,OVERHEAD,,1
padswitch(r:p1udt12390-p1udt15766)p1u_233066,B,p1udt12390,p1udt12390-p1udt15766x,"LINESTRING(-97.7012613721562 30.4127353309084, -97.7012211567227 30.4127068490355)",0.001,,,0.001,,,151,OVERHEAD,,1
padswitch(r:p1udt12390-p1udt15766)p1u_233067,B,p1udt12390-p1udt15766xx,p1udt15766,"LINESTRING(-97.7009808016096 30.4126491129357, -97.7010028973437 30.4126066488429)",0.001,,,0.001,,,151,OVERHEAD,,1
padswitch(r:p1udt12390-p1udt7202)p1u_233068,B,p1udt7202,p1udt12390-p1udt7202xx,"LINESTRING(-97.7015303163145 30.41286449805, -97.7015373597891 30.4128198836598)",0.001,,,0.001,,,151,OVERHEAD,,1
padswitch(r:p1udt12390-p1udt7202)p1u_233069,B,p1udt12390-p1udt7202x,p1udt12390,"LINESTRING(-97.701252814489 30.4127797489657, -97.7012613721562 30.4127353309084)",0.001,,,0.001,,,151,OVERHEAD,,1
padswitch(r:p1udt14747-p1udt7202)p1u_233070,B,p1udt14747,p1udt14747-p1udt7202x,"LINESTRING(-97.7017889638739 30.4129934291349, -97.7018381681357 30.4130121328192)",0.001,,,0.001,,,151,OVERHEAD,,1
padswitch(r:p1udt14747-p1udt7202)p1u_233071,B,p1udt14747-p1udt7202xx,p1udt7202,"LINESTRING(-97.7014821570038 30.4128813353121, -97.7015303163145 30.41286449805)",0.001,,,0.001,,,151,OVERHEAD,,1
padswitch(r:p1udt2146-p1udt5838)p1u_233072,B,p1udt5838,p1udt2146-p1udt5838xx,"LINESTRING(-97.7008270699474 30.4140846169563, -97.7007789099187 30.414101453935)",0.001,,,0.001,,,151,OVERHEAD,,1
padswitch(r:p1udt2146-p1udt5838)p1u_233073,B,p1udt2146-p1udt5838x,p1udt2146,"LINESTRING(-97.7006374239773 30.4142862978948, -97.7006758667491 30.414312498117)",0.001,,,0.001,,,233,OVERHEAD,,1
padswitch(r:p1udt5838-p1udt8819)p1u_233074,B,p1udt8819,p1udt5838-p1udt8819xx,"LINESTRING(-97.7009758023996 30.4138603528002, -97.7010245344458 30.4138447817712)",0.001,,,0.001,,,151,OVERHEAD,,1
padswitch(r:p1udt5838-p1udt8819)p1u_233075,B,p1udt5838-p1udt8819x,p1udt5838,"LINESTRING(-97.7008682144924 30.4141120736035, -97.7008270699474 30.4140846169563)",0.001,,,0.001,,,151,OVERHEAD,,1
padswitch(r:p1udt12055-p1udt8819)p1u_233076,B,p1udt12055,p1udt12055-p1udt8819x,"LINESTRING(-97.7011244994649 30.4136364311628, -97.701076339706 30.4136532682602)",0.001,,,0.001,,,151,OVERHEAD,,1
padswitch(r:p1udt12055-p1udt8819)p1u_233077,B,p1udt12055-p1udt8819xx,p1udt8819,"LINESTRING(-97.7009672444859 30.4139047708246, -97.7009758023996 30.4138603528002)",0.001,,,0.001,,,151,OVERHEAD,,1
padswitch(r:p1udt12055-p1udt7620)p1u_233078,B,p1udt7620,p1udt12055-p1udt7620xx,"LINESTRING(-97.7013368620967 30.4133227420537, -97.7013780064793 30.4133501985382)",0.001,,,0.001,,,151,OVERHEAD,,1
padswitch(r:p1udt12055-p1udt7620)p1u_233079,B,p1udt12055-p1udt7620x,p1udt12055,"LINESTRING(-97.7011656439136 30.413663887715, -97.7011244994649 30.4136364311628)",0.001,,,0.001,,,151,OVERHEAD,,1
padswitch(r:p1udt19140-p1udt7620)p1u_233080,B,p1udt19140,p1udt19140-p1udt7620x,"LINESTRING(-97.7015895629929 30.4131085341292, -97.7015493473113 30.4130800523517)",0.001,,,0.001,,,151,OVERHEAD,,1
padswitch(r:p1udt19140-p1udt7620)p1u_233081,B,p1udt19140-p1udt7620xx,p1udt7620,"LINESTRING(-97.7013439057 30.4132781276805, -97.7013368620967 30.4133227420537)",0.001,,,0.001,,,151,OVERHEAD,,1
padswitch(r:p1udt14747-p1udt19140)p1u_233082,B,p1udt14747,p1udt14747-p1udt19140x,"LINESTRING(-97.7017889638739 30.4129934291349, -97.7017398735345 30.4129743620859)",0.001,,,0.001,,,151,OVERHEAD,,1
padswitch(r:p1udt14747-p1udt19140)p1u_233083,B,p1udt14747-p1udt19140xx,p1udt19140,"LINESTRING(-97.7016382945722 30.4130929628556, -97.7015895629929 30.4131085341292)",0.001,,,0.001,,,151,OVERHEAD,,1
padswitch(r:p1udt14747-p1udt20344)p1u_233084,B,p1udt20344,p1udt14747-p1udt20344xx,"LINESTRING(-97.7020371337958 30.4131131558574, -97.7020782782972 30.4131406121252)",0.001,,,0.001,,,151,OVERHEAD,,1
padswitch(r:p1udt14747-p1udt20344)p1u_233085,B,p1udt14747-p1udt20344x,p1udt14747,"LINESTRING(-97.7017668683815 30.4130358933656, -97.7017889638739 30.4129934291349)",0.001,,,0.001,,,151,OVERHEAD,,1
padswitch(r:p1udt20344-p1udt8436)p1u_233086,B,p1udt8436,p1udt20344-p1udt8436xx,"LINESTRING(-97.702440673819 30.4133066863478, -97.7024185785287 30.413349150693)",0.001,,,0.001,,,205,OVERHEAD,,1
padswitch(r:p1udt20344-p1udt8436)p1u_233087,B,p1udt20344-p1udt8436x,p1udt20344,"LINESTRING(-97.7019889744411 30.4131299933048, -97.7020371337958 30.4131131558574)",0.001,,,0.001,,,151,OVERHEAD,,1
padswitch(r:p1udt4795-p1udt8436)p1u_233088,B,p1udt4795,p1udt4795-p1udt8436x,"LINESTRING(-97.7029153565564 30.4136179718583, -97.7028751402708 30.4135894904742)",0.001,,,0.001,,,151,OVERHEAD,,1
padswitch(r:p1udt4795-p1udt8436)p1u_233089,B,p1udt4795-p1udt8436xx,p1udt8436,"LINESTRING(-97.7024898783695 30.4133253897937, -97.702440673819 30.4133066863478)",0.001,,,0.001,,,205,OVERHEAD,,1
padswitch(r:p1udt3809-p1udt4795)p1u_233090,B,p1udt3809,p1udt3809-p1udt4795x,"LINESTRING(-97.7029856973603 30.4138083231964, -97.7030268424231 30.4138357791784)",0.001,,,0.001,,,205,OVERHEAD,,1
padswitch(r:p1udt3809-p1udt4795)p1u_233091,B,p1udt3809-p1udt4795xx,p1udt4795,"LINESTRING(-97.7029640882006 30.4136024000922, -97.7029153565564 30.4136179718583)",0.001,,,0.001,,,151,OVERHEAD,,1
padswitch(r:p1udt16259-p1udt3809)p1u_233092,B,p1udt16259-p1udt3809x,p1udt16259-p1udt3809xx,"LINESTRING(-97.7032820812339 30.4145173487858, -97.7033245466505 30.4144937538288)",0.001,,,0.001,,,151,OVERHEAD,,1
padswitch(r:p1udt16259-p1udt3809)p1u_233093,B,p1udt16259-p1udt3809xxx,p1udt3809,"LINESTRING(-97.7029927402602 30.4137637087167, -97.7029856973603 30.4138083231964)",0.001,,,0.001,,,151,OVERHEAD,,1
padswitch(r:p1udt5836-p1udt8032)p1u_233098,ABC,p1udt5836,p1udt5836-p1udt8032x,"LINESTRING(-97.7067915992672 30.4188808975605, -97.7068408074673 30.4188995994555)",1,1,1,1,1,1,325,OVERHEAD,,1
padswitch(r:p1udt5836-p1udt8032)p1u_233099,ABC,p1udt5836-p1udt8032xx,p1udt8032,"LINESTRING(-97.7061645524033 30.4184235182073, -97.7061182167048 30.4184371094343)",1,1,1,1,1,1,325,OVERHEAD,,1
padswitch(r:p1udt15765-p1udt7205)p1u_233104,A,p1udt15765,p1udt15765-p1udt7205x,"LINESTRING(-97.711848530929 30.4167112177947, -97.7118896797677 30.4167386710778)",0.001,,,0.001,,,151,OVERHEAD,,1
padswitch(r:p1udt15765-p1udt7205)p1u_233105,A,p1udt15765-p1udt7205xx,p1udt7205,"LINESTRING(-97.7118824777692 30.4165361587821, -97.711920924532 30.4165623557957)",0.001,,,0.001,,,205,OVERHEAD,,1
padswitch(r:p1udt15765-p1udt5835)p1u_233106,A,p1udt5835,p1udt15765-p1udt5835xx,"LINESTRING(-97.7116884779732 30.4170073947306, -97.7116403182007 30.4170242357218)",0.001,,,0.001,,,151,OVERHEAD,,1
padswitch(r:p1udt15765-p1udt5835)p1u_233107,A,p1udt15765-p1udt5835x,p1udt15765,"LINESTRING(-97.7118555700737 30.4166666027459, -97.711848530929 30.4167112177947)",0.001,,,0.001,,,151,OVERHEAD,,1
padswitch(r:p1udt21368-p1udt5835)p1u_233108,A,p1udt21368,p1udt21368-p1udt5835x,"LINESTRING(-97.7114427943271 30.4174830130675, -97.7114025739214 30.4174545342101)",0.001,,,0.001,,,301,OVERHEAD,,1
padswitch(r:p1udt21368-p1udt5835)p1u_233109,A,p1udt21368-p1udt5835xx,p1udt5835,"LINESTRING(-97.7116955172168 30.4169627796952, -97.7116884779732 30.4170073947306)",0.001,,,0.001,,,151,OVERHEAD,,1
padswitch(r:p1udt21368-p1udt9602)p1u_233110,A,p1udt9602,p1udt21368-p1udt9602xx,"LINESTRING(-97.711282383125 30.4178062546329, -97.7112421626388 30.417777775725)",0.001,,,0.001,,,151,OVERHEAD,,1
padswitch(r:p1udt21368-p1udt9602)p1u_233111,A,p1udt21368-p1udt9602x,p1udt21368,"LINESTRING(-97.7114342407497 30.4175274318818, -97.7114427943271 30.4174830130675)",0.001,,,0.001,,,301,OVERHEAD,,1
padswitch(r:p1udt12388-p1udt9602)p1u_233112,A,p1udt12388,p1udt12388-p1udt9602x,"LINESTRING(-97.7111542494853 30.4180487799315, -97.7111612890638 30.4180041649409)",0.001,,,0.001,,,151,OVERHEAD,,1
padswitch(r:p1udt12388-p1udt9602)p1u_233113,A,p1udt12388-p1udt9602xx,p1udt9602,"LINESTRING(-97.7112738294415 30.4178506734316, -97.711282383125 30.4178062546329)",0.001,,,0.001,,,301,OVERHEAD,,1
padswitch(r:p1udt12388-p1udt2141)p1u_233114,A,p1udt12388-p1udt2141xxx,p1udt12388-p1udt2141xx,"LINESTRING(-97.711150944065 30.4183583414333, -97.7111999697771 30.4183521728796)",0.001,,,0.001,,,151,OVERHEAD,,1
padswitch(r:p1udt12388-p1udt2141)p1u_233115,A,p1udt12388-p1udt2141x,p1udt12388,"LINESTRING(-97.7111953986683 30.4180762334385, -97.7111542494853 30.4180487799315)",0.001,,,0.001,,,151,OVERHEAD,,1
padswitch(r:p1udt20025-p1udt2141)p1u_233116,ABC,p1udt20025,p1udt20025-p1udt2141x,"LINESTRING(-97.7114643563164 30.4190173312439, -97.7114422634937 30.419059797156)",1,1,1,1,1,1,900,OVERHEAD,,1
padswitch(r:p1udt20025-p1udt2141)p1u_233117,ABC,p1udt20025-p1udt2141xx,p1udt2141,"LINESTRING(-97.7110635048429 30.4183340743049, -97.7110999356915 30.4183669725344)",1,1,1,1,1,1,900,OVERHEAD,,1
padswitch(r:p1udt20021-p1udt2710)p1u_233118,B,p1udt20021,p1udt20021-p1udt2710x,"LINESTRING(-97.7126224889815 30.4172331583187, -97.7126636382597 30.4172606113681)",0.001,,,0.001,,,151,OVERHEAD,,1
padswitch(r:p1udt20021-p1udt2710)p1u_233119,B,p1udt20021-p1udt2710xx,p1udt2710,"LINESTRING(-97.7121958106673 30.4172520603797, -97.7122342577908 30.4172782573087)",0.001,,,0.001,,,301,OVERHEAD,,1
padswitch(r:p1udt12048-p1udt20021)p1u_233120,B,p1udt12048,p1udt12048-p1udt20021x,"LINESTRING(-97.7128816783166 30.4173167486524, -97.7128731254048 30.4173611675813)",0.001,,,0.001,,,151,OVERHEAD,,1
padswitch(r:p1udt12048-p1udt20021)p1u_233121,B,p1udt12048-p1udt20021xx,p1udt20021,"LINESTRING(-97.7126295278221 30.4171885432226, -97.7126224889815 30.4172331583187)",0.001,,,0.001,,,151,OVERHEAD,,1
padswitch(r:p1udt10700-p1udt12048)p1u_233122,B,p1udt10700-p1udt12048x,p1udt10700-p1udt12048xx,"LINESTRING(-97.7127717248964 30.4177976785823, -97.7127901115979 30.4177571199578)",0.001,,,0.001,,,151,OVERHEAD,,1
padswitch(r:p1udt10700-p1udt12048)p1u_233123,B,p1udt10700-p1udt12048xxx,p1udt12048,"LINESTRING(-97.7129304103816 30.4173011731815, -97.7128816783166 30.4173167486524)",0.001,,,0.001,,,151,OVERHEAD,,1
padswitch(r:p1udt1550-p1udt9601)p1u_233124,C,p1udt9601,p1udt1550-p1udt9601xx,"LINESTRING(-97.7126110399454 30.4141472452927, -97.7126602469985 30.4141659449706)",0.001,,,0.001,,,205,OVERHEAD,,1
padswitch(r:p1udt1550-p1udt9601)p1u_233125,C,p1udt1550-p1udt9601x,p1udt1550,"LINESTRING(-97.7131153936275 30.4139446691486, -97.7130690609385 30.4139582629408)",0.001,,,0.001,,,205,OVERHEAD,,1
padswitch(r:p1udt17384-p1udt8818)p1u_233126,C,p1udt8818,p1udt17384-p1udt8818xx,"LINESTRING(-97.7120293964906 30.413127973708, -97.7119957230105 30.4130936708541)",0.001,,,0.001,,,205,OVERHEAD,,1
padswitch(r:p1udt17384-p1udt8818)p1u_233127,C,p1udt17384-p1udt8818x,p1udt17384,"LINESTRING(-97.7119629753958 30.4130612838044, -97.7119329689129 30.4130275291163)",0.001,,,0.001,,,205,OVERHEAD,,1
padswitch(r:p1udt6739-p1udt8818)p1u_233128,C,p1udt6739,p1udt6739-p1udt8818x,"LINESTRING(-97.7125013003762 30.4137761849737, -97.7125424482053 30.4138036380329)",0.001,,,0.001,,,151,OVERHEAD,,1
padswitch(r:p1udt6739-p1udt8818)p1u_233129,C,p1udt6739-p1udt8818xx,p1udt8818,"LINESTRING(-97.7120823145364 30.4131240683071, -97.7120293964906 30.413127973708)",0.001,,,0.001,,,205,OVERHEAD,,1
padswitch(r:p1udt6739-p1udt7204)p1u_233130,C,p1udt7204,p1udt6739-p1udt7204xx,"LINESTRING(-97.7125314792595 30.4138575173387, -97.7124912599716 30.413829038835)",0.001,,,0.001,,,301,OVERHEAD,,1
padswitch(r:p1udt6739-p1udt7204)p1u_233131,C,p1udt6739-p1udt7204x,p1udt6739,"LINESTRING(-97.7124531423403 30.4137930263226, -97.7125013003762 30.4137761849737)",0.001,,,0.001,,,151,OVERHEAD,,1
padswitch(r:p1udt7204-p1udt9601)p1u_233132,C,p1udt9601,p1udt7204-p1udt9601xx,"LINESTRING(-97.7126110399454 30.4141472452927, -97.7125619467764 30.4141281822396)",0.001,,,0.001,,,205,OVERHEAD,,1
padswitch(r:p1udt7204-p1udt9601)p1u_233133,C,p1udt7204-p1udt9601x,p1udt7204,"LINESTRING(-97.7125802096349 30.4138419419426, -97.7125314792595 30.4138575173387)",0.001,,,0.001,,,151,OVERHEAD,,1
padswitch(r:p1udt17582-p1udt9601)p1u_233134,C,p1udt17582,p1udt17582-p1udt9601x,"LINESTRING(-97.7127407168741 30.4145723912926, -97.7127004972376 30.4145439128462)",0.001,,,0.001,,,151,OVERHEAD,,1
padswitch(r:p1udt17582-p1udt9601)p1u_233135,C,p1udt17582-p1udt9601xx,p1udt9601,"LINESTRING(-97.71258894879 30.4141897114756, -97.7126110399454 30.4141472452927)",0.001,,,0.001,,,205,OVERHEAD,,1
padswitch(r:p1udt1551-p1udt17582)p1u_233136,C,p1udt1551,p1udt1551-p1udt17582x,"LINESTRING(-97.7130494247884 30.4148462938336, -97.7130905732152 30.4148737467329)",0.001,,,0.001,,,151,OVERHEAD,,1
padswitch(r:p1udt1551-p1udt17582)p1u_233137,C,p1udt1551-p1udt17582xx,p1udt17582,"LINESTRING(-97.7127894475788 30.4145568158293, -97.7127407168741 30.4145723912926)",0.001,,,0.001,,,151,OVERHEAD,,1
padswitch(r:p1udt1551-p1udt1552)p1u_233138,C,p1udt1552,p1udt1551-p1udt1552xx,"LINESTRING(-97.7134439572422 30.4149311734688, -97.7133987526007 30.4149564420388)",0.001,,,0.001,,,151,OVERHEAD,,1
padswitch(r:p1udt1551-p1udt1552)p1u_233139,C,p1udt1551-p1udt1552x,p1udt1551,"LINESTRING(-97.7130564632228 30.4148016786881, -97.7130494247884 30.4148462938336)",0.001,,,0.001,,,151,OVERHEAD,,1
padswitch(r:p1udt18757-p1udt9592)p1u_233140,C,p1udt18757,p1udt18757-p1udt9592x,"LINESTRING(-97.7131969446283 30.4131243696124, -97.7131487870264 30.4131412112322)",0.001,,,0.001,,,151,OVERHEAD,,1
padswitch(r:p1udt18757-p1udt9592)p1u_233141,C,p1udt18757-p1udt9592xx,p1udt9592,"LINESTRING(-97.712779982915 30.4131975072387, -97.7128184286527 30.4132237039703)",0.001,,,0.001,,,205,OVERHEAD,,1
padswitch(r:p1udt18757-p1udt4312)p1u_233142,C,p1udt4312,p1udt18757-p1udt4312xx,"LINESTRING(-97.7135709787007 30.4131820214941, -97.7135307593681 30.4131535433071)",0.001,,,0.001,,,301,OVERHEAD,,1
padswitch(r:p1udt18757-p1udt4312)p1u_233143,C,p1udt18757-p1udt4312x,p1udt18757,"LINESTRING(-97.713238092394 30.4131518224528, -97.7131969446283 30.4131243696124)",0.001,,,0.001,,,205,OVERHEAD,,1
padswitch(r:p1udt19133-p1udt4312)p1u_233144,C,p1udt19133,p1udt19133-p1udt4312x,"LINESTRING(-97.713878951003 30.413519113712, -97.7138568605404 30.4135615801332)",0.001,,,0.001,,,151,OVERHEAD,,1
padswitch(r:p1udt19133-p1udt4312)p1u_233145,C,p1udt19133-p1udt4312xx,p1udt4312,"LINESTRING(-97.7135624265317 30.4132264405149, -97.7135709787007 30.4131820214941)",0.001,,,0.001,,,301,OVERHEAD,,1
padswitch(r:p1udt11033-p1udt19133)p1u_233146,C,p1udt19133,p1udt11033-p1udt19133xx,"LINESTRING(-97.713878951003 30.413519113712, -97.7138298578791 30.4135000511359)",0.001,,,0.001,,,151,OVERHEAD,,1
padswitch(r:p1udt11033-p1udt19133)p1u_233147,C,p1udt11033-p1udt19133x,p1udt11033,"LINESTRING(-97.7140109372198 30.413132406897, -97.7139646050308 30.4131460010233)",0.001,,,0.001,,,151,OVERHEAD,,1
padswitch(r:p1udt19133-p1udt4313)p1u_233148,C,p1udt4313,p1udt19133-p1udt4313xx,"LINESTRING(-97.7139581248115 30.4138264631103, -97.7139179051048 30.4137979850345)",0.001,,,0.001,,,151,OVERHEAD,,1
padswitch(r:p1udt19133-p1udt4313)p1u_233149,C,p1udt19133-p1udt4313x,p1udt19133,"LINESTRING(-97.7139004911368 30.413476413451, -97.713878951003 30.413519113712)",0.001,,,0.001,,,151,OVERHEAD,,1
padswitch(r:p1udt13357-p1udt4313)p1u_233150,C,p1udt13357,p1udt13357-p1udt4313x,"LINESTRING(-97.7137729880456 30.4144473926328, -97.7137800261166 30.4144027774354)",0.001,,,0.001,,,151,OVERHEAD,,1
padswitch(r:p1udt13357-p1udt4313)p1u_233151,C,p1udt13357-p1udt4313xx,p1udt4313,"LINESTRING(-97.714006854965 30.4138108871747, -97.7139581248115 30.4138264631103)",0.001,,,0.001,,,151,OVERHEAD,,1
padswitch(r:p1udt13357-p1udt1552)p1u_233152,C,p1udt1552,p1udt13357-p1udt1552xx,"LINESTRING(-97.7134439572422 30.4149311734688, -97.7134726980205 30.4149705673229)",0.001,,,0.001,,,151,OVERHEAD,,1
padswitch(r:p1udt13357-p1udt1552)p1u_233153,C,p1udt13357-p1udt1552x,p1udt13357,"LINESTRING(-97.713724829876 30.4144642344459, -97.7137729880456 30.4144473926328)",0.001,,,0.001,,,151,OVERHEAD,,1
padswitch(r:p1udt1552-p1udt8421)p1u_233154,C,p1udt8421,p1udt1552-p1udt8421xx,"LINESTRING(-97.7134799861272 30.4153558209016, -97.713521134888 30.4153832736727)",0.001,,,0.001,,,151,OVERHEAD,,1
padswitch(r:p1udt1552-p1udt8421)p1u_233155,C,p1udt1552-p1udt8421x,p1udt1552,"LINESTRING(-97.7134893890674 30.4149063070488, -97.7134439572422 30.4149311734688)",0.001,,,0.001,,,151,OVERHEAD,,1
padswitch(r:p1udt4785-p1udt8421)p1u_233156,C,p1udt4785,p1udt4785-p1udt8421x,"LINESTRING(-97.7137044944925 30.4157009040514, -97.7136563356883 30.4157177458181)",0.001,,,0.001,,,151,OVERHEAD,,1
padswitch(r:p1udt4785-p1udt8421)p1u_233157,C,p1udt4785-p1udt8421xx,p1udt8421,"LINESTRING(-97.7134870244119 30.4153112057317, -97.7134799861272 30.4153558209016)",0.001,,,0.001,,,151,OVERHEAD,,1
padswitch(r:p1udt4785-p1udt6742)p1u_233158,C,p1udt4785-p1udt6742xxx,p1udt4785-p1udt6742xx,"LINESTRING(-97.7137720051127 30.4163646978582, -97.713768346017 30.41640861805)",0.001,,,0.001,,,151,OVERHEAD,,1
padswitch(r:p1udt4785-p1udt6742)p1u_233159,C,p1udt4785-p1udt6742x,p1udt4785,"LINESTRING(-97.7137456434601 30.4157283567563, -97.7137044944925 30.4157009040514)",0.001,,,0.001,,,151,OVERHEAD,,1
padswitch(r:p1udt11703-p1udt5823)p1u_233160,A,p1udt5823,p1udt11703-p1udt5823xx,"LINESTRING(-97.7147321103341 30.415936382487, -97.7147775423252 30.4159115156263)",0.001,,,0.001,,,151,OVERHEAD,,1
padswitch(r:p1udt11703-p1udt5823)p1u_233161,A,p1udt11703-p1udt5823x,p1udt11703,"LINESTRING(-97.7151036047216 30.4162160063259, -97.715142052259 30.4162422024131)",0.001,,,0.001,,,205,OVERHEAD,,1
padswitch(r:p1udt17380-p1udt2117)p1u_233162,A,p1udt17380,p1udt17380-p1udt2117x,"LINESTRING(-97.7156286252142 30.4145423103898, -97.7155804674228 30.4145591527556)",0.001,,,0.001,,,151,OVERHEAD,,1
padswitch(r:p1udt17380-p1udt2117)p1u_233163,A,p1udt17380-p1udt2117xx,p1udt2117,"LINESTRING(-97.7157512453548 30.4145840691499, -97.71570531708 30.4145694804323)",0.001,,,0.001,,,205,OVERHEAD,,1
padswitch(r:p1udt13952-p1udt17380)p1u_233164,A,p1udt13952,p1udt13952-p1udt17380x,"LINESTRING(-97.7146190908669 30.414230152257, -97.7146261285353 30.4141855370009)",0.001,,,0.001,,,151,OVERHEAD,,1
padswitch(r:p1udt13952-p1udt17380)p1u_233165,A,p1udt13952-p1udt17380xx,p1udt17380,"LINESTRING(-97.7156356623831 30.4144976949275, -97.7156286252142 30.4145423103898)",0.001,,,0.001,,,151,OVERHEAD,,1
padswitch(r:p1udt13952-p1udt3294)p1u_233166,A,p1udt3294,p1udt13952-p1udt3294xx,"LINESTRING(-97.7145914143649 30.4147532094071, -97.7146325632039 30.414780661832)",0.001,,,0.001,,,151,OVERHEAD,,1
padswitch(r:p1udt13952-p1udt3294)p1u_233167,A,p1udt13952-p1udt3294x,p1udt13952,"LINESTRING(-97.7145709329388 30.41424699439, -97.7146190908669 30.414230152257)",0.001,,,0.001,,,151,OVERHEAD,,1
padswitch(r:p1udt17783-p1udt3294)p1u_233168,A,p1udt17783,p1udt17783-p1udt3294x,"LINESTRING(-97.7146393222015 30.415069483418, -97.7146804711838 30.4150969358307)",0.001,,,0.001,,,301,OVERHEAD,,1
padswitch(r:p1udt17783-p1udt3294)p1u_233169,A,p1udt17783-p1udt3294xx,p1udt3294,"LINESTRING(-97.7145432561721 30.4147700515211, -97.7145914143649 30.4147532094071)",0.001,,,0.001,,,151,OVERHEAD,,1
padswitch(r:p1udt17783-p1udt3798)p1u_233170,A,p1udt3798,p1udt17783-p1udt3798xx,"LINESTRING(-97.7146766788625 30.4154037377727, -97.7146545882845 30.4154462043147)",0.001,,,0.001,,,205,OVERHEAD,,1
padswitch(r:p1udt17783-p1udt3798)p1u_233171,A,p1udt17783-p1udt3798x,p1udt17783,"LINESTRING(-97.7146463599356 30.415024868168, -97.7146393222015 30.415069483418)",0.001,,,0.001,,,151,OVERHEAD,,1
padswitch(r:p1udt1553-p1udt19684)p1u_233172,A,p1udt1553,p1udt1553-p1udt19684x,"LINESTRING(-97.7157169436653 30.4154588796139, -97.7157083922252 30.4155032987824)",0.001,,,0.001,,,151,OVERHEAD,,1
padswitch(r:p1udt1553-p1udt19684)p1u_233173,A,p1udt1553-p1udt19684xx,p1udt19684,"LINESTRING(-97.7161332145667 30.4156254623815, -97.716087285748 30.4156108737849)",0.001,,,0.001,,,301,OVERHEAD,,1
padswitch(r:p1udt1553-p1udt925)p1u_233174,A,p1udt925,p1udt1553-p1udt925xx,"LINESTRING(-97.7155408121363 30.4153939864268, -97.7155005913257 30.4153655088137)",0.001,,,0.001,,,151,OVERHEAD,,1
padswitch(r:p1udt1553-p1udt925)p1u_233175,A,p1udt1553-p1udt925x,p1udt1553,"LINESTRING(-97.7156767227756 30.4154304020531, -97.7157169436653 30.4154588796139)",0.001,,,0.001,,,151,OVERHEAD,,1
padswitch(r:p1udt19858-p1udt925)p1u_233176,A,p1udt19858,p1udt19858-p1udt925x,"LINESTRING(-97.7151160392264 30.415236416992, -97.7151647699217 30.4152208406421)",0.001,,,0.001,,,151,OVERHEAD,,1
padswitch(r:p1udt19858-p1udt925)p1u_233177,A,p1udt19858-p1udt925xx,p1udt925,"LINESTRING(-97.7155895428495 30.4153784099191, -97.7155408121363 30.4153939864268)",0.001,,,0.001,,,151,OVERHEAD,,1
padswitch(r:p1udt19858-p1udt3798)p1u_233178,A,p1udt3798,p1udt19858-p1udt3798xx,"LINESTRING(-97.7146766788625 30.4154037377727, -97.7146275846425 30.4153846754704)",0.001,,,0.001,,,205,OVERHEAD,,1
padswitch(r:p1udt19858-p1udt3798)p1u_233179,A,p1udt19858-p1udt3798x,p1udt19858,"LINESTRING(-97.7151074875387 30.4152808361153, -97.7151160392264 30.415236416992)",0.001,,,0.001,,,151,OVERHEAD,,1
padswitch(r:p1udt13359-p1udt3798)p1u_233180,A,p1udt13359,p1udt13359-p1udt3798x,"LINESTRING(-97.7147042826628 30.4156744873026, -97.714664061993 30.4156460094366)",0.001,,,0.001,,,151,OVERHEAD,,1
padswitch(r:p1udt13359-p1udt3798)p1u_233181,A,p1udt13359-p1udt3798xx,p1udt3798,"LINESTRING(-97.7147258869607 30.4154224366978, -97.7146766788625 30.4154037377727)",0.001,,,0.001,,,151,OVERHEAD,,1
padswitch(r:p1udt13359-p1udt5823)p1u_233182,A,p1udt5823,p1udt13359-p1udt5823xx,"LINESTRING(-97.7147321103341 30.415936382487, -97.71476085192 30.4159757760748)",0.001,,,0.001,,,151,OVERHEAD,,1
padswitch(r:p1udt13359-p1udt5823)p1u_233183,A,p1udt13359-p1udt5823x,p1udt13359,"LINESTRING(-97.714753013638 30.4156589111157, -97.7147042826628 30.4156744873026)",0.001,,,0.001,,,151,OVERHEAD,,1
padswitch(r:p1udt5823-p1udt5824)p1u_233184,A,p1udt5824,p1udt5823-p1udt5824xx,"LINESTRING(-97.7140034080855 30.4159294217705, -97.7139552492147 30.4159462636451)",0.001,,,0.001,,,151,OVERHEAD,,1
padswitch(r:p1udt5823-p1udt5824)p1u_233185,A,p1udt5823-p1udt5824x,p1udt5823,"LINESTRING(-97.7147029480921 30.4158972585839, -97.7147321103341 30.415936382487)",0.001,,,0.001,,,151,OVERHEAD,,1
padswitch(r:p1udt5824-p1udt6742)p1u_233186,A,p1udt5824-p1udt6742xxx,p1udt5824-p1udt6742xx,"LINESTRING(-97.7138199266631 30.416302134629, -97.7138661342939 30.4162839289062)",0.001,,,0.001,,,151,OVERHEAD,,1
padswitch(r:p1udt5824-p1udt6742)p1u_233187,A,p1udt5824-p1udt6742x,p1udt5824,"LINESTRING(-97.7140445572339 30.4159568743854, -97.7140034080855 30.4159294217705)",0.001,,,0.001,,,151,OVERHEAD,,1
padswitch(r:p1udt21220-p1udt325)p1u_233190,B,p1udt21220,p1udt21220-p1udt325x,"LINESTRING(-97.7128251359249 30.4160711999364, -97.7128321745701 30.4160265848167)",0.001,,,0.001,,,301,OVERHEAD,,1
padswitch(r:p1udt21220-p1udt325)p1u_233191,B,p1udt21220-p1udt325xx,p1udt325,"LINESTRING(-97.7125783460022 30.4158649595195, -97.7126175343021 30.4158396019246)",0.001,,,0.001,,,205,OVERHEAD,,1
padswitch(r:p1udt21220-p1udt8425)p1u_233192,B,p1udt8425,p1udt21220-p1udt8425xx,"LINESTRING(-97.7132560563338 30.4165536625133, -97.7132630948268 30.4165090473689)",0.001,,,0.001,,,151,OVERHEAD,,1
padswitch(r:p1udt21220-p1udt8425)p1u_233193,B,p1udt21220-p1udt8425x,p1udt21220,"LINESTRING(-97.7128662847871 30.4160986529144, -97.7128251359249 30.4160711999364)",0.001,,,0.001,,,205,OVERHEAD,,1
padswitch(r:p1udt3296-p1udt8425)p1u_233194,B,p1udt3296-p1udt8425x,p1udt3296-p1udt8425xx,"LINESTRING(-97.7136123627341 30.4168486942715, -97.7136459747601 30.4168163345158)",0.001,,,0.001,,,151,OVERHEAD,,1
padswitch(r:p1udt3296-p1udt8425)p1u_233195,B,p1udt3296-p1udt8425xxx,p1udt8425,"LINESTRING(-97.7132972055192 30.4165811153627, -97.7132560563338 30.4165536625133)",0.001,,,0.001,,,151,OVERHEAD,,1
padswitch(r:p1udt11369-p1udt2142)p1u_233212,ABC,p1udt2142,p1udt11369-p1udt2142xx,"LINESTRING(-97.7125624782759 30.4192394672646, -97.7126084082019 30.4192540571273)",1,1,1,1,1,1,900,OVERHEAD,,1
padswitch(r:p1udt11369-p1udt2142)p1u_233213,ABC,p1udt11369-p1udt2142x,p1udt11369,"LINESTRING(-97.7122303992819 30.4195567088087, -97.7122794950594 30.4195757720474)",1,1,1,1,1,1,900,OVERHEAD,,1
padswitch(r:p1udt4334-p1udt5334)p1u_232884,ABC,p1udt4334,p1udt4334-p1udt5334x,"LINESTRING(-97.6998100928027 30.4154098822984, -97.699817137284 30.415365268046)",1,1,1,1,1,1,151,OVERHEAD,,1
padswitch(r:p1udt4334-p1udt5334)p1u_232885,ABC,p1udt4334-p1udt5334xx,p1udt5334,"LINESTRING(-97.6992603616664 30.4148334348513, -97.6992878996327 30.4148723001019)",1,1,1,1,1,1,325,OVERHEAD,,1
padswitch(r:p1udt332-p1udt4334)p1u_232886,ABC,p1udt332,p1udt332-p1udt4334x,"LINESTRING(-97.7003301090806 30.4156786873953, -97.7003716306548 30.4157096051644)",1,1,1,1,1,1,295,OVERHEAD,,1
padswitch(r:p1udt332-p1udt4334)p1u_232887,ABC,p1udt332-p1udt4334xx,p1udt4334,"LINESTRING(-97.6998512375923 30.4154373392686, -97.6998100928027 30.4154098822984)",1,1,1,1,1,1,205,OVERHEAD,,1
padswitch(r:p1udt2147-p1udt332)p1u_232894,ABC,p1udt2147,p1udt2147-p1udt332x,"LINESTRING(-97.7009331939862 30.4159730875251, -97.7008798407415 30.4159772154629)",1,1,1,1,1,1,205,OVERHEAD,,1
padswitch(r:p1udt2147-p1udt332)p1u_232895,ABC,p1udt2147-p1udt332xx,p1udt332,"LINESTRING(-97.7002802595063 30.4156591021163, -97.7003301090806 30.4156786873953)",1,1,1,1,1,1,295,OVERHEAD,,1
padswitch(r:p1udt11368-p1udt2147)p1u_232902,ABC,p1udt11368,p1udt11368-p1udt2147x,"LINESTRING(-97.7017604928561 30.4163863218032, -97.70175518199 30.4164335124572)",1,1,1,1,1,1,295,OVERHEAD,,1
padswitch(r:p1udt11368-p1udt2147)p1u_232903,ABC,p1udt11368-p1udt2147xx,p1udt2147,"LINESTRING(-97.7009305049137 30.4160204851606, -97.7009331939862 30.4159730875251)",1,1,1,1,1,1,205,OVERHEAD,,1
padswitch(r:p1udt11368-p1udt12712)p1u_232906,ABC,p1udt12712,p1udt11368-p1udt12712xx,"LINESTRING(-97.7023539466442 30.4163831988812, -97.7023004375695 30.4163851798275)",1,1,1,1,1,1,295,OVERHEAD,,1
padswitch(r:p1udt11368-p1udt12712)p1u_232907,ABC,p1udt11368-p1udt12712x,p1udt11368,"LINESTRING(-97.7017069837771 30.4163883025057, -97.7017604928561 30.4163863218032)",1,1,1,1,1,1,295,OVERHEAD,,1
padswitch(r:p1udt12712-p1udt8439)p1u_232936,ABC,p1udt8439,p1udt12712-p1udt8439xx,"LINESTRING(-97.7025696488221 30.4161411213429, -97.7025214880441 30.4161579589388)",1,1,1,1,1,1,295,OVERHEAD,,1
padswitch(r:p1udt12712-p1udt8439)p1u_232937,ABC,p1udt12712-p1udt8439x,p1udt12712,"LINESTRING(-97.7023436233845 30.4163365766457, -97.7023539466442 30.4163831988812)",1,1,1,1,1,1,295,OVERHEAD,,1
padswitch(r:p1udt4796-p1udt8439)p1u_232938,ABC,p1udt4796,p1udt4796-p1udt8439x,"LINESTRING(-97.7027716033362 30.4158273265947, -97.7028127491619 30.4158547826588)",1,1,1,1,1,1,295,OVERHEAD,,1
padswitch(r:p1udt4796-p1udt8439)p1u_232939,ABC,p1udt4796-p1udt8439xx,p1udt8439,"LINESTRING(-97.7026107947171 30.4161685774716, -97.7025696488221 30.4161411213429)",1,1,1,1,1,1,295,OVERHEAD,,1
padswitch(r:p1udt2138-p1udt4796)p1u_232940,ABC,p1udt2138,p1udt2138-p1udt4796x,"LINESTRING(-97.7030161481803 30.4154417713793, -97.7030572939197 30.4154692273651)",1,1,1,1,1,1,205,OVERHEAD,,1
padswitch(r:p1udt2138-p1udt4796)p1u_232941,ABC,p1udt2138-p1udt4796xx,p1udt4796,"LINESTRING(-97.7027234427462 30.4158441642713, -97.7027716033362 30.4158273265947)",1,1,1,1,1,1,295,OVERHEAD,,1
padswitch(r:p1udt16260-p1udt2138)p1u_232942,ABC,p1udt16260,p1udt16260-p1udt2138x,"LINESTRING(-97.7033072674995 30.4154715602837, -97.7033560000197 30.4154559884005)",1,1,1,1,1,1,205,OVERHEAD,,1
padswitch(r:p1udt16260-p1udt2138)p1u_232943,ABC,p1udt16260-p1udt2138xx,p1udt2138,"LINESTRING(-97.7030231912124 30.4153971569118, -97.7030161481803 30.4154417713793)",1,1,1,1,1,1,205,OVERHEAD,,1
padswitch(r:p1udt15288-p1udt2708)p1u_233020,ABC,p1udt2708,p1udt15288-p1udt2708xx,"LINESTRING(-97.7017121355332 30.4119684358081, -97.7017618035429 30.41195106065)",1,1,1,1,1,1,295,OVERHEAD,,1
padswitch(r:p1udt15288-p1udt2708)p1u_233021,ABC,p1udt15288-p1udt2708x,p1udt15288,"LINESTRING(-97.7013486813785 30.411797893228, -97.7013027567303 30.4117832995365)",1,1,1,1,1,1,325,OVERHEAD,,1
padswitch(r:p1udt2708-p1udt2709)p1u_233022,ABC,p1udt2709,p1udt2708-p1udt2709xx,"LINESTRING(-97.7021648840735 30.4121128832895, -97.7021167252369 30.4121297208014)",1,1,1,1,1,1,295,OVERHEAD,,1
padswitch(r:p1udt2708-p1udt2709)p1u_233023,ABC,p1udt2708-p1udt2709x,p1udt2708,"LINESTRING(-97.701739434596 30.4120095703973, -97.7017121355332 30.4119684358081)",1,1,1,1,1,1,295,OVERHEAD,,1
padswitch(r:p1udt20498-p1udt2709)p1u_233024,ABC,p1udt20498,p1udt20498-p1udt2709x,"LINESTRING(-97.7029318039275 30.4123731457147, -97.702883645082 30.412389983509)",1,1,1,1,1,1,325,OVERHEAD,,1
padswitch(r:p1udt20498-p1udt2709)p1u_233025,ABC,p1udt20498-p1udt2709xx,p1udt2709,"LINESTRING(-97.7022060282034 30.4121403395099, -97.7021648840735 30.4121128832895)",1,1,1,1,1,1,295,OVERHEAD,,1
padswitch(r:p1udt20498-p1udt22173)p1u_233026,ABC,p1udt22173,p1udt20498-p1udt22173xx,"LINESTRING(-97.7043084657808 30.4129731321805, -97.7043571968994 30.4129575598772)",1,1,1,1,1,1,325,OVERHEAD,,1
padswitch(r:p1udt20498-p1udt22173)p1u_233027,ABC,p1udt20498-p1udt22173x,p1udt20498,"LINESTRING(-97.7029388467235 30.4123285312261, -97.7029318039275 30.4123731457147)",1,1,1,1,1,1,550,OVERHEAD,,1
padswitch(r:p1udt22173-p1udt24578)p1u_233028,ABC,p1udt24578,p1udt22173-p1udt24578xx,"LINESTRING(-97.7040998047225 30.4138013787407, -97.7041490098581 30.4138200815762)",1,1,1,1,1,1,370,OVERHEAD,,1
padswitch(r:p1udt22173-p1udt24578)p1u_233029,ABC,p1udt22173-p1udt24578x,p1udt22173,"LINESTRING(-97.7042682493312 30.4129446512188, -97.7043084657808 30.4129731321805)",1,1,1,1,1,1,325,OVERHEAD,,1
padswitch(r:p1udt10322-p1udt24578)p1u_233030,ABC,p1udt10322,p1udt10322-p1udt24578x,"LINESTRING(-97.7039511215859 30.4140164142524, -97.7039922670158 30.4140438699396)",1,1,1,1,1,1,295,OVERHEAD,,1
padswitch(r:p1udt10322-p1udt24578)p1u_233031,ABC,p1udt10322-p1udt24578xx,p1udt24578,"LINESTRING(-97.7040777100202 30.4138438433812, -97.7040998047225 30.4138013787407)",1,1,1,1,1,1,370,OVERHEAD,,1
padswitch(r:p1udt10322-p1udt6754)p1u_233032,ABC,p1udt6754,p1udt10322-p1udt6754xx,"LINESTRING(-97.7036216585623 30.4145272774269, -97.7035814417004 30.4144987962476)",1,1,1,1,1,1,301,OVERHEAD,,1
padswitch(r:p1udt10322-p1udt6754)p1u_233033,ABC,p1udt10322-p1udt6754x,p1udt10322,"LINESTRING(-97.7039029620831 30.4140332524003, -97.7039511215859 30.4140164142524)",1,1,1,1,1,1,295,OVERHEAD,,1
padswitch(r:p1udt5834-p1udt6754)p1u_233034,ABC,p1udt5834,p1udt5834-p1udt6754x,"LINESTRING(-97.7032710753614 30.4150653800689, -97.7032489799996 30.4151078445424)",1,1,1,1,1,1,295,OVERHEAD,,1
padswitch(r:p1udt5834-p1udt6754)p1u_233035,ABC,p1udt5834-p1udt6754xx,p1udt6754,"LINESTRING(-97.7036131017707 30.4145716956534, -97.7036216585623 30.4145272774269)",1,1,1,1,1,1,295,OVERHEAD,,1
padswitch(r:p1udt16259-p1udt5834)p1u_233094,ABC,p1udt5834,p1udt16259-p1udt5834xx,"LINESTRING(-97.7032710753614 30.4150653800689, -97.7032926204129 30.4150226817113)",1,1,1,1,1,1,295,OVERHEAD,,1
padswitch(r:p1udt16259-p1udt5834)p1u_233095,ABC,p1udt16259-p1udt5834x,p1udt16259,"LINESTRING(-97.7032650806106 30.4145824156716, -97.7032361066047 30.4145413726925)",1,1,1,1,1,1,151,OVERHEAD,,1
padswitch(r:p1udt16260-p1udt5834)p1u_233096,ABC,p1udt16260,p1udt16260-p1udt5834x,"LINESTRING(-97.7033072674995 30.4154715602837, -97.7032670503559 30.4154430790029)",1,1,1,1,1,1,295,OVERHEAD,,1
padswitch(r:p1udt16260-p1udt5834)p1u_233097,ABC,p1udt16260-p1udt5834xx,p1udt5834,"LINESTRING(-97.7033202809519 30.415084083227, -97.7032710753614 30.4150653800689)",1,1,1,1,1,1,295,OVERHEAD,,1
padswitch(r:p1udt18362-p1udt24989)p1u_233100,ABC,p1udt18362,p1udt18362-p1udt24989x,"LINESTRING(-97.7063621450688 30.4198601008274, -97.7063139830366 30.4198769397793)",1,1,1,1,1,1,301,OVERHEAD,,1
padswitch(r:p1udt18362-p1udt24989)p1u_233101,ABC,p1udt18362-p1udt24989xx,p1udt24989,"LINESTRING(-97.7063317663659 30.4199499332274, -97.7062858371367 30.419935341175)",1,1,1,1,1,1,325,OVERHEAD,,1
padswitch(r:p1udt18362-p1udt5836)p1u_233102,ABC,p1udt5836,p1udt18362-p1udt5836xx,"LINESTRING(-97.7067915992672 30.4188808975605, -97.7067695044839 30.418923362625)",1,1,1,1,1,1,325,OVERHEAD,,1
padswitch(r:p1udt18362-p1udt5836)p1u_233103,ABC,p1udt18362-p1udt5836x,p1udt18362,"LINESTRING(-97.7063691869799 30.4198154861741, -97.7063621450688 30.4198601008274)",1,1,1,1,1,1,325,OVERHEAD,,1
padswitch(r:p1udt3296-p1udt6742)p1u_233188,ABC,p1udt3296,p1udt3296-p1udt6742x,"LINESTRING(-97.7135748076162 30.41688192481, -97.7135378197593 30.4169155005044)",1,1,1,1,1,1,301,OVERHEAD,,1
padswitch(r:p1udt3296-p1udt6742)p1u_233189,ABC,p1udt3296-p1udt6742xx,p1udt6742,"LINESTRING(-97.7137136804058 30.4163190869094, -97.7137681792591 30.4163174219272)",1,1,1,1,1,1,151,OVERHEAD,,1
padswitch(r:p1udt2692-p1udt3296)p1u_233196,ABC,p1udt2692,p1udt2692-p1udt3296x,"LINESTRING(-97.7134556049278 30.4172143022374, -97.7134074453309 30.4172311438859)",1,1,1,1,1,1,301,OVERHEAD,,1
padswitch(r:p1udt2692-p1udt3296)p1u_233197,ABC,p1udt2692-p1udt3296xx,p1udt3296,"LINESTRING(-97.7136086733667 30.416919212054, -97.7135748076162 30.41688192481)",1,1,1,1,1,1,295,OVERHEAD,,1
padswitch(r:p1udt17154-p1udt2692)p1u_233198,ABC,p1udt17154,p1udt17154-p1udt2692x,"LINESTRING(-97.7133176770761 30.4174114471553, -97.7133247156177 30.4173668320142)",1,1,1,1,1,1,295,OVERHEAD,,1
padswitch(r:p1udt17154-p1udt2692)p1u_233199,ABC,p1udt17154-p1udt2692xx,p1udt2692,"LINESTRING(-97.7134626433893 30.4171696870854, -97.7134556049278 30.4172143022374)",1,1,1,1,1,1,295,OVERHEAD,,1
padswitch(r:p1udt10700-p1udt17154)p1u_233200,ABC,p1udt10700,p1udt10700-p1udt17154x,"LINESTRING(-97.7127554437969 30.4178419874526, -97.7127390939079 30.4178861947657)",1,1,1,1,1,1,295,OVERHEAD,,1
padswitch(r:p1udt10700-p1udt17154)p1u_233201,ABC,p1udt10700-p1udt17154xx,p1udt17154,"LINESTRING(-97.7133588266303 30.4174388999926, -97.7133176770761 30.4174114471553)",1,1,1,1,1,1,295,OVERHEAD,,1
padswitch(r:p1udt10700-p1udt327)p1u_233202,ABC,p1udt327,p1udt10700-p1udt327xx,"LINESTRING(-97.7122668910928 30.4181499887695, -97.7122739301763 30.4181053737052)",1,1,1,1,1,1,301,OVERHEAD,,1
padswitch(r:p1udt10700-p1udt327)p1u_233203,ABC,p1udt10700-p1udt327x,p1udt10700,"LINESTRING(-97.7128045957362 30.4178628666749, -97.7127554437969 30.4178419874526)",1,1,1,1,1,1,295,OVERHEAD,,1
padswitch(r:p1udt23944-p1udt327)p1u_233204,ABC,p1udt23944,p1udt23944-p1udt327x,"LINESTRING(-97.7119516403819 30.4183724516741, -97.7119927899301 30.4183999049387)",1,1,1,1,1,1,295,OVERHEAD,,1
padswitch(r:p1udt23944-p1udt327)p1u_233205,ABC,p1udt23944-p1udt327xx,p1udt327,"LINESTRING(-97.7123080406422 30.4181774419355, -97.7122668910928 30.4181499887695)",1,1,1,1,1,1,301,OVERHEAD,,1
padswitch(r:p1udt10705-p1udt23944)p1u_233206,ABC,p1udt10705,p1udt10705-p1udt23944x,"LINESTRING(-97.7117406032692 30.418586919289, -97.7117817528436 30.4186143726201)",1,1,1,1,1,1,295,OVERHEAD,,1
padswitch(r:p1udt10705-p1udt23944)p1u_233207,ABC,p1udt10705-p1udt23944xx,p1udt23944,"LINESTRING(-97.711958679628 30.4183278366329, -97.7119516403819 30.4183724516741)",1,1,1,1,1,1,295,OVERHEAD,,1
padswitch(r:p1udt10705-p1udt20025)p1u_233208,ABC,p1udt20025,p1udt10705-p1udt20025xx,"LINESTRING(-97.7114643563164 30.4190173312439, -97.7114152609845 30.4189982677097)",1,1,1,1,1,1,445,OVERHEAD,,1
padswitch(r:p1udt10705-p1udt20025)p1u_233209,ABC,p1udt10705-p1udt20025x,p1udt10705,"LINESTRING(-97.7116924427188 30.4186037602733, -97.7117406032692 30.418586919289)",1,1,1,1,1,1,295,OVERHEAD,,1
padswitch(r:p1udt12049-p1udt19507)p1u_232864,ABC,p1udt19507,p1udt12049-p1udt19507xx,"LINESTRING(-97.7136066594301 30.4199856548924, -97.7135981065658 30.4200300738538)",1,1,1,1,1,1,295,OVERHEAD,,1
padswitch(r:p1udt12049-p1udt19507)p1u_232865,ABC,p1udt12049-p1udt19507x,p1udt12049,"LINESTRING(-97.7137416080184 30.4200463580143, -97.7137800566396 30.4200725545204)",1,1,1,1,1,1,325,OVERHEAD,,1
padswitch(r:p1udt15282-p1udt19507)p1u_232866,ABC,p1udt15282,p1udt15282-p1udt19507x,"LINESTRING(-97.7133583631042 30.4198659100544, -97.7133181411682 30.4198374317534)",1,1,1,1,1,1,295,OVERHEAD,,1
padswitch(r:p1udt15282-p1udt19507)p1u_232867,ABC,p1udt15282-p1udt19507xx,p1udt19507,"LINESTRING(-97.7136553927331 30.4199700791918, -97.7136066594301 30.4199856548924)",1,1,1,1,1,1,295,OVERHEAD,,1
padswitch(r:p1udt15282-p1udt8427)p1u_232868,ABC,p1udt8427,p1udt15282-p1udt8427xx,"LINESTRING(-97.7131333168272 30.4200268788342, -97.7131229880914 30.4199802573179)",1,1,1,1,1,1,295,OVERHEAD,,1
padswitch(r:p1udt15282-p1udt8427)p1u_232869,ABC,p1udt15282-p1udt8427x,p1udt15282,"LINESTRING(-97.7134070963829 30.4198503344456, -97.7133583631042 30.4198659100544)",1,1,1,1,1,1,295,OVERHEAD,,1
padswitch(r:p1udt11369-p1udt8427)p1u_232872,ABC,p1udt11369,p1udt11369-p1udt8427x,"LINESTRING(-97.7122794950594 30.4195757720474, -97.7123287047295 30.4195944719116)",1,1,1,1,1,1,205,OVERHEAD,,1
padswitch(r:p1udt11369-p1udt8427)p1u_232873,ABC,p1udt11369-p1udt8427xx,p1udt8427,"LINESTRING(-97.7131280111532 30.4200740700774, -97.7131333168272 30.4200268788342)",1,1,1,1,1,1,295,OVERHEAD,,1
padswitch(r:p1udt21224-p1udt24578)p1u_232944,ABC,p1udt24578,p1udt21224-p1udt24578xx,"LINESTRING(-97.7040998047225 30.4138013787407, -97.7040507135018 30.4137823125383)",1,1,1,1,1,1,370,OVERHEAD,,1
padswitch(r:p1udt21224-p1udt24578)p1u_232945,ABC,p1udt21224-p1udt24578x,p1udt21224,"LINESTRING(-97.7050722246784 30.4136305476924, -97.7050258911341 30.4136441386024)",1,1,1,1,1,1,370,OVERHEAD,,1
padswitch(r:p1udt23026-p1udt23373)p1u_232988,ABC,p1udt23026,p1udt23026-p1udt23373x,"LINESTRING(-97.6971162798644 30.4118038387476, -97.6971635204343 30.4118272875811)",1,1,1,1,1,1,295,OVERHEAD,,1
padswitch(r:p1udt23026-p1udt23373)p1u_232989,ABC,p1udt23026-p1udt23373xx,p1udt23373,"LINESTRING(-97.6972098624709 30.4118454848128, -97.6972539225441 30.4118653829489)",1,1,1,1,1,1,370,OVERHEAD,,1
padswitch(r:p1udt10324-p1udt23026)p1u_232990,ABC,p1udt10324,p1udt10324-p1udt23026x,"LINESTRING(-97.6973284728103 30.4117848378447, -97.6972882589451 30.4117563548006)",1,1,1,1,1,1,295,OVERHEAD,,1
padswitch(r:p1udt10324-p1udt23026)p1u_232991,ABC,p1udt10324-p1udt23026xx,p1udt23026,"LINESTRING(-97.6970794434489 30.4117696630408, -97.6971162798644 30.4118038387476)",1,1,1,1,1,1,295,OVERHEAD,,1
padswitch(r:p1udt10324-p1udt20027)p1u_232992,ABC,p1udt20027,p1udt10324-p1udt20027xx,"LINESTRING(-97.6977558179635 30.4117441578504, -97.6977076586162 30.4117609937199)",1,1,1,1,1,1,295,OVERHEAD,,1
padswitch(r:p1udt10324-p1udt20027)p1u_232993,ABC,p1udt10324-p1udt20027x,p1udt10324,"LINESTRING(-97.6973199134712 30.411829255601, -97.6973284728103 30.4117848378447)",1,1,1,1,1,1,295,OVERHEAD,,1
padswitch(r:p1udt20027-p1udt20185)p1u_232994,ABC,p1udt20185,p1udt20027-p1udt20185xx,"LINESTRING(-97.6978684199163 30.4115658188885, -97.6978630502276 30.411613044517)",1,1,1,1,1,1,295,OVERHEAD,,1
padswitch(r:p1udt20027-p1udt20185)p1u_232995,ABC,p1udt20027-p1udt20185x,p1udt20027,"LINESTRING(-97.6977969606544 30.4117716154217, -97.6977558179635 30.4117441578504)",1,1,1,1,1,1,295,OVERHEAD,,1
padswitch(r:p1udt18956-p1udt20185)p1u_233000,ABC,p1udt18956,p1udt18956-p1udt20185x,"LINESTRING(-97.6980003713628 30.4113586120735, -97.6980415139677 30.4113860695666)",1,1,1,1,1,1,295,OVERHEAD,,1
padswitch(r:p1udt18956-p1udt20185)p1u_233001,ABC,p1udt18956-p1udt20185xx,p1udt20185,"LINESTRING(-97.6978149022276 30.4115676753244, -97.6978684199163 30.4115658188885)",1,1,1,1,1,1,295,OVERHEAD,,1
padswitch(r:p1udt18956-p1udt21770)p1u_233002,ABC,p1udt21770,p1udt18956-p1udt21770xx,"LINESTRING(-97.6981267141788 30.4112515970863, -97.6981337590506 30.4112069829107)",1,1,1,1,1,1,295,OVERHEAD,,1
padswitch(r:p1udt18956-p1udt21770)p1u_233003,ABC,p1udt18956-p1udt21770x,p1udt18956,"LINESTRING(-97.6980074163015 30.4113139979072, -97.6980003713628 30.4113586120735)",1,1,1,1,1,1,295,OVERHEAD,,1
padswitch(r:p1udt21770-p1udt22418)p1u_233004,ABC,p1udt22418,p1udt21770-p1udt22418xx,"LINESTRING(-97.6982631236856 30.4111715795047, -97.6983118547707 30.4111560094559)",1,1,1,1,1,1,295,OVERHEAD,,1
padswitch(r:p1udt21770-p1udt22418)p1u_233005,ABC,p1udt21770-p1udt22418x,p1udt21770,"LINESTRING(-97.6981678567768 30.4112790545398, -97.6981267141788 30.4112515970863)",1,1,1,1,1,1,295,OVERHEAD,,1
padswitch(r:p1udt22175-p1udt22418)p1u_233006,ABC,p1udt22175,p1udt22175-p1udt22418x,"LINESTRING(-97.6985043218486 30.411038640471, -97.6984957631174 30.4110830583268)",1,1,1,1,1,1,295,OVERHEAD,,1
padswitch(r:p1udt22175-p1udt22418)p1u_233007,ABC,p1udt22175-p1udt22418xx,p1udt22418,"LINESTRING(-97.6982229097824 30.4111430967454, -97.6982631236856 30.4111715795047)",1,1,1,1,1,1,295,OVERHEAD,,1
padswitch(r:p1udt22175-p1udt4381)p1u_233008,ABC,p1udt4381,p1udt22175-p1udt4381xx,"LINESTRING(-97.6989459843021 30.4108072005097, -97.6989206269782 30.4108492494995)",1,1,1,1,1,1,295,OVERHEAD,,1
padswitch(r:p1udt22175-p1udt4381)p1u_233009,ABC,p1udt22175-p1udt4381x,p1udt22175,"LINESTRING(-97.6985530528321 30.4110230703288, -97.6985043218486 30.411038640471)",1,1,1,1,1,1,295,OVERHEAD,,1
padswitch(r:p1udt3871-p1udt4381)p1u_233010,ABC,p1udt3871,p1udt3871-p1udt4381x,"LINESTRING(-97.6992594976432 30.4106130665152, -97.6993082283036 30.4105974960805)",1,1,1,1,1,1,295,OVERHEAD,,1
padswitch(r:p1udt3871-p1udt4381)p1u_233011,ABC,p1udt3871-p1udt4381xx,p1udt4381,"LINESTRING(-97.6989839033179 30.4107729919407, -97.6989459843021 30.4108072005097)",1,1,1,1,1,1,295,OVERHEAD,,1
padswitch(r:p1udt16289-p1udt3871)p1u_233012,ABC,p1udt16289,p1udt16289-p1udt3871x,"LINESTRING(-97.6994413651042 30.4105292871427, -97.6993932067598 30.4105461235234)",1,1,1,1,1,1,205,OVERHEAD,,1
padswitch(r:p1udt16289-p1udt3871)p1u_233013,ABC,p1udt16289-p1udt3871xx,p1udt3871,"LINESTRING(-97.6992192836615 30.4105845840587, -97.6992594976432 30.4106130665152)",1,1,1,1,1,1,295,OVERHEAD,,1
padswitch(r:p1udt13996-p1udt16289)p1u_233014,ABC,p1udt13996,p1udt13996-p1udt16289x,"LINESTRING(-97.6995009323483 30.4104620821258, -97.6995496628979 30.4104465115972)",1,1,1,1,1,1,295,OVERHEAD,,1
padswitch(r:p1udt13996-p1udt16289)p1u_233015,ABC,p1udt13996-p1udt16289xx,p1udt16289,"LINESTRING(-97.699448409246 30.4104846727309, -97.6994413651042 30.4105292871427)",1,1,1,1,1,1,295,OVERHEAD,,1
padswitch(r:p1udt13996-p1udt19862)p1u_233016,ABC,p1udt19862,p1udt13996-p1udt19862xx,"LINESTRING(-97.7000941572 30.4106269866438, -97.7000750097779 30.4105845070077)",1,1,1,1,1,1,295,OVERHEAD,,1
padswitch(r:p1udt13996-p1udt19862)p1u_233017,ABC,p1udt13996-p1udt19862x,p1udt13996,"LINESTRING(-97.6994607183539 30.4104335997427, -97.6995009323483 30.4104620821258)",1,1,1,1,1,1,295,OVERHEAD,,1
padswitch(r:p1udt11369-p1udt20025)p1u_233210p1ud3,ABC,p1udt11369,p1udt11369-p1udt20025x,"LINESTRING(-97.7122794950594 30.4195757720474, -97.7123010373113 30.4195330721472)",1,1,1,1,1,1,900,OVERHEAD,,1
padswitch(r:p1udt11369-p1udt20025)p1u_233211p1ud3,ABC,p1udt11369-p1udt20025xx,p1udt20025,"LINESTRING(-97.7115135655429 30.4190360314045, -97.7114643563164 30.4190173312439)",1,1,1,1,1,1,900,OVERHEAD,,1
l(r:p1udt2142-p1udt22532)_disconnect,ABC,p1udt2142_b1_1,p1udt2142_b2_1,"LINESTRING(-97.7119604575228 30.4197249430019, -97.7118824148264 30.4196800109772)",1,1,1,1,1,1,475,OVERHEAD,,1
l(r:p1udt1644-p1udt22532)_disconnect,ABC,p1udt22532_b1_1,p1udt22532_b2_1,"LINESTRING(-97.7103649143874 30.4115714732914, -97.7103449269313 30.4115081154218)",1,1,1,1,1,1,325,OVERHEAD,,1
padswitch(r:p1udt10701-p1udt2115)p1u_234272,A,p1udt10701,p1udt10701-p1udt2115x,"LINESTRING(-97.7231024036047 30.419925661858, -97.7231094379375 30.4198810460839)",0.001,,,0.001,,,151,OVERHEAD,,1
padswitch(r:p1udt10701-p1udt2115)p1u_234273,A,p1udt10701-p1udt2115xx,p1udt2115,"LINESTRING(-97.7235084753955 30.4200830402318, -97.7234621410738 30.420096637659)",0.001,,,0.001,,,151,OVERHEAD,,1
padswitch(r:p1udt10701-p1udt24055)p1u_234274,A,p1udt24055,p1udt10701-p1udt24055xx,"LINESTRING(-97.7226576012954 30.4197047600479, -97.7226094419105 30.4197216050956)",0.001,,,0.001,,,151,OVERHEAD,,1
padswitch(r:p1udt10701-p1udt24055)p1u_234275,A,p1udt10701-p1udt24055x,p1udt10701,"LINESTRING(-97.7231435570447 30.4199531117086, -97.7231024036047 30.419925661858)",0.001,,,0.001,,,151,OVERHEAD,,1
padswitch(r:p1udt11037-p1udt24055)p1u_234276,A,p1udt11037,p1udt11037-p1udt24055x,"LINESTRING(-97.7222023912428 30.4194837548813, -97.7222094259441 30.4194391391636)",0.001,,,0.001,,,151,OVERHEAD,,1
padswitch(r:p1udt11037-p1udt24055)p1u_234277,A,p1udt11037-p1udt24055xx,p1udt24055,"LINESTRING(-97.7226646358102 30.4196601443017, -97.7226576012954 30.4197047600479)",0.001,,,0.001,,,151,OVERHEAD,,1
padswitch(r:p1udt11037-p1udt15004)p1u_234278,A,p1udt15004,p1udt11037-p1udt15004xx,"LINESTRING(-97.7219404263074 30.4193347570953, -97.7219318775857 30.4193791768899)",0.001,,,0.001,,,151,OVERHEAD,,1
padswitch(r:p1udt11037-p1udt15004)p1u_234279,A,p1udt11037-p1udt15004x,p1udt11037,"LINESTRING(-97.722154231896 30.4195005997625, -97.7222023912428 30.4194837548813)",0.001,,,0.001,,,151,OVERHEAD,,1
padswitch(r:p1udt15004-p1udt9951)p1u_234280,A,p1udt9951,p1udt15004-p1udt9951xx,"LINESTRING(-97.7217574927505 30.4192717005224, -97.7217489436337 30.41931612013)",0.001,,,0.001,,,151,OVERHEAD,,1
padswitch(r:p1udt15004-p1udt9951)p1u_234281,A,p1udt15004-p1udt9951x,p1udt15004,"LINESTRING(-97.721900202309 30.4193062815449, -97.7219404263074 30.4193347570953)",0.001,,,0.001,,,151,OVERHEAD,,1
padswitch(r:p1udt20340-p1udt9951)p1u_234282,A,p1udt20340,p1udt20340-p1udt9951x,"LINESTRING(-97.7214104589488 30.4197971360505, -97.7213702345899 30.4197686601585)",0.001,,,0.001,,,151,OVERHEAD,,1
padswitch(r:p1udt20340-p1udt9951)p1u_234283,A,p1udt20340-p1udt9951xx,p1udt9951,"LINESTRING(-97.7218062245151 30.4192561217296, -97.7217574927505 30.4192717005224)",0.001,,,0.001,,,151,OVERHEAD,,1
padswitch(r:p1udt18568-p1udt20340)p1u_234284,A,p1udt18568,p1udt18568-p1udt20340x,"LINESTRING(-97.7213540222912 30.4198724571929, -97.7213951751989 30.4198999075804)",0.001,,,0.001,,,151,OVERHEAD,,1
padswitch(r:p1udt18568-p1udt20340)p1u_234285,A,p1udt18568-p1udt20340xx,p1udt20340,"LINESTRING(-97.7214591910112 30.4197815573915, -97.7214104589488 30.4197971360505)",0.001,,,0.001,,,151,OVERHEAD,,1
padswitch(r:p1udt18568-p1udt295)p1u_234286,A,p1udt295,p1udt18568-p1udt295xx,"LINESTRING(-97.7209431137112 30.4202472233328, -97.7209345641256 30.4202916428676)",0.001,,,0.001,,,151,OVERHEAD,,1
padswitch(r:p1udt18568-p1udt295)p1u_234287,A,p1udt18568-p1udt295x,p1udt18568,"LINESTRING(-97.7213610574114 30.4198278415353, -97.7213540222912 30.4198724571929)",0.001,,,0.001,,,151,OVERHEAD,,1
padswitch(r:p1udt15000-p1udt295)p1u_234288,A,p1udt15000-p1udt295x,p1udt15000-p1udt295xx,"LINESTRING(-97.7205145287433 30.4205691331998, -97.7205561992137 30.420544745976)",0.001,,,0.001,,,151,OVERHEAD,,1
padswitch(r:p1udt15000-p1udt295)p1u_234289,A,p1udt15000-p1udt295xxx,p1udt295,"LINESTRING(-97.7209918460845 30.4202316448639, -97.7209431137112 30.4202472233328)",0.001,,,0.001,,,151,OVERHEAD,,1
padswitch(r:p1udt294-p1udt9191)p1u_234290,B,p1udt294,p1udt294-p1udt9191x,"LINESTRING(-97.7222303927115 30.4205306889104, -97.7222374274934 30.4204860732)",0.001,,,0.001,,,151,OVERHEAD,,1
padswitch(r:p1udt294-p1udt9191)p1u_234291,B,p1udt294-p1udt9191xx,p1udt9191,"LINESTRING(-97.7221515059363 30.4203493625532, -97.7221055739552 30.4203347759959)",0.001,,,0.001,,,205,OVERHEAD,,1
padswitch(r:p1udt14503-p1udt294)p1u_234292,B,p1udt14503-p1udt294x,p1udt14503-p1udt294xx,"LINESTRING(-97.7220701724464 30.4208427492668, -97.7220328728454 30.420813531144)",0.001,,,0.001,,,151,OVERHEAD,,1
padswitch(r:p1udt14503-p1udt294)p1u_234293,B,p1udt14503-p1udt294xxx,p1udt294,"LINESTRING(-97.7221822328481 30.4205475337847, -97.7222303927115 30.4205306889104)",0.001,,,0.001,,,151,OVERHEAD,,1
padswitch(r:p1udt4770-p1udt903)p1u_234294,C,p1udt4770,p1udt4770-p1udt903x,"LINESTRING(-97.7252228801939 30.4217961254076, -97.7251737806186 30.4217770669405)",0.001,,,0.001,,,151,OVERHEAD,,1
padswitch(r:p1udt4770-p1udt903)p1u_234295,C,p1udt4770-p1udt903xx,p1udt903,"LINESTRING(-97.7256287516448 30.4219624799278, -97.7255824166904 30.421976078087)",0.001,,,0.001,,,205,OVERHEAD,,1
padswitch(r:p1udt14500-p1udt6294)p1u_234296,C,p1udt14500,p1udt14500-p1udt6294x,"LINESTRING(-97.7265365401882 30.423252406695, -97.7265279928097 30.423296826641)",0.001,,,0.001,,,151,OVERHEAD,,1
padswitch(r:p1udt14500-p1udt6294)p1u_234297,C,p1udt14500-p1udt6294xx,p1udt6294,"LINESTRING(-97.7265640012634 30.4235737131937, -97.7266024548025 30.4235999060457)",0.001,,,0.001,,,205,OVERHEAD,,1
padswitch(r:p1udt14500-p1udt4772)p1u_234298,C,p1udt4772,p1udt14500-p1udt4772xx,"LINESTRING(-97.7264774774975 30.422990165414, -97.7264689301197 30.4230345853577)",0.001,,,0.001,,,151,OVERHEAD,,1
padswitch(r:p1udt14500-p1udt4772)p1u_234299,C,p1udt14500-p1udt4772x,p1udt14500,"LINESTRING(-97.7265852732639 30.4232368261618, -97.7265365401882 30.423252406695)",0.001,,,0.001,,,151,OVERHEAD,,1
padswitch(r:p1udt4772-p1udt904)p1u_234300,C,p1udt904,p1udt4772-p1udt904xx,"LINESTRING(-97.7262108752725 30.4226809943771, -97.726260089336 30.4226996891002)",0.001,,,0.001,,,151,OVERHEAD,,1
padswitch(r:p1udt4772-p1udt904)p1u_234301,C,p1udt4772-p1udt904x,p1udt4772,"LINESTRING(-97.7265262104498 30.4229745848988, -97.7264774774975 30.422990165414)",0.001,,,0.001,,,151,OVERHEAD,,1
padswitch(r:p1udt13947-p1udt8409)p1u_234302,C,p1udt13947,p1udt13947-p1udt8409x,"LINESTRING(-97.727481509711 30.4234422521589, -97.7275226658686 30.4234697006911)",0.001,,,0.001,,,151,OVERHEAD,,1
padswitch(r:p1udt13947-p1udt8409)p1u_234303,C,p1udt13947-p1udt8409xx,p1udt8409,"LINESTRING(-97.7274956160879 30.4239874858766, -97.727534804026 30.4239621238161)",0.001,,,0.001,,,205,OVERHEAD,,1
padswitch(r:p1udt13947-p1udt9938)p1u_234304,C,p1udt9938,p1udt13947-p1udt9938xx,"LINESTRING(-97.7274444531026 30.4230898249065, -97.7274042256224 30.4230613508058)",0.001,,,0.001,,,151,OVERHEAD,,1
padswitch(r:p1udt13947-p1udt9938)p1u_234305,C,p1udt13947-p1udt9938x,p1udt13947,"LINESTRING(-97.7274885423726 30.4233976361228, -97.727481509711 30.4234422521589)",0.001,,,0.001,,,205,OVERHEAD,,1
padswitch(r:p1udt15517-p1udt9938)p1u_234306,C,p1udt15517,p1udt15517-p1udt9938x,"LINESTRING(-97.7272404483066 30.4227631818602, -97.7272816041159 30.4227906304612)",0.001,,,0.001,,,205,OVERHEAD,,1
padswitch(r:p1udt15517-p1udt9938)p1u_234307,C,p1udt15517-p1udt9938xx,p1udt9938,"LINESTRING(-97.727493185965 30.4230742440275, -97.7274444531026 30.4230898249065)",0.001,,,0.001,,,205,OVERHEAD,,1
padswitch(r:p1udt15517-p1udt24164)p1u_234308,C,p1udt24164,p1udt15517-p1udt24164xx,"LINESTRING(-97.7269918931529 30.42266150592, -97.7270330488481 30.4226889545966)",0.001,,,0.001,,,151,OVERHEAD,,1
padswitch(r:p1udt15517-p1udt24164)p1u_234309,C,p1udt15517-p1udt24164x,p1udt15517,"LINESTRING(-97.727247481017 30.4227185658343, -97.7272404483066 30.4227631818602)",0.001,,,0.001,,,205,OVERHEAD,,1
padswitch(r:p1udt21363-p1udt24164)p1u_234310,C,p1udt21363,p1udt21363-p1udt24164x,"LINESTRING(-97.7266070694123 30.4226306837872, -97.7265589091943 30.4226475302633)",0.001,,,0.001,,,151,OVERHEAD,,1
padswitch(r:p1udt21363-p1udt24164)p1u_234311,C,p1udt21363-p1udt24164xx,p1udt24164,"LINESTRING(-97.7269437329804 30.4226783525394, -97.7269918931529 30.42266150592)",0.001,,,0.001,,,151,OVERHEAD,,1
padswitch(r:p1udt21363-p1udt904)p1u_234312,C,p1udt904,p1udt21363-p1udt904xx,"LINESTRING(-97.7262108752725 30.4226809943771, -97.7261617750544 30.4226619362662)",0.001,,,0.001,,,151,OVERHEAD,,1
padswitch(r:p1udt21363-p1udt904)p1u_234313,C,p1udt21363-p1udt904x,p1udt21363,"LINESTRING(-97.7266141023979 30.4225860678025, -97.7266070694123 30.4226306837872)",0.001,,,0.001,,,151,OVERHEAD,,1
padswitch(r:p1udt21213-p1udt904)p1u_234314,C,p1udt21213,p1udt21213-p1udt904x,"LINESTRING(-97.7256471088508 30.4227927517221, -97.7256541422859 30.4227481358029)",0.001,,,0.001,,,151,OVERHEAD,,1
padswitch(r:p1udt21213-p1udt904)p1u_234315,C,p1udt21213-p1udt904xx,p1udt904,"LINESTRING(-97.7261887878573 30.4227234629208, -97.7262108752725 30.4226809943771)",0.001,,,0.001,,,151,OVERHEAD,,1
padswitch(r:p1udt21213-p1udt905)p1u_234316,C,p1udt905,p1udt21213-p1udt905xx,"LINESTRING(-97.7253471399794 30.422555597932, -97.725295569109 30.4225446876696)",0.001,,,0.001,,,151,OVERHEAD,,1
padswitch(r:p1udt21213-p1udt905)p1u_234317,C,p1udt21213-p1udt905x,p1udt21213,"LINESTRING(-97.7255989484006 30.4228095978366, -97.7256471088508 30.4227927517221)",0.001,,,0.001,,,151,OVERHEAD,,1
padswitch(r:p1udt22034-p1udt905)p1u_234318,C,p1udt905,p1udt22034-p1udt905xx,"LINESTRING(-97.7253471399794 30.422555597932, -97.7253991136438 30.4225665406693)",0.001,,,0.001,,,151,OVERHEAD,,1
padswitch(r:p1udt22034-p1udt905)p1u_234319,C,p1udt22034-p1udt905x,p1udt22034,"LINESTRING(-97.7254478565339 30.422577713182, -97.7254969738576 30.4225827702996)",0.001,,,0.001,,,205,OVERHEAD,,1
padswitch(r:p1udt4770-p1udt905)p1u_234320,C,p1udt4770,p1udt4770-p1udt905x,"LINESTRING(-97.7252228801939 30.4217961254076, -97.7252444174138 30.4217534232382)",0.001,,,0.001,,,151,OVERHEAD,,1
padswitch(r:p1udt4770-p1udt905)p1u_234321,C,p1udt4770-p1udt905xx,p1udt905,"LINESTRING(-97.7253219455507 30.4225985352233, -97.7253471399794 30.422555597932)",0.001,,,0.001,,,151,OVERHEAD,,1
padswitch(r:p1udt4770-p1udt9937)p1u_234322,C,p1udt9937,p1udt4770-p1udt9937xx,"LINESTRING(-97.7251237296466 30.4214071325971, -97.7251307631955 30.4213625167008)",0.001,,,0.001,,,151,OVERHEAD,,1
padswitch(r:p1udt4770-p1udt9937)p1u_234323,C,p1udt4770-p1udt9937x,p1udt4770,"LINESTRING(-97.725272093617 30.4218148204877, -97.7252228801939 30.4217961254076)",0.001,,,0.001,,,151,OVERHEAD,,1
padswitch(r:p1udt15265-p1udt9937)p1u_234324,C,p1udt15265,p1udt15265-p1udt9937x,"LINESTRING(-97.7252137129641 30.4208935325566, -97.7252624450444 30.4208779524844)",0.001,,,0.001,,,151,OVERHEAD,,1
padswitch(r:p1udt15265-p1udt9937)p1u_234325,C,p1udt15265-p1udt9937xx,p1udt9937,"LINESTRING(-97.725164884283 30.4214345818381, -97.7251237296466 30.4214071325971)",0.001,,,0.001,,,151,OVERHEAD,,1
padswitch(r:p1udt15265-p1udt23255)p1u_234326,C,p1udt23255,p1udt15265-p1udt23255xx,"LINESTRING(-97.7245087533031 30.420661244781, -97.7245499074547 30.4206886942052)",0.001,,,0.001,,,205,OVERHEAD,,1
padswitch(r:p1udt15265-p1udt23255)p1u_234327,C,p1udt15265-p1udt23255x,p1udt15265,"LINESTRING(-97.725173487035 30.4208650578031, -97.7252137129641 30.4208935325566)",0.001,,,0.001,,,151,OVERHEAD,,1
padswitch(r:p1udt23255-p1udt9936)p1u_234328,C,p1udt9936,p1udt23255-p1udt9936xx,"LINESTRING(-97.7243112168784 30.420641097195, -97.7242709913228 30.4206126221727)",0.001,,,0.001,,,151,OVERHEAD,,1
padswitch(r:p1udt23255-p1udt9936)p1u_234329,C,p1udt23255-p1udt9936x,p1udt23255,"LINESTRING(-97.7245157870643 30.4206166289194, -97.7245087533031 30.420661244781)",0.001,,,0.001,,,205,OVERHEAD,,1
padswitch(r:p1udt22781-p1udt9936)p1u_234330,C,p1udt22781-p1udt9936x,p1udt22781-p1udt9936xx,"LINESTRING(-97.7240025176203 30.4204743410492, -97.7240514045034 30.4204862542743)",0.001,,,0.001,,,151,OVERHEAD,,1
padswitch(r:p1udt22781-p1udt9936)p1u_234331,C,p1udt22781-p1udt9936xxx,p1udt9936,"LINESTRING(-97.7243026687694 30.4206855169904, -97.7243112168784 30.420641097195)",0.001,,,0.001,,,151,OVERHEAD,,1
padswitch(r:p1udt11020-p1udt5298)p1u_234332,A,p1udt5298,p1udt11020-p1udt5298xx,"LINESTRING(-97.7244946512736 30.4225467283442, -97.7245433842898 30.4225311485711)",0.001,,,0.001,,,151,OVERHEAD,,1
padswitch(r:p1udt11020-p1udt5298)p1u_234333,A,p1udt11020-p1udt5298x,p1udt11020,"LINESTRING(-97.7246162416561 30.4229631599959, -97.7245699060966 30.4229767577762)",0.001,,,0.001,,,205,OVERHEAD,,1
padswitch(r:p1udt2680-p1udt5298)p1u_234334,A,p1udt2680,p1udt2680-p1udt5298x,"LINESTRING(-97.7243764031983 30.4220314373322, -97.724417557872 30.4220588868078)",0.001,,,0.001,,,205,OVERHEAD,,1
padswitch(r:p1udt2680-p1udt5298)p1u_234335,A,p1udt2680-p1udt5298xx,p1udt5298,"LINESTRING(-97.7244861030484 30.4225911481366, -97.7244946512736 30.4225467283442)",0.001,,,0.001,,,151,OVERHEAD,,1
padswitch(r:p1udt12038-p1udt2680)p1u_234336,A,p1udt12038,p1udt12038-p1udt2680x,"LINESTRING(-97.7243172295525 30.4217782169959, -97.7242690693973 30.4217950626299)",0.001,,,0.001,,,151,OVERHEAD,,1
padswitch(r:p1udt12038-p1udt2680)p1u_234337,A,p1udt12038-p1udt2680xx,p1udt2680,"LINESTRING(-97.7243834371414 30.4219868214913, -97.7243764031983 30.4220314373322)",0.001,,,0.001,,,151,OVERHEAD,,1
padswitch(r:p1udt11017-p1udt12038)p1u_234338,A,p1udt11017,p1udt11017-p1udt12038x,"LINESTRING(-97.7242082365727 30.4213530740426, -97.7242493909197 30.4213805235646)",0.001,,,0.001,,,205,OVERHEAD,,1
padswitch(r:p1udt11017-p1udt12038)p1u_234339,A,p1udt11017-p1udt12038xx,p1udt12038,"LINESTRING(-97.7243242634998 30.4217336011568, -97.7243172295525 30.4217782169959)",0.001,,,0.001,,,151,OVERHEAD,,1
padswitch(r:p1udt11017-p1udt12694)p1u_234340,A,p1udt12694,p1udt11017-p1udt12694xx,"LINESTRING(-97.7241294177459 30.4210094322941, -97.7240812579439 30.4210262778706)",0.001,,,0.001,,,205,OVERHEAD,,1
padswitch(r:p1udt11017-p1udt12694)p1u_234341,A,p1udt11017-p1udt12694x,p1udt11017,"LINESTRING(-97.724160076612 30.4213699196429, -97.7242082365727 30.4213530740426)",0.001,,,0.001,,,205,OVERHEAD,,1
padswitch(r:p1udt12694-p1udt24891)p1u_234342,A,p1udt24891,p1udt12694-p1udt24891xx,"LINESTRING(-97.7240900085233 30.4208376114013, -97.7241311626248 30.4208650609555)",0.001,,,0.001,,,151,OVERHEAD,,1
padswitch(r:p1udt12694-p1udt24891)p1u_234343,A,p1udt12694-p1udt24891x,p1udt12694,"LINESTRING(-97.7241705719293 30.4210368818376, -97.7241294177459 30.4210094322941)",0.001,,,0.001,,,151,OVERHEAD,,1
padswitch(r:p1udt22781-p1udt24891)p1u_234344,A,p1udt22781-p1udt24891x,p1udt22781-p1udt24891xx,"LINESTRING(-97.7239442999555 30.420418284114, -97.7239385432668 30.4203745859011)",0.001,,,0.001,,,151,OVERHEAD,,1
padswitch(r:p1udt22781-p1udt24891)p1u_234345,A,p1udt22781-p1udt24891xxx,p1udt24891,"LINESTRING(-97.7240418488005 30.4208544569658, -97.7240900085233 30.4208376114013)",0.001,,,0.001,,,151,OVERHEAD,,1
padswitch(r:p1udt12695-p1udt288)p1u_234356,B,p1udt288,p1udt12695-p1udt288xx,"LINESTRING(-97.7253487986444 30.4233222305947, -97.7253980128485 30.4233409256456)",0.001,,,0.001,,,151,OVERHEAD,,1
padswitch(r:p1udt12695-p1udt288)p1u_234357,B,p1udt12695-p1udt288x,p1udt12695,"LINESTRING(-97.7255809425216 30.4232341338722, -97.725535008649 30.4232195484751)",0.001,,,0.001,,,205,OVERHEAD,,1
padswitch(r:p1udt24982-p1udt7170)p1u_234358,B,p1udt24982,p1udt24982-p1udt7170x,"LINESTRING(-97.7256445023076 30.4237942717499, -97.725651535833 30.4237496558396)",0.001,,,0.001,,,151,OVERHEAD,,1
padswitch(r:p1udt24982-p1udt7170)p1u_234359,B,p1udt24982-p1udt7170xx,p1udt7170,"LINESTRING(-97.7256727753542 30.424182551092, -97.7256264393443 30.4241961492327)",0.001,,,0.001,,,205,OVERHEAD,,1
padswitch(r:p1udt18945-p1udt24982)p1u_234360,B,p1udt18945,p1udt18945-p1udt24982x,"LINESTRING(-97.7256247372406 30.4237128724092, -97.7256317707676 30.4236682564995)",0.001,,,0.001,,,151,OVERHEAD,,1
padswitch(r:p1udt18945-p1udt24982)p1u_234361,B,p1udt18945-p1udt24982xx,p1udt24982,"LINESTRING(-97.725685658073 30.4238217208495, -97.7256445023076 30.4237942717499)",0.001,,,0.001,,,205,OVERHEAD,,1
padswitch(r:p1udt18945-p1udt288)p1u_234362,B,p1udt288,p1udt18945-p1udt288xx,"LINESTRING(-97.7253487986444 30.4233222305947, -97.7253703361707 30.4232795284223)",0.001,,,0.001,,,151,OVERHEAD,,1
padswitch(r:p1udt18945-p1udt288)p1u_234363,B,p1udt18945-p1udt288x,p1udt18945,"LINESTRING(-97.7255765763287 30.4237297185001, -97.7256247372406 30.4237128724092)",0.001,,,0.001,,,151,OVERHEAD,,1
padswitch(r:p1udt13023-p1udt288)p1u_234364,B,p1udt13023,p1udt13023-p1udt288x,"LINESTRING(-97.7248481930166 30.4233804635323, -97.7248893483801 30.4234079128735)",0.001,,,0.001,,,151,OVERHEAD,,1
padswitch(r:p1udt13023-p1udt288)p1u_234365,B,p1udt13023-p1udt288xx,p1udt288,"LINESTRING(-97.7252996982896 30.4233031721569, -97.7253487986444 30.4233222305947)",0.001,,,0.001,,,151,OVERHEAD,,1
padswitch(r:p1udt13023-p1udt15267)p1u_234366,B,p1udt15267,p1udt13023-p1udt15267xx,"LINESTRING(-97.7243578566725 30.4234568791486, -97.7243648907509 30.4234122633214)",0.001,,,0.001,,,151,OVERHEAD,,1
padswitch(r:p1udt13023-p1udt15267)p1u_234367,B,p1udt13023-p1udt15267x,p1udt13023,"LINESTRING(-97.724855226866 30.4233358476716, -97.7248481930166 30.4233804635323)",0.001,,,0.001,,,151,OVERHEAD,,1
padswitch(r:p1udt12039-p1udt15267)p1u_234368,B,p1udt12039,p1udt12039-p1udt15267x,"LINESTRING(-97.723898650181 30.4235424486268, -97.7238901015833 30.4235868683634)",0.001,,,0.001,,,151,OVERHEAD,,1
padswitch(r:p1udt12039-p1udt15267)p1u_234369,B,p1udt12039-p1udt15267xx,p1udt15267,"LINESTRING(-97.7243096956881 30.4234737247701, -97.7243578566725 30.4234568791486)",0.001,,,0.001,,,151,OVERHEAD,,1
padswitch(r:p1udt12039-p1udt287)p1u_234370,B,p1udt287,p1udt12039-p1udt287xx,"LINESTRING(-97.7237107790518 30.4235768751521, -97.723717813434 30.4235322593692)",0.001,,,0.001,,,151,OVERHEAD,,1
padswitch(r:p1udt12039-p1udt287)p1u_234371,B,p1udt12039-p1udt287x,p1udt12039,"LINESTRING(-97.7239473837846 30.4235268690953, -97.723898650181 30.4235424486268)",0.001,,,0.001,,,151,OVERHEAD,,1
padswitch(r:p1udt20019-p1udt287)p1u_234372,B,p1udt20019,p1udt20019-p1udt287x,"LINESTRING(-97.7230598701138 30.4231915464929, -97.7231010248779 30.4232189963823)",0.001,,,0.001,,,151,OVERHEAD,,1
padswitch(r:p1udt20019-p1udt287)p1u_234373,B,p1udt20019-p1udt287xx,p1udt287,"LINESTRING(-97.7237519341636 30.4236043248444, -97.7237107790518 30.4235768751521)",0.001,,,0.001,,,151,OVERHEAD,,1
padswitch(r:p1udt20019-p1udt4771)p1u_234374,B,p1udt4771,p1udt20019-p1udt4771xx,"LINESTRING(-97.7229285333075 30.4228834821262, -97.7228803723829 30.4229003272227)",0.001,,,0.001,,,151,OVERHEAD,,1
padswitch(r:p1udt20019-p1udt4771)p1u_234375,B,p1udt20019-p1udt4771x,p1udt20019,"LINESTRING(-97.7230117090566 30.4232083916334, -97.7230598701138 30.4231915464929)",0.001,,,0.001,,,151,OVERHEAD,,1
padswitch(r:p1udt4771-p1udt9584)p1u_234376,B,p1udt9584,p1udt4771-p1udt9584xx,"LINESTRING(-97.7227240196627 30.4226015553567, -97.7227527663792 30.422640947293)",0.001,,,0.001,,,151,OVERHEAD,,1
padswitch(r:p1udt4771-p1udt9584)p1u_234377,B,p1udt4771-p1udt9584x,p1udt4771,"LINESTRING(-97.7229355679824 30.4228388663895, -97.7229285333075 30.4228834821262)",0.001,,,0.001,,,151,OVERHEAD,,1
padswitch(r:p1udt11019-p1udt297)p1u_234378,B,p1udt297,p1udt11019-p1udt297xx,"LINESTRING(-97.7234847557692 30.4224949155091, -97.723529251403 30.4224716476022)",0.001,,,0.001,,,205,OVERHEAD,,1
padswitch(r:p1udt11019-p1udt297)p1u_234379,B,p1udt11019-p1udt297x,p1udt11019,"LINESTRING(-97.7235722318757 30.4224500363621, -97.7236120501708 30.4224250781715)",0.001,,,0.001,,,205,OVERHEAD,,1
padswitch(r:p1udt17576-p1udt297)p1u_234380,B,p1udt17576,p1udt17576-p1udt297x,"LINESTRING(-97.7230251623342 30.4226588542103, -97.7229770015367 30.4226756993466)",0.001,,,0.001,,,151,OVERHEAD,,1
padswitch(r:p1udt17576-p1udt297)p1u_234381,B,p1udt17576-p1udt297xx,p1udt297,"LINESTRING(-97.7234359799156 30.4224766913336, -97.7234847557692 30.4224949155091)",0.001,,,0.001,,,151,OVERHEAD,,1
padswitch(r:p1udt17576-p1udt9584)p1u_234382,B,p1udt9584,p1udt17576-p1udt9584xx,"LINESTRING(-97.7227240196627 30.4226015553567, -97.7226948522817 30.4225624331306)",0.001,,,0.001,,,151,OVERHEAD,,1
padswitch(r:p1udt17576-p1udt9584)p1u_234383,B,p1udt17576-p1udt9584x,p1udt17576,"LINESTRING(-97.7230663168701 30.4226863041061, -97.7230251623342 30.4226588542103)",0.001,,,0.001,,,151,OVERHEAD,,1
padswitch(r:p1udt2105-p1udt9584)p1u_234384,B,p1udt2105,p1udt2105-p1udt9584x,"LINESTRING(-97.7223332096864 30.4222280058943, -97.7223743638439 30.4222554559994)",0.001,,,0.001,,,151,OVERHEAD,,1
padswitch(r:p1udt2105-p1udt9584)p1u_234385,B,p1udt2105-p1udt9584xx,p1udt9584,"LINESTRING(-97.7227694528856 30.4225766857693, -97.7227240196627 30.4226015553567)",0.001,,,0.001,,,151,OVERHEAD,,1
padswitch(r:p1udt10691-p1udt2105)p1u_234386,B,p1udt10691,p1udt10691-p1udt2105x,"LINESTRING(-97.7219321327947 30.4218541781042, -97.7218830338775 30.4218351184167)",0.001,,,0.001,,,151,OVERHEAD,,1
padswitch(r:p1udt10691-p1udt2105)p1u_234387,B,p1udt10691-p1udt2105xx,p1udt2105,"LINESTRING(-97.7222850489942 30.422244850779, -97.7223332096864 30.4222280058943)",0.001,,,0.001,,,151,OVERHEAD,,1
padswitch(r:p1udt16931-p1udt8803)p1u_234388,B,p1udt16931,p1udt16931-p1udt8803x,"LINESTRING(-97.7228320026055 30.4215020296167, -97.7228390372013 30.4214574138744)",0.001,,,0.001,,,205,OVERHEAD,,1
padswitch(r:p1udt16931-p1udt8803)p1u_234389,B,p1udt16931-p1udt8803xx,p1udt8803,"LINESTRING(-97.7233443686829 30.4214888999188, -97.7232984359809 30.4214743137635)",0.001,,,0.001,,,205,OVERHEAD,,1
padswitch(r:p1udt11022-p1udt16931)p1u_234390,B,p1udt11022,p1udt11022-p1udt16931x,"LINESTRING(-97.7224665945475 30.4215796604768, -97.7224184341991 30.4215965054221)",0.001,,,0.001,,,151,OVERHEAD,,1
padswitch(r:p1udt11022-p1udt16931)p1u_234391,B,p1udt11022-p1udt16931xx,p1udt16931,"LINESTRING(-97.7227838423535 30.4215188746999, -97.7228320026055 30.4215020296167)",0.001,,,0.001,,,151,OVERHEAD,,1
padswitch(r:p1udt10691-p1udt11022)p1u_234392,B,p1udt10691,p1udt10691-p1udt11022x,"LINESTRING(-97.7219321327947 30.4218541781042, -97.721910043753 30.4218966458816)",0.001,,,0.001,,,151,OVERHEAD,,1
padswitch(r:p1udt10691-p1udt11022)p1u_234393,B,p1udt10691-p1udt11022xx,p1udt11022,"LINESTRING(-97.7224736293157 30.4215350447597, -97.7224665945475 30.4215796604768)",0.001,,,0.001,,,151,OVERHEAD,,1
padswitch(r:p1udt10691-p1udt909)p1u_234394,B,p1udt909,p1udt10691-p1udt909xx,"LINESTRING(-97.7216029167795 30.4215441365672, -97.7215547563125 30.4215609811902)",0.001,,,0.001,,,151,OVERHEAD,,1
padswitch(r:p1udt10691-p1udt909)p1u_234395,B,p1udt10691-p1udt909x,p1udt10691,"LINESTRING(-97.7219536714411 30.4218114765194, -97.7219321327947 30.4218541781042)",0.001,,,0.001,,,151,OVERHEAD,,1
padswitch(r:p1udt24892-p1udt909)p1u_234396,B,p1udt24892,p1udt24892-p1udt909x,"LINESTRING(-97.7214598825686 30.4213352084268, -97.721411722183 30.4213520529997)",0.001,,,0.001,,,151,OVERHEAD,,1
padswitch(r:p1udt24892-p1udt909)p1u_234397,B,p1udt24892-p1udt909xx,p1udt909,"LINESTRING(-97.7216099519359 30.4214995209076, -97.7216029167795 30.4215441365672)",0.001,,,0.001,,,151,OVERHEAD,,1
padswitch(r:p1udt20018-p1udt24892)p1u_234398,B,p1udt20018-p1udt24892x,p1udt20018-p1udt24892xx,"LINESTRING(-97.7214743101408 30.420946488479, -97.7214354664314 30.4209188233408)",0.001,,,0.001,,,151,OVERHEAD,,1
padswitch(r:p1udt20018-p1udt24892)p1u_234399,B,p1udt20018-p1udt24892xxx,p1udt24892,"LINESTRING(-97.7215010361057 30.4213626587933, -97.7214598825686 30.4213352084268)",0.001,,,0.001,,,151,OVERHEAD,,1
padswitch(r:p1udt1535-p1udt24780)p1u_234412,C,p1udt24780,p1udt1535-p1udt24780xx,"LINESTRING(-97.7182683369271 30.4233701985376, -97.7182192380266 30.4233511374747)",0.001,,,0.001,,,151,OVERHEAD,,1
padswitch(r:p1udt1535-p1udt24780)p1u_234413,C,p1udt1535-p1udt24780x,p1udt1535,"LINESTRING(-97.7181358948021 30.4232965806935, -97.718089962108 30.4232819927069)",0.001,,,0.001,,,301,OVERHEAD,,1
padswitch(r:p1udt24780-p1udt3275)p1u_234414,C,p1udt24780,p1udt24780-p1udt3275x,"LINESTRING(-97.7182683369271 30.4233701985376, -97.7182462459551 30.4234126656301)",0.001,,,0.001,,,151,OVERHEAD,,1
padswitch(r:p1udt24780-p1udt3275)p1u_234415,C,p1udt24780-p1udt3275xx,p1udt3275,"LINESTRING(-97.7184864976438 30.4234315039599, -97.7185249488796 30.4234576991293)",0.001,,,0.001,,,151,OVERHEAD,,1
padswitch(r:p1udt24780-p1udt4775)p1u_234416,C,p1udt24780-p1udt4775xxx,p1udt24780-p1udt4775xx,"LINESTRING(-97.7185891463132 30.4229027936393, -97.7185952789913 30.4228601896363)",0.001,,,0.001,,,151,OVERHEAD,,1
padswitch(r:p1udt24780-p1udt4775)p1u_234417,C,p1udt24780-p1udt4775x,p1udt24780,"LINESTRING(-97.7182898775049 30.4233274976222, -97.7182683369271 30.4233701985376)",0.001,,,0.001,,,151,OVERHEAD,,1
padswitch(r:p1udt13026-p1udt8011)p1u_234430,A,p1udt13026,p1udt13026-p1udt8011x,"LINESTRING(-97.720689931767 30.4236916714979, -97.7206417700867 30.4237085157439)",0.001,,,0.001,,,151,OVERHEAD,,1
padswitch(r:p1udt13026-p1udt8011)p1u_234431,A,p1udt13026-p1udt8011xx,p1udt8011,"LINESTRING(-97.7209335628414 30.4234000225769, -97.7209727521621 30.4233746625262)",0.001,,,0.001,,,205,OVERHEAD,,1
padswitch(r:p1udt13026-p1udt20338)p1u_234432,A,p1udt20338,p1udt13026-p1udt20338xx,"LINESTRING(-97.7203162234635 30.4236068021748, -97.7203573775962 30.4236342529107)",0.001,,,0.001,,,205,OVERHEAD,,1
padswitch(r:p1udt13026-p1udt20338)p1u_234433,A,p1udt13026-p1udt20338x,p1udt13026,"LINESTRING(-97.7207310860436 30.4237191221196, -97.720689931767 30.4236916714979)",0.001,,,0.001,,,205,OVERHEAD,,1
padswitch(r:p1udt20338-p1udt9585)p1u_234434,A,p1udt9585,p1udt20338-p1udt9585xx,"LINESTRING(-97.7200359894478 30.4235407226889, -97.7200274391094 30.4235851421225)",0.001,,,0.001,,,205,OVERHEAD,,1
padswitch(r:p1udt20338-p1udt9585)p1u_234435,A,p1udt20338-p1udt9585x,p1udt20338,"LINESTRING(-97.7202680617665 30.4236236462825, -97.7203162234635 30.4236068021748)",0.001,,,0.001,,,205,OVERHEAD,,1
padswitch(r:p1udt15519-p1udt9585)p1u_234436,A,p1udt15519,p1udt15519-p1udt9585x,"LINESTRING(-97.7198423956334 30.4232232319422, -97.7197932964768 30.4232041714645)",0.001,,,0.001,,,151,OVERHEAD,,1
padswitch(r:p1udt15519-p1udt9585)p1u_234437,A,p1udt15519-p1udt9585xx,p1udt9585,"LINESTRING(-97.7199957640263 30.4235122463628, -97.7200359894478 30.4235407226889)",0.001,,,0.001,,,205,OVERHEAD,,1
padswitch(r:p1udt18946-p1udt2684)p1u_234438,A,p1udt18946,p1udt18946-p1udt2684x,"LINESTRING(-97.7192763979349 30.423506203642, -97.7192678472578 30.4235506230164)",0.001,,,0.001,,,205,OVERHEAD,,1
padswitch(r:p1udt18946-p1udt2684)p1u_234439,A,p1udt18946-p1udt2684xx,p1udt2684,"LINESTRING(-97.7191217970645 30.4235408543541, -97.7190758640974 30.4235262667076)",0.001,,,0.001,,,205,OVERHEAD,,1
padswitch(r:p1udt18946-p1udt22643)p1u_234440,A,p1udt22643,p1udt18946-p1udt22643xx,"LINESTRING(-97.7195681019438 30.4234911909649, -97.7195751381956 30.4234465754584)",0.001,,,0.001,,,205,OVERHEAD,,1
padswitch(r:p1udt18946-p1udt22643)p1u_234441,A,p1udt18946-p1udt22643x,p1udt18946,"LINESTRING(-97.7193251321894 30.4234906258569, -97.7192763979349 30.423506203642)",0.001,,,0.001,,,205,OVERHEAD,,1
padswitch(r:p1udt15519-p1udt22643)p1u_234442,A,p1udt15519,p1udt15519-p1udt22643x,"LINESTRING(-97.7198423956334 30.4232232319422, -97.7198203053687 30.4232656993225)",0.001,,,0.001,,,151,OVERHEAD,,1
padswitch(r:p1udt15519-p1udt22643)p1u_234443,A,p1udt15519-p1udt22643xx,p1udt22643,"LINESTRING(-97.7195199401863 30.4235080347948, -97.7195681019438 30.4234911909649)",0.001,,,0.001,,,151,OVERHEAD,,1
padswitch(r:p1udt15519-p1udt5809)p1u_234444,A,p1udt5809,p1udt15519-p1udt5809xx,"LINESTRING(-97.7200957965733 30.4229459677385, -97.7201028325374 30.4229013521919)",0.001,,,0.001,,,151,OVERHEAD,,1
padswitch(r:p1udt15519-p1udt5809)p1u_234445,A,p1udt15519-p1udt5809x,p1udt15519,"LINESTRING(-97.7198639355006 30.4231805307456, -97.7198423956334 30.4232232319422)",0.001,,,0.001,,,151,OVERHEAD,,1
padswitch(r:p1udt18564-p1udt5809)p1u_234446,A,p1udt18564,p1udt18564-p1udt5809x,"LINESTRING(-97.7204537448351 30.4226426974447, -97.72046078061 30.4225980818715)",0.001,,,0.001,,,151,OVERHEAD,,1
padswitch(r:p1udt18564-p1udt5809)p1u_234447,A,p1udt18564-p1udt5809xx,p1udt5809,"LINESTRING(-97.7201369503712 30.422973418537, -97.7200957965733 30.4229459677385)",0.001,,,0.001,,,151,OVERHEAD,,1
padswitch(r:p1udt18564-p1udt3780)p1u_234448,A,p1udt3780,p1udt18564-p1udt3780xx,"LINESTRING(-97.7206540265436 30.4224550075046, -97.7207027600697 30.4224394291814)",0.001,,,0.001,,,151,OVERHEAD,,1
padswitch(r:p1udt18564-p1udt3780)p1u_234449,A,p1udt18564-p1udt3780x,p1udt18564,"LINESTRING(-97.7204055836398 30.4226595416198, -97.7204537448351 30.4226426974447)",0.001,,,0.001,,,151,OVERHEAD,,1
padswitch(r:p1udt19501-p1udt3780)p1u_234450,A,p1udt19501-p1udt3780x,p1udt19501-p1udt3780xx,"LINESTRING(-97.7209511064658 30.4220647093393, -97.7209694906947 30.4220241495145)",0.001,,,0.001,,,151,OVERHEAD,,1
padswitch(r:p1udt19501-p1udt3780)p1u_234451,A,p1udt19501-p1udt3780xxx,p1udt3780,"LINESTRING(-97.7206138013689 30.4224265313719, -97.7206540265436 30.4224550075046)",0.001,,,0.001,,,151,OVERHEAD,,1
padswitch(r:p1udt20179-p1udt3783)p1u_234452,A,p1udt20179-p1udt3783x,p1udt20179-p1udt3783xx,"LINESTRING(-97.7218580203757 30.4239052114085, -97.721840572279 30.4239460673077)",0.001,,,0.001,,,151,OVERHEAD,,1
padswitch(r:p1udt20179-p1udt3783)p1u_234453,A,p1udt20179-p1udt3783xxx,p1udt3783,"LINESTRING(-97.7212091446225 30.4238281442783, -97.721247596768 30.4238543386691)",0.001,,,0.001,,,301,OVERHEAD,,1
padswitch(r:p1udt21214-p1udt5301)p1u_234454,C,p1udt5301,p1udt21214-p1udt5301xx,"LINESTRING(-97.7255394509721 30.4246682989054, -97.7255881849047 30.4246527187723)",0.001,,,0.001,,,151,OVERHEAD,,1
padswitch(r:p1udt21214-p1udt5301)p1u_234455,C,p1udt21214-p1udt5301x,p1udt21214,"LINESTRING(-97.7256482754403 30.4244619098938, -97.7256023409883 30.4244473245064)",0.001,,,0.001,,,205,OVERHEAD,,1
padswitch(r:p1udt20178-p1udt5301)p1u_234456,C,p1udt20178,p1udt20178-p1udt5301x,"LINESTRING(-97.7253365214391 30.4250632828254, -97.7253652699119 30.4251026742222)",0.001,,,0.001,,,151,OVERHEAD,,1
padswitch(r:p1udt20178-p1udt5301)p1u_234457,C,p1udt20178-p1udt5301xx,p1udt5301,"LINESTRING(-97.7255309029963 30.4247127187603, -97.7255394509721 30.4246682989054)",0.001,,,0.001,,,151,OVERHEAD,,1
padswitch(r:p1udt19323-p1udt906)p1u_234458,C,p1udt19323,p1udt19323-p1udt906x,"LINESTRING(-97.7269910093724 30.4259368220472, -97.7270321664079 30.4259642707497)",0.001,,,0.001,,,151,OVERHEAD,,1
padswitch(r:p1udt19323-p1udt906)p1u_234459,C,p1udt19323-p1udt906xx,p1udt906,"LINESTRING(-97.7269986856727 30.4261752132281, -97.7270378746299 30.4261498513535)",0.001,,,0.001,,,205,OVERHEAD,,1
padswitch(r:p1udt14220-p1udt19323)p1u_234460,C,p1udt14220,p1udt14220-p1udt19323x,"LINESTRING(-97.7270478422283 30.4255764974415, -97.7270257544703 30.4256189661003)",0.001,,,0.001,,,205,OVERHEAD,,1
padswitch(r:p1udt14220-p1udt19323)p1u_234461,C,p1udt14220-p1udt19323xx,p1udt19323,"LINESTRING(-97.7269428475691 30.4259536686124, -97.7269910093724 30.4259368220472)",0.001,,,0.001,,,205,OVERHEAD,,1
padswitch(r:p1udt16487-p1udt7602)p1u_234462,C,p1udt7602,p1udt16487-p1udt7602xx,"LINESTRING(-97.7273606602488 30.4247313536032, -97.7273676930798 30.4246867375864)",0.001,,,0.001,,,151,OVERHEAD,,1
padswitch(r:p1udt16487-p1udt7602)p1u_234463,C,p1udt16487-p1udt7602x,p1udt16487,"LINESTRING(-97.7277205173966 30.4244370091041, -97.7276745826202 30.4244224244375)",0.001,,,0.001,,,151,OVERHEAD,,1
padswitch(r:p1udt3776-p1udt7602)p1u_234464,C,p1udt3776,p1udt3776-p1udt7602x,"LINESTRING(-97.7272228685117 30.4250234439464, -97.7271841733625 30.4249919580054)",0.001,,,0.001,,,151,OVERHEAD,,1
padswitch(r:p1udt3776-p1udt7602)p1u_234465,C,p1udt3776-p1udt7602xx,p1udt7602,"LINESTRING(-97.727312499104 30.4247482003264, -97.7273606602488 30.4247313536032)",0.001,,,0.001,,,151,OVERHEAD,,1
padswitch(r:p1udt17778-p1udt3776)p1u_234466,C,p1udt3776,p1udt17778-p1udt3776xx,"LINESTRING(-97.7272228685117 30.4250234439464, -97.7272617853424 30.4250552360978)",0.001,,,0.001,,,151,OVERHEAD,,1
padswitch(r:p1udt17778-p1udt3776)p1u_234467,C,p1udt17778-p1udt3776x,p1udt17778,"LINESTRING(-97.7273000810886 30.4250835860043, -97.7273385318164 30.4251106028162)",0.001,,,0.001,,,205,OVERHEAD,,1
padswitch(r:p1udt24465-p1udt3776)p1u_234468,C,p1udt24465,p1udt24465-p1udt3776x,"LINESTRING(-97.7271221438864 30.4254598855005, -97.727163300765 30.425487334159)",0.001,,,0.001,,,151,OVERHEAD,,1
padswitch(r:p1udt24465-p1udt3776)p1u_234469,C,p1udt24465-p1udt3776xx,p1udt3776,"LINESTRING(-97.7271765231219 30.4250500347744, -97.7272228685117 30.4250234439464)",0.001,,,0.001,,,151,OVERHEAD,,1
padswitch(r:p1udt14220-p1udt24465)p1u_234470,C,p1udt14220,p1udt14220-p1udt24465x,"LINESTRING(-97.7270478422283 30.4255764974415, -97.7270693795574 30.4255337949961)",0.001,,,0.001,,,205,OVERHEAD,,1
padswitch(r:p1udt14220-p1udt24465)p1u_234471,C,p1udt14220-p1udt24465xx,p1udt24465,"LINESTRING(-97.7271291768904 30.425415269506, -97.7271221438864 30.4254598855005)",0.001,,,0.001,,,151,OVERHEAD,,1
padswitch(r:p1udt14220-p1udt6297)p1u_234472,C,p1udt6297,p1udt14220-p1udt6297xx,"LINESTRING(-97.7262756161584 30.4257042699495, -97.7262274543579 30.425721116251)",0.001,,,0.001,,,205,OVERHEAD,,1
padswitch(r:p1udt14220-p1udt6297)p1u_234473,C,p1udt14220-p1udt6297x,p1udt14220,"LINESTRING(-97.7270970578963 30.4255951918868, -97.7270478422283 30.4255764974415)",0.001,,,0.001,,,205,OVERHEAD,,1
padswitch(r:p1udt10688-p1udt6297)p1u_234474,C,p1udt10688,p1udt10688-p1udt6297x,"LINESTRING(-97.7257992918204 30.4255101780059, -97.7257772035455 30.4255526464388)",0.001,,,0.001,,,205,OVERHEAD,,1
padswitch(r:p1udt10688-p1udt6297)p1u_234475,C,p1udt10688-p1udt6297xx,p1udt6297,"LINESTRING(-97.7263167728898 30.4257317188701, -97.7262756161584 30.4257042699495)",0.001,,,0.001,,,205,OVERHEAD,,1
padswitch(r:p1udt11692-p1udt4773)p1u_234476,C,p1udt11692,p1udt11692-p1udt4773x,"LINESTRING(-97.726522125927 30.4243620868381, -97.7265135784262 30.4244065067728)",0.001,,,0.001,,,151,OVERHEAD,,1
padswitch(r:p1udt11692-p1udt4773)p1u_234477,C,p1udt11692-p1udt4773xx,p1udt4773,"LINESTRING(-97.7265480832342 30.4239976357624, -97.7265865369309 30.4240238286221)",0.001,,,0.001,,,151,OVERHEAD,,1
padswitch(r:p1udt11692-p1udt19322)p1u_234478,C,p1udt19322,p1udt11692-p1udt19322xx,"LINESTRING(-97.7264437279536 30.4247855713076, -97.726450761205 30.4247409553526)",0.001,,,0.001,,,151,OVERHEAD,,1
padswitch(r:p1udt11692-p1udt19322)p1u_234479,C,p1udt11692-p1udt19322x,p1udt11692,"LINESTRING(-97.7264818982173 30.4243336124514, -97.726522125927 30.4243620868381)",0.001,,,0.001,,,151,OVERHEAD,,1
padswitch(r:p1udt19322-p1udt2102)p1u_234480,C,p1udt2102,p1udt19322-p1udt2102xx,"LINESTRING(-97.726388394322 30.425037673511, -97.7263954276209 30.4249930575618)",0.001,,,0.001,,,151,OVERHEAD,,1
padswitch(r:p1udt19322-p1udt2102)p1u_234481,C,p1udt19322-p1udt2102x,p1udt19322,"LINESTRING(-97.726395566637 30.4248024176871, -97.7264437279536 30.4247855713076)",0.001,,,0.001,,,151,OVERHEAD,,1
padswitch(r:p1udt13350-p1udt2102)p1u_234482,C,p1udt13350,p1udt13350-p1udt2102x,"LINESTRING(-97.7262169046174 30.4254149632651, -97.7262580612133 30.4254424122015)",0.001,,,0.001,,,151,OVERHEAD,,1
padswitch(r:p1udt13350-p1udt2102)p1u_234483,C,p1udt13350-p1udt2102xx,p1udt2102,"LINESTRING(-97.7264295508135 30.4250651223917, -97.726388394322 30.425037673511)",0.001,,,0.001,,,151,OVERHEAD,,1
padswitch(r:p1udt10688-p1udt13350)p1u_234484,C,p1udt10688,p1udt10688-p1udt13350x,"LINESTRING(-97.7257992918204 30.4255101780059, -97.7258485071996 30.4255288729145)",0.001,,,0.001,,,205,OVERHEAD,,1
padswitch(r:p1udt10688-p1udt13350)p1u_234485,C,p1udt10688-p1udt13350xx,p1udt13350,"LINESTRING(-97.7262239380276 30.4253703473307, -97.7262169046174 30.4254149632651)",0.001,,,0.001,,,151,OVERHEAD,,1
padswitch(r:p1udt10688-p1udt20178)p1u_234486,C,p1udt20178,p1udt10688-p1udt20178xx,"LINESTRING(-97.7253365214391 30.4250632828254, -97.7252913149349 30.4250885554303)",0.001,,,0.001,,,151,OVERHEAD,,1
padswitch(r:p1udt10688-p1udt20178)p1u_234487,C,p1udt10688-p1udt20178x,p1udt10688,"LINESTRING(-97.7257501902917 30.4254911197102, -97.7257992918204 30.4255101780059)",0.001,,,0.001,,,205,OVERHEAD,,1
padswitch(r:p1udt1532-p1udt20178)p1u_234488,C,p1udt1532,p1udt1532-p1udt20178x,"LINESTRING(-97.7249186692168 30.4251675204981, -97.7249101209091 30.4252119402998)",0.001,,,0.001,,,205,OVERHEAD,,1
padswitch(r:p1udt1532-p1udt20178)p1u_234489,C,p1udt1532-p1udt20178xx,p1udt20178,"LINESTRING(-97.725307352298 30.425024161147, -97.7253365214391 30.4250632828254)",0.001,,,0.001,,,151,OVERHEAD,,1
padswitch(r:p1udt15268-p1udt1532)p1u_234490,C,p1udt15268-p1udt1532x,p1udt15268-p1udt1532xx,"LINESTRING(-97.7243541578967 30.425260553364, -97.7243153116786 30.4252328890289)",0.001,,,0.001,,,205,OVERHEAD,,1
padswitch(r:p1udt15268-p1udt1532)p1u_234491,C,p1udt15268-p1udt1532xxx,p1udt1532,"LINESTRING(-97.7248784416699 30.4251390456245, -97.7249186692168 30.4251675204981)",0.001,,,0.001,,,151,OVERHEAD,,1
padswitch(r:p1udt10308-p1udt907)p1u_234492,A,p1udt907,p1udt10308-p1udt907xx,"LINESTRING(-97.7282482888776 30.4293507609976, -97.72829750666 30.4293694550399)",0.001,,,0.001,,,151,OVERHEAD,,1
padswitch(r:p1udt10308-p1udt907)p1u_234493,A,p1udt10308-p1udt907x,p1udt10308,"LINESTRING(-97.7291458035676 30.4293413230232, -97.729099866289 30.4293267387978)",0.001,,,0.001,,,151,OVERHEAD,,1
padswitch(r:p1udt20644-p1udt275)p1u_234494,A,p1udt20644,p1udt20644-p1udt275x,"LINESTRING(-97.7284576164292 30.4308683988633, -97.7284863677972 30.4309077896223)",0.001,,,0.001,,,151,OVERHEAD,,1
padswitch(r:p1udt20644-p1udt275)p1u_234495,A,p1udt20644-p1udt275xx,p1udt275,"LINESTRING(-97.7278845905033 30.4310525288661, -97.7278382514863 30.4310661276946)",0.001,,,0.001,,,165,OVERHEAD,,1
padswitch(r:p1udt12031-p1udt7165)p1u_234496,A,p1udt12031,p1udt12031-p1udt7165x,"LINESTRING(-97.7283487782308 30.4312284706304, -97.7283558111921 30.4311838546041)",0.001,,,0.001,,,151,OVERHEAD,,1
padswitch(r:p1udt12031-p1udt7165)p1u_234497,A,p1udt12031-p1udt7165xx,p1udt7165,"LINESTRING(-97.7284699262734 30.4315491734701, -97.7285091170682 30.4315238112243)",0.001,,,0.001,,,151,OVERHEAD,,1
padswitch(r:p1udt12031-p1udt20644)p1u_234498,A,p1udt20644,p1udt12031-p1udt20644xx,"LINESTRING(-97.7284576164292 30.4308683988633, -97.7284124079545 30.4308936724742)",0.001,,,0.001,,,151,OVERHEAD,,1
padswitch(r:p1udt12031-p1udt20644)p1u_234499,A,p1udt12031-p1udt20644x,p1udt12031,"LINESTRING(-97.7283899378292 30.4312559189568, -97.7283487782308 30.4312284706304)",0.001,,,0.001,,,151,OVERHEAD,,1
padswitch(r:p1udt20644-p1udt9928)p1u_234500,A,p1udt9928,p1udt20644-p1udt9928xx,"LINESTRING(-97.7286900067829 30.4306092128234, -97.7286970395344 30.430564596769)",0.001,,,0.001,,,151,OVERHEAD,,1
padswitch(r:p1udt20644-p1udt9928)p1u_234501,A,p1udt20644-p1udt9928x,p1udt20644,"LINESTRING(-97.7284284443755 30.4308292778321, -97.7284576164292 30.4308683988633)",0.001,,,0.001,,,151,OVERHEAD,,1
padswitch(r:p1udt12030-p1udt9928)p1u_234502,A,p1udt12030,p1udt12030-p1udt9928x,"LINESTRING(-97.7288107292602 30.4301321734498, -97.7288518885447 30.4301596216256)",0.001,,,0.001,,,301,OVERHEAD,,1
padswitch(r:p1udt12030-p1udt9928)p1u_234503,A,p1udt12030-p1udt9928xx,p1udt9928,"LINESTRING(-97.7286418429213 30.430626059947, -97.7286900067829 30.4306092128234)",0.001,,,0.001,,,151,OVERHEAD,,1
padswitch(r:p1udt11685-p1udt12030)p1u_234504,A,p1udt11685,p1udt11685-p1udt12030x,"LINESTRING(-97.7288156608832 30.4297530869364, -97.7288643969002 30.4297375056486)",0.001,,,0.001,,,151,OVERHEAD,,1
padswitch(r:p1udt11685-p1udt12030)p1u_234505,A,p1udt11685-p1udt12030xx,p1udt12030,"LINESTRING(-97.7288177619146 30.4300875573832, -97.7288107292602 30.4301321734498)",0.001,,,0.001,,,151,OVERHEAD,,1
padswitch(r:p1udt11685-p1udt907)p1u_234506,A,p1udt907,p1udt11685-p1udt907xx,"LINESTRING(-97.7282482888776 30.4293507609976, -97.7282262007197 30.4293932298262)",0.001,,,0.001,,,151,OVERHEAD,,1
padswitch(r:p1udt11685-p1udt907)p1u_234507,A,p1udt11685-p1udt907x,p1udt11685,"LINESTRING(-97.7287754303267 30.4297246131979, -97.7288156608832 30.4297530869364)",0.001,,,0.001,,,151,OVERHEAD,,1
padswitch(r:p1udt4298-p1udt907)p1u_234508,A,p1udt4298,p1udt4298-p1udt907x,"LINESTRING(-97.7276369761193 30.429119230026, -97.7276148877563 30.4291616987466)",0.001,,,0.001,,,151,OVERHEAD,,1
padswitch(r:p1udt4298-p1udt907)p1u_234509,A,p1udt4298-p1udt907xx,p1udt907,"LINESTRING(-97.7282698265828 30.4293080583869, -97.7282482888776 30.4293507609976)",0.001,,,0.001,,,151,OVERHEAD,,1
padswitch(r:p1udt24263-p1udt6285)p1u_234510,A,p1udt24263,p1udt24263-p1udt6285x,"LINESTRING(-97.7277056470515 30.430238704016, -97.7276574832189 30.4302555507775)",0.001,,,0.001,,,151,OVERHEAD,,1
padswitch(r:p1udt24263-p1udt6285)p1u_234511,A,p1udt24263-p1udt6285xx,p1udt6285,"LINESTRING(-97.7277782874644 30.4302895911113, -97.7278167439088 30.4303157836633)",0.001,,,0.001,,,205,OVERHEAD,,1
padswitch(r:p1udt24263-p1udt5293)p1u_234512,A,p1udt5293,p1udt24263-p1udt5293xx,"LINESTRING(-97.7276025916278 30.4301564930674, -97.7275544278199 30.4301733397918)",0.001,,,0.001,,,151,OVERHEAD,,1
padswitch(r:p1udt24263-p1udt5293)p1u_234513,A,p1udt24263-p1udt5293x,p1udt24263,"LINESTRING(-97.7277126802162 30.4301940880241, -97.7277056470515 30.430238704016)",0.001,,,0.001,,,151,OVERHEAD,,1
padswitch(r:p1udt5292-p1udt5293)p1u_234514,A,p1udt5292,p1udt5292-p1udt5293x,"LINESTRING(-97.7274900624842 30.4300020062643, -97.7275312213297 30.4300294548451)",0.001,,,0.001,,,151,OVERHEAD,,1
padswitch(r:p1udt5292-p1udt5293)p1u_234515,A,p1udt5292-p1udt5293xx,p1udt5293,"LINESTRING(-97.7276437505694 30.4301839416149, -97.7276025916278 30.4301564930674)",0.001,,,0.001,,,151,OVERHEAD,,1
padswitch(r:p1udt14727-p1udt5292)p1u_234516,A,p1udt14727,p1udt14727-p1udt5292x,"LINESTRING(-97.7274510130143 30.4298029496309, -97.7274424653643 30.4298473695888)",0.001,,,0.001,,,205,OVERHEAD,,1
padswitch(r:p1udt14727-p1udt5292)p1u_234517,A,p1udt14727-p1udt5292xx,p1udt5292,"LINESTRING(-97.7274970957256 30.4299573902847, -97.7274900624842 30.4300020062643)",0.001,,,0.001,,,151,OVERHEAD,,1
padswitch(r:p1udt14727-p1udt21366)p1u_234518,A,p1udt21366,p1udt14727-p1udt21366xx,"LINESTRING(-97.7275700833626 30.4294523878512, -97.7275771165188 30.4294077718615)",0.001,,,0.001,,,151,OVERHEAD,,1
padswitch(r:p1udt14727-p1udt21366)p1u_234519,A,p1udt14727-p1udt21366x,p1udt14727,"LINESTRING(-97.7274997492542 30.4297873688598, -97.7274510130143 30.4298029496309)",0.001,,,0.001,,,151,OVERHEAD,,1
padswitch(r:p1udt21366-p1udt4298)p1u_234520,A,p1udt4298,p1udt21366-p1udt4298xx,"LINESTRING(-97.7276369761193 30.429119230026, -97.7276861936616 30.4291379242929)",0.001,,,0.001,,,151,OVERHEAD,,1
padswitch(r:p1udt21366-p1udt4298)p1u_234521,A,p1udt21366-p1udt4298x,p1udt21366,"LINESTRING(-97.7275219199002 30.429469234575, -97.7275700833626 30.4294523878512)",0.001,,,0.001,,,151,OVERHEAD,,1
padswitch(r:p1udt14502-p1udt4298)p1u_234522,A,p1udt14502,p1udt14502-p1udt4298x,"LINESTRING(-97.7272914136773 30.4289834649807, -97.7272828663602 30.4290278851068)",0.001,,,0.001,,,301,OVERHEAD,,1
padswitch(r:p1udt14502-p1udt4298)p1u_234523,A,p1udt14502-p1udt4298xx,p1udt4298,"LINESTRING(-97.7275878724253 30.4291001723705, -97.7276369761193 30.429119230026)",0.001,,,0.001,,,151,OVERHEAD,,1
padswitch(r:p1udt14502-p1udt18352)p1u_234524,A,p1udt14502-p1udt18352xxx,p1udt14502-p1udt18352xx,"LINESTRING(-97.726722938881 30.4287498139909, -97.7266839305267 30.4287220748575)",0.001,,,0.001,,,151,OVERHEAD,,1
padswitch(r:p1udt14502-p1udt18352)p1u_234525,A,p1udt14502-p1udt18352x,p1udt14502,"LINESTRING(-97.7272511842082 30.4289549909638, -97.7272914136773 30.4289834649807)",0.001,,,0.001,,,151,OVERHEAD,,1
padswitch(r:p1udt10297-p1udt5291)p1u_234526,C,p1udt5291,p1udt10297-p1udt5291xx,"LINESTRING(-97.726260401289 30.4300802411764, -97.7262122373071 30.4300970874001)",0.001,,,0.001,,,151,OVERHEAD,,1
padswitch(r:p1udt10297-p1udt5291)p1u_234527,C,p1udt10297-p1udt5291x,p1udt10297,"LINESTRING(-97.7259753164394 30.4304163713152, -97.7260137724302 30.4304425643857)",0.001,,,0.001,,,205,OVERHEAD,,1
padswitch(r:p1udt3259-p1udt5291)p1u_234528,C,p1udt3259,p1udt3259-p1udt5291x,"LINESTRING(-97.7265472399564 30.4296409167621, -97.7264990762385 30.4296577631002)",0.001,,,0.001,,,151,OVERHEAD,,1
padswitch(r:p1udt3259-p1udt5291)p1u_234529,C,p1udt3259-p1udt5291xx,p1udt5291,"LINESTRING(-97.7263015598074 30.430107690136, -97.726260401289 30.4300802411764)",0.001,,,0.001,,,151,OVERHEAD,,1
padswitch(r:p1udt3259-p1udt9183)p1u_234530,C,p1udt9183,p1udt3259-p1udt9183xx,"LINESTRING(-97.7266648069612 30.4294074676965, -97.7266718405237 30.4293628517669)",0.001,,,0.001,,,151,OVERHEAD,,1
padswitch(r:p1udt3259-p1udt9183)p1u_234531,C,p1udt3259-p1udt9183x,p1udt3259,"LINESTRING(-97.7265883983787 30.42966836563, -97.7265472399564 30.4296409167621)",0.001,,,0.001,,,151,OVERHEAD,,1
padswitch(r:p1udt19131-p1udt9183)p1u_234532,C,p1udt19131,p1udt19131-p1udt9183x,"LINESTRING(-97.7268250714074 30.4290932286628, -97.7268662296866 30.429120677441)",0.001,,,0.001,,,205,OVERHEAD,,1
padswitch(r:p1udt19131-p1udt9183)p1u_234533,C,p1udt19131-p1udt9183xx,p1udt9183,"LINESTRING(-97.7266166433782 30.4294243140825, -97.7266648069612 30.4294074676965)",0.001,,,0.001,,,151,OVERHEAD,,1
padswitch(r:p1udt18352-p1udt19131)p1u_234534,C,p1udt18352-p1udt19131x,p1udt18352-p1udt19131xx,"LINESTRING(-97.7268095524865 30.4288048541056, -97.7268518300553 30.4288287173062)",0.001,,,0.001,,,151,OVERHEAD,,1
padswitch(r:p1udt18352-p1udt19131)p1u_234535,C,p1udt18352-p1udt19131xxx,p1udt19131,"LINESTRING(-97.7268321048693 30.4290486127198, -97.7268250714074 30.4290932286628)",0.001,,,0.001,,,205,OVERHEAD,,1
padswitch(r:p1udt16929-p1udt9170)p1u_234540,B,p1udt16929,p1udt16929-p1udt9170x,"LINESTRING(-97.7255084981513 30.4294503195416, -97.7254603343643 30.4294671654944)",0.001,,,0.001,,,151,OVERHEAD,,1
padswitch(r:p1udt16929-p1udt9170)p1u_234541,B,p1udt16929-p1udt9170xx,p1udt9170,"LINESTRING(-97.7254119579701 30.4298283569038, -97.7253656192285 30.4298419548635)",0.001,,,0.001,,,205,OVERHEAD,,1
padswitch(r:p1udt16929-p1udt9582)p1u_234542,B,p1udt9582,p1udt16929-p1udt9582xx,"LINESTRING(-97.7257409383867 30.4291909241998, -97.7257479723486 30.4291463083301)",0.001,,,0.001,,,205,OVERHEAD,,1
padswitch(r:p1udt16929-p1udt9582)p1u_234543,B,p1udt16929-p1udt9582x,p1udt16929,"LINESTRING(-97.7255155322417 30.4294057036896, -97.7255084981513 30.4294503195416)",0.001,,,0.001,,,151,OVERHEAD,,1
padswitch(r:p1udt17575-p1udt9582)p1u_234544,B,p1udt17575,p1udt17575-p1udt9582x,"LINESTRING(-97.7259530248355 30.4288952380372, -97.7259048613951 30.4289120841655)",0.001,,,0.001,,,205,OVERHEAD,,1
padswitch(r:p1udt17575-p1udt9582)p1u_234545,B,p1udt17575-p1udt9582xx,p1udt9582,"LINESTRING(-97.7257820963893 30.4292183733121, -97.7257409383867 30.4291909241998)",0.001,,,0.001,,,205,OVERHEAD,,1
padswitch(r:p1udt17575-p1udt7604)p1u_234546,B,p1udt17575-p1udt7604xxx,p1udt17575-p1udt7604xx,"LINESTRING(-97.7258952353395 30.4282117186372, -97.7259288474699 30.4281793557685)",0.001,,,0.001,,,151,OVERHEAD,,1
padswitch(r:p1udt17575-p1udt7604)p1u_234547,B,p1udt17575-p1udt7604x,p1udt17575,"LINESTRING(-97.7259941827789 30.428922687082, -97.7259530248355 30.4288952380372)",0.001,,,0.001,,,205,OVERHEAD,,1
padswitch(r:p1udt3274-p1udt9581)p1u_234550,C,p1udt3274,p1udt3274-p1udt9581x,"LINESTRING(-97.7251566735402 30.4284814308021, -97.7251637077038 30.4284368149653)",0.001,,,0.001,,,151,OVERHEAD,,1
padswitch(r:p1udt3274-p1udt9581)p1u_234551,C,p1udt3274-p1udt9581xx,p1udt9581,"LINESTRING(-97.7249241932708 30.4287716136241, -97.724963383805 30.4287462524272)",0.001,,,0.001,,,205,OVERHEAD,,1
padswitch(r:p1udt23938-p1udt3274)p1u_234552,C,p1udt23938,p1udt23938-p1udt3274x,"LINESTRING(-97.7253681908247 30.4282306831005, -97.7253596423999 30.4282751029095)",0.001,,,0.001,,,151,OVERHEAD,,1
padswitch(r:p1udt23938-p1udt3274)p1u_234553,C,p1udt23938-p1udt3274xx,p1udt3274,"LINESTRING(-97.7251085101801 30.4284982766394, -97.7251566735402 30.4284814308021)",0.001,,,0.001,,,205,OVERHEAD,,1
padswitch(r:p1udt23938-p1udt3778)p1u_234554,C,p1udt23938-p1udt3778xxx,p1udt23938-p1udt3778xx,"LINESTRING(-97.7254463944743 30.4278551867187, -97.7254038512963 30.427878405084)",0.001,,,0.001,,,205,OVERHEAD,,1
padswitch(r:p1udt23938-p1udt3778)p1u_234555,C,p1udt23938-p1udt3778x,p1udt23938,"LINESTRING(-97.7253279619184 30.4282022083389, -97.7253681908247 30.4282306831005)",0.001,,,0.001,,,151,OVERHEAD,,1
padswitch(r:p1udt11684-p1udt7173)p1u_234560,C,p1udt7173,p1udt11684-p1udt7173xx,"LINESTRING(-97.7243735166311 30.4294044169148, -97.7244254803116 30.4294050679787)",0.001,,,0.001,,,205,OVERHEAD,,1
padswitch(r:p1udt11684-p1udt7173)p1u_234561,C,p1udt11684-p1udt7173x,p1udt11684,"LINESTRING(-97.7244751538628 30.4294045647983, -97.7245243329138 30.4294059159515)",0.001,,,0.001,,,301,OVERHEAD,,1
padswitch(r:p1udt293-p1udt7173)p1u_234562,C,p1udt293,p1udt293-p1udt7173x,"LINESTRING(-97.7241904296373 30.4291216402791, -97.7241422658058 30.4291384857445)",0.001,,,0.001,,,151,OVERHEAD,,1
padswitch(r:p1udt293-p1udt7173)p1u_234563,C,p1udt293-p1udt7173xx,p1udt7173,"LINESTRING(-97.7243431664136 30.4293666263423, -97.7243735166311 30.4294044169148)",0.001,,,0.001,,,301,OVERHEAD,,1
padswitch(r:p1udt15756-p1udt293)p1u_234564,C,p1udt15756,p1udt15756-p1udt293x,"LINESTRING(-97.7241048353621 30.4284982219642, -97.724111870004 30.4284536061978)",0.001,,,0.001,,,151,OVERHEAD,,1
padswitch(r:p1udt15756-p1udt293)p1u_234565,C,p1udt15756-p1udt293xx,p1udt293,"LINESTRING(-97.7242315871587 30.4291490898675, -97.7241904296373 30.4291216402791)",0.001,,,0.001,,,151,OVERHEAD,,1
padswitch(r:p1udt15756-p1udt3273)p1u_234566,C,p1udt3273,p1udt15756-p1udt3273xx,"LINESTRING(-97.7241689438646 30.4283725276966, -97.7241207804027 30.4283893731663)",0.001,,,0.001,,,151,OVERHEAD,,1
padswitch(r:p1udt15756-p1udt3273)p1u_234567,C,p1udt15756-p1udt3273x,p1udt15756,"LINESTRING(-97.7240566718276 30.4285150674078, -97.7241048353621 30.4284982219642)",0.001,,,0.001,,,151,OVERHEAD,,1
padswitch(r:p1udt15269-p1udt3273)p1u_234568,C,p1udt15269,p1udt15269-p1udt3273x,"LINESTRING(-97.7243921482368 30.4280228152215, -97.7243439849844 30.4280396607804)",0.001,,,0.001,,,151,OVERHEAD,,1
padswitch(r:p1udt15269-p1udt3273)p1u_234569,C,p1udt15269-p1udt3273xx,p1udt3273,"LINESTRING(-97.724210101073 30.4283999772857, -97.7241689438646 30.4283725276966)",0.001,,,0.001,,,151,OVERHEAD,,1
padswitch(r:p1udt10307-p1udt15269)p1u_234570,C,p1udt10307,p1udt10307-p1udt15269x,"LINESTRING(-97.7245512608459 30.4277986254687, -97.7245110323591 30.4277701504653)",0.001,,,0.001,,,151,OVERHEAD,,1
padswitch(r:p1udt10307-p1udt15269)p1u_234571,C,p1udt10307-p1udt15269xx,p1udt15269,"LINESTRING(-97.7244333053673 30.4280502647392, -97.7243921482368 30.4280228152215)",0.001,,,0.001,,,151,OVERHEAD,,1
padswitch(r:p1udt10307-p1udt21215)p1u_234572,C,p1udt10307-p1udt21215xxx,p1udt10307-p1udt21215xx,"LINESTRING(-97.7248382436242 30.4273482808551, -97.7248009407659 30.4273190634578)",0.001,,,0.001,,,151,OVERHEAD,,1
padswitch(r:p1udt10307-p1udt21215)p1u_234573,C,p1udt10307-p1udt21215x,p1udt10307,"LINESTRING(-97.724542712098 30.4278430452176, -97.7245512608459 30.4277986254687)",0.001,,,0.001,,,151,OVERHEAD,,1
padswitch(r:p1udt11024-p1udt2686)p1u_234578,B,p1udt11024,p1udt11024-p1udt2686x,"LINESTRING(-97.7195883966458 30.4267214236387, -97.7195798457734 30.4267658430082)",0.001,,,0.001,,,205,OVERHEAD,,1
padswitch(r:p1udt11024-p1udt2686)p1u_234579,B,p1udt11024-p1udt2686xx,p1udt2686,"LINESTRING(-97.7194621516937 30.4268517419464, -97.7195006045083 30.4268779368607)",0.001,,,0.001,,,205,OVERHEAD,,1
padswitch(r:p1udt11024-p1udt2685)p1u_234580,B,p1udt2685,p1udt11024-p1udt2685xx,"LINESTRING(-97.7197163694258 30.4264882545847, -97.7196682061993 30.4265050984204)",0.001,,,0.001,,,205,OVERHEAD,,1
padswitch(r:p1udt11024-p1udt2685)p1u_234581,B,p1udt11024-p1udt2685x,p1udt11024,"LINESTRING(-97.7196371324733 30.4267058457888, -97.7195883966458 30.4267214236387)",0.001,,,0.001,,,151,OVERHEAD,,1
padswitch(r:p1udt11363-p1udt2685)p1u_234582,B,p1udt11363,p1udt11363-p1udt2685x,"LINESTRING(-97.7198973711802 30.42618307904, -97.7198571447454 30.4261546026526)",0.001,,,0.001,,,151,OVERHEAD,,1
padswitch(r:p1udt11363-p1udt2685)p1u_234583,B,p1udt11363-p1udt2685xx,p1udt2685,"LINESTRING(-97.7197575245625 30.4265157055277, -97.7197163694258 30.4264882545847)",0.001,,,0.001,,,151,OVERHEAD,,1
padswitch(r:p1udt11363-p1udt15520)p1u_234584,B,p1udt15520,p1udt11363-p1udt15520xx,"LINESTRING(-97.7201001003837 30.4258062759629, -97.7201412553534 30.4258337267825)",0.001,,,0.001,,,151,OVERHEAD,,1
padswitch(r:p1udt11363-p1udt15520)p1u_234585,B,p1udt11363-p1udt15520x,p1udt11363,"LINESTRING(-97.7198888205033 30.4262274984386, -97.7198973711802 30.42618307904)",0.001,,,0.001,,,151,OVERHEAD,,1
padswitch(r:p1udt15520-p1udt5303)p1u_234586,B,p1udt5303,p1udt15520-p1udt5303xx,"LINESTRING(-97.7204387460318 30.4253945801165, -97.7203896456791 30.4253755198349)",0.001,,,0.001,,,301,OVERHEAD,,1
padswitch(r:p1udt15520-p1udt5303)p1u_234587,B,p1udt15520-p1udt5303x,p1udt15520,"LINESTRING(-97.7201071366007 30.4257616604409, -97.7201001003837 30.4258062759629)",0.001,,,0.001,,,151,OVERHEAD,,1
padswitch(r:p1udt13027-p1udt14222)p1u_234588,B,p1udt14222,p1udt13027-p1udt14222xx,"LINESTRING(-97.7188348947722 30.4262179411959, -97.7188419315992 30.4261733257622)",0.001,,,0.001,,,205,OVERHEAD,,1
padswitch(r:p1udt13027-p1udt14222)p1u_234589,B,p1udt13027-p1udt14222x,p1udt13027,"LINESTRING(-97.7186451424935 30.4264286700833, -97.7186835949188 30.426454865229)",0.001,,,0.001,,,205,OVERHEAD,,1
padswitch(r:p1udt14222-p1udt18565)p1u_234590,B,p1udt18565,p1udt14222-p1udt18565xx,"LINESTRING(-97.7189837068595 30.4259848058712, -97.7189907435984 30.4259401904255)",0.001,,,0.001,,,151,OVERHEAD,,1
padswitch(r:p1udt14222-p1udt18565)p1u_234591,B,p1udt14222-p1udt18565x,p1udt14222,"LINESTRING(-97.7188760495409 30.4262453924077, -97.7188348947722 30.4262179411959)",0.001,,,0.001,,,205,OVERHEAD,,1
padswitch(r:p1udt18565-p1udt3276)p1u_234592,B,p1udt3276,p1udt18565-p1udt3276xx,"LINESTRING(-97.7191326361031 30.4257426485873, -97.7191737907642 30.4257700997038)",0.001,,,0.001,,,151,OVERHEAD,,1
padswitch(r:p1udt18565-p1udt3276)p1u_234593,B,p1udt18565-p1udt3276x,p1udt18565,"LINESTRING(-97.7190248615763 30.4260122570353, -97.7189837068595 30.4259848058712)",0.001,,,0.001,,,151,OVERHEAD,,1
padswitch(r:p1udt3276-p1udt5304)p1u_234594,B,p1udt5304,p1udt3276-p1udt5304xx,"LINESTRING(-97.7193343411343 30.4254466998698, -97.7193830763569 30.4254311220948)",0.001,,,0.001,,,151,OVERHEAD,,1
padswitch(r:p1udt3276-p1udt5304)p1u_234595,B,p1udt3276-p1udt5304x,p1udt3276,"LINESTRING(-97.7191396727528 30.4256980331295, -97.7191326361031 30.4257426485873)",0.001,,,0.001,,,151,OVERHEAD,,1
padswitch(r:p1udt23371-p1udt5304)p1u_234596,B,p1udt23371,p1udt23371-p1udt5304x,"LINESTRING(-97.7195877086757 30.4251786693974, -97.7195395460811 30.4251955132067)",0.001,,,0.001,,,151,OVERHEAD,,1
padswitch(r:p1udt23371-p1udt5304)p1u_234597,B,p1udt23371-p1udt5304xx,p1udt5304,"LINESTRING(-97.7192941151636 30.425418223319, -97.7193343411343 30.4254466998698)",0.001,,,0.001,,,151,OVERHEAD,,1
padswitch(r:p1udt16252-p1udt23371)p1u_234598,B,p1udt16252,p1udt16252-p1udt23371x,"LINESTRING(-97.719961321727 30.4252723913436, -97.7199210956364 30.4252439149821)",0.001,,,0.001,,,205,OVERHEAD,,1
padswitch(r:p1udt16252-p1udt23371)p1u_234599,B,p1udt16252-p1udt23371xx,p1udt23371,"LINESTRING(-97.719628863239 30.4252061203696, -97.7195877086757 30.4251786693974)",0.001,,,0.001,,,151,OVERHEAD,,1
padswitch(r:p1udt16252-p1udt20180)p1u_234600,B,p1udt20180,p1udt16252-p1udt20180xx,"LINESTRING(-97.7201481025599 30.425319508964, -97.7200999399837 30.4253363529806)",0.001,,,0.001,,,151,OVERHEAD,,1
padswitch(r:p1udt16252-p1udt20180)p1u_234601,B,p1udt16252-p1udt20180x,p1udt16252,"LINESTRING(-97.719952771174 30.4253168107555, -97.719961321727 30.4252723913436)",0.001,,,0.001,,,205,OVERHEAD,,1
padswitch(r:p1udt20180-p1udt5303)p1u_234602,B,p1udt5303,p1udt20180-p1udt5303xx,"LINESTRING(-97.7204387460318 30.4253945801165, -97.7204602861561 30.4253518788416)",0.001,,,0.001,,,301,OVERHEAD,,1
padswitch(r:p1udt20180-p1udt5303)p1u_234603,B,p1udt20180-p1udt5303x,p1udt20180,"LINESTRING(-97.7201551387118 30.4252748934346, -97.7201481025599 30.425319508964)",0.001,,,0.001,,,205,OVERHEAD,,1
padswitch(r:p1udt17973-p1udt5303)p1u_234604,B,p1udt17973,p1udt17973-p1udt5303x,"LINESTRING(-97.7208118959534 30.4255154970107, -97.7207637333843 30.4255323412722)",0.001,,,0.001,,,151,OVERHEAD,,1
padswitch(r:p1udt17973-p1udt5303)p1u_234605,B,p1udt17973-p1udt5303xx,p1udt5303,"LINESTRING(-97.7204879602546 30.4254132770161, -97.7204387460318 30.4253945801165)",0.001,,,0.001,,,301,OVERHEAD,,1
padswitch(r:p1udt17973-p1udt4300)p1u_234606,B,p1udt4300,p1udt17973-p1udt4300xx,"LINESTRING(-97.7209671279219 30.4255890299987, -97.7209269014009 30.4255605539365)",0.001,,,0.001,,,151,OVERHEAD,,1
padswitch(r:p1udt17973-p1udt4300)p1u_234607,B,p1udt17973-p1udt4300x,p1udt17973,"LINESTRING(-97.7208189318219 30.4254708814385, -97.7208118959534 30.4255154970107)",0.001,,,0.001,,,151,OVERHEAD,,1
padswitch(r:p1udt4300-p1udt9185)p1u_234608,B,p1udt9185,p1udt4300-p1udt9185xx,"LINESTRING(-97.721629071002 30.4259293190235, -97.7216745060629 30.4259044498815)",0.001,,,0.001,,,151,OVERHEAD,,1
padswitch(r:p1udt4300-p1udt9185)p1u_234609,B,p1udt4300-p1udt9185x,p1udt4300,"LINESTRING(-97.7210158629798 30.4255734516089, -97.7209671279219 30.4255890299987)",0.001,,,0.001,,,151,OVERHEAD,,1
padswitch(r:p1udt15272-p1udt8012)p1u_234610,B,p1udt8012,p1udt15272-p1udt8012xx,"LINESTRING(-97.7209054057279 30.4263284762058, -97.7209124416265 30.4262838606345)",0.001,,,0.001,,,151,OVERHEAD,,1
padswitch(r:p1udt15272-p1udt8012)p1u_234611,B,p1udt15272-p1udt8012x,p1udt15272,"LINESTRING(-97.7207576967178 30.4266337123606, -97.7207117620533 30.4266191252483)",0.001,,,0.001,,,205,OVERHEAD,,1
padswitch(r:p1udt17152-p1udt8012)p1u_234612,B,p1udt17152,p1udt17152-p1udt8012x,"LINESTRING(-97.7210966789908 30.4260325940184, -97.7211378343442 30.4260600445335)",0.001,,,0.001,,,205,OVERHEAD,,1
padswitch(r:p1udt17152-p1udt8012)p1u_234613,B,p1udt17152-p1udt8012xx,p1udt8012,"LINESTRING(-97.7209465611466 30.426355926782, -97.7209054057279 30.4263284762058)",0.001,,,0.001,,,205,OVERHEAD,,1
padswitch(r:p1udt17152-p1udt9185)p1u_234614,B,p1udt9185,p1udt17152-p1udt9185xx,"LINESTRING(-97.721629071002 30.4259293190235, -97.7215999031275 30.4258901965563)",0.001,,,0.001,,,151,OVERHEAD,,1
padswitch(r:p1udt17152-p1udt9185)p1u_234615,B,p1udt17152-p1udt9185x,p1udt17152,"LINESTRING(-97.7210485162092 30.4260494383778, -97.7210966789908 30.4260325940184)",0.001,,,0.001,,,205,OVERHEAD,,1
padswitch(r:p1udt9185-p1udt9587)p1u_234616,B,p1udt9587,p1udt9185-p1udt9587xx,"LINESTRING(-97.7218874049188 30.4260764306164, -97.7218392422402 30.4260932752708)",0.001,,,0.001,,,151,OVERHEAD,,1
padswitch(r:p1udt9185-p1udt9587)p1u_234617,B,p1udt9185-p1udt9587x,p1udt9185,"LINESTRING(-97.7215838631826 30.4259545903022, -97.721629071002 30.4259293190235)",0.001,,,0.001,,,151,OVERHEAD,,1
padswitch(r:p1udt17780-p1udt9587)p1u_234618,B,p1udt17780-p1udt9587x,p1udt17780-p1udt9587xx,"LINESTRING(-97.7223407008591 30.4263375728054, -97.7223787955106 30.4263666549496)",0.001,,,0.001,,,205,OVERHEAD,,1
padswitch(r:p1udt17780-p1udt9587)p1u_234619,B,p1udt17780-p1udt9587xxx,p1udt9587,"LINESTRING(-97.7218944403499 30.4260318149772, -97.7218874049188 30.4260764306164)",0.001,,,0.001,,,151,OVERHEAD,,1
padswitch(r:p1udt299-p1udt5305)p1u_234620,A,p1udt5305,p1udt299-p1udt5305xx,"LINESTRING(-97.7217523620043 30.4268510794862, -97.7217593975656 30.4268064638628)",0.001,,,0.001,,,205,OVERHEAD,,1
padswitch(r:p1udt299-p1udt5305)p1u_234621,A,p1udt299-p1udt5305x,p1udt299,"LINESTRING(-97.7216157264105 30.426981126641, -97.7216541798742 30.4270073209381)",0.001,,,0.001,,,205,OVERHEAD,,1
padswitch(r:p1udt16488-p1udt5305)p1u_234622,A,p1udt16488,p1udt16488-p1udt5305x,"LINESTRING(-97.721943869085 30.426537152497, -97.7218957061858 30.4265539971649)",0.001,,,0.001,,,151,OVERHEAD,,1
padswitch(r:p1udt16488-p1udt5305)p1u_234623,A,p1udt16488-p1udt5305xx,p1udt5305,"LINESTRING(-97.7217935178842 30.4268785298062, -97.7217523620043 30.4268510794862)",0.001,,,0.001,,,205,OVERHEAD,,1
padswitch(r:p1udt16488-p1udt17780)p1u_234624,A,p1udt16488-p1udt17780xxx,p1udt16488-p1udt17780xx,"LINESTRING(-97.7222550703831 30.426325849939, -97.7222074380864 30.4263411578966)",0.001,,,0.001,,,151,OVERHEAD,,1
padswitch(r:p1udt16488-p1udt17780)p1u_234625,A,p1udt16488-p1udt17780x,p1udt16488,"LINESTRING(-97.7219850248924 30.4265646027557, -97.721943869085 30.426537152497)",0.001,,,0.001,,,151,OVERHEAD,,1
padswitch(r:p1udt19855-p1udt3787)p1u_234632,C,p1udt19855,p1udt19855-p1udt3787x,"LINESTRING(-97.7205793310481 30.4273807904842, -97.720628067064 30.4273652122706)",0.001,,,0.001,,,151,OVERHEAD,,1
padswitch(r:p1udt19855-p1udt3787)p1u_234633,C,p1udt19855-p1udt3787xx,p1udt3787,"LINESTRING(-97.7205516101737 30.4271421358911, -97.7205900634027 30.4271683304948)",0.001,,,0.001,,,205,OVERHEAD,,1
padswitch(r:p1udt19855-p1udt2107)p1u_234634,C,p1udt2107,p1udt19855-p1udt2107xx,"LINESTRING(-97.7210133814797 30.4276288346305, -97.7210204174452 30.4275842190633)",0.001,,,0.001,,,165,OVERHEAD,,1
padswitch(r:p1udt19855-p1udt2107)p1u_234635,C,p1udt19855-p1udt2107x,p1udt19855,"LINESTRING(-97.7205707805534 30.4274252099253, -97.7205793310481 30.4273807904842)",0.001,,,0.001,,,151,OVERHEAD,,1
padswitch(r:p1udt2107-p1udt9186)p1u_234636,C,p1udt9186,p1udt2107-p1udt9186xx,"LINESTRING(-97.7212593377287 30.4277433327861, -97.7212208840936 30.4277171383703)",0.001,,,0.001,,,151,OVERHEAD,,1
padswitch(r:p1udt2107-p1udt9186)p1u_234637,C,p1udt2107-p1udt9186x,p1udt2107,"LINESTRING(-97.7210545374621 30.4276562851838, -97.7210133814797 30.4276288346305)",0.001,,,0.001,,,115,OVERHEAD,,1
padswitch(r:p1udt15273-p1udt16933)p1u_234638,C,p1udt16933,p1udt15273-p1udt16933xx,"LINESTRING(-97.7226738649564 30.4272479144873, -97.7227226006021 30.4272323354798)",0.001,,,0.001,,,151,OVERHEAD,,1
padswitch(r:p1udt15273-p1udt16933)p1u_234639,C,p1udt15273-p1udt16933x,p1udt15273,"LINESTRING(-97.7223872307507 30.4277014911875, -97.7224256847046 30.4277276852684)",0.001,,,0.001,,,115,OVERHEAD,,1
padswitch(r:p1udt16933-p1udt18947)p1u_234640,C,p1udt18947,p1udt16933-p1udt18947xx,"LINESTRING(-97.7228237276396 30.4269335786536, -97.7227835000205 30.4269051031384)",0.001,,,0.001,,,151,OVERHEAD,,1
padswitch(r:p1udt16933-p1udt18947)p1u_234641,C,p1udt16933-p1udt18947x,p1udt16933,"LINESTRING(-97.7226653154197 30.4272923340939, -97.7226738649564 30.4272479144873)",0.001,,,0.001,,,301,OVERHEAD,,1
padswitch(r:p1udt16489-p1udt18947)p1u_234642,C,p1udt16489-p1udt18947x,p1udt16489-p1udt18947xx,"LINESTRING(-97.7232495336723 30.4267999916444, -97.7232998024809 30.4267995138052)",0.001,,,0.001,,,151,OVERHEAD,,1
padswitch(r:p1udt16489-p1udt18947)p1u_234643,C,p1udt16489-p1udt18947xxx,p1udt18947,"LINESTRING(-97.7228151782033 30.426977998275, -97.7228237276396 30.4269335786536)",0.001,,,0.001,,,301,OVERHEAD,,1
padswitch(r:p1udt17379-p1udt23839)p1u_234648,A,p1udt17379,p1udt17379-p1udt23839x,"LINESTRING(-97.7231627533048 30.4280356608543, -97.7231871299142 30.4280754375276)",0.001,,,0.001,,,165,OVERHEAD,,1
padswitch(r:p1udt17379-p1udt23839)p1u_234649,A,p1udt17379-p1udt23839xx,p1udt23839,"LINESTRING(-97.7232097799665 30.4281137674451, -97.7232349926455 30.4281503588506)",0.001,,,0.001,,,301,OVERHEAD,,1
padswitch(r:p1udt10689-p1udt17379)p1u_234650,A,p1udt10689,p1udt10689-p1udt17379x,"LINESTRING(-97.7234060691703 30.4277876016528, -97.7234131040656 30.427742985927)",0.001,,,0.001,,,151,OVERHEAD,,1
padswitch(r:p1udt10689-p1udt17379)p1u_234651,A,p1udt10689-p1udt17379xx,p1udt17379,"LINESTRING(-97.7231100389459 30.4280300374376, -97.7231627533048 30.4280356608543)",0.001,,,0.001,,,165,OVERHEAD,,1
padswitch(r:p1udt10689-p1udt24689)p1u_234652,A,p1udt24689,p1udt10689-p1udt24689xx,"LINESTRING(-97.7235121731514 30.4276352496572, -97.723464009953 30.4276520948934)",0.001,,,0.001,,,151,OVERHEAD,,1
padswitch(r:p1udt10689-p1udt24689)p1u_234653,A,p1udt10689-p1udt24689x,p1udt10689,"LINESTRING(-97.7233579058793 30.4278044468469, -97.7234060691703 30.4277876016528)",0.001,,,0.001,,,151,OVERHEAD,,1
padswitch(r:p1udt12040-p1udt24689)p1u_234654,A,p1udt12040,p1udt12040-p1udt24689x,"LINESTRING(-97.7235974555137 30.4274826939565, -97.7236386121911 30.4275101437143)",0.001,,,0.001,,,205,OVERHEAD,,1
padswitch(r:p1udt12040-p1udt24689)p1u_234655,A,p1udt12040-p1udt24689xx,p1udt24689,"LINESTRING(-97.7235533298663 30.4276626994424, -97.7235121731514 30.4276352496572)",0.001,,,0.001,,,151,OVERHEAD,,1
padswitch(r:p1udt12040-p1udt25271)p1u_234656,A,p1udt25271,p1udt12040-p1udt25271xx,"LINESTRING(-97.7237149091966 30.4272582693744, -97.723666746218 30.4272751146927)",0.001,,,0.001,,,151,OVERHEAD,,1
padswitch(r:p1udt12040-p1udt25271)p1u_234657,A,p1udt12040-p1udt25271x,p1udt12040,"LINESTRING(-97.7236044902951 30.4274380782152, -97.7235974555137 30.4274826939565)",0.001,,,0.001,,,205,OVERHEAD,,1
padswitch(r:p1udt14221-p1udt25271)p1u_234658,A,p1udt14221-p1udt25271x,p1udt14221-p1udt25271xx,"LINESTRING(-97.724155116853 30.4271224751633, -97.7242061352217 30.4271242179528)",0.001,,,0.001,,,151,OVERHEAD,,1
padswitch(r:p1udt14221-p1udt25271)p1u_234659,A,p1udt14221-p1udt25271xxx,p1udt25271,"LINESTRING(-97.7237219439047 30.4272136536233, -97.7237149091966 30.4272582693744)",0.001,,,0.001,,,151,OVERHEAD,,1
padswitch(r:p1udt11021-p1udt6295)p1u_234668,B,p1udt11021,p1udt11021-p1udt6295x,"LINESTRING(-97.724293009538 30.4244397446932, -97.7243000437333 30.4243951288789)",0.001,,,0.001,,,151,OVERHEAD,,1
padswitch(r:p1udt11021-p1udt6295)p1u_234669,B,p1udt11021-p1udt6295xx,p1udt6295,"LINESTRING(-97.7244626235648 30.4242389392393, -97.7245010767732 30.4242651326993)",0.001,,,0.001,,,151,OVERHEAD,,1
padswitch(r:p1udt11021-p1udt16712)p1u_234670,B,p1udt11021-p1udt16712xxx,p1udt11021-p1udt16712xx,"LINESTRING(-97.7237803636865 30.4246310642006, -97.7237430621584 30.4246018465275)",0.001,,,0.001,,,151,OVERHEAD,,1
padswitch(r:p1udt11021-p1udt16712)p1u_234671,B,p1udt11021-p1udt16712x,p1udt11021,"LINESTRING(-97.7242448480541 30.4244565902742, -97.724293009538 30.4244397446932)",0.001,,,0.001,,,151,OVERHEAD,,1
padswitch(r:p1udt21499-p1udt9184)p1u_234676,A,p1udt21499,p1udt21499-p1udt9184x,"LINESTRING(-97.7229435464297 30.4241287929625, -97.7229505812088 30.4240841772357)",0.001,,,0.001,,,151,OVERHEAD,,1
padswitch(r:p1udt21499-p1udt9184)p1u_234677,A,p1udt21499-p1udt9184xx,p1udt9184,"LINESTRING(-97.7230534037305 30.4237198774282, -97.7230918563482 30.4237460712889)",0.001,,,0.001,,,301,OVERHEAD,,1
padswitch(r:p1udt21499-p1udt3784)p1u_234678,A,p1udt21499-p1udt3784xxx,p1udt21499-p1udt3784xx,"LINESTRING(-97.7228245527566 30.4242617507331, -97.722874544827 30.4242570644872)",0.001,,,0.001,,,151,OVERHEAD,,1
padswitch(r:p1udt21499-p1udt3784)p1u_234679,A,p1udt21499-p1udt3784x,p1udt21499,"LINESTRING(-97.7228953848875 30.4241456380441, -97.7229435464297 30.4241287929625)",0.001,,,0.001,,,301,OVERHEAD,,1
padswitch(r:p1udt11023-p1udt15001)p1u_234708,ABC,p1udt15001,p1udt11023-p1udt15001xx,"LINESTRING(-97.718729593687 30.4205453041561, -97.718775525218 30.4205598918895)",1,1,1,1,1,1,370,OVERHEAD,,1
padswitch(r:p1udt11023-p1udt15001)p1u_234709,ABC,p1udt11023-p1udt15001x,p1udt11023,"LINESTRING(-97.7197477564006 30.4211104065792, -97.7197968545144 30.4211294670498)",1,1,1,1,1,1,295,OVERHEAD,,1
padswitch(r:p1udt10304-p1udt22781)p1u_234346,ABC,p1udt10304,p1udt10304-p1udt22781x,"LINESTRING(-97.7235219251606 30.4204891864222, -97.7235289593535 30.420444570625)",1,1,1,1,1,1,295,OVERHEAD,,1
padswitch(r:p1udt10304-p1udt22781)p1u_234347,ABC,p1udt10304-p1udt22781xx,p1udt22781,"LINESTRING(-97.7238945112027 30.4204704191279, -97.7239488200425 30.420465483318)",1,1,1,1,1,1,151,OVERHEAD,,1
padswitch(r:p1udt10304-p1udt10690)p1u_234348,ABC,p1udt10690,p1udt10304-p1udt10690xx,"LINESTRING(-97.7229986103201 30.4207006187096, -97.7229504504933 30.4207174638683)",1,1,1,1,1,1,295,OVERHEAD,,1
padswitch(r:p1udt10304-p1udt10690)p1u_234349,ABC,p1udt10304-p1udt10690x,p1udt10304,"LINESTRING(-97.7234737655216 30.4205060317801, -97.7235219251606 30.4204891864222)",1,1,1,1,1,1,295,OVERHEAD,,1
padswitch(r:p1udt10690-p1udt17779)p1u_234350,ABC,p1udt17779,p1udt10690-p1udt17779xx,"LINESTRING(-97.7225915656849 30.4207778426857, -97.7226327193245 30.4208052927)",1,1,1,1,1,1,295,OVERHEAD,,1
padswitch(r:p1udt10690-p1udt17779)p1u_234351,ABC,p1udt10690-p1udt17779x,p1udt10690,"LINESTRING(-97.7230397640469 30.4207280685982, -97.7229986103201 30.4207006187096)",1,1,1,1,1,1,295,OVERHEAD,,1
padswitch(r:p1udt14503-p1udt17779)p1u_234352,ABC,p1udt14503,p1udt14503-p1udt17779x,"LINESTRING(-97.722112373287 30.4208714751996, -97.7221545236904 30.4209001267276)",1,1,1,1,1,1,295,OVERHEAD,,1
padswitch(r:p1udt14503-p1udt17779)p1u_234353,ABC,p1udt14503-p1udt17779xx,p1udt17779,"LINESTRING(-97.7225434057554 30.420794687691, -97.7225915656849 30.4207778426857)",1,1,1,1,1,1,295,OVERHEAD,,1
padswitch(r:p1udt14503-p1udt20018)p1u_234354,ABC,p1udt20018,p1udt14503-p1udt20018xx,"LINESTRING(-97.7215180369652 30.4209734430969, -97.7214926863581 30.4210154966103)",1,1,1,1,1,1,295,OVERHEAD,,1
padswitch(r:p1udt14503-p1udt20018)p1u_234355,ABC,p1udt14503-p1udt20018x,p1udt14503,"LINESTRING(-97.7220847538499 30.4209124403849, -97.722112373287 30.4208714751996)",1,1,1,1,1,1,295,OVERHEAD,,1
padswitch(r:p1udt17151-p1udt20018)p1u_234400,ABC,p1udt17151,p1udt17151-p1udt20018x,"LINESTRING(-97.721079790816 30.4209433278416, -97.7211285235198 30.4209277493325)",1,1,1,1,1,1,295,OVERHEAD,,1
padswitch(r:p1udt17151-p1udt20018)p1u_234401,ABC,p1udt17151-p1udt20018xx,p1udt20018,"LINESTRING(-97.7215616638844 30.4210003803004, -97.7215180369652 30.4209734430969)",1,1,1,1,1,1,295,OVERHEAD,,1
padswitch(r:p1udt17151-p1udt20493)p1u_234402,ABC,p1udt20493,p1udt17151-p1udt20493xx,"LINESTRING(-97.7209247009875 30.4208606020088, -97.7209734336722 30.420845023557)",1,1,1,1,1,1,295,OVERHEAD,,1
padswitch(r:p1udt17151-p1udt20493)p1u_234403,ABC,p1udt17151-p1udt20493x,p1udt17151,"LINESTRING(-97.7210395661162 30.4209148518479, -97.721079790816 30.4209433278416)",1,1,1,1,1,1,295,OVERHEAD,,1
padswitch(r:p1udt20493-p1udt23939)p1u_234404,ABC,p1udt23939,p1udt20493-p1udt23939xx,"LINESTRING(-97.7207906493532 30.4207602078283, -97.7208318024597 30.4207876583959)",1,1,1,1,1,1,295,OVERHEAD,,1
padswitch(r:p1udt20493-p1udt23939)p1u_234405,ABC,p1udt20493-p1udt23939x,p1udt20493,"LINESTRING(-97.7208844763677 30.4208321259692, -97.7209247009875 30.4208606020088)",1,1,1,1,1,1,295,OVERHEAD,,1
padswitch(r:p1udt15000-p1udt23939)p1u_234406,ABC,p1udt15000,p1udt15000-p1udt23939x,"LINESTRING(-97.7204681185955 30.4205924710556, -97.7204339994754 30.4205553748379)",1,1,1,1,1,1,295,OVERHEAD,,1
padswitch(r:p1udt15000-p1udt23939)p1u_234407,ABC,p1udt15000-p1udt23939xx,p1udt23939,"LINESTRING(-97.7207424891483 30.4207770521605, -97.7207906493532 30.4207602078283)",1,1,1,1,1,1,295,OVERHEAD,,1
padswitch(r:p1udt11359-p1udt15000)p1u_234408,ABC,p1udt11359,p1udt11359-p1udt15000x,"LINESTRING(-97.7200281345867 30.4209512380419, -97.7200692875487 30.4209786888453)",1,1,1,1,1,1,295,OVERHEAD,,1
padswitch(r:p1udt11359-p1udt15000)p1u_234409,ABC,p1udt11359-p1udt15000xx,p1udt15000,"LINESTRING(-97.7204218279394 30.4206158294199, -97.7204681185955 30.4205924710556)",1,1,1,1,1,1,295,OVERHEAD,,1
padswitch(r:p1udt11023-p1udt11359)p1u_234410,ABC,p1udt11023,p1udt11023-p1udt11359x,"LINESTRING(-97.7197968545144 30.4211294670498, -97.7197747647367 30.4211719344487)",1,1,1,1,1,1,295,OVERHEAD,,1
padswitch(r:p1udt11023-p1udt11359)p1u_234411,ABC,p1udt11023-p1udt11359xx,p1udt11359,"LINESTRING(-97.7200351704038 30.4209066224824, -97.7200281345867 30.4209512380419)",1,1,1,1,1,1,295,OVERHEAD,,1
padswitch(r:p1udt16928-p1udt18352)p1u_234536,ABC,p1udt16928,p1udt16928-p1udt18352x,"LINESTRING(-97.7264871406034 30.428656831454, -97.7264941741796 30.4286122155297)",1,1,1,1,1,1,151,OVERHEAD,,1
padswitch(r:p1udt16928-p1udt18352)p1u_234537,ABC,p1udt16928-p1udt18352xx,p1udt18352,"LINESTRING(-97.7267334094506 30.4288161379185, -97.7267662651631 30.4287773111199)",1,1,1,1,1,1,151,OVERHEAD,,1
padswitch(r:p1udt16928-p1udt7604)p1u_234538,ABC,p1udt7604,p1udt16928-p1udt7604xx,"LINESTRING(-97.7258576797514 30.4282449526483, -97.7258206915337 30.4282785317644)",1,1,1,1,1,1,295,OVERHEAD,,1
padswitch(r:p1udt16928-p1udt7604)p1u_234539,ABC,p1udt16928-p1udt7604x,p1udt16928,"LINESTRING(-97.7264389773661 30.4286736777859, -97.7264871406034 30.428656831454)",1,1,1,1,1,1,295,OVERHEAD,,1
padswitch(r:p1udt3778-p1udt7604)p1u_234548,ABC,p1udt3778,p1udt3778-p1udt7604x,"LINESTRING(-97.7254896550793 30.4278276435277, -97.725464139229 30.4277856814371)",1,1,1,1,1,1,295,OVERHEAD,,1
padswitch(r:p1udt3778-p1udt7604)p1u_234549,ABC,p1udt3778-p1udt7604xx,p1udt7604,"LINESTRING(-97.7258133643135 30.428217124506, -97.7258576797514 30.4282449526483)",1,1,1,1,1,1,295,OVERHEAD,,1
padswitch(r:p1udt3778-p1udt5302)p1u_234556,ABC,p1udt5302,p1udt3778-p1udt5302xx,"LINESTRING(-97.7251585830112 30.4275340423104, -97.7251104201231 30.427550888164)",1,1,1,1,1,1,295,OVERHEAD,,1
padswitch(r:p1udt3778-p1udt5302)p1u_234557,ABC,p1udt3778-p1udt5302x,p1udt3778,"LINESTRING(-97.7255277086764 30.4278617699486, -97.7254896550793 30.4278276435277)",1,1,1,1,1,1,295,OVERHEAD,,1
padswitch(r:p1udt21215-p1udt5302)p1u_234558,ABC,p1udt21215,p1udt21215-p1udt5302x,"LINESTRING(-97.7248804480388 30.4273770059677, -97.7249226020108 30.4274056566765)",1,1,1,1,1,1,295,OVERHEAD,,1
padswitch(r:p1udt21215-p1udt5302)p1u_234559,ABC,p1udt21215-p1udt5302xx,p1udt5302,"LINESTRING(-97.7251997401654 30.4275614915887, -97.7251585830112 30.4275340423104)",1,1,1,1,1,1,295,OVERHEAD,,1
padswitch(r:p1udt21215-p1udt9580)p1u_234574,ABC,p1udt9580,p1udt21215-p1udt9580xx,"LINESTRING(-97.7244856472674 30.4272387345072, -97.7244374844202 30.4272555801141)",1,1,1,1,1,1,295,OVERHEAD,,1
padswitch(r:p1udt21215-p1udt9580)p1u_234575,ABC,p1udt21215-p1udt9580x,p1udt21215,"LINESTRING(-97.724920163023 30.4273443581182, -97.7248804480388 30.4273770059677)",1,1,1,1,1,1,295,OVERHEAD,,1
padswitch(r:p1udt14221-p1udt9580)p1u_234576,ABC,p1udt14221,p1udt14221-p1udt9580x,"LINESTRING(-97.7241002020749 30.4271169532812, -97.7241140145465 30.4270704460289)",1,1,1,1,1,1,295,OVERHEAD,,1
padswitch(r:p1udt14221-p1udt9580)p1u_234577,ABC,p1udt14221-p1udt9580xx,p1udt9580,"LINESTRING(-97.7245268041043 30.4272661839901, -97.7244856472674 30.4272387345072)",1,1,1,1,1,1,295,OVERHEAD,,1
padswitch(r:p1udt13948-p1udt17780)p1u_234626,ABC,p1udt13948,p1udt13948-p1udt17780x,"LINESTRING(-97.7226210241799 30.4265076892883, -97.7225728614023 30.4265245342099)",1,1,1,1,1,1,205,OVERHEAD,,1
padswitch(r:p1udt13948-p1udt17780)p1u_234627,ABC,p1udt13948-p1udt17780xx,p1udt17780,"LINESTRING(-97.7222786765264 30.4262609149424, -97.7223031184314 30.4263031668166)",1,1,1,1,1,1,151,OVERHEAD,,1
padswitch(r:p1udt13948-p1udt18353)p1u_234628,ABC,p1udt18353,p1udt13948-p1udt18353xx,"LINESTRING(-97.7227862997214 30.4266085587427, -97.7227933347925 30.4265639430481)",1,1,1,1,1,1,295,OVERHEAD,,1
padswitch(r:p1udt13948-p1udt18353)p1u_234629,ABC,p1udt13948-p1udt18353x,p1udt13948,"LINESTRING(-97.722662180173 30.4265351393386, -97.7226210241799 30.4265076892883)",1,1,1,1,1,1,205,OVERHEAD,,1
padswitch(r:p1udt16489-p1udt18353)p1u_234630,ABC,p1udt16489,p1udt16489-p1udt18353x,"LINESTRING(-97.7231959615444 30.4268026509757, -97.723142446869 30.4268046403129)",1,1,1,1,1,1,205,OVERHEAD,,1
padswitch(r:p1udt16489-p1udt18353)p1u_234631,ABC,p1udt16489-p1udt18353xx,p1udt18353,"LINESTRING(-97.722827455804 30.426636008743, -97.7227862997214 30.4266085587427)",1,1,1,1,1,1,295,OVERHEAD,,1
padswitch(r:p1udt12697-p1udt16489)p1u_234644,ABC,p1udt12697,p1udt12697-p1udt16489x,"LINESTRING(-97.7234697538221 30.4268949551054, -97.7234215909856 30.426911800338)",1,1,1,1,1,1,295,OVERHEAD,,1
padswitch(r:p1udt12697-p1udt16489)p1u_234645,ABC,p1udt12697-p1udt16489xx,p1udt16489,"LINESTRING(-97.7231906602087 30.4268498427081, -97.7231959615444 30.4268026509757)",1,1,1,1,1,1,205,OVERHEAD,,1
padswitch(r:p1udt12697-p1udt14221)p1u_234646,ABC,p1udt14221,p1udt12697-p1udt14221xx,"LINESTRING(-97.7241002020749 30.4271169532812, -97.7240580591239 30.4270860803264)",1,1,1,1,1,1,295,OVERHEAD,,1
padswitch(r:p1udt12697-p1udt14221)p1u_234647,ABC,p1udt12697-p1udt14221x,p1udt12697,"LINESTRING(-97.723476788609 30.4268503393675, -97.7234697538221 30.4268949551054)",1,1,1,1,1,1,205,OVERHEAD,,1
padswitch(r:p1udt14221-p1udt3271)p1u_234660,ABC,p1udt3271,p1udt14221-p1udt3271xx,"LINESTRING(-97.7242975116343 30.4256939756204, -97.7242493495265 30.4257108211824)",1,1,1,1,1,1,295,OVERHEAD,,1
padswitch(r:p1udt14221-p1udt3271)p1u_234661,ABC,p1udt14221-p1udt3271x,p1udt14221,"LINESTRING(-97.724051189487 30.4271387779277, -97.7241002020749 30.4271169532812)",1,1,1,1,1,1,295,OVERHEAD,,1
padswitch(r:p1udt15268-p1udt3271)p1u_234662,ABC,p1udt15268,p1udt15268-p1udt3271x,"LINESTRING(-97.7243978874292 30.425287507077, -97.7243725368504 30.4253295611261)",1,1,1,1,1,1,295,OVERHEAD,,1
padswitch(r:p1udt15268-p1udt3271)p1u_234663,ABC,p1udt15268-p1udt3271xx,p1udt3271,"LINESTRING(-97.7243045459391 30.4256493598168, -97.7242975116343 30.4256939756204)",1,1,1,1,1,1,295,OVERHEAD,,1
padswitch(r:p1udt15268-p1udt291)p1u_234664,ABC,p1udt291,p1udt15268-p1udt291xx,"LINESTRING(-97.7240992832726 30.4249250893754, -97.7240511215164 30.424941934876)",1,1,1,1,1,1,295,OVERHEAD,,1
padswitch(r:p1udt15268-p1udt291)p1u_234665,ABC,p1udt15268-p1udt291x,p1udt15268,"LINESTRING(-97.7244358036401 30.4252532910937, -97.7243978874292 30.425287507077)",1,1,1,1,1,1,295,OVERHEAD,,1
padswitch(r:p1udt16712-p1udt291)p1u_234666,ABC,p1udt16712,p1udt16712-p1udt291x,"LINESTRING(-97.7238225666381 30.4246597896249, -97.7238622808272 30.4246271420627)",1,1,1,1,1,1,295,OVERHEAD,,1
padswitch(r:p1udt16712-p1udt291)p1u_234667,ABC,p1udt16712-p1udt291xx,p1udt291,"LINESTRING(-97.7241404390496 30.4249525389589, -97.7240992832726 30.4249250893754)",1,1,1,1,1,1,295,OVERHEAD,,1
padswitch(r:p1udt1531-p1udt16712)p1u_234672,ABC,p1udt1531,p1udt1531-p1udt16712x,"LINESTRING(-97.7234286006241 30.4244583628165, -97.7234356352127 30.4244137470602)",1,1,1,1,1,1,295,OVERHEAD,,1
padswitch(r:p1udt1531-p1udt16712)p1u_234673,ABC,p1udt1531-p1udt16712xx,p1udt16712,"LINESTRING(-97.7237949467745 30.4247007551388, -97.7238225666381 30.4246597896249)",1,1,1,1,1,1,295,OVERHEAD,,1
padswitch(r:p1udt1531-p1udt3784)p1u_234674,ABC,p1udt3784,p1udt1531-p1udt3784xx,"LINESTRING(-97.7227709275996 30.4242634439763, -97.7227655689381 30.424310670864)",1,1,1,1,1,1,295,OVERHEAD,,1
padswitch(r:p1udt1531-p1udt3784)p1u_234675,ABC,p1udt1531-p1udt3784x,p1udt1531,"LINESTRING(-97.7234697560142 30.4244858126025, -97.7234286006241 30.4244583628165)",1,1,1,1,1,1,295,OVERHEAD,,1
padswitch(r:p1udt3784-p1udt8411)p1u_234680,ABC,p1udt8411,p1udt3784-p1udt8411xx,"LINESTRING(-97.7220176195023 30.4240746165278, -97.7220587743234 30.4241020667444)",1,1,1,1,1,1,295,OVERHEAD,,1
padswitch(r:p1udt3784-p1udt8411)p1u_234681,ABC,p1udt3784-p1udt8411x,p1udt3784,"LINESTRING(-97.7227608259184 30.4242168300122, -97.7227709275996 30.4242634439763)",1,1,1,1,1,1,295,OVERHEAD,,1
padswitch(r:p1udt20179-p1udt8411)p1u_234682,ABC,p1udt20179,p1udt20179-p1udt8411x,"LINESTRING(-97.7218800869506 30.4238628089933, -97.721833603301 30.4238377177459)",1,1,1,1,1,1,295,OVERHEAD,,1
padswitch(r:p1udt20179-p1udt8411)p1u_234683,ABC,p1udt20179-p1udt8411xx,p1udt8411,"LINESTRING(-97.721969457841 30.424091461264, -97.7220176195023 30.4240746165278)",1,1,1,1,1,1,295,OVERHEAD,,1
padswitch(r:p1udt20179-p1udt25179)p1u_234684,ABC,p1udt25179,p1udt20179-p1udt25179xx,"LINESTRING(-97.7219285139548 30.4237218500537, -97.7219355491576 30.4236772343913)",1,1,1,1,1,1,295,OVERHEAD,,1
padswitch(r:p1udt20179-p1udt25179)p1u_234685,ABC,p1udt20179-p1udt25179x,p1udt20179,"LINESTRING(-97.7219327779553 30.4238756163801, -97.7218800869506 30.4238628089933)",1,1,1,1,1,1,295,OVERHEAD,,1
padswitch(r:p1udt25179-p1udt9586)p1u_234686,ABC,p1udt9586,p1udt25179-p1udt9586xx,"LINESTRING(-97.7219957971813 30.4233525688504, -97.721947635876 30.4233694135904)",1,1,1,1,1,1,295,OVERHEAD,,1
padswitch(r:p1udt25179-p1udt9586)p1u_234687,ABC,p1udt25179-p1udt9586x,p1udt25179,"LINESTRING(-97.7219696686055 30.423749300295, -97.7219285139548 30.4237218500537)",1,1,1,1,1,1,295,OVERHEAD,,1
padswitch(r:p1udt19854-p1udt9586)p1u_234688,ABC,p1udt19854,p1udt19854-p1udt9586x,"LINESTRING(-97.7218661101644 30.4229181986664, -97.721907264468 30.4229456489205)",1,1,1,1,1,1,205,OVERHEAD,,1
padswitch(r:p1udt19854-p1udt9586)p1u_234689,ABC,p1udt19854-p1udt9586xx,p1udt9586,"LINESTRING(-97.7220028323207 30.4233079531802, -97.7219957971813 30.4233525688504)",1,1,1,1,1,1,295,OVERHEAD,,1
padswitch(r:p1udt19854-p1udt2683)p1u_234690,ABC,p1udt2683,p1udt19854-p1udt2683xx,"LINESTRING(-97.7218046075353 30.4228452415261, -97.7217960580666 30.4228896611048)",1,1,1,1,1,1,295,OVERHEAD,,1
padswitch(r:p1udt19854-p1udt2683)p1u_234691,ABC,p1udt19854-p1udt2683x,p1udt19854,"LINESTRING(-97.7218179490549 30.4229350433651, -97.7218661101644 30.4229181986664)",1,1,1,1,1,1,205,OVERHEAD,,1
padswitch(r:p1udt2683-p1udt3781)p1u_234692,ABC,p1udt3781,p1udt2683-p1udt3781xx,"LINESTRING(-97.7215268104548 30.4225900507364, -97.7215338457388 30.4225454350909)",1,1,1,1,1,1,205,OVERHEAD,,1
padswitch(r:p1udt2683-p1udt3781)p1u_234693,ABC,p1udt2683-p1udt3781x,p1udt2683,"LINESTRING(-97.721764381857 30.4228167657356, -97.7218046075353 30.4228452415261)",1,1,1,1,1,1,295,OVERHEAD,,1
padswitch(r:p1udt3781-p1udt9583)p1u_234694,ABC,p1udt9583,p1udt3781-p1udt9583xx,"LINESTRING(-97.721228094291 30.4223435058461, -97.7212351296884 30.4222988902185)",1,1,1,1,1,1,295,OVERHEAD,,1
padswitch(r:p1udt3781-p1udt9583)p1u_234695,ABC,p1udt3781-p1udt9583x,p1udt3781,"LINESTRING(-97.721567964525 30.4226175010922, -97.7215268104548 30.4225900507364)",1,1,1,1,1,1,205,OVERHEAD,,1
padswitch(r:p1udt19501-p1udt9583)p1u_234696,ABC,p1udt19501,p1udt19501-p1udt9583x,"LINESTRING(-97.7209348282422 30.4221090192871, -97.7208808896014 30.4221008905066)",1,1,1,1,1,1,295,OVERHEAD,,1
padswitch(r:p1udt19501-p1udt9583)p1u_234697,ABC,p1udt19501-p1udt9583xx,p1udt9583,"LINESTRING(-97.7211799333669 30.4223603503157, -97.721228094291 30.4223435058461)",1,1,1,1,1,1,295,OVERHEAD,,1
padswitch(r:p1udt10692-p1udt19501)p1u_234698,ABC,p1udt10692,p1udt10692-p1udt19501x,"LINESTRING(-97.7207955963954 30.4219781798339, -97.7207870465625 30.4220225993414)",1,1,1,1,1,1,295,OVERHEAD,,1
padswitch(r:p1udt10692-p1udt19501)p1u_234699,ABC,p1udt10692-p1udt19501xx,p1udt19501,"LINESTRING(-97.7209839841457 30.4221298955268, -97.7209348282422 30.4221090192871)",1,1,1,1,1,1,295,OVERHEAD,,1
padswitch(r:p1udt10692-p1udt22287)p1u_234700,ABC,p1udt22287,p1udt10692-p1udt22287xx,"LINESTRING(-97.7205896149848 30.4218048971576, -97.72063076846 30.4218323477952)",1,1,1,1,1,1,295,OVERHEAD,,1
padswitch(r:p1udt10692-p1udt22287)p1u_234701,ABC,p1udt10692-p1udt22287x,p1udt10692,"LINESTRING(-97.7207553713683 30.4219497037473, -97.7207955963954 30.4219781798339)",1,1,1,1,1,1,295,OVERHEAD,,1
padswitch(r:p1udt22287-p1udt4299)p1u_234702,ABC,p1udt4299,p1udt22287-p1udt4299xx,"LINESTRING(-97.7203115824369 30.421576637191, -97.7203607947444 30.4215953340938)",1,1,1,1,1,1,295,OVERHEAD,,1
padswitch(r:p1udt22287-p1udt4299)p1u_234703,ABC,p1udt22287-p1udt4299x,p1udt22287,"LINESTRING(-97.7205966506235 30.421760281568, -97.7205896149848 30.4218048971576)",1,1,1,1,1,1,295,OVERHEAD,,1
padswitch(r:p1udt23838-p1udt4299)p1u_234704,ABC,p1udt23838,p1udt23838-p1udt4299x,"LINESTRING(-97.7200849412585 30.4213848954349, -97.7200919770885 30.4213402798754)",1,1,1,1,1,1,295,OVERHEAD,,1
padswitch(r:p1udt23838-p1udt4299)p1u_234705,ABC,p1udt23838-p1udt4299xx,p1udt4299,"LINESTRING(-97.7202894927707 30.4216191046776, -97.7203115824369 30.421576637191)",1,1,1,1,1,1,295,OVERHEAD,,1
padswitch(r:p1udt11023-p1udt23838)p1u_234706,ABC,p1udt11023,p1udt11023-p1udt23838x,"LINESTRING(-97.7197968545144 30.4211294670498, -97.7198183939064 30.4210867658348)",1,1,1,1,1,1,295,OVERHEAD,,1
padswitch(r:p1udt11023-p1udt23838)p1u_234707,ABC,p1udt11023-p1udt23838xx,p1udt23838,"LINESTRING(-97.7201260944145 30.4214123462243, -97.7200849412585 30.4213848954349)",1,1,1,1,1,1,295,OVERHEAD,,1
padswitch(r:p1udt3782-p1udt4775)p1u_234418,ABC,p1udt3782,p1udt3782-p1udt4775x,"LINESTRING(-97.7186600223507 30.4228687219236, -97.7186670589585 30.4228241064724)",1,1,1,1,1,1,295,OVERHEAD,,1
padswitch(r:p1udt3782-p1udt4775)p1u_234419,ABC,p1udt3782-p1udt4775xx,p1udt4775,"LINESTRING(-97.7185376111033 30.4229687939292, -97.7185842030123 30.4229476239026)",1,1,1,1,1,1,151,OVERHEAD,,1
padswitch(r:p1udt3782-p1udt910)p1u_234420,ABC,p1udt910,p1udt3782-p1udt910xx,"LINESTRING(-97.7188914030005 30.4226905344765, -97.7188984394875 30.4226459190082)",1,1,1,1,1,1,295,OVERHEAD,,1
padswitch(r:p1udt3782-p1udt910)p1u_234421,ABC,p1udt3782-p1udt910x,p1udt3782,"LINESTRING(-97.7187011756977 30.4228961731627, -97.7186600223507 30.4228687219236)",1,1,1,1,1,1,295,OVERHEAD,,1
padswitch(r:p1udt8804-p1udt910)p1u_234422,ABC,p1udt8804,p1udt8804-p1udt910x,"LINESTRING(-97.7191859678556 30.4224586574939, -97.7191774172472 30.4225030768707)",1,1,1,1,1,1,301,OVERHEAD,,1
padswitch(r:p1udt8804-p1udt910)p1u_234423,ABC,p1udt8804-p1udt910xx,p1udt910,"LINESTRING(-97.7188432415348 30.4227073780666, -97.7188914030005 30.4226905344765)",1,1,1,1,1,1,295,OVERHEAD,,1
padswitch(r:p1udt296-p1udt8804)p1u_234424,ABC,p1udt296,p1udt296-p1udt8804x,"LINESTRING(-97.7195646019807 30.4221647870516, -97.7195164408831 30.4221816309021)",1,1,1,1,1,1,295,OVERHEAD,,1
padswitch(r:p1udt296-p1udt8804)p1u_234425,ABC,p1udt296-p1udt8804xx,p1udt8804,"LINESTRING(-97.719234701596 30.4224430797256, -97.7191859678556 30.4224586574939)",1,1,1,1,1,1,301,OVERHEAD,,1
padswitch(r:p1udt10693-p1udt296)p1u_234426,ABC,p1udt10693,p1udt10693-p1udt296x,"LINESTRING(-97.720006535806 30.42180820414, -97.7200476891124 30.4218356549569)",1,1,1,1,1,1,295,OVERHEAD,,1
padswitch(r:p1udt10693-p1udt296)p1u_234427,ABC,p1udt10693-p1udt296xx,p1udt296,"LINESTRING(-97.7195716381159 30.4221201715337, -97.7195646019807 30.4221647870516)",1,1,1,1,1,1,295,OVERHEAD,,1
padswitch(r:p1udt10693-p1udt4299)p1u_234428,ABC,p1udt4299,p1udt10693-p1udt4299xx,"LINESTRING(-97.7203115824369 30.421576637191, -97.7203331217136 30.4215339358903)",1,1,1,1,1,1,295,OVERHEAD,,1
padswitch(r:p1udt10693-p1udt4299)p1u_234429,ABC,p1udt10693-p1udt4299x,p1udt10693,"LINESTRING(-97.7200135717092 30.4217635885895, -97.720006535806 30.42180820414)",1,1,1,1,1,1,295,OVERHEAD,,1
l(r:p1udt22170-p1uhs0_1247)_disconnect,ABC,p1udt22170-p1uhs0_1247x_b1_1,p1udt22170-p1uhs0_1247x_b2_1,"LINESTRING(-97.7135839708336 30.4187914150668, -97.7136355191889 30.4187154931588)",1,1,1,1,1,1,325,OVERHEAD,,1
