transformer_name,phase_code,primary_bus,secondary_bus,tertiary_bus,geometry,primary_kva,primary_voltage_kv,secondary_voltage_kv,tertiary_voltage_kv,primary_connection,secondary_connection,tertiary_connection,primary_grounded,secondary_grounded,tertiary_grounded,resistance_pct,reactance_pct,equipment_no_load_loss,equipment_full_load_loss,is_center_tapped,in_service
sb2_p1uhs0_1247_trans_51,ABC,sb2_p1uhs0_1247_node_2_10,sb2_p1uhs0_1247_node_2_11,,POINT(-97.7123302744762 30.4196723387843),300000,39.838337182448,7.19976905311778,,DELTA,STAR,,0,0,,0.33831264,,0.0,0.67662528,0,1
tr(r:p1udt276-p1udt276lv),B,p1udt276,p1udt276lv,p1udt276lv,POINT(-97.7153747492833 30.4318541326013),25,7.2,0.12,0.12,STAR,STAR,STAR,0,0,0,0.532544,,0.472,0.798816,1,1
tr(r:p1udt277-p1udt277lv),A,p1udt277,p1udt277lv,p1udt277lv,POINT(-97.7129990841026 30.4342692036738),25,7.2,0.12,0.12,STAR,STAR,STAR,0,0,0,0.532544,,0.472,0.798816,1,1
tr(r:p1udt285-p1udt285lv),B,p1udt285,p1udt285lv,p1udt285lv,POINT(-97.7289291139386 30.4201990745471),75,7.2,0.12,0.12,STAR,STAR,STAR,0,0,0,0.33284,,0.38,0.49926,1,1
tr(r:p1udt292-p1udt292lv),C,p1udt292,p1udt292lv,p1udt292lv,POINT(-97.7284887074979 30.4276657769545),75,7.2,0.12,0.12,STAR,STAR,STAR,0,0,0,0.33284,,0.38,0.49926,1,1
tr(r:p1udt298-p1udt298lv),C,p1udt298,p1udt298lv,p1udt298lv,POINT(-97.7138329125783 30.4265475410854),50,7.2,0.12,0.12,STAR,STAR,STAR,0,0,0,0.532544,,0.37,0.798816,1,1
tr(r:p1udt301-p1udt301lv),C,p1udt301,p1udt301lv,p1udt301lv,POINT(-97.7270500533602 30.4141714855783),50,7.2,0.12,0.12,STAR,STAR,STAR,0,0,0,0.532544,,0.37,0.798816,1,1
tr(r:p1udt302-p1udt302lv),ABC,p1udt302,p1udt302lv,p1udt302lv,POINT(-97.7252182799774 30.4155486919044),50,7.2,0.12,0.12,STAR,STAR,STAR,0,0,0,0.532544,,0.37,0.798816,1,1
tr(r:p1udt303-p1udt303lv),B,p1udt303,p1udt303lv,p1udt303lv,POINT(-97.7271504696869 30.4160673215422),50,7.2,0.12,0.12,STAR,STAR,STAR,0,0,0,0.532544,,0.37,0.798816,1,1
tr(r:p1udt305-p1udt305lv),A,p1udt305,p1udt305lv,p1udt305lv,POINT(-97.7287183072812 30.4186050058554),75,7.2,0.12,0.12,STAR,STAR,STAR,0,0,0,0.33284,,0.38,0.49926,1,1
tr(r:p1udt306-p1udt306lv),ABC,p1udt306,p1udt306lv,p1udt306lv,POINT(-97.7268331569612 30.4199601002868),75,7.2,0.12,0.12,STAR,STAR,STAR,0,0,0,0.33284,,0.38,0.49926,1,1
tr(r:p1udt307-p1udt307lv),C,p1udt307,p1udt307lv,p1udt307lv,POINT(-97.7228206779081 30.4175767717523),50,7.2,0.12,0.12,STAR,STAR,STAR,0,0,0,0.532544,,0.37,0.798816,1,1
tr(r:p1udt308-p1udt308lv),ABC,p1udt308,p1udt308lv,p1udt308lv,POINT(-97.7144236910649 30.4180178557205),75,7.2,0.12,0.12,STAR,STAR,STAR,0,0,0,0.33284,,0.38,0.49926,1,1
tr(r:p1udt309-p1udt309lv),ABC,p1udt309,p1udt309lv,p1udt309lv,POINT(-97.7151205606041 30.4180696592332),50,7.2,0.12,0.12,STAR,STAR,STAR,0,0,0,0.532544,,0.37,0.798816,1,1
tr(r:p1udt310-p1udt310lv),A,p1udt310,p1udt310lv,p1udt310lv,POINT(-97.7144775148199 30.4186770588463),75,7.2,0.12,0.12,STAR,STAR,STAR,0,0,0,0.33284,,0.38,0.49926,1,1
tr(r:p1udt311-p1udt311lv),ABC,p1udt311,p1udt311lv,p1udt311lv,POINT(-97.7143839467803 30.4194611313372),50,7.2,0.12,0.12,STAR,STAR,STAR,0,0,0,0.532544,,0.37,0.798816,1,1
tr(r:p1udt889-p1udt889lv),C,p1udt889,p1udt889lv,p1udt889lv,POINT(-97.7141766590201 30.4305031318767),50,7.2,0.12,0.12,STAR,STAR,STAR,0,0,0,0.532544,,0.37,0.798816,1,1
tr(r:p1udt890-p1udt890lv),A,p1udt890,p1udt890lv,p1udt890lv,POINT(-97.7159360240171 30.4321173352087),75,7.2,0.12,0.12,STAR,STAR,STAR,0,0,0,0.33284,,0.38,0.49926,1,1
tr(r:p1udt891-p1udt891lv),A,p1udt891,p1udt891lv,p1udt891lv,POINT(-97.7173641200371 30.432790221262),50,7.2,0.12,0.12,STAR,STAR,STAR,0,0,0,0.532544,,0.37,0.798816,1,1
tr(r:p1udt892-p1udt892lv),A,p1udt892,p1udt892lv,p1udt892lv,POINT(-97.7152712426723 30.435690139756),25,7.2,0.12,0.12,STAR,STAR,STAR,0,0,0,0.532544,,0.472,0.798816,1,1
tr(r:p1udt901-p1udt901lv),ABC,p1udt901,p1udt901lv,p1udt901lv,POINT(-97.7261807662317 30.4209843503887),50,7.2,0.12,0.12,STAR,STAR,STAR,0,0,0,0.532544,,0.37,0.798816,1,1
tr(r:p1udt911-p1udt911lv),ABC,p1udt911,p1udt911lv,,POINT(-97.7147434766841 30.4248721533737),150,7.19976905311778,0.277136258660508,,STAR,STAR,,0,0,,1.0784,,0.516667,2.1568,0,1
tr(r:p1udt912-p1udt912lv),C,p1udt912,p1udt912lv,p1udt912lv,POINT(-97.7171512111525 30.4291697712887),25,7.2,0.12,0.12,STAR,STAR,STAR,0,0,0,0.532544,,0.472,0.798816,1,1
tr(r:p1udt917-p1udt917lv),B,p1udt917,p1udt917lv,p1udt917lv,POINT(-97.7263187688755 30.4159780037929),50,7.2,0.12,0.12,STAR,STAR,STAR,0,0,0,0.532544,,0.37,0.798816,1,1
tr(r:p1udt918-p1udt918lv),A,p1udt918,p1udt918lv,p1udt918lv,POINT(-97.7239386726306 30.4156659899243),75,7.2,0.12,0.12,STAR,STAR,STAR,0,0,0,0.33284,,0.38,0.49926,1,1
tr(r:p1udt919-p1udt919lv),A,p1udt919,p1udt919lv,p1udt919lv,POINT(-97.7253835313231 30.4174395773493),75,7.2,0.12,0.12,STAR,STAR,STAR,0,0,0,0.33284,,0.38,0.49926,1,1
tr(r:p1udt921-p1udt921lv),A,p1udt921,p1udt921lv,p1udt921lv,POINT(-97.7274856288509 30.4189268451625),75,7.2,0.12,0.12,STAR,STAR,STAR,0,0,0,0.33284,,0.38,0.49926,1,1
tr(r:p1udt922-p1udt922lv),C,p1udt922,p1udt922lv,p1udt922lv,POINT(-97.7248019386858 30.4189317054478),50,7.2,0.12,0.12,STAR,STAR,STAR,0,0,0,0.532544,,0.37,0.798816,1,1
tr(r:p1udt923-p1udt923lv),B,p1udt923,p1udt923lv,p1udt923lv,POINT(-97.7276408808351 30.4199878489888),50,7.2,0.12,0.12,STAR,STAR,STAR,0,0,0,0.532544,,0.37,0.798816,1,1
tr(r:p1udt924-p1udt924lv),B,p1udt924,p1udt924lv,p1udt924lv,POINT(-97.7258625363478 30.4198353318607),25,7.2,0.12,0.12,STAR,STAR,STAR,0,0,0,0.532544,,0.472,0.798816,1,1
tr(r:p1udt926-p1udt926lv),B,p1udt926,p1udt926lv,p1udt926lv,POINT(-97.716679229902 30.4167046544246),75,7.2,0.12,0.12,STAR,STAR,STAR,0,0,0,0.33284,,0.38,0.49926,1,1
tr(r:p1udt927-p1udt927lv),ABC,p1udt927,p1udt927lv,p1udt927lv,POINT(-97.7148448180285 30.4200431359034),50,7.2,0.12,0.12,STAR,STAR,STAR,0,0,0,0.532544,,0.37,0.798816,1,1
tr(r:p1udt1523-p1udt1523lv),C,p1udt1523,p1udt1523lv,p1udt1523lv,POINT(-97.7182583065139 30.4297041481206),75,7.2,0.12,0.12,STAR,STAR,STAR,0,0,0,0.33284,,0.38,0.49926,1,1
tr(r:p1udt1530-p1udt1530lv),C,p1udt1530,p1udt1530lv,p1udt1530lv,POINT(-97.7283675494886 30.423360657159),50,7.2,0.12,0.12,STAR,STAR,STAR,0,0,0,0.532544,,0.37,0.798816,1,1
tr(r:p1udt1533-p1udt1533lv),A,p1udt1533,p1udt1533lv,p1udt1533lv,POINT(-97.7293312634781 30.4253189960305),75,7.2,0.12,0.12,STAR,STAR,STAR,0,0,0,0.33284,,0.38,0.49926,1,1
tr(r:p1udt1534-p1udt1534lv),C,p1udt1534,p1udt1534lv,p1udt1534lv,POINT(-97.7279810427392 30.4274713490744),75,7.2,0.12,0.12,STAR,STAR,STAR,0,0,0,0.33284,,0.38,0.49926,1,1
tr(r:p1udt1536-p1udt1536lv),ABC,p1udt1536,p1udt1536lv,p1udt1536lv,POINT(-97.7142634701407 30.4272350852922),75,7.2,0.12,0.12,STAR,STAR,STAR,0,0,0,0.33284,,0.38,0.49926,1,1
tr(r:p1udt1537-p1udt1537lv),B,p1udt1537,p1udt1537lv,p1udt1537lv,POINT(-97.7175252274042 30.4284428009299),50,7.2,0.12,0.12,STAR,STAR,STAR,0,0,0,0.532544,,0.37,0.798816,1,1
tr(r:p1udt1541-p1udt1541lv),B,p1udt1541,p1udt1541lv,p1udt1541lv,POINT(-97.7279931594365 30.4151150857714),50,7.2,0.12,0.12,STAR,STAR,STAR,0,0,0,0.532544,,0.37,0.798816,1,1
tr(r:p1udt1542-p1udt1542lv),B,p1udt1542,p1udt1542lv,p1udt1542lv,POINT(-97.7279616153324 30.4153262843059),25,7.2,0.12,0.12,STAR,STAR,STAR,0,0,0,0.532544,,0.472,0.798816,1,1
tr(r:p1udt1543-p1udt1543lv),B,p1udt1543,p1udt1543lv,p1udt1543lv,POINT(-97.7275399641418 30.4165312500917),50,7.2,0.12,0.12,STAR,STAR,STAR,0,0,0,0.532544,,0.37,0.798816,1,1
tr(r:p1udt1546-p1udt1546lv),A,p1udt1546,p1udt1546lv,p1udt1546lv,POINT(-97.7279980879325 30.4181327755102),75,7.2,0.12,0.12,STAR,STAR,STAR,0,0,0,0.33284,,0.38,0.49926,1,1
tr(r:p1udt1548-p1udt1548lv),B,p1udt1548,p1udt1548lv,p1udt1548lv,POINT(-97.7278382997726 30.4200170133191),75,7.2,0.12,0.12,STAR,STAR,STAR,0,0,0,0.33284,,0.38,0.49926,1,1
tr(r:p1udt1549-p1udt1549lv),B,p1udt1549,p1udt1549lv,p1udt1549lv,POINT(-97.7220898164383 30.412756587915),75,7.2,0.12,0.12,STAR,STAR,STAR,0,0,0,0.33284,,0.38,0.49926,1,1
tr(r:p1udt1554-p1udt1554lv),ABC,p1udt1554,p1udt1554lv,p1udt1554lv,POINT(-97.7195131991096 30.4165339765142),50,7.2,0.12,0.12,STAR,STAR,STAR,0,0,0,0.532544,,0.37,0.798816,1,1
tr(r:p1udt1555-p1udt1555lv),B,p1udt1555,p1udt1555lv,p1udt1555lv,POINT(-97.7171153654561 30.4167901471513),50,7.2,0.12,0.12,STAR,STAR,STAR,0,0,0,0.532544,,0.37,0.798816,1,1
tr(r:p1udt1556-p1udt1556lv),A,p1udt1556,p1udt1556lv,p1udt1556lv,POINT(-97.7194651243026 30.4178237839158),50,7.2,0.12,0.12,STAR,STAR,STAR,0,0,0,0.532544,,0.37,0.798816,1,1
tr(r:p1udt1557-p1udt1557lv),B,p1udt1557,p1udt1557lv,p1udt1557lv,POINT(-97.7213265379098 30.4179954568481),50,7.2,0.12,0.12,STAR,STAR,STAR,0,0,0,0.532544,,0.37,0.798816,1,1
tr(r:p1udt1558-p1udt1558lv),ABC,p1udt1558,p1udt1558lv,p1udt1558lv,POINT(-97.7138141495845 30.4192478201663),50,7.2,0.12,0.12,STAR,STAR,STAR,0,0,0,0.532544,,0.37,0.798816,1,1
tr(r:p1udt1559-p1udt1559lv),C,p1udt1559,p1udt1559lv,p1udt1559lv,POINT(-97.7080898586415 30.4246413029528),50,7.2,0.12,0.12,STAR,STAR,STAR,0,0,0,0.532544,,0.37,0.798816,1,1
tr(r:p1udt1560-p1udt1560lv),C,p1udt1560,p1udt1560lv,p1udt1560lv,POINT(-97.7093546032578 30.4264544162995),25,7.2,0.12,0.12,STAR,STAR,STAR,0,0,0,0.532544,,0.472,0.798816,1,1
tr(r:p1udt1561-p1udt1561lv),B,p1udt1561,p1udt1561lv,p1udt1561lv,POINT(-97.7110309009398 30.4274313860924),75,7.2,0.12,0.12,STAR,STAR,STAR,0,0,0,0.33284,,0.38,0.49926,1,1
tr(r:p1udt1562-p1udt1562lv),C,p1udt1562,p1udt1562lv,p1udt1562lv,POINT(-97.7093108549974 30.4283798391728),50,7.2,0.12,0.12,STAR,STAR,STAR,0,0,0,0.532544,,0.37,0.798816,1,1
tr(r:p1udt1563-p1udt1563lv),A,p1udt1563,p1udt1563lv,p1udt1563lv,POINT(-97.7075247534266 30.4294126340689),75,7.2,0.12,0.12,STAR,STAR,STAR,0,0,0,0.33284,,0.38,0.49926,1,1
tr(r:p1udt2090-p1udt2090lv),C,p1udt2090,p1udt2090lv,p1udt2090lv,POINT(-97.7186120055612 30.4319310702448),75,7.2,0.12,0.12,STAR,STAR,STAR,0,0,0,0.33284,,0.38,0.49926,1,1
tr(r:p1udt2091-p1udt2091lv),B,p1udt2091,p1udt2091lv,p1udt2091lv,POINT(-97.7151694912589 30.4326062226377),50,7.2,0.12,0.12,STAR,STAR,STAR,0,0,0,0.532544,,0.37,0.798816,1,1
tr(r:p1udt2092-p1udt2092lv),A,p1udt2092,p1udt2092lv,p1udt2092lv,POINT(-97.7109000416416 30.4307746730003),75,7.2,0.12,0.12,STAR,STAR,STAR,0,0,0,0.33284,,0.38,0.49926,1,1
tr(r:p1udt2103-p1udt2103lv),A,p1udt2103,p1udt2103lv,p1udt2103lv,POINT(-97.7298598650019 30.4263076406523),25,7.2,0.12,0.12,STAR,STAR,STAR,0,0,0,0.532544,,0.472,0.798816,1,1
tr(r:p1udt2104-p1udt2104lv),A,p1udt2104,p1udt2104lv,p1udt2104lv,POINT(-97.7298239256975 30.4264825400345),25,7.2,0.12,0.12,STAR,STAR,STAR,0,0,0,0.532544,,0.472,0.798816,1,1
tr(r:p1udt2106-p1udt2106lv),B,p1udt2106,p1udt2106lv,p1udt2106lv,POINT(-97.713572918222 30.4236244839129),25,7.2,0.12,0.12,STAR,STAR,STAR,0,0,0,0.532544,,0.472,0.798816,1,1
tr(r:p1udt2108-p1udt2108lv),B,p1udt2108,p1udt2108lv,p1udt2108lv,POINT(-97.7174952705486 30.4275492383),75,7.2,0.12,0.12,STAR,STAR,STAR,0,0,0,0.33284,,0.38,0.49926,1,1
tr(r:p1udt2109-p1udt2109lv),ABC,p1udt2109,p1udt2109lv,p1udt2109lv,POINT(-97.7244844320469 30.4110486597257),25,7.2,0.12,0.12,STAR,STAR,STAR,0,0,0,0.532544,,0.472,0.798816,1,1
tr(r:p1udt2110-p1udt2110lv),A,p1udt2110,p1udt2110lv,p1udt2110lv,POINT(-97.7298601164357 30.4115431884495),50,7.2,0.12,0.12,STAR,STAR,STAR,0,0,0,0.532544,,0.37,0.798816,1,1
tr(r:p1udt2111-p1udt2111lv),C,p1udt2111,p1udt2111lv,p1udt2111lv,POINT(-97.7239277687254 30.4131162043925),50,7.2,0.12,0.12,STAR,STAR,STAR,0,0,0,0.532544,,0.37,0.798816,1,1
tr(r:p1udt2112-p1udt2112lv),C,p1udt2112,p1udt2112lv,p1udt2112lv,POINT(-97.7253680862222 30.414624097348),75,7.2,0.12,0.12,STAR,STAR,STAR,0,0,0,0.33284,,0.38,0.49926,1,1
tr(r:p1udt2114-p1udt2114lv),C,p1udt2114,p1udt2114lv,p1udt2114lv,POINT(-97.7251920824632 30.4169504693194),25,7.2,0.12,0.12,STAR,STAR,STAR,0,0,0,0.532544,,0.472,0.798816,1,1
tr(r:p1udt2116-p1udt2116lv),C,p1udt2116,p1udt2116lv,p1udt2116lv,POINT(-97.7219530400591 30.4136653344586),75,7.2,0.12,0.12,STAR,STAR,STAR,0,0,0,0.33284,,0.38,0.49926,1,1
tr(r:p1udt2118-p1udt2118lv),ABC,p1udt2118,p1udt2118lv,p1udt2118lv,POINT(-97.7228619002173 30.414410295663),75,7.2,0.12,0.12,STAR,STAR,STAR,0,0,0,0.33284,,0.38,0.49926,1,1
tr(r:p1udt2119-p1udt2119lv),B,p1udt2119,p1udt2119lv,p1udt2119lv,POINT(-97.7229561960201 30.4159631634032),75,7.2,0.12,0.12,STAR,STAR,STAR,0,0,0,0.33284,,0.38,0.49926,1,1
tr(r:p1udt2120-p1udt2120lv),ABC,p1udt2120,p1udt2120lv,p1udt2120lv,POINT(-97.7197148656945 30.416238197588),75,7.2,0.12,0.12,STAR,STAR,STAR,0,0,0,0.33284,,0.38,0.49926,1,1
tr(r:p1udt2121-p1udt2121lv),ABC,p1udt2121,p1udt2121lv,p1udt2121lv,POINT(-97.7213093314998 30.416912498034),75,7.2,0.12,0.12,STAR,STAR,STAR,0,0,0,0.33284,,0.38,0.49926,1,1
tr(r:p1udt2122-p1udt2122lv),C,p1udt2122,p1udt2122lv,p1udt2122lv,POINT(-97.7149791726882 30.4167549059301),75,7.2,0.12,0.12,STAR,STAR,STAR,0,0,0,0.33284,,0.38,0.49926,1,1
tr(r:p1udt2123-p1udt2123lv),B,p1udt2123,p1udt2123lv,p1udt2123lv,POINT(-97.7208944345561 30.4175940050258),75,7.2,0.12,0.12,STAR,STAR,STAR,0,0,0,0.33284,,0.38,0.49926,1,1
tr(r:p1udt2124-p1udt2124lv),C,p1udt2124,p1udt2124lv,p1udt2124lv,POINT(-97.7162948049644 30.41744075483),75,7.2,0.12,0.12,STAR,STAR,STAR,0,0,0,0.33284,,0.38,0.49926,1,1
tr(r:p1udt2125-p1udt2125lv),C,p1udt2125,p1udt2125lv,p1udt2125lv,POINT(-97.7222654190135 30.4186450240397),50,7.2,0.12,0.12,STAR,STAR,STAR,0,0,0,0.532544,,0.37,0.798816,1,1
tr(r:p1udt2674-p1udt2674lv),C,p1udt2674,p1udt2674lv,p1udt2674lv,POINT(-97.7193855795487 30.4305661229412),25,7.2,0.12,0.12,STAR,STAR,STAR,0,0,0,0.532544,,0.472,0.798816,1,1
tr(r:p1udt2675-p1udt2675lv),B,p1udt2675,p1udt2675lv,p1udt2675lv,POINT(-97.7150933162913 30.4320639270631),25,7.2,0.12,0.12,STAR,STAR,STAR,0,0,0,0.532544,,0.472,0.798816,1,1
tr(r:p1udt2676-p1udt2676lv),A,p1udt2676,p1udt2676lv,p1udt2676lv,POINT(-97.7142207599171 30.434010558371),25,7.2,0.12,0.12,STAR,STAR,STAR,0,0,0,0.532544,,0.472,0.798816,1,1
tr(r:p1udt2681-p1udt2681lv),C,p1udt2681,p1udt2681lv,p1udt2681lv,POINT(-97.7284219368643 30.4239837695776),75,7.2,0.12,0.12,STAR,STAR,STAR,0,0,0,0.33284,,0.38,0.49926,1,1
tr(r:p1udt2682-p1udt2682lv),C,p1udt2682,p1udt2682lv,p1udt2682lv,POINT(-97.72914021639 30.4278215336841),75,7.2,0.12,0.12,STAR,STAR,STAR,0,0,0,0.33284,,0.38,0.49926,1,1
tr(r:p1udt2687-p1udt2687lv),B,p1udt2687,p1udt2687lv,p1udt2687lv,POINT(-97.7168744359725 30.4272453422683),50,7.2,0.12,0.12,STAR,STAR,STAR,0,0,0,0.532544,,0.37,0.798816,1,1
tr(r:p1udt2689-p1udt2689lv),B,p1udt2689,p1udt2689lv,p1udt2689lv,POINT(-97.7280896827025 30.4158869546969),75,7.2,0.12,0.12,STAR,STAR,STAR,0,0,0,0.33284,,0.38,0.49926,1,1
tr(r:p1udt2691-p1udt2691lv),ABC,p1udt2691,p1udt2691lv,p1udt2691lv,POINT(-97.7219748262342 30.415376092496),50,7.2,0.12,0.12,STAR,STAR,STAR,0,0,0,0.532544,,0.37,0.798816,1,1
tr(r:p1udt2694-p1udt2694lv),C,p1udt2694,p1udt2694lv,p1udt2694lv,POINT(-97.7086944621298 30.4245931863794),75,7.2,0.12,0.12,STAR,STAR,STAR,0,0,0,0.33284,,0.38,0.49926,1,1
tr(r:p1udt2696-p1udt2696lv),B,p1udt2696,p1udt2696lv,p1udt2696lv,POINT(-97.7119048900816 30.4280856848286),50,7.2,0.12,0.12,STAR,STAR,STAR,0,0,0,0.532544,,0.37,0.798816,1,1
tr(r:p1udt2697-p1udt2697lv),A,p1udt2697,p1udt2697lv,p1udt2697lv,POINT(-97.7082799632969 30.4282032509577),75,7.2,0.12,0.12,STAR,STAR,STAR,0,0,0,0.33284,,0.38,0.49926,1,1
tr(r:p1udt3260-p1udt3260lv),A,p1udt3260,p1udt3260lv,p1udt3260lv,POINT(-97.7171913222115 30.4300816508849),75,7.2,0.12,0.12,STAR,STAR,STAR,0,0,0,0.33284,,0.38,0.49926,1,1
tr(r:p1udt3261-p1udt3261lv),ABC,p1udt3261,p1udt3261lv,p1udt3261lv,POINT(-97.7154743158001 30.4301794518226),50,7.2,0.12,0.12,STAR,STAR,STAR,0,0,0,0.532544,,0.37,0.798816,1,1
tr(r:p1udt3266-p1udt3266lv),C,p1udt3266,p1udt3266lv,p1udt3266lv,POINT(-97.7251602447098 30.4200127476375),75,7.2,0.12,0.12,STAR,STAR,STAR,0,0,0,0.33284,,0.38,0.49926,1,1
tr(r:p1udt3267-p1udt3267lv),ABC,p1udt3267,p1udt3267lv,p1udt3267lv,POINT(-97.7264041572843 30.4206256509286),50,7.2,0.12,0.12,STAR,STAR,STAR,0,0,0,0.532544,,0.37,0.798816,1,1
tr(r:p1udt3268-p1udt3268lv),ABC,p1udt3268,p1udt3268lv,p1udt3268lv,POINT(-97.7273347377639 30.4219159451324),75,7.2,0.12,0.12,STAR,STAR,STAR,0,0,0,0.33284,,0.38,0.49926,1,1
tr(r:p1udt3269-p1udt3269lv),A,p1udt3269,p1udt3269lv,p1udt3269lv,POINT(-97.7291942841155 30.4230348594442),50,7.2,0.12,0.12,STAR,STAR,STAR,0,0,0,0.532544,,0.37,0.798816,1,1
tr(r:p1udt3270-p1udt3270lv),A,p1udt3270,p1udt3270lv,p1udt3270lv,POINT(-97.7293509118039 30.4246063753227),75,7.2,0.12,0.12,STAR,STAR,STAR,0,0,0,0.33284,,0.38,0.49926,1,1
tr(r:p1udt3272-p1udt3272lv),C,p1udt3272,p1udt3272lv,p1udt3272lv,POINT(-97.7287688598895 30.4277406891762),50,7.2,0.12,0.12,STAR,STAR,STAR,0,0,0,0.532544,,0.37,0.798816,1,1
tr(r:p1udt3277-p1udt3277lv),B,p1udt3277,p1udt3277lv,p1udt3277lv,POINT(-97.7166055324502 30.4271073549164),25,7.2,0.12,0.12,STAR,STAR,STAR,0,0,0,0.532544,,0.472,0.798816,1,1
tr(r:p1udt3278-p1udt3278lv),B,p1udt3278,p1udt3278lv,p1udt3278lv,POINT(-97.7171434583352 30.4273743073332),50,7.2,0.12,0.12,STAR,STAR,STAR,0,0,0,0.532544,,0.37,0.798816,1,1
tr(r:p1udt3279-p1udt3279lv),ABC,p1udt3279,p1udt3279lv,,POINT(-97.7290042468989 30.4125183617512),75,7.19976905311778,0.277136258660508,,STAR,STAR,,0,0,,0.87204,,0.6,1.74408,0,1
tr(r:p1udt3280-p1udt3280lv),ABC,p1udt3280,p1udt3280lv,p1udt3280lv,POINT(-97.7236236545519 30.4125168873925),25,7.2,0.12,0.12,STAR,STAR,STAR,0,0,0,0.532544,,0.472,0.798816,1,1
tr(r:p1udt3281-p1udt3281lv),C,p1udt3281,p1udt3281lv,p1udt3281lv,POINT(-97.7254671708234 30.4134071387349),25,7.2,0.12,0.12,STAR,STAR,STAR,0,0,0,0.532544,,0.472,0.798816,1,1
tr(r:p1udt3284-p1udt3284lv),A,p1udt3284,p1udt3284lv,p1udt3284lv,POINT(-97.7243881653746 30.4147320350463),50,7.2,0.12,0.12,STAR,STAR,STAR,0,0,0,0.532544,,0.37,0.798816,1,1
tr(r:p1udt3285-p1udt3285lv),A,p1udt3285,p1udt3285lv,p1udt3285lv,POINT(-97.7243418572619 30.4150834388923),75,7.2,0.12,0.12,STAR,STAR,STAR,0,0,0,0.33284,,0.38,0.49926,1,1
tr(r:p1udt3286-p1udt3286lv),B,p1udt3286,p1udt3286lv,p1udt3286lv,POINT(-97.7271270097873 30.4154623455997),75,7.2,0.12,0.12,STAR,STAR,STAR,0,0,0,0.33284,,0.38,0.49926,1,1
tr(r:p1udt3288-p1udt3288lv),A,p1udt3288,p1udt3288lv,p1udt3288lv,POINT(-97.7272442486565 30.4176652967812),50,7.2,0.12,0.12,STAR,STAR,STAR,0,0,0,0.532544,,0.37,0.798816,1,1
tr(r:p1udt3292-p1udt3292lv),B,p1udt3292,p1udt3292lv,p1udt3292lv,POINT(-97.7285343570756 30.4201320697766),50,7.2,0.12,0.12,STAR,STAR,STAR,0,0,0,0.532544,,0.37,0.798816,1,1
tr(r:p1udt3295-p1udt3295lv),ABC,p1udt3295,p1udt3295lv,p1udt3295lv,POINT(-97.7184476270049 30.4160182369642),50,7.2,0.12,0.12,STAR,STAR,STAR,0,0,0,0.532544,,0.37,0.798816,1,1
tr(r:p1udt3297-p1udt3297lv),C,p1udt3297,p1udt3297lv,p1udt3297lv,POINT(-97.7230016889612 30.4180659524516),75,7.2,0.12,0.12,STAR,STAR,STAR,0,0,0,0.33284,,0.38,0.49926,1,1
tr(r:p1udt3298-p1udt3298lv),B,p1udt3298,p1udt3298lv,p1udt3298lv,POINT(-97.7161156366256 30.4198068118244),50,7.2,0.12,0.12,STAR,STAR,STAR,0,0,0,0.532544,,0.37,0.798816,1,1
tr(r:p1udt3300-p1udt3300lv),C,p1udt3300,p1udt3300lv,p1udt3300lv,POINT(-97.7090461786785 30.4247590390877),75,7.2,0.12,0.12,STAR,STAR,STAR,0,0,0,0.33284,,0.38,0.49926,1,1
tr(r:p1udt3303-p1udt3303lv),B,p1udt3303,p1udt3303lv,p1udt3303lv,POINT(-97.7114544143355 30.4276882089084),50,7.2,0.12,0.12,STAR,STAR,STAR,0,0,0,0.532544,,0.37,0.798816,1,1
tr(r:p1udt3767-p1udt3767lv),A,p1udt3767,p1udt3767lv,p1udt3767lv,POINT(-97.7182856650949 30.4306105211494),75,7.2,0.12,0.12,STAR,STAR,STAR,0,0,0,0.33284,,0.38,0.49926,1,1
tr(r:p1udt3768-p1udt3768lv),C,p1udt3768,p1udt3768lv,p1udt3768lv,POINT(-97.7157411526398 30.4303018139914),50,7.2,0.12,0.12,STAR,STAR,STAR,0,0,0,0.532544,,0.37,0.798816,1,1
tr(r:p1udt3769-p1udt3769lv),A,p1udt3769,p1udt3769lv,p1udt3769lv,POINT(-97.715742740075 30.4352222390092),25,7.2,0.12,0.12,STAR,STAR,STAR,0,0,0,0.532544,,0.472,0.798816,1,1
tr(r:p1udt3770-p1udt3770lv),A,p1udt3770,p1udt3770lv,p1udt3770lv,POINT(-97.714879191419 30.4361104100814),25,7.2,0.12,0.12,STAR,STAR,STAR,0,0,0,0.532544,,0.472,0.798816,1,1
tr(r:p1udt3773-p1udt3773lv),A,p1udt3773,p1udt3773lv,p1udt3773lv,POINT(-97.7101883293119 30.4305359626854),75,7.2,0.12,0.12,STAR,STAR,STAR,0,0,0,0.33284,,0.38,0.49926,1,1
tr(r:p1udt3785-p1udt3785lv),C,p1udt3785,p1udt3785lv,p1udt3785lv,POINT(-97.7134122219177 30.4260743755027),25,7.2,0.12,0.12,STAR,STAR,STAR,0,0,0,0.532544,,0.472,0.798816,1,1
tr(r:p1udt3786-p1udt3786lv),B,p1udt3786,p1udt3786lv,p1udt3786lv,POINT(-97.7185347813743 30.4266880001544),50,7.2,0.12,0.12,STAR,STAR,STAR,0,0,0,0.532544,,0.37,0.798816,1,1
tr(r:p1udt3788-p1udt3788lv),A,p1udt3788,p1udt3788lv,p1udt3788lv,POINT(-97.7241517706959 30.4160919791838),75,7.2,0.12,0.12,STAR,STAR,STAR,0,0,0,0.33284,,0.38,0.49926,1,1
tr(r:p1udt3790-p1udt3790lv),ABC,p1udt3790,p1udt3790lv,p1udt3790lv,POINT(-97.724363861917 30.417393526345),75,7.2,0.12,0.12,STAR,STAR,STAR,0,0,0,0.33284,,0.38,0.49926,1,1
tr(r:p1udt3791-p1udt3791lv),C,p1udt3791,p1udt3791lv,p1udt3791lv,POINT(-97.7266888875002 30.4185479045056),50,7.2,0.12,0.12,STAR,STAR,STAR,0,0,0,0.532544,,0.37,0.798816,1,1
tr(r:p1udt3793-p1udt3793lv),A,p1udt3793,p1udt3793lv,p1udt3793lv,POINT(-97.728743860621 30.4193832648616),75,7.2,0.12,0.12,STAR,STAR,STAR,0,0,0,0.33284,,0.38,0.49926,1,1
tr(r:p1udt3794-p1udt3794lv),B,p1udt3794,p1udt3794lv,p1udt3794lv,POINT(-97.7292304161476 30.4202471225665),50,7.2,0.12,0.12,STAR,STAR,STAR,0,0,0,0.532544,,0.37,0.798816,1,1
tr(r:p1udt3795-p1udt3795lv),B,p1udt3795,p1udt3795lv,p1udt3795lv,POINT(-97.7234121186475 30.4151413252233),75,7.2,0.12,0.12,STAR,STAR,STAR,0,0,0,0.33284,,0.38,0.49926,1,1
tr(r:p1udt3796-p1udt3796lv),B,p1udt3796,p1udt3796lv,p1udt3796lv,POINT(-97.7182067630256 30.4153301297618),75,7.2,0.12,0.12,STAR,STAR,STAR,0,0,0,0.33284,,0.38,0.49926,1,1
tr(r:p1udt3797-p1udt3797lv),ABC,p1udt3797,p1udt3797lv,p1udt3797lv,POINT(-97.7209495956652 30.4149600204624),50,7.2,0.12,0.12,STAR,STAR,STAR,0,0,0,0.532544,,0.37,0.798816,1,1
tr(r:p1udt3799-p1udt3799lv),ABC,p1udt3799,p1udt3799lv,p1udt3799lv,POINT(-97.7177620795769 30.4174912658167),50,7.2,0.12,0.12,STAR,STAR,STAR,0,0,0,0.532544,,0.37,0.798816,1,1
tr(r:p1udt3801-p1udt3801lv),A,p1udt3801,p1udt3801lv,p1udt3801lv,POINT(-97.7099721134915 30.429559353033),50,7.2,0.12,0.12,STAR,STAR,STAR,0,0,0,0.532544,,0.37,0.798816,1,1
tr(r:p1udt3802-p1udt3802lv),A,p1udt3802,p1udt3802lv,p1udt3802lv,POINT(-97.7104997586547 30.4298170366246),75,7.2,0.12,0.12,STAR,STAR,STAR,0,0,0,0.33284,,0.38,0.49926,1,1
tr(r:p1udt3803-p1udt3803lv),A,p1udt3803,p1udt3803lv,p1udt3803lv,POINT(-97.7089364528213 30.4299280744076),25,7.2,0.12,0.12,STAR,STAR,STAR,0,0,0,0.532544,,0.472,0.798816,1,1
tr(r:p1udt4289-p1udt4289lv),C,p1udt4289,p1udt4289lv,p1udt4289lv,POINT(-97.7162896223403 30.4305598509306),75,7.2,0.12,0.12,STAR,STAR,STAR,0,0,0,0.33284,,0.38,0.49926,1,1
tr(r:p1udt4290-p1udt4290lv),C,p1udt4290,p1udt4290lv,p1udt4290lv,POINT(-97.718108588106 30.4314118210174),75,7.2,0.12,0.12,STAR,STAR,STAR,0,0,0,0.33284,,0.38,0.49926,1,1
tr(r:p1udt4291-p1udt4291lv),A,p1udt4291,p1udt4291lv,p1udt4291lv,POINT(-97.7167535225633 30.4325045090828),75,7.2,0.12,0.12,STAR,STAR,STAR,0,0,0,0.33284,,0.38,0.49926,1,1
tr(r:p1udt4292-p1udt4292lv),A,p1udt4292,p1udt4292lv,p1udt4292lv,POINT(-97.7137211659605 30.4337496436625),25,7.2,0.12,0.12,STAR,STAR,STAR,0,0,0,0.532544,,0.472,0.798816,1,1
tr(r:p1udt4301-p1udt4301lv),ABC,p1udt4301,p1udt4301lv,p1udt4301lv,POINT(-97.7144904133432 30.426427868906),50,7.2,0.12,0.12,STAR,STAR,STAR,0,0,0,0.532544,,0.37,0.798816,1,1
tr(r:p1udt4302-p1udt4302lv),A,p1udt4302,p1udt4302lv,p1udt4302lv,POINT(-97.7135001055145 30.4273113799325),75,7.2,0.12,0.12,STAR,STAR,STAR,0,0,0,0.33284,,0.38,0.49926,1,1
tr(r:p1udt4304-p1udt4304lv),B,p1udt4304,p1udt4304lv,p1udt4304lv,POINT(-97.7179780036319 30.4286585508139),50,7.2,0.12,0.12,STAR,STAR,STAR,0,0,0,0.532544,,0.37,0.798816,1,1
tr(r:p1udt4305-p1udt4305lv),C,p1udt4305,p1udt4305lv,p1udt4305lv,POINT(-97.7165820259614 30.4289026829539),50,7.2,0.12,0.12,STAR,STAR,STAR,0,0,0,0.532544,,0.37,0.798816,1,1
tr(r:p1udt4307-p1udt4307lv),A,p1udt4307,p1udt4307lv,p1udt4307lv,POINT(-97.7236511380328 30.4135749019875),75,7.2,0.12,0.12,STAR,STAR,STAR,0,0,0,0.33284,,0.38,0.49926,1,1
tr(r:p1udt4308-p1udt4308lv),A,p1udt4308,p1udt4308lv,p1udt4308lv,POINT(-97.727505214157 30.4176046416806),25,7.2,0.12,0.12,STAR,STAR,STAR,0,0,0,0.532544,,0.472,0.798816,1,1
tr(r:p1udt4309-p1udt4309lv),ABC,p1udt4309,p1udt4309lv,p1udt4309lv,POINT(-97.7261378018225 30.418682910527),75,7.2,0.12,0.12,STAR,STAR,STAR,0,0,0,0.33284,,0.38,0.49926,1,1
tr(r:p1udt4310-p1udt4310lv),C,p1udt4310,p1udt4310lv,p1udt4310lv,POINT(-97.7233519489086 30.4191519586832),50,7.2,0.12,0.12,STAR,STAR,STAR,0,0,0,0.532544,,0.37,0.798816,1,1
tr(r:p1udt4314-p1udt4314lv),C,p1udt4314,p1udt4314lv,p1udt4314lv,POINT(-97.7220947187549 30.4147765426216),50,7.2,0.12,0.12,STAR,STAR,STAR,0,0,0,0.532544,,0.37,0.798816,1,1
tr(r:p1udt4315-p1udt4315lv),C,p1udt4315,p1udt4315lv,p1udt4315lv,POINT(-97.7168873974684 30.4159126829906),75,7.2,0.12,0.12,STAR,STAR,STAR,0,0,0,0.33284,,0.38,0.49926,1,1
tr(r:p1udt4316-p1udt4316lv),ABC,p1udt4316,p1udt4316lv,p1udt4316lv,POINT(-97.7140044675867 30.418230276872),50,7.2,0.12,0.12,STAR,STAR,STAR,0,0,0,0.532544,,0.37,0.798816,1,1
tr(r:p1udt4317-p1udt4317lv),A,p1udt4317,p1udt4317lv,p1udt4317lv,POINT(-97.7157102569691 30.4191491893113),50,7.2,0.12,0.12,STAR,STAR,STAR,0,0,0,0.532544,,0.37,0.798816,1,1
tr(r:p1udt4318-p1udt4318lv),ABC,p1udt4318,p1udt4318lv,p1udt4318lv,POINT(-97.715378437245 30.4198408608831),75,7.2,0.12,0.12,STAR,STAR,STAR,0,0,0,0.33284,,0.38,0.49926,1,1
tr(r:p1udt4766-p1udt4766lv),A,p1udt4766,p1udt4766lv,p1udt4766lv,POINT(-97.7168290670401 30.429915677642),75,7.2,0.12,0.12,STAR,STAR,STAR,0,0,0,0.33284,,0.38,0.49926,1,1
tr(r:p1udt4776-p1udt4776lv),C,p1udt4776,p1udt4776lv,p1udt4776lv,POINT(-97.7124231893051 30.4274682183211),75,7.2,0.12,0.12,STAR,STAR,STAR,0,0,0,0.33284,,0.38,0.49926,1,1
tr(r:p1udt4777-p1udt4777lv),ABC,p1udt4777,p1udt4777lv,p1udt4777lv,POINT(-97.7243268824352 30.4178352889442),50,7.2,0.12,0.12,STAR,STAR,STAR,0,0,0,0.532544,,0.37,0.798816,1,1
tr(r:p1udt4780-p1udt4780lv),A,p1udt4780,p1udt4780lv,p1udt4780lv,POINT(-97.7290332082199 30.4185940041505),75,7.2,0.12,0.12,STAR,STAR,STAR,0,0,0,0.33284,,0.38,0.49926,1,1
tr(r:p1udt4783-p1udt4783lv),C,p1udt4783,p1udt4783lv,p1udt4783lv,POINT(-97.7217934843138 30.4135750622565),50,7.2,0.12,0.12,STAR,STAR,STAR,0,0,0,0.532544,,0.37,0.798816,1,1
tr(r:p1udt4784-p1udt4784lv),B,p1udt4784,p1udt4784lv,p1udt4784lv,POINT(-97.7170127591151 30.4150838056557),50,7.2,0.12,0.12,STAR,STAR,STAR,0,0,0,0.532544,,0.37,0.798816,1,1
tr(r:p1udt4786-p1udt4786lv),A,p1udt4786,p1udt4786lv,p1udt4786lv,POINT(-97.7201101405982 30.4154661010399),75,7.2,0.12,0.12,STAR,STAR,STAR,0,0,0,0.33284,,0.38,0.49926,1,1
tr(r:p1udt4787-p1udt4787lv),ABC,p1udt4787,p1udt4787lv,p1udt4787lv,POINT(-97.714944289325 30.4180139582606),75,7.2,0.12,0.12,STAR,STAR,STAR,0,0,0,0.33284,,0.38,0.49926,1,1
tr(r:p1udt4789-p1udt4789lv),A,p1udt4789,p1udt4789lv,p1udt4789lv,POINT(-97.7122329969865 30.4262792967402),50,7.2,0.12,0.12,STAR,STAR,STAR,0,0,0,0.532544,,0.37,0.798816,1,1
tr(r:p1udt5294-p1udt5294lv),B,p1udt5294,p1udt5294lv,p1udt5294lv,POINT(-97.7149547608309 30.4323063528151),25,7.2,0.12,0.12,STAR,STAR,STAR,0,0,0,0.532544,,0.472,0.798816,1,1
tr(r:p1udt5300-p1udt5300lv),A,p1udt5300,p1udt5300lv,p1udt5300lv,POINT(-97.7293065778016 30.4240104299082),75,7.2,0.12,0.12,STAR,STAR,STAR,0,0,0,0.33284,,0.38,0.49926,1,1
tr(r:p1udt5306-p1udt5306lv),C,p1udt5306,p1udt5306lv,p1udt5306lv,POINT(-97.7131358588576 30.4280926105329),75,7.2,0.12,0.12,STAR,STAR,STAR,0,0,0,0.33284,,0.38,0.49926,1,1
tr(r:p1udt5308-p1udt5308lv),A,p1udt5308,p1udt5308lv,p1udt5308lv,POINT(-97.7249185351757 30.4131671853474),25,7.2,0.12,0.12,STAR,STAR,STAR,0,0,0,0.532544,,0.472,0.798816,1,1
tr(r:p1udt5309-p1udt5309lv),C,p1udt5309,p1udt5309lv,p1udt5309lv,POINT(-97.7243779422493 30.4129220986611),50,7.2,0.12,0.12,STAR,STAR,STAR,0,0,0,0.532544,,0.37,0.798816,1,1
tr(r:p1udt5310-p1udt5310lv),C,p1udt5310,p1udt5310lv,p1udt5310lv,POINT(-97.7256274045032 30.4138957703008),50,7.2,0.12,0.12,STAR,STAR,STAR,0,0,0,0.532544,,0.37,0.798816,1,1
tr(r:p1udt5312-p1udt5312lv),B,p1udt5312,p1udt5312lv,p1udt5312lv,POINT(-97.7258841514611 30.4157752583006),25,7.2,0.12,0.12,STAR,STAR,STAR,0,0,0,0.532544,,0.472,0.798816,1,1
tr(r:p1udt5317-p1udt5317lv),C,p1udt5317,p1udt5317lv,p1udt5317lv,POINT(-97.7213554411232 30.4133759589161),50,7.2,0.12,0.12,STAR,STAR,STAR,0,0,0,0.532544,,0.37,0.798816,1,1
tr(r:p1udt5318-p1udt5318lv),ABC,p1udt5318,p1udt5318lv,p1udt5318lv,POINT(-97.7204020429193 30.4147269930132),75,7.2,0.12,0.12,STAR,STAR,STAR,0,0,0,0.33284,,0.38,0.49926,1,1
tr(r:p1udt5319-p1udt5319lv),C,p1udt5319,p1udt5319lv,p1udt5319lv,POINT(-97.7167608734111 30.4176257952795),75,7.2,0.12,0.12,STAR,STAR,STAR,0,0,0,0.33284,,0.38,0.49926,1,1
tr(r:p1udt5320-p1udt5320lv),ABC,p1udt5320,p1udt5320lv,p1udt5320lv,POINT(-97.7167781711468 30.418690670294),75,7.2,0.12,0.12,STAR,STAR,STAR,0,0,0,0.33284,,0.38,0.49926,1,1
tr(r:p1udt5321-p1udt5321lv),C,p1udt5321,p1udt5321lv,p1udt5321lv,POINT(-97.7080797231429 30.4275955036254),50,7.2,0.12,0.12,STAR,STAR,STAR,0,0,0,0.532544,,0.37,0.798816,1,1
tr(r:p1udt5800-p1udt5800lv),C,p1udt5800,p1udt5800lv,p1udt5800lv,POINT(-97.7131494129075 30.4302313436808),75,7.2,0.12,0.12,STAR,STAR,STAR,0,0,0,0.33284,,0.38,0.49926,1,1
tr(r:p1udt5801-p1udt5801lv),B,p1udt5801,p1udt5801lv,p1udt5801lv,POINT(-97.71397493446 30.431319312165),75,7.2,0.12,0.12,STAR,STAR,STAR,0,0,0,0.33284,,0.38,0.49926,1,1
tr(r:p1udt5802-p1udt5802lv),C,p1udt5802,p1udt5802lv,p1udt5802lv,POINT(-97.7182214948175 30.4325189342644),25,7.2,0.12,0.12,STAR,STAR,STAR,0,0,0,0.532544,,0.472,0.798816,1,1
tr(r:p1udt5806-p1udt5806lv),A,p1udt5806,p1udt5806lv,p1udt5806lv,POINT(-97.7299174287636 30.4258839512545),25,7.2,0.12,0.12,STAR,STAR,STAR,0,0,0,0.532544,,0.472,0.798816,1,1
tr(r:p1udt5808-p1udt5808lv),C,p1udt5808,p1udt5808lv,p1udt5808lv,POINT(-97.7278694525666 30.4272446882886),50,7.2,0.12,0.12,STAR,STAR,STAR,0,0,0,0.532544,,0.37,0.798816,1,1
tr(r:p1udt5810-p1udt5810lv),ABC,p1udt5810,p1udt5810lv,p1udt5810lv,POINT(-97.7144273643024 30.4268994218576),25,7.2,0.12,0.12,STAR,STAR,STAR,0,0,0,0.532544,,0.472,0.798816,1,1
tr(r:p1udt5811-p1udt5811lv),C,p1udt5811,p1udt5811lv,p1udt5811lv,POINT(-97.7181912117061 30.4292613665721),50,7.2,0.12,0.12,STAR,STAR,STAR,0,0,0,0.532544,,0.37,0.798816,1,1
tr(r:p1udt5812-p1udt5812lv),ABC,p1udt5812,p1udt5812lv,,POINT(-97.7261201532897 30.4109473303579),150,7.19976905311778,0.277136258660508,,STAR,STAR,,0,0,,1.0784,,0.516667,2.1568,0,1
tr(r:p1udt5814-p1udt5814lv),C,p1udt5814,p1udt5814lv,p1udt5814lv,POINT(-97.7262390682157 30.4148942630711),50,7.2,0.12,0.12,STAR,STAR,STAR,0,0,0,0.532544,,0.37,0.798816,1,1
tr(r:p1udt5815-p1udt5815lv),ABC,p1udt5815,p1udt5815lv,p1udt5815lv,POINT(-97.7232221425649 30.4163266819994),50,7.2,0.12,0.12,STAR,STAR,STAR,0,0,0,0.532544,,0.37,0.798816,1,1
tr(r:p1udt5816-p1udt5816lv),ABC,p1udt5816,p1udt5816lv,p1udt5816lv,POINT(-97.7248559926242 30.4171552540011),25,7.2,0.12,0.12,STAR,STAR,STAR,0,0,0,0.532544,,0.472,0.798816,1,1
tr(r:p1udt5818-p1udt5818lv),A,p1udt5818,p1udt5818lv,p1udt5818lv,POINT(-97.7293425839407 30.4172163334951),50,7.2,0.12,0.12,STAR,STAR,STAR,0,0,0,0.532544,,0.37,0.798816,1,1
tr(r:p1udt5819-p1udt5819lv),A,p1udt5819,p1udt5819lv,p1udt5819lv,POINT(-97.7293857303659 30.417902668865),25,7.2,0.12,0.12,STAR,STAR,STAR,0,0,0,0.532544,,0.472,0.798816,1,1
tr(r:p1udt5822-p1udt5822lv),C,p1udt5822,p1udt5822lv,p1udt5822lv,POINT(-97.7204486562073 30.4129367302962),25,7.2,0.12,0.12,STAR,STAR,STAR,0,0,0,0.532544,,0.472,0.798816,1,1
tr(r:p1udt5829-p1udt5829lv),C,p1udt5829,p1udt5829lv,p1udt5829lv,POINT(-97.7089347367133 30.4276901641438),25,7.2,0.12,0.12,STAR,STAR,STAR,0,0,0,0.532544,,0.472,0.798816,1,1
tr(r:p1udt6287-p1udt6287lv),C,p1udt6287,p1udt6287lv,p1udt6287lv,POINT(-97.7186204455434 30.4298791392014),50,7.2,0.12,0.12,STAR,STAR,STAR,0,0,0,0.532544,,0.37,0.798816,1,1
tr(r:p1udt6288-p1udt6288lv),C,p1udt6288,p1udt6288lv,p1udt6288lv,POINT(-97.7175625958533 30.4311500026054),50,7.2,0.12,0.12,STAR,STAR,STAR,0,0,0,0.532544,,0.37,0.798816,1,1
tr(r:p1udt6298-p1udt6298lv),B,p1udt6298,p1udt6298lv,p1udt6298lv,POINT(-97.7143562710623 30.4287181946165),50,7.2,0.12,0.12,STAR,STAR,STAR,0,0,0,0.532544,,0.37,0.798816,1,1
tr(r:p1udt6299-p1udt6299lv),C,p1udt6299,p1udt6299lv,p1udt6299lv,POINT(-97.7177411628652 30.4294464655701),50,7.2,0.12,0.12,STAR,STAR,STAR,0,0,0,0.532544,,0.37,0.798816,1,1
tr(r:p1udt6301-p1udt6301lv),C,p1udt6301,p1udt6301lv,p1udt6301lv,POINT(-97.7237805519278 30.4126237516371),75,7.2,0.12,0.12,STAR,STAR,STAR,0,0,0,0.33284,,0.38,0.49926,1,1
tr(r:p1udt6303-p1udt6303lv),C,p1udt6303,p1udt6303lv,p1udt6303lv,POINT(-97.7255134968296 30.4192685245897),75,7.2,0.12,0.12,STAR,STAR,STAR,0,0,0,0.33284,,0.38,0.49926,1,1
tr(r:p1udt6304-p1udt6304lv),ABC,p1udt6304,p1udt6304lv,p1udt6304lv,POINT(-97.7150262051901 30.4197108583892),25,7.2,0.12,0.12,STAR,STAR,STAR,0,0,0,0.532544,,0.472,0.798816,1,1
tr(r:p1udt6307-p1udt6307lv),B,p1udt6307,p1udt6307lv,p1udt6307lv,POINT(-97.7110368612281 30.4261862844304),50,7.2,0.12,0.12,STAR,STAR,STAR,0,0,0,0.532544,,0.37,0.798816,1,1
tr(r:p1udt6308-p1udt6308lv),C,p1udt6308,p1udt6308lv,p1udt6308lv,POINT(-97.7094796471264 30.4266310658145),75,7.2,0.12,0.12,STAR,STAR,STAR,0,0,0,0.33284,,0.38,0.49926,1,1
tr(r:p1udt6718-p1udt6718lv),C,p1udt6718,p1udt6718lv,p1udt6718lv,POINT(-97.7193728110031 30.4307464558938),50,7.2,0.12,0.12,STAR,STAR,STAR,0,0,0,0.532544,,0.37,0.798816,1,1
tr(r:p1udt6727-p1udt6727lv),B,p1udt6727,p1udt6727lv,p1udt6727lv,POINT(-97.7162382259468 30.4273291441587),25,7.2,0.12,0.12,STAR,STAR,STAR,0,0,0,0.532544,,0.472,0.798816,1,1
tr(r:p1udt6728-p1udt6728lv),B,p1udt6728,p1udt6728lv,p1udt6728lv,POINT(-97.7160999167466 30.4275535280752),50,7.2,0.12,0.12,STAR,STAR,STAR,0,0,0,0.532544,,0.37,0.798816,1,1
tr(r:p1udt6729-p1udt6729lv),C,p1udt6729,p1udt6729lv,p1udt6729lv,POINT(-97.7188055171008 30.4282799223548),75,7.2,0.12,0.12,STAR,STAR,STAR,0,0,0,0.33284,,0.38,0.49926,1,1
tr(r:p1udt6731-p1udt6731lv),C,p1udt6731,p1udt6731lv,p1udt6731lv,POINT(-97.7275673725298 30.4144199763827),75,7.2,0.12,0.12,STAR,STAR,STAR,0,0,0,0.33284,,0.38,0.49926,1,1
tr(r:p1udt6733-p1udt6733lv),ABC,p1udt6733,p1udt6733lv,p1udt6733lv,POINT(-97.7251331725023 30.4158761641704),50,7.2,0.12,0.12,STAR,STAR,STAR,0,0,0,0.532544,,0.37,0.798816,1,1
tr(r:p1udt6734-p1udt6734lv),ABC,p1udt6734,p1udt6734lv,p1udt6734lv,POINT(-97.7246886879365 30.417234115406),25,7.2,0.12,0.12,STAR,STAR,STAR,0,0,0,0.532544,,0.472,0.798816,1,1
tr(r:p1udt6735-p1udt6735lv),A,p1udt6735,p1udt6735lv,p1udt6735lv,POINT(-97.7275817932985 30.4171322169349),25,7.2,0.12,0.12,STAR,STAR,STAR,0,0,0,0.532544,,0.472,0.798816,1,1
tr(r:p1udt6736-p1udt6736lv),A,p1udt6736,p1udt6736lv,p1udt6736lv,POINT(-97.7277620178967 30.4184874147955),50,7.2,0.12,0.12,STAR,STAR,STAR,0,0,0,0.532544,,0.37,0.798816,1,1
tr(r:p1udt6737-p1udt6737lv),ABC,p1udt6737,p1udt6737lv,p1udt6737lv,POINT(-97.7265198795252 30.4197244476879),50,7.2,0.12,0.12,STAR,STAR,STAR,0,0,0,0.532544,,0.37,0.798816,1,1
tr(r:p1udt6738-p1udt6738lv),ABC,p1udt6738,p1udt6738lv,p1udt6738lv,POINT(-97.723156360998 30.4127593674918),50,7.2,0.12,0.12,STAR,STAR,STAR,0,0,0,0.532544,,0.37,0.798816,1,1
tr(r:p1udt6740-p1udt6740lv),A,p1udt6740,p1udt6740lv,p1udt6740lv,POINT(-97.7208139929546 30.4157796074173),75,7.2,0.12,0.12,STAR,STAR,STAR,0,0,0,0.33284,,0.38,0.49926,1,1
tr(r:p1udt6741-p1udt6741lv),C,p1udt6741,p1udt6741lv,p1udt6741lv,POINT(-97.717261073354 30.4159975613049),50,7.2,0.12,0.12,STAR,STAR,STAR,0,0,0,0.532544,,0.37,0.798816,1,1
tr(r:p1udt6743-p1udt6743lv),C,p1udt6743,p1udt6743lv,p1udt6743lv,POINT(-97.7220869974847 30.4187517679003),25,7.2,0.12,0.12,STAR,STAR,STAR,0,0,0,0.532544,,0.472,0.798816,1,1
tr(r:p1udt7167-p1udt7167lv),B,p1udt7167,p1udt7167lv,p1udt7167lv,POINT(-97.7155316349734 30.4327812223639),75,7.2,0.12,0.12,STAR,STAR,STAR,0,0,0,0.33284,,0.38,0.49926,1,1
tr(r:p1udt7172-p1udt7172lv),C,p1udt7172,p1udt7172lv,p1udt7172lv,POINT(-97.7290803615813 30.4270038421101),50,7.2,0.12,0.12,STAR,STAR,STAR,0,0,0,0.532544,,0.37,0.798816,1,1
tr(r:p1udt7174-p1udt7174lv),B,p1udt7174,p1udt7174lv,p1udt7174lv,POINT(-97.7168939764908 30.4281388025766),75,7.2,0.12,0.12,STAR,STAR,STAR,0,0,0,0.33284,,0.38,0.49926,1,1
tr(r:p1udt7175-p1udt7175lv),B,p1udt7175,p1udt7175lv,p1udt7175lv,POINT(-97.7176636443995 30.4280160675448),50,7.2,0.12,0.12,STAR,STAR,STAR,0,0,0,0.532544,,0.37,0.798816,1,1
tr(r:p1udt7177-p1udt7177lv),A,p1udt7177,p1udt7177lv,p1udt7177lv,POINT(-97.7246719692835 30.413715176707),75,7.2,0.12,0.12,STAR,STAR,STAR,0,0,0,0.33284,,0.38,0.49926,1,1
tr(r:p1udt7179-p1udt7179lv),A,p1udt7179,p1udt7179lv,p1udt7179lv,POINT(-97.7258387396507 30.4176605714228),75,7.2,0.12,0.12,STAR,STAR,STAR,0,0,0,0.33284,,0.38,0.49926,1,1
tr(r:p1udt7180-p1udt7180lv),B,p1udt7180,p1udt7180lv,p1udt7180lv,POINT(-97.727224586193 30.4199749395349),25,7.2,0.12,0.12,STAR,STAR,STAR,0,0,0,0.532544,,0.472,0.798816,1,1
tr(r:p1udt7183-p1udt7183lv),B,p1udt7183,p1udt7183lv,p1udt7183lv,POINT(-97.7197563301397 30.41705049644),75,7.2,0.12,0.12,STAR,STAR,STAR,0,0,0,0.33284,,0.38,0.49926,1,1
tr(r:p1udt7184-p1udt7184lv),B,p1udt7184,p1udt7184lv,p1udt7184lv,POINT(-97.7174893988437 30.4168479596007),75,7.2,0.12,0.12,STAR,STAR,STAR,0,0,0,0.33284,,0.38,0.49926,1,1
tr(r:p1udt7185-p1udt7185lv),A,p1udt7185,p1udt7185lv,p1udt7185lv,POINT(-97.72051794264 30.4183341808901),25,7.2,0.12,0.12,STAR,STAR,STAR,0,0,0,0.532544,,0.472,0.798816,1,1
tr(r:p1udt7188-p1udt7188lv),B,p1udt7188,p1udt7188lv,p1udt7188lv,POINT(-97.7114340968325 30.4268049008765),75,7.2,0.12,0.12,STAR,STAR,STAR,0,0,0,0.33284,,0.38,0.49926,1,1
tr(r:p1udt7189-p1udt7189lv),A,p1udt7189,p1udt7189lv,p1udt7189lv,POINT(-97.7078463436344 30.4288976999275),50,7.2,0.12,0.12,STAR,STAR,STAR,0,0,0,0.532544,,0.37,0.798816,1,1
tr(r:p1udt7190-p1udt7190lv),A,p1udt7190,p1udt7190lv,p1udt7190lv,POINT(-97.7083893832188 30.4287765827239),50,7.2,0.12,0.12,STAR,STAR,STAR,0,0,0,0.532544,,0.37,0.798816,1,1
tr(r:p1udt7191-p1udt7191lv),C,p1udt7191,p1udt7191lv,p1udt7191lv,POINT(-97.7111940928937 30.4292736692461),75,7.2,0.12,0.12,STAR,STAR,STAR,0,0,0,0.33284,,0.38,0.49926,1,1
tr(r:p1udt7253-p1udt7253lv),ABC,p1udt7253,p1udt7253lv,,POINT(-97.7272655436607 30.4070041531434),1000,7.19976905311778,0.277136258660508,,STAR,STAR,,0,0,,0.798815,,0.2,1.59763,0,1
tr(r:p1udt7599-p1udt7599lv),C,p1udt7599,p1udt7599lv,p1udt7599lv,POINT(-97.7187402017311 30.4307977354338),75,7.2,0.12,0.12,STAR,STAR,STAR,0,0,0,0.33284,,0.38,0.49926,1,1
tr(r:p1udt7601-p1udt7601lv),C,p1udt7601,p1udt7601lv,p1udt7601lv,POINT(-97.7283849764493 30.4236224920848),75,7.2,0.12,0.12,STAR,STAR,STAR,0,0,0,0.33284,,0.38,0.49926,1,1
tr(r:p1udt7603-p1udt7603lv),C,p1udt7603,p1udt7603lv,p1udt7603lv,POINT(-97.7284266168996 30.4268348908389),75,7.2,0.12,0.12,STAR,STAR,STAR,0,0,0,0.33284,,0.38,0.49926,1,1
tr(r:p1udt7605-p1udt7605lv),B,p1udt7605,p1udt7605lv,p1udt7605lv,POINT(-97.7162309821884 30.4268999580382),50,7.2,0.12,0.12,STAR,STAR,STAR,0,0,0,0.532544,,0.37,0.798816,1,1
tr(r:p1udt7606-p1udt7606lv),B,p1udt7606,p1udt7606lv,p1udt7606lv,POINT(-97.7164490342749 30.4279269009611),75,7.2,0.12,0.12,STAR,STAR,STAR,0,0,0,0.33284,,0.38,0.49926,1,1
tr(r:p1udt7607-p1udt7607lv),ABC,p1udt7607,p1udt7607lv,p1udt7607lv,POINT(-97.7127089340679 30.4297304558468),50,7.2,0.12,0.12,STAR,STAR,STAR,0,0,0,0.532544,,0.37,0.798816,1,1
tr(r:p1udt7611-p1udt7611lv),C,p1udt7611,p1udt7611lv,p1udt7611lv,POINT(-97.7262263319165 30.4149887142109),50,7.2,0.12,0.12,STAR,STAR,STAR,0,0,0,0.532544,,0.37,0.798816,1,1
tr(r:p1udt7612-p1udt7612lv),ABC,p1udt7612,p1udt7612lv,p1udt7612lv,POINT(-97.7250513332682 30.4181671916092),75,7.2,0.12,0.12,STAR,STAR,STAR,0,0,0,0.33284,,0.38,0.49926,1,1
tr(r:p1udt7614-p1udt7614lv),ABC,p1udt7614,p1udt7614lv,p1udt7614lv,POINT(-97.7181813952637 30.4164756211602),50,7.2,0.12,0.12,STAR,STAR,STAR,0,0,0,0.532544,,0.37,0.798816,1,1
tr(r:p1udt7615-p1udt7615lv),B,p1udt7615,p1udt7615lv,p1udt7615lv,POINT(-97.7203667246223 30.417345214506),75,7.2,0.12,0.12,STAR,STAR,STAR,0,0,0,0.33284,,0.38,0.49926,1,1
tr(r:p1udt7618-p1udt7618lv),A,p1udt7618,p1udt7618lv,p1udt7618lv,POINT(-97.7081373248704 30.4295450190533),75,7.2,0.12,0.12,STAR,STAR,STAR,0,0,0,0.33284,,0.38,0.49926,1,1
tr(r:p1udt8009-p1udt8009lv),A,p1udt8009,p1udt8009lv,p1udt8009lv,POINT(-97.7287315576529 30.4225882299719),75,7.2,0.12,0.12,STAR,STAR,STAR,0,0,0,0.33284,,0.38,0.49926,1,1
tr(r:p1udt8010-p1udt8010lv),A,p1udt8010,p1udt8010lv,p1udt8010lv,POINT(-97.7291334602042 30.4229079461633),50,7.2,0.12,0.12,STAR,STAR,STAR,0,0,0,0.532544,,0.37,0.798816,1,1
tr(r:p1udt8013-p1udt8013lv),B,p1udt8013,p1udt8013lv,p1udt8013lv,POINT(-97.7183515747291 30.4279596638395),75,7.2,0.12,0.12,STAR,STAR,STAR,0,0,0,0.33284,,0.38,0.49926,1,1
tr(r:p1udt8015-p1udt8015lv),C,p1udt8015,p1udt8015lv,p1udt8015lv,POINT(-97.7246245873219 30.4197600830421),75,7.2,0.12,0.12,STAR,STAR,STAR,0,0,0,0.33284,,0.38,0.49926,1,1
tr(r:p1udt8016-p1udt8016lv),C,p1udt8016,p1udt8016lv,p1udt8016lv,POINT(-97.7210647243848 30.4141220536647),75,7.2,0.12,0.12,STAR,STAR,STAR,0,0,0,0.33284,,0.38,0.49926,1,1
tr(r:p1udt8017-p1udt8017lv),A,p1udt8017,p1udt8017lv,p1udt8017lv,POINT(-97.7212588737247 30.4159916645923),75,7.2,0.12,0.12,STAR,STAR,STAR,0,0,0,0.33284,,0.38,0.49926,1,1
tr(r:p1udt8018-p1udt8018lv),C,p1udt8018,p1udt8018lv,p1udt8018lv,POINT(-97.7178635209919 30.4161027312922),50,7.2,0.12,0.12,STAR,STAR,STAR,0,0,0,0.532544,,0.37,0.798816,1,1
tr(r:p1udt8019-p1udt8019lv),C,p1udt8019,p1udt8019lv,p1udt8019lv,POINT(-97.7159115419814 30.4172926189194),75,7.2,0.12,0.12,STAR,STAR,STAR,0,0,0,0.33284,,0.38,0.49926,1,1
tr(r:p1udt8020-p1udt8020lv),A,p1udt8020,p1udt8020lv,p1udt8020lv,POINT(-97.7155238100478 30.419075343142),75,7.2,0.12,0.12,STAR,STAR,STAR,0,0,0,0.33284,,0.38,0.49926,1,1
tr(r:p1udt8021-p1udt8021lv),A,p1udt8021,p1udt8021lv,p1udt8021lv,POINT(-97.7206132018094 30.4189238981516),50,7.2,0.12,0.12,STAR,STAR,STAR,0,0,0,0.532544,,0.37,0.798816,1,1
tr(r:p1udt8024-p1udt8024lv),ABC,p1udt8024,p1udt8024lv,p1udt8024lv,POINT(-97.7116408270718 30.4253890370471),50,7.2,0.12,0.12,STAR,STAR,STAR,0,0,0,0.532544,,0.37,0.798816,1,1
tr(r:p1udt8025-p1udt8025lv),C,p1udt8025,p1udt8025lv,p1udt8025lv,POINT(-97.7094094635512 30.4272168603579),50,7.2,0.12,0.12,STAR,STAR,STAR,0,0,0,0.532544,,0.37,0.798816,1,1
tr(r:p1udt8070-p1udt8070lv),ABC,p1udt8070,p1udt8070lv,,POINT(-97.7231589083794 30.4102654031155),300,7.19976905311778,0.277136258660508,,STAR,STAR,,0,0,,0.91198,,0.325,1.82396,0,1
tr(r:p1udt8399-p1udt8399lv),ABC,p1udt8399,p1udt8399lv,p1udt8399lv,POINT(-97.7141370321249 30.4295553366177),50,7.2,0.12,0.12,STAR,STAR,STAR,0,0,0,0.532544,,0.37,0.798816,1,1
tr(r:p1udt8400-p1udt8400lv),C,p1udt8400,p1udt8400lv,p1udt8400lv,POINT(-97.7136064264767 30.4303170548886),25,7.2,0.12,0.12,STAR,STAR,STAR,0,0,0,0.532544,,0.472,0.798816,1,1
tr(r:p1udt8401-p1udt8401lv),B,p1udt8401,p1udt8401lv,p1udt8401lv,POINT(-97.714554756265 30.4315686423975),75,7.2,0.12,0.12,STAR,STAR,STAR,0,0,0,0.33284,,0.38,0.49926,1,1
tr(r:p1udt8404-p1udt8404lv),A,p1udt8404,p1udt8404lv,p1udt8404lv,POINT(-97.7085847600944 30.4297529885949),75,7.2,0.12,0.12,STAR,STAR,STAR,0,0,0,0.33284,,0.38,0.49926,1,1
tr(r:p1udt8406-p1udt8406lv),B,p1udt8406,p1udt8406lv,p1udt8406lv,POINT(-97.728731793919 30.420161061408),25,7.2,0.12,0.12,STAR,STAR,STAR,0,0,0,0.532544,,0.472,0.798816,1,1
tr(r:p1udt8410-p1udt8410lv),ABC,p1udt8410,p1udt8410lv,p1udt8410lv,POINT(-97.7159654663123 30.4201744444132),50,7.2,0.12,0.12,STAR,STAR,STAR,0,0,0,0.532544,,0.37,0.798816,1,1
tr(r:p1udt8413-p1udt8413lv),ABC,p1udt8413,p1udt8413lv,p1udt8413lv,POINT(-97.7144579687979 30.4297029028716),50,7.2,0.12,0.12,STAR,STAR,STAR,0,0,0,0.532544,,0.37,0.798816,1,1
tr(r:p1udt8414-p1udt8414lv),C,p1udt8414,p1udt8414lv,p1udt8414lv,POINT(-97.7259018713696 30.4136099246826),50,7.2,0.12,0.12,STAR,STAR,STAR,0,0,0,0.532544,,0.37,0.798816,1,1
tr(r:p1udt8415-p1udt8415lv),B,p1udt8415,p1udt8415lv,p1udt8415lv,POINT(-97.727039642812 30.4149276253002),50,7.2,0.12,0.12,STAR,STAR,STAR,0,0,0,0.532544,,0.37,0.798816,1,1
tr(r:p1udt8418-p1udt8418lv),A,p1udt8418,p1udt8418lv,p1udt8418lv,POINT(-97.7262009838279 30.4178263477435),50,7.2,0.12,0.12,STAR,STAR,STAR,0,0,0,0.532544,,0.37,0.798816,1,1
tr(r:p1udt8419-p1udt8419lv),ABC,p1udt8419,p1udt8419lv,,POINT(-97.7227836045574 30.4106429850914),75,7.19976905311778,0.277136258660508,,STAR,STAR,,0,0,,0.87204,,0.6,1.74408,0,1
tr(r:p1udt8422-p1udt8422lv),ABC,p1udt8422,p1udt8422lv,p1udt8422lv,POINT(-97.7211254949929 30.4150429500012),75,7.2,0.12,0.12,STAR,STAR,STAR,0,0,0,0.33284,,0.38,0.49926,1,1
tr(r:p1udt8423-p1udt8423lv),ABC,p1udt8423,p1udt8423lv,p1udt8423lv,POINT(-97.7227818574784 30.4150667694045),75,7.2,0.12,0.12,STAR,STAR,STAR,0,0,0,0.33284,,0.38,0.49926,1,1
tr(r:p1udt8424-p1udt8424lv),C,p1udt8424,p1udt8424lv,p1udt8424lv,POINT(-97.716449841882 30.4157497825956),75,7.2,0.12,0.12,STAR,STAR,STAR,0,0,0,0.33284,,0.38,0.49926,1,1
tr(r:p1udt8426-p1udt8426lv),B,p1udt8426,p1udt8426lv,p1udt8426lv,POINT(-97.7216110089952 30.4175430796623),50,7.2,0.12,0.12,STAR,STAR,STAR,0,0,0,0.532544,,0.37,0.798816,1,1
tr(r:p1udt8428-p1udt8428lv),A,p1udt8428,p1udt8428lv,p1udt8428lv,POINT(-97.7089169851653 30.4290346152216),75,7.2,0.12,0.12,STAR,STAR,STAR,0,0,0,0.33284,,0.38,0.49926,1,1
tr(r:p1udt8795-p1udt8795lv),B,p1udt8795,p1udt8795lv,p1udt8795lv,POINT(-97.7128758699776 30.4309656079328),50,7.2,0.12,0.12,STAR,STAR,STAR,0,0,0,0.532544,,0.37,0.798816,1,1
tr(r:p1udt8800-p1udt8800lv),ABC,p1udt8800,p1udt8800lv,p1udt8800lv,POINT(-97.7273693765785 30.4208480190286),25,7.2,0.12,0.12,STAR,STAR,STAR,0,0,0,0.532544,,0.472,0.798816,1,1
tr(r:p1udt8801-p1udt8801lv),ABC,p1udt8801,p1udt8801lv,p1udt8801lv,POINT(-97.7276038774279 30.422035866917),50,7.2,0.12,0.12,STAR,STAR,STAR,0,0,0,0.532544,,0.37,0.798816,1,1
tr(r:p1udt8802-p1udt8802lv),C,p1udt8802,p1udt8802lv,p1udt8802lv,POINT(-97.7279037285039 30.4270104261319),50,7.2,0.12,0.12,STAR,STAR,STAR,0,0,0,0.532544,,0.37,0.798816,1,1
tr(r:p1udt8805-p1udt8805lv),A,p1udt8805,p1udt8805lv,p1udt8805lv,POINT(-97.7130687954712 30.4258762993931),25,7.2,0.12,0.12,STAR,STAR,STAR,0,0,0,0.532544,,0.472,0.798816,1,1
tr(r:p1udt8808-p1udt8808lv),B,p1udt8808,p1udt8808lv,p1udt8808lv,POINT(-97.7257137502143 30.4200684759752),25,7.2,0.12,0.12,STAR,STAR,STAR,0,0,0,0.532544,,0.472,0.798816,1,1
tr(r:p1udt8810-p1udt8810lv),C,p1udt8810,p1udt8810lv,p1udt8810lv,POINT(-97.7218716107403 30.4145088801619),75,7.2,0.12,0.12,STAR,STAR,STAR,0,0,0,0.33284,,0.38,0.49926,1,1
tr(r:p1udt8811-p1udt8811lv),B,p1udt8811,p1udt8811lv,p1udt8811lv,POINT(-97.7157237980373 30.4163381555985),75,7.2,0.12,0.12,STAR,STAR,STAR,0,0,0,0.33284,,0.38,0.49926,1,1
tr(r:p1udt8812-p1udt8812lv),ABC,p1udt8812,p1udt8812lv,p1udt8812lv,POINT(-97.7208540197127 30.4167005103093),75,7.2,0.12,0.12,STAR,STAR,STAR,0,0,0,0.33284,,0.38,0.49926,1,1
tr(r:p1udt8813-p1udt8813lv),ABC,p1udt8813,p1udt8813lv,p1udt8813lv,POINT(-97.7161906543217 30.4185431052205),50,7.2,0.12,0.12,STAR,STAR,STAR,0,0,0,0.532544,,0.37,0.798816,1,1
tr(r:p1udt8814-p1udt8814lv),ABC,p1udt8814,p1udt8814lv,p1udt8814lv,POINT(-97.7156800626392 30.4182738404576),75,7.2,0.12,0.12,STAR,STAR,STAR,0,0,0,0.33284,,0.38,0.49926,1,1
tr(r:p1udt8815-p1udt8815lv),B,p1udt8815,p1udt8815lv,p1udt8815lv,POINT(-97.710803249831 30.4265356554735),50,7.2,0.12,0.12,STAR,STAR,STAR,0,0,0,0.532544,,0.37,0.798816,1,1
tr(r:p1udt9172-p1udt9172lv),C,p1udt9172,p1udt9172lv,p1udt9172lv,POINT(-97.7189366454335 30.4314549855071),25,7.2,0.12,0.12,STAR,STAR,STAR,0,0,0,0.532544,,0.472,0.798816,1,1
tr(r:p1udt9173-p1udt9173lv),C,p1udt9173,p1udt9173lv,p1udt9173lv,POINT(-97.7180703012089 30.4327468352949),50,7.2,0.12,0.12,STAR,STAR,STAR,0,0,0,0.532544,,0.37,0.798816,1,1
tr(r:p1udt9181-p1udt9181lv),ABC,p1udt9181,p1udt9181lv,p1udt9181lv,POINT(-97.7271725409658 30.4207773021133),50,7.2,0.12,0.12,STAR,STAR,STAR,0,0,0,0.532544,,0.37,0.798816,1,1
tr(r:p1udt9187-p1udt9187lv),ABC,p1udt9187,p1udt9187lv,,POINT(-97.727348738966 30.4114883145394),75,7.19976905311778,0.277136258660508,,STAR,STAR,,0,0,,0.87204,,0.6,1.74408,0,1
tr(r:p1udt9188-p1udt9188lv),C,p1udt9188,p1udt9188lv,p1udt9188lv,POINT(-97.7254567364176 30.414210078922),50,7.2,0.12,0.12,STAR,STAR,STAR,0,0,0,0.532544,,0.37,0.798816,1,1
tr(r:p1udt9190-p1udt9190lv),ABC,p1udt9190,p1udt9190lv,p1udt9190lv,POINT(-97.7226181479138 30.416445677122),50,7.2,0.12,0.12,STAR,STAR,STAR,0,0,0,0.532544,,0.37,0.798816,1,1
tr(r:p1udt9193-p1udt9193lv),C,p1udt9193,p1udt9193lv,p1udt9193lv,POINT(-97.7093979908044 30.4249249302086),75,7.2,0.12,0.12,STAR,STAR,STAR,0,0,0,0.33284,,0.38,0.49926,1,1
tr(r:p1udt9194-p1udt9194lv),B,p1udt9194,p1udt9194lv,p1udt9194lv,POINT(-97.7106077458005 30.4271474967694),75,7.2,0.12,0.12,STAR,STAR,STAR,0,0,0,0.33284,,0.38,0.49926,1,1
tr(r:p1udt9195-p1udt9195lv),C,p1udt9195,p1udt9195lv,p1udt9195lv,POINT(-97.7098758876875 30.4279832081462),50,7.2,0.12,0.12,STAR,STAR,STAR,0,0,0,0.532544,,0.37,0.798816,1,1
tr(r:p1udt9196-p1udt9196lv),C,p1udt9196,p1udt9196lv,p1udt9196lv,POINT(-97.7094197131598 30.4280199996623),25,7.2,0.12,0.12,STAR,STAR,STAR,0,0,0,0.532544,,0.472,0.798816,1,1
tr(r:p1udt9575-p1udt9575lv),C,p1udt9575,p1udt9575lv,p1udt9575lv,POINT(-97.7189800987638 30.4300579182174),75,7.2,0.12,0.12,STAR,STAR,STAR,0,0,0,0.33284,,0.38,0.49926,1,1
tr(r:p1udt9588-p1udt9588lv),A,p1udt9588,p1udt9588lv,p1udt9588lv,POINT(-97.7237106850887 30.413985494542),50,7.2,0.12,0.12,STAR,STAR,STAR,0,0,0,0.532544,,0.37,0.798816,1,1
tr(r:p1udt9589-p1udt9589lv),A,p1udt9589,p1udt9589lv,p1udt9589lv,POINT(-97.7279085915265 30.4178161388762),50,7.2,0.12,0.12,STAR,STAR,STAR,0,0,0,0.532544,,0.37,0.798816,1,1
tr(r:p1udt9593-p1udt9593lv),A,p1udt9593,p1udt9593lv,p1udt9593lv,POINT(-97.7216211036169 30.4161574532681),50,7.2,0.12,0.12,STAR,STAR,STAR,0,0,0,0.532544,,0.37,0.798816,1,1
tr(r:p1udt9596-p1udt9596lv),B,p1udt9596,p1udt9596lv,p1udt9596lv,POINT(-97.7115832455477 30.4267741796354),50,7.2,0.12,0.12,STAR,STAR,STAR,0,0,0,0.532544,,0.37,0.798816,1,1
tr(r:p1udt9930-p1udt9930lv),ABC,p1udt9930,p1udt9930lv,p1udt9930lv,POINT(-97.7159511224547 30.4314649399252),50,7.2,0.12,0.12,STAR,STAR,STAR,0,0,0,0.532544,,0.37,0.798816,1,1
tr(r:p1udt9931-p1udt9931lv),B,p1udt9931,p1udt9931lv,p1udt9931lv,POINT(-97.7171374343761 30.4318133479443),50,7.2,0.12,0.12,STAR,STAR,STAR,0,0,0,0.532544,,0.37,0.798816,1,1
tr(r:p1udt9941-p1udt9941lv),ABC,p1udt9941,p1udt9941lv,p1udt9941lv,POINT(-97.7146696362091 30.4260725307867),25,7.2,0.12,0.12,STAR,STAR,STAR,0,0,0,0.532544,,0.472,0.798816,1,1
tr(r:p1udt9942-p1udt9942lv),ABC,p1udt9942,p1udt9942lv,p1udt9942lv,POINT(-97.7134856501782 30.4292060474381),50,7.2,0.12,0.12,STAR,STAR,STAR,0,0,0,0.532544,,0.37,0.798816,1,1
tr(r:p1udt9943-p1udt9943lv),ABC,p1udt9943,p1udt9943lv,p1udt9943lv,POINT(-97.7264874896531 30.4112723892231),50,7.2,0.12,0.12,STAR,STAR,STAR,0,0,0,0.532544,,0.37,0.798816,1,1
tr(r:p1udt9944-p1udt9944lv),C,p1udt9944,p1udt9944lv,p1udt9944lv,POINT(-97.7252784861621 30.4133201121003),25,7.2,0.12,0.12,STAR,STAR,STAR,0,0,0,0.532544,,0.472,0.798816,1,1
tr(r:p1udt9945-p1udt9945lv),ABC,p1udt9945,p1udt9945lv,p1udt9945lv,POINT(-97.7248864109492 30.4180720582789),50,7.2,0.12,0.12,STAR,STAR,STAR,0,0,0,0.532544,,0.37,0.798816,1,1
tr(r:p1udt9946-p1udt9946lv),ABC,p1udt9946,p1udt9946lv,p1udt9946lv,POINT(-97.7262556696576 30.4192256084595),50,7.2,0.12,0.12,STAR,STAR,STAR,0,0,0,0.532544,,0.37,0.798816,1,1
tr(r:p1udt9948-p1udt9948lv),B,p1udt9948,p1udt9948lv,p1udt9948lv,POINT(-97.7161307886294 30.4147906708948),25,7.2,0.12,0.12,STAR,STAR,STAR,0,0,0,0.532544,,0.472,0.798816,1,1
tr(r:p1udt9949-p1udt9949lv),B,p1udt9949,p1udt9949lv,p1udt9949lv,POINT(-97.7162367149472 30.41469771511),25,7.2,0.12,0.12,STAR,STAR,STAR,0,0,0,0.532544,,0.472,0.798816,1,1
tr(r:p1udt9950-p1udt9950lv),ABC,p1udt9950,p1udt9950lv,p1udt9950lv,POINT(-97.7179580617331 30.4168345168654),50,7.2,0.12,0.12,STAR,STAR,STAR,0,0,0,0.532544,,0.37,0.798816,1,1
tr(r:p1udt10309-p1udt10309lv),ABC,p1udt10309,p1udt10309lv,p1udt10309lv,POINT(-97.7133785681968 30.4286456102987),25,7.2,0.12,0.12,STAR,STAR,STAR,0,0,0,0.532544,,0.472,0.798816,1,1
tr(r:p1udt10310-p1udt10310lv),ABC,p1udt10310,p1udt10310lv,,POINT(-97.7246351695637 30.4114651877092),75,7.19976905311778,0.277136258660508,,STAR,STAR,,0,0,,0.87204,,0.6,1.74408,0,1
tr(r:p1udt10311-p1udt10311lv),C,p1udt10311,p1udt10311lv,p1udt10311lv,POINT(-97.7241708356669 30.4186276109195),75,7.2,0.12,0.12,STAR,STAR,STAR,0,0,0,0.33284,,0.38,0.49926,1,1
tr(r:p1udt10312-p1udt10312lv),ABC,p1udt10312,p1udt10312lv,p1udt10312lv,POINT(-97.7233459734042 30.417283394444),50,7.2,0.12,0.12,STAR,STAR,STAR,0,0,0,0.532544,,0.37,0.798816,1,1
tr(r:p1udt10676-p1udt10676lv),C,p1udt10676,p1udt10676lv,p1udt10676lv,POINT(-97.7192847708697 30.4303124922675),75,7.2,0.12,0.12,STAR,STAR,STAR,0,0,0,0.33284,,0.38,0.49926,1,1
tr(r:p1udt10677-p1udt10677lv),ABC,p1udt10677,p1udt10677lv,p1udt10677lv,POINT(-97.7156256766759 30.4311670481293),75,7.2,0.12,0.12,STAR,STAR,STAR,0,0,0,0.33284,,0.38,0.49926,1,1
tr(r:p1udt10678-p1udt10678lv),A,p1udt10678,p1udt10678lv,p1udt10678lv,POINT(-97.7175924658278 30.4334561820809),25,7.2,0.12,0.12,STAR,STAR,STAR,0,0,0,0.532544,,0.472,0.798816,1,1
tr(r:p1udt10679-p1udt10679lv),A,p1udt10679,p1udt10679lv,p1udt10679lv,POINT(-97.7160275132166 30.4349453311033),25,7.2,0.12,0.12,STAR,STAR,STAR,0,0,0,0.532544,,0.472,0.798816,1,1
tr(r:p1udt10694-p1udt10694lv),B,p1udt10694,p1udt10694lv,p1udt10694lv,POINT(-97.7149412806408 30.427776550323),75,7.2,0.12,0.12,STAR,STAR,STAR,0,0,0,0.33284,,0.38,0.49926,1,1
tr(r:p1udt10695-p1udt10695lv),ABC,p1udt10695,p1udt10695lv,p1udt10695lv,POINT(-97.7136748205709 30.4281599657843),50,7.2,0.12,0.12,STAR,STAR,STAR,0,0,0,0.532544,,0.37,0.798816,1,1
tr(r:p1udt10702-p1udt10702lv),C,p1udt10702,p1udt10702lv,p1udt10702lv,POINT(-97.7087892989658 30.4276618718833),25,7.2,0.12,0.12,STAR,STAR,STAR,0,0,0,0.532544,,0.472,0.798816,1,1
tr(r:p1udt10725-p1udt10725lv),ABC,p1udt10725,p1udt10725lv,p1udt10725lv,POINT(-97.7264032748243 30.4086611790218),25,7.2,0.12,0.12,STAR,STAR,STAR,0,0,0,0.532544,,0.472,0.798816,1,1
tr(r:p1udt11018-p1udt11018lv),ABC,p1udt11018,p1udt11018lv,p1udt11018lv,POINT(-97.7264509370599 30.4218261194345),50,7.2,0.12,0.12,STAR,STAR,STAR,0,0,0,0.532544,,0.37,0.798816,1,1
tr(r:p1udt11025-p1udt11025lv),ABC,p1udt11025,p1udt11025lv,p1udt11025lv,POINT(-97.7155474166286 30.428423610443),25,7.2,0.12,0.12,STAR,STAR,STAR,0,0,0,0.532544,,0.472,0.798816,1,1
tr(r:p1udt11026-p1udt11026lv),ABC,p1udt11026,p1udt11026lv,p1udt11026lv,POINT(-97.7160627091906 30.4286694942083),75,7.2,0.12,0.12,STAR,STAR,STAR,0,0,0,0.33284,,0.38,0.49926,1,1
tr(r:p1udt11027-p1udt11027lv),A,p1udt11027,p1udt11027lv,p1udt11027lv,POINT(-97.7307506221358 30.4124688389091),75,7.2,0.12,0.12,STAR,STAR,STAR,0,0,0,0.33284,,0.38,0.49926,1,1
tr(r:p1udt11029-p1udt11029lv),ABC,p1udt11029,p1udt11029lv,p1udt11029lv,POINT(-97.724765088914 30.4161613034561),50,7.2,0.12,0.12,STAR,STAR,STAR,0,0,0,0.532544,,0.37,0.798816,1,1
tr(r:p1udt11031-p1udt11031lv),A,p1udt11031,p1udt11031lv,p1udt11031lv,POINT(-97.7289893129081 30.4193836177488),50,7.2,0.12,0.12,STAR,STAR,STAR,0,0,0,0.532544,,0.37,0.798816,1,1
tr(r:p1udt11032-p1udt11032lv),C,p1udt11032,p1udt11032lv,p1udt11032lv,POINT(-97.7252468772537 30.4191434068596),50,7.2,0.12,0.12,STAR,STAR,STAR,0,0,0,0.532544,,0.37,0.798816,1,1
tr(r:p1udt11034-p1udt11034lv),ABC,p1udt11034,p1udt11034lv,p1udt11034lv,POINT(-97.7203987099375 30.4164885210459),50,7.2,0.12,0.12,STAR,STAR,STAR,0,0,0,0.532544,,0.37,0.798816,1,1
tr(r:p1udt11035-p1udt11035lv),A,p1udt11035,p1udt11035lv,p1udt11035lv,POINT(-97.7209232677121 30.4188514023463),75,7.2,0.12,0.12,STAR,STAR,STAR,0,0,0,0.33284,,0.38,0.49926,1,1
tr(r:p1udt11036-p1udt11036lv),ABC,p1udt11036,p1udt11036lv,p1udt11036lv,POINT(-97.7134413704089 30.4190999901923),50,7.2,0.12,0.12,STAR,STAR,STAR,0,0,0,0.532544,,0.37,0.798816,1,1
tr(r:p1udt11038-p1udt11038lv),C,p1udt11038,p1udt11038lv,p1udt11038lv,POINT(-97.7107011381263 30.4285700594813),75,7.2,0.12,0.12,STAR,STAR,STAR,0,0,0,0.33284,,0.38,0.49926,1,1
tr(r:p1udt11355-p1udt11355lv),ABC,p1udt11355,p1udt11355lv,p1udt11355lv,POINT(-97.714942589937 30.4308533740939),25,7.2,0.12,0.12,STAR,STAR,STAR,0,0,0,0.532544,,0.472,0.798816,1,1
tr(r:p1udt11357-p1udt11357lv),C,p1udt11357,p1udt11357lv,p1udt11357lv,POINT(-97.7284590145158 30.4243360252522),50,7.2,0.12,0.12,STAR,STAR,STAR,0,0,0,0.532544,,0.37,0.798816,1,1
tr(r:p1udt11360-p1udt11360lv),ABC,p1udt11360,p1udt11360lv,p1udt11360lv,POINT(-97.7131672482452 30.4239283217804),50,7.2,0.12,0.12,STAR,STAR,STAR,0,0,0,0.532544,,0.37,0.798816,1,1
tr(r:p1udt11361-p1udt11361lv),C,p1udt11361,p1udt11361lv,p1udt11361lv,POINT(-97.7137361222138 30.4258029023424),50,7.2,0.12,0.12,STAR,STAR,STAR,0,0,0,0.532544,,0.37,0.798816,1,1
tr(r:p1udt11362-p1udt11362lv),ABC,p1udt11362,p1udt11362lv,,POINT(-97.7182203232246 30.4257184032259),300,7.19976905311778,0.277136258660508,,STAR,STAR,,0,0,,0.91198,,0.325,1.82396,0,1
tr(r:p1udt11364-p1udt11364lv),C,p1udt11364,p1udt11364lv,p1udt11364lv,POINT(-97.7237140592985 30.4193269350535),75,7.2,0.12,0.12,STAR,STAR,STAR,0,0,0,0.33284,,0.38,0.49926,1,1
tr(r:p1udt11365-p1udt11365lv),C,p1udt11365,p1udt11365lv,p1udt11365lv,POINT(-97.7086436867605 30.4276512369289),25,7.2,0.12,0.12,STAR,STAR,STAR,0,0,0,0.532544,,0.472,0.798816,1,1
tr(r:p1udt11366-p1udt11366lv),A,p1udt11366,p1udt11366lv,p1udt11366lv,POINT(-97.7095272995933 30.4293384063844),50,7.2,0.12,0.12,STAR,STAR,STAR,0,0,0,0.532544,,0.37,0.798816,1,1
tr(r:p1udt11690-p1udt11690lv),ABC,p1udt11690,p1udt11690lv,p1udt11690lv,POINT(-97.7283306067244 30.4229992082671),50,7.2,0.12,0.12,STAR,STAR,STAR,0,0,0,0.532544,,0.37,0.798816,1,1
tr(r:p1udt11691-p1udt11691lv),A,p1udt11691,p1udt11691lv,p1udt11691lv,POINT(-97.7292716020189 30.4234957819794),50,7.2,0.12,0.12,STAR,STAR,STAR,0,0,0,0.532544,,0.37,0.798816,1,1
tr(r:p1udt11693-p1udt11693lv),C,p1udt11693,p1udt11693lv,p1udt11693lv,POINT(-97.7279714376404 30.4266141153981),50,7.2,0.12,0.12,STAR,STAR,STAR,0,0,0,0.532544,,0.37,0.798816,1,1
tr(r:p1udt11694-p1udt11694lv),C,p1udt11694,p1udt11694lv,p1udt11694lv,POINT(-97.7288000940167 30.4269379523953),50,7.2,0.12,0.12,STAR,STAR,STAR,0,0,0,0.532544,,0.37,0.798816,1,1
tr(r:p1udt11695-p1udt11695lv),B,p1udt11695,p1udt11695lv,p1udt11695lv,POINT(-97.715323134673 30.4264450901452),75,7.2,0.12,0.12,STAR,STAR,STAR,0,0,0,0.33284,,0.38,0.49926,1,1
tr(r:p1udt11696-p1udt11696lv),B,p1udt11696,p1udt11696lv,p1udt11696lv,POINT(-97.7158554847514 30.427939147045),50,7.2,0.12,0.12,STAR,STAR,STAR,0,0,0,0.532544,,0.37,0.798816,1,1
tr(r:p1udt11697-p1udt11697lv),ABC,p1udt11697,p1udt11697lv,p1udt11697lv,POINT(-97.7153768607435 30.4287013461204),50,7.2,0.12,0.12,STAR,STAR,STAR,0,0,0,0.532544,,0.37,0.798816,1,1
tr(r:p1udt11699-p1udt11699lv),B,p1udt11699,p1udt11699lv,p1udt11699lv,POINT(-97.7258107916358 30.4164189461664),75,7.2,0.12,0.12,STAR,STAR,STAR,0,0,0,0.33284,,0.38,0.49926,1,1
tr(r:p1udt11700-p1udt11700lv),B,p1udt11700,p1udt11700lv,p1udt11700lv,POINT(-97.7265629454822 30.4170230305683),50,7.2,0.12,0.12,STAR,STAR,STAR,0,0,0,0.532544,,0.37,0.798816,1,1
tr(r:p1udt11701-p1udt11701lv),ABC,p1udt11701,p1udt11701lv,p1udt11701lv,POINT(-97.7256824535748 30.4184711105323),75,7.2,0.12,0.12,STAR,STAR,STAR,0,0,0,0.33284,,0.38,0.49926,1,1
tr(r:p1udt11702-p1udt11702lv),ABC,p1udt11702,p1udt11702lv,p1udt11702lv,POINT(-97.7215602163837 30.415236689203),50,7.2,0.12,0.12,STAR,STAR,STAR,0,0,0,0.532544,,0.37,0.798816,1,1
tr(r:p1udt12032-p1udt12032lv),ABC,p1udt12032,p1udt12032lv,p1udt12032lv,POINT(-97.7152383370139 30.4305316325915),50,7.2,0.12,0.12,STAR,STAR,STAR,0,0,0,0.532544,,0.37,0.798816,1,1
tr(r:p1udt12033-p1udt12033lv),A,p1udt12033,p1udt12033lv,p1udt12033lv,POINT(-97.7178329202656 30.4303855396838),50,7.2,0.12,0.12,STAR,STAR,STAR,0,0,0,0.532544,,0.37,0.798816,1,1
tr(r:p1udt12034-p1udt12034lv),A,p1udt12034,p1udt12034lv,p1udt12034lv,POINT(-97.717881610379 30.4330299014856),25,7.2,0.12,0.12,STAR,STAR,STAR,0,0,0,0.532544,,0.472,0.798816,1,1
tr(r:p1udt12041-p1udt12041lv),C,p1udt12041,p1udt12041lv,p1udt12041lv,POINT(-97.7125731007326 30.4275963053004),50,7.2,0.12,0.12,STAR,STAR,STAR,0,0,0,0.532544,,0.37,0.798816,1,1
tr(r:p1udt12042-p1udt12042lv),B,p1udt12042,p1udt12042lv,p1udt12042lv,POINT(-97.7145581986731 30.4284045532389),50,7.2,0.12,0.12,STAR,STAR,STAR,0,0,0,0.532544,,0.37,0.798816,1,1
tr(r:p1udt12043-p1udt12043lv),B,p1udt12043,p1udt12043lv,p1udt12043lv,POINT(-97.7142178372013 30.4289515980513),75,7.2,0.12,0.12,STAR,STAR,STAR,0,0,0,0.33284,,0.38,0.49926,1,1
tr(r:p1udt12044-p1udt12044lv),A,p1udt12044,p1udt12044lv,p1udt12044lv,POINT(-97.7302859510145 30.4121755863868),50,7.2,0.12,0.12,STAR,STAR,STAR,0,0,0,0.532544,,0.37,0.798816,1,1
tr(r:p1udt12045-p1udt12045lv),ABC,p1udt12045,p1udt12045lv,p1udt12045lv,POINT(-97.7235090732584 30.4166811672352),50,7.2,0.12,0.12,STAR,STAR,STAR,0,0,0,0.532544,,0.37,0.798816,1,1
tr(r:p1udt12046-p1udt12046lv),ABC,p1udt12046,p1udt12046lv,p1udt12046lv,POINT(-97.7238821808746 30.4176144307495),25,7.2,0.12,0.12,STAR,STAR,STAR,0,0,0,0.532544,,0.472,0.798816,1,1
tr(r:p1udt12374-p1udt12374lv),A,p1udt12374,p1udt12374lv,p1udt12374lv,POINT(-97.7127635905248 30.4253319155439),50,7.2,0.12,0.12,STAR,STAR,STAR,0,0,0,0.532544,,0.37,0.798816,1,1
tr(r:p1udt12377-p1udt12377lv),B,p1udt12377,p1udt12377lv,p1udt12377lv,POINT(-97.7267564582444 30.4167399903672),75,7.2,0.12,0.12,STAR,STAR,STAR,0,0,0,0.33284,,0.38,0.49926,1,1
tr(r:p1udt12378-p1udt12378lv),B,p1udt12378,p1udt12378lv,p1udt12378lv,POINT(-97.7268520005873 30.4165967265602),50,7.2,0.12,0.12,STAR,STAR,STAR,0,0,0,0.532544,,0.37,0.798816,1,1
tr(r:p1udt12379-p1udt12379lv),B,p1udt12379,p1udt12379lv,p1udt12379lv,POINT(-97.7278816223088 30.4166787752154),75,7.2,0.12,0.12,STAR,STAR,STAR,0,0,0,0.33284,,0.38,0.49926,1,1
tr(r:p1udt12380-p1udt12380lv),B,p1udt12380,p1udt12380lv,p1udt12380lv,POINT(-97.72823305562 30.4200840201692),50,7.2,0.12,0.12,STAR,STAR,STAR,0,0,0,0.532544,,0.37,0.798816,1,1
tr(r:p1udt12381-p1udt12381lv),ABC,p1udt12381,p1udt12381lv,p1udt12381lv,POINT(-97.7170756619529 30.4182334250021),50,7.2,0.12,0.12,STAR,STAR,STAR,0,0,0,0.532544,,0.37,0.798816,1,1
tr(r:p1udt12382-p1udt12382lv),A,p1udt12382,p1udt12382lv,p1udt12382lv,POINT(-97.7148607808077 30.4188251990301),75,7.2,0.12,0.12,STAR,STAR,STAR,0,0,0,0.33284,,0.38,0.49926,1,1
tr(r:p1udt12691-p1udt12691lv),B,p1udt12691,p1udt12691lv,p1udt12691lv,POINT(-97.7170817240496 30.4334962770637),50,7.2,0.12,0.12,STAR,STAR,STAR,0,0,0,0.532544,,0.37,0.798816,1,1
tr(r:p1udt12696-p1udt12696lv),C,p1udt12696,p1udt12696lv,p1udt12696lv,POINT(-97.713558453772 30.4241780895658),50,7.2,0.12,0.12,STAR,STAR,STAR,0,0,0,0.532544,,0.37,0.798816,1,1
tr(r:p1udt12698-p1udt12698lv),ABC,p1udt12698,p1udt12698lv,p1udt12698lv,POINT(-97.7138227154654 30.4293794648171),25,7.2,0.12,0.12,STAR,STAR,STAR,0,0,0,0.532544,,0.472,0.798816,1,1
tr(r:p1udt12699-p1udt12699lv),ABC,p1udt12699,p1udt12699lv,,POINT(-97.7247909516298 30.4112468078849),100,7.19976905311778,0.277136258660508,,STAR,STAR,,0,0,,0.805475,,0.62,1.61095,0,1
tr(r:p1udt12700-p1udt12700lv),A,p1udt12700,p1udt12700lv,p1udt12700lv,POINT(-97.7236454934135 30.4136563408955),25,7.2,0.12,0.12,STAR,STAR,STAR,0,0,0,0.532544,,0.472,0.798816,1,1
tr(r:p1udt12701-p1udt12701lv),C,p1udt12701,p1udt12701lv,p1udt12701lv,POINT(-97.7253471460694 30.4168475214116),50,7.2,0.12,0.12,STAR,STAR,STAR,0,0,0,0.532544,,0.37,0.798816,1,1
tr(r:p1udt12702-p1udt12702lv),A,p1udt12702,p1udt12702lv,p1udt12702lv,POINT(-97.7294723722244 30.419063493919),25,7.2,0.12,0.12,STAR,STAR,STAR,0,0,0,0.532544,,0.472,0.798816,1,1
tr(r:p1udt12703-p1udt12703lv),ABC,p1udt12703,p1udt12703lv,p1udt12703lv,POINT(-97.7127618064413 30.4190880636314),50,7.2,0.12,0.12,STAR,STAR,STAR,0,0,0,0.532544,,0.37,0.798816,1,1
tr(r:p1udt13018-p1udt13018lv),C,p1udt13018,p1udt13018lv,p1udt13018lv,POINT(-97.7167449695679 30.4307720270594),50,7.2,0.12,0.12,STAR,STAR,STAR,0,0,0,0.532544,,0.37,0.798816,1,1
tr(r:p1udt13019-p1udt13019lv),B,p1udt13019,p1udt13019lv,p1udt13019lv,POINT(-97.7124733931286 30.4307801184966),50,7.2,0.12,0.12,STAR,STAR,STAR,0,0,0,0.532544,,0.37,0.798816,1,1
tr(r:p1udt13025-p1udt13025lv),ABC,p1udt13025,p1udt13025lv,p1udt13025lv,POINT(-97.7162817689438 30.421097665707),25,7.2,0.12,0.12,STAR,STAR,STAR,0,0,0,0.532544,,0.472,0.798816,1,1
tr(r:p1udt13030-p1udt13030lv),A,p1udt13030,p1udt13030lv,p1udt13030lv,POINT(-97.7270634432866 30.4179522297224),25,7.2,0.12,0.12,STAR,STAR,STAR,0,0,0,0.532544,,0.472,0.798816,1,1
tr(r:p1udt13031-p1udt13031lv),A,p1udt13031,p1udt13031lv,p1udt13031lv,POINT(-97.7282951849753 30.4193084809144),75,7.2,0.12,0.12,STAR,STAR,STAR,0,0,0,0.33284,,0.38,0.49926,1,1
tr(r:p1udt13032-p1udt13032lv),C,p1udt13032,p1udt13032lv,p1udt13032lv,POINT(-97.7175622380099 30.4160546575262),50,7.2,0.12,0.12,STAR,STAR,STAR,0,0,0,0.532544,,0.37,0.798816,1,1
tr(r:p1udt13033-p1udt13033lv),A,p1udt13033,p1udt13033lv,p1udt13033lv,POINT(-97.7190669278395 30.4172243642593),50,7.2,0.12,0.12,STAR,STAR,STAR,0,0,0,0.532544,,0.37,0.798816,1,1
tr(r:p1udt13034-p1udt13034lv),A,p1udt13034,p1udt13034lv,p1udt13034lv,POINT(-97.7199617232227 30.4180632501042),75,7.2,0.12,0.12,STAR,STAR,STAR,0,0,0,0.33284,,0.38,0.49926,1,1
tr(r:p1udt13035-p1udt13035lv),A,p1udt13035,p1udt13035lv,p1udt13035lv,POINT(-97.7162920959368 30.4183915449787),50,7.2,0.12,0.12,STAR,STAR,STAR,0,0,0,0.532544,,0.37,0.798816,1,1
tr(r:p1udt13036-p1udt13036lv),C,p1udt13036,p1udt13036lv,p1udt13036lv,POINT(-97.7097602144778 30.4250909233117),50,7.2,0.12,0.12,STAR,STAR,STAR,0,0,0,0.532544,,0.37,0.798816,1,1
tr(r:p1udt13037-p1udt13037lv),ABC,p1udt13037,p1udt13037lv,p1udt13037lv,POINT(-97.7112334436657 30.4257957316713),50,7.2,0.12,0.12,STAR,STAR,STAR,0,0,0,0.532544,,0.37,0.798816,1,1
tr(r:p1udt13341-p1udt13341lv),ABC,p1udt13341,p1udt13341lv,p1udt13341lv,POINT(-97.714871841313 30.4298962496433),50,7.2,0.12,0.12,STAR,STAR,STAR,0,0,0,0.532544,,0.37,0.798816,1,1
tr(r:p1udt13343-p1udt13343lv),A,p1udt13343,p1udt13343lv,p1udt13343lv,POINT(-97.7092985750271 30.4301030908977),75,7.2,0.12,0.12,STAR,STAR,STAR,0,0,0,0.33284,,0.38,0.49926,1,1
tr(r:p1udt13351-p1udt13351lv),C,p1udt13351,p1udt13351lv,p1udt13351lv,POINT(-97.7293502189228 30.4270696298896),50,7.2,0.12,0.12,STAR,STAR,STAR,0,0,0,0.532544,,0.37,0.798816,1,1
tr(r:p1udt13354-p1udt13354lv),C,p1udt13354,p1udt13354lv,p1udt13354lv,POINT(-97.7263982544744 30.4138583488582),50,7.2,0.12,0.12,STAR,STAR,STAR,0,0,0,0.532544,,0.37,0.798816,1,1
tr(r:p1udt13358-p1udt13358lv),B,p1udt13358,p1udt13358lv,p1udt13358lv,POINT(-97.7177080589553 30.4152530491886),50,7.2,0.12,0.12,STAR,STAR,STAR,0,0,0,0.532544,,0.37,0.798816,1,1
tr(r:p1udt13360-p1udt13360lv),ABC,p1udt13360,p1udt13360lv,p1udt13360lv,POINT(-97.7174481061344 30.4176418673968),50,7.2,0.12,0.12,STAR,STAR,STAR,0,0,0,0.532544,,0.37,0.798816,1,1
tr(r:p1udt13411-p1udt13411lv),A,p1udt13411,p1udt13411lv,p1udt13411lv,POINT(-97.7217538294685 30.4104896025751),50,7.2,0.12,0.12,STAR,STAR,STAR,0,0,0,0.532544,,0.37,0.798816,1,1
tr(r:p1udt13645-p1udt13645lv),A,p1udt13645,p1udt13645lv,p1udt13645lv,POINT(-97.7149313543173 30.4361168097303),50,7.2,0.12,0.12,STAR,STAR,STAR,0,0,0,0.532544,,0.37,0.798816,1,1
tr(r:p1udt13650-p1udt13650lv),C,p1udt13650,p1udt13650lv,p1udt13650lv,POINT(-97.7280265568349 30.426370994967),25,7.2,0.12,0.12,STAR,STAR,STAR,0,0,0,0.532544,,0.472,0.798816,1,1
tr(r:p1udt13651-p1udt13651lv),C,p1udt13651,p1udt13651lv,p1udt13651lv,POINT(-97.7295243561078 30.4271034385901),50,7.2,0.12,0.12,STAR,STAR,STAR,0,0,0,0.532544,,0.37,0.798816,1,1
tr(r:p1udt13652-p1udt13652lv),B,p1udt13652,p1udt13652lv,p1udt13652lv,POINT(-97.7158303117856 30.4266754820592),50,7.2,0.12,0.12,STAR,STAR,STAR,0,0,0,0.532544,,0.37,0.798816,1,1
tr(r:p1udt13653-p1udt13653lv),B,p1udt13653,p1udt13653lv,p1udt13653lv,POINT(-97.716333929746 30.4271766959031),25,7.2,0.12,0.12,STAR,STAR,STAR,0,0,0,0.532544,,0.472,0.798816,1,1
tr(r:p1udt13654-p1udt13654lv),B,p1udt13654,p1udt13654lv,p1udt13654lv,POINT(-97.725625363271 30.4156552243322),25,7.2,0.12,0.12,STAR,STAR,STAR,0,0,0,0.532544,,0.472,0.798816,1,1
tr(r:p1udt13655-p1udt13655lv),A,p1udt13655,p1udt13655lv,p1udt13655lv,POINT(-97.7288144615941 30.4169268984942),50,7.2,0.12,0.12,STAR,STAR,STAR,0,0,0,0.532544,,0.37,0.798816,1,1
tr(r:p1udt13657-p1udt13657lv),A,p1udt13657,p1udt13657lv,p1udt13657lv,POINT(-97.7092686933275 30.4292095287417),25,7.2,0.12,0.12,STAR,STAR,STAR,0,0,0,0.532544,,0.472,0.798816,1,1
tr(r:p1udt13685-p1udt13685lv),ABC,p1udt13685,p1udt13685lv,,POINT(-97.7273163646772 30.4080923977169),500,7.19976905311778,0.277136258660508,,STAR,STAR,,0,0,,0.73225,,0.266,1.4645,0,1
tr(r:p1udt13941-p1udt13941lv),ABC,p1udt13941,p1udt13941lv,p1udt13941lv,POINT(-97.7151081009108 30.430936209712),25,7.2,0.12,0.12,STAR,STAR,STAR,0,0,0,0.532544,,0.472,0.798816,1,1
tr(r:p1udt13942-p1udt13942lv),A,p1udt13942,p1udt13942lv,p1udt13942lv,POINT(-97.714011024019 30.4338788206727),25,7.2,0.12,0.12,STAR,STAR,STAR,0,0,0,0.532544,,0.472,0.798816,1,1
tr(r:p1udt13950-p1udt13950lv),A,p1udt13950,p1udt13950lv,p1udt13950lv,POINT(-97.7273497960034 30.4191548576067),50,7.2,0.12,0.12,STAR,STAR,STAR,0,0,0,0.532544,,0.37,0.798816,1,1
tr(r:p1udt13951-p1udt13951lv),B,p1udt13951,p1udt13951lv,p1udt13951lv,POINT(-97.7295678578701 30.4199165579886),25,7.2,0.12,0.12,STAR,STAR,STAR,0,0,0,0.532544,,0.472,0.798816,1,1
tr(r:p1udt13953-p1udt13953lv),A,p1udt13953,p1udt13953lv,p1udt13953lv,POINT(-97.7151509517192 30.4189273073057),50,7.2,0.12,0.12,STAR,STAR,STAR,0,0,0,0.532544,,0.37,0.798816,1,1
tr(r:p1udt13955-p1udt13955lv),C,p1udt13955,p1udt13955lv,p1udt13955lv,POINT(-97.7082184761754 30.424177198317),50,7.2,0.12,0.12,STAR,STAR,STAR,0,0,0,0.532544,,0.37,0.798816,1,1
tr(r:p1udt14219-p1udt14219lv),ABC,p1udt14219,p1udt14219lv,p1udt14219lv,POINT(-97.7269238564034 30.4206848193164),50,7.2,0.12,0.12,STAR,STAR,STAR,0,0,0,0.532544,,0.37,0.798816,1,1
tr(r:p1udt14223-p1udt14223lv),C,p1udt14223,p1udt14223lv,p1udt14223lv,POINT(-97.713554889985 30.4263103772434),50,7.2,0.12,0.12,STAR,STAR,STAR,0,0,0,0.532544,,0.37,0.798816,1,1
tr(r:p1udt14227-p1udt14227lv),A,p1udt14227,p1udt14227lv,p1udt14227lv,POINT(-97.7160936449043 30.4192883042119),50,7.2,0.12,0.12,STAR,STAR,STAR,0,0,0,0.532544,,0.37,0.798816,1,1
tr(r:p1udt14229-p1udt14229lv),ABC,p1udt14229,p1udt14229lv,p1udt14229lv,POINT(-97.7140938934862 30.4193499995902),50,7.2,0.12,0.12,STAR,STAR,STAR,0,0,0,0.532544,,0.37,0.798816,1,1
tr(r:p1udt14230-p1udt14230lv),ABC,p1udt14230,p1udt14230lv,p1udt14230lv,POINT(-97.7120128772677 30.4248063912961),25,7.2,0.12,0.12,STAR,STAR,STAR,0,0,0,0.532544,,0.472,0.798816,1,1
tr(r:p1udt14497-p1udt14497lv),C,p1udt14497,p1udt14497lv,p1udt14497lv,POINT(-97.7281893637801 30.4213224932235),50,7.2,0.12,0.12,STAR,STAR,STAR,0,0,0,0.532544,,0.37,0.798816,1,1
tr(r:p1udt14498-p1udt14498lv),ABC,p1udt14498,p1udt14498lv,p1udt14498lv,POINT(-97.7269197409096 30.4218036233797),50,7.2,0.12,0.12,STAR,STAR,STAR,0,0,0,0.532544,,0.37,0.798816,1,1
tr(r:p1udt14499-p1udt14499lv),ABC,p1udt14499,p1udt14499lv,p1udt14499lv,POINT(-97.7283392700807 30.4224030205037),50,7.2,0.12,0.12,STAR,STAR,STAR,0,0,0,0.532544,,0.37,0.798816,1,1
tr(r:p1udt14504-p1udt14504lv),A,p1udt14504,p1udt14504lv,p1udt14504lv,POINT(-97.712803099303 30.4256803852122),50,7.2,0.12,0.12,STAR,STAR,STAR,0,0,0,0.532544,,0.37,0.798816,1,1
tr(r:p1udt14505-p1udt14505lv),ABC,p1udt14505,p1udt14505lv,p1udt14505lv,POINT(-97.712850253135 30.4294844643281),50,7.2,0.12,0.12,STAR,STAR,STAR,0,0,0,0.532544,,0.37,0.798816,1,1
tr(r:p1udt14508-p1udt14508lv),C,p1udt14508,p1udt14508lv,p1udt14508lv,POINT(-97.7263606004146 30.4143540720172),50,7.2,0.12,0.12,STAR,STAR,STAR,0,0,0,0.532544,,0.37,0.798816,1,1
tr(r:p1udt14509-p1udt14509lv),ABC,p1udt14509,p1udt14509lv,p1udt14509lv,POINT(-97.7240467690953 30.4165903688485),50,7.2,0.12,0.12,STAR,STAR,STAR,0,0,0,0.532544,,0.37,0.798816,1,1
tr(r:p1udt14511-p1udt14511lv),C,p1udt14511,p1udt14511lv,p1udt14511lv,POINT(-97.7153937838256 30.4170799981174),75,7.2,0.12,0.12,STAR,STAR,STAR,0,0,0,0.33284,,0.38,0.49926,1,1
tr(r:p1udt14512-p1udt14512lv),A,p1udt14512,p1udt14512lv,p1udt14512lv,POINT(-97.7119019958924 30.4261136184839),25,7.2,0.12,0.12,STAR,STAR,STAR,0,0,0,0.532544,,0.472,0.798816,1,1
tr(r:p1udt14729-p1udt14729lv),A,p1udt14729,p1udt14729lv,p1udt14729lv,POINT(-97.7175534779144 30.4302564735421),50,7.2,0.12,0.12,STAR,STAR,STAR,0,0,0,0.532544,,0.37,0.798816,1,1
tr(r:p1udt14730-p1udt14730lv),A,p1udt14730,p1udt14730lv,p1udt14730lv,POINT(-97.7134929471513 30.4336842339226),25,7.2,0.12,0.12,STAR,STAR,STAR,0,0,0,0.532544,,0.472,0.798816,1,1
tr(r:p1udt14731-p1udt14731lv),A,p1udt14731,p1udt14731lv,p1udt14731lv,POINT(-97.7177860209185 30.4331733289023),25,7.2,0.12,0.12,STAR,STAR,STAR,0,0,0,0.532544,,0.472,0.798816,1,1
tr(r:p1udt14741-p1udt14741lv),A,p1udt14741,p1udt14741lv,p1udt14741lv,POINT(-97.7285854916231 30.4177954540447),75,7.2,0.12,0.12,STAR,STAR,STAR,0,0,0,0.33284,,0.38,0.49926,1,1
tr(r:p1udt14742-p1udt14742lv),C,p1udt14742,p1udt14742lv,p1udt14742lv,POINT(-97.7081152732176 30.4248980089922),50,7.2,0.12,0.12,STAR,STAR,STAR,0,0,0,0.532544,,0.37,0.798816,1,1
tr(r:p1udt14743-p1udt14743lv),A,p1udt14743,p1udt14743lv,p1udt14743lv,POINT(-97.7119848053282 30.4261505272565),25,7.2,0.12,0.12,STAR,STAR,STAR,0,0,0,0.532544,,0.472,0.798816,1,1
tr(r:p1udt14744-p1udt14744lv),C,p1udt14744,p1udt14744lv,p1udt14744lv,POINT(-97.7099333341407 30.4285574665267),75,7.2,0.12,0.12,STAR,STAR,STAR,0,0,0,0.33284,,0.38,0.49926,1,1
tr(r:p1udt14993-p1udt14993lv),C,p1udt14993,p1udt14993lv,p1udt14993lv,POINT(-97.713876399636 30.430373852862),50,7.2,0.12,0.12,STAR,STAR,STAR,0,0,0,0.532544,,0.37,0.798816,1,1
tr(r:p1udt14995-p1udt14995lv),A,p1udt14995,p1udt14995lv,p1udt14995lv,POINT(-97.7110530324261 30.4303137229395),25,7.2,0.12,0.12,STAR,STAR,STAR,0,0,0,0.532544,,0.472,0.798816,1,1
tr(r:p1udt15002-p1udt15002lv),B,p1udt15002,p1udt15002lv,p1udt15002lv,POINT(-97.7223871883727 30.4124926164667),50,7.2,0.12,0.12,STAR,STAR,STAR,0,0,0,0.532544,,0.37,0.798816,1,1
tr(r:p1udt15003-p1udt15003lv),ABC,p1udt15003,p1udt15003lv,p1udt15003lv,POINT(-97.7191205454363 30.4155105336124),50,7.2,0.12,0.12,STAR,STAR,STAR,0,0,0,0.532544,,0.37,0.798816,1,1
tr(r:p1udt15260-p1udt15260lv),B,p1udt15260,p1udt15260lv,p1udt15260lv,POINT(-97.7123894180219 30.4302238483605),25,7.2,0.12,0.12,STAR,STAR,STAR,0,0,0,0.532544,,0.472,0.798816,1,1
tr(r:p1udt15261-p1udt15261lv),C,p1udt15261,p1udt15261lv,p1udt15261lv,POINT(-97.7184127888286 30.4322230568615),25,7.2,0.12,0.12,STAR,STAR,STAR,0,0,0,0.532544,,0.472,0.798816,1,1
tr(r:p1udt15262-p1udt15262lv),A,p1udt15262,p1udt15262lv,p1udt15262lv,POINT(-97.7171239784084 30.4341564261185),25,7.2,0.12,0.12,STAR,STAR,STAR,0,0,0,0.532544,,0.472,0.798816,1,1
tr(r:p1udt15266-p1udt15266lv),ABC,p1udt15266,p1udt15266lv,p1udt15266lv,POINT(-97.7279659065642 30.4222196823683),75,7.2,0.12,0.12,STAR,STAR,STAR,0,0,0,0.33284,,0.38,0.49926,1,1
tr(r:p1udt15270-p1udt15270lv),ABC,p1udt15270,p1udt15270lv,p1udt15270lv,POINT(-97.7150038040832 30.4204364997294),50,7.2,0.12,0.12,STAR,STAR,STAR,0,0,0,0.532544,,0.37,0.798816,1,1
tr(r:p1udt15271-p1udt15271lv),B,p1udt15271,p1udt15271lv,p1udt15271lv,POINT(-97.71487547988 30.4262550157583),50,7.2,0.12,0.12,STAR,STAR,STAR,0,0,0,0.532544,,0.37,0.798816,1,1
tr(r:p1udt15274-p1udt15274lv),C,p1udt15274,p1udt15274lv,p1udt15274lv,POINT(-97.7183296194095 30.4290281300352),25,7.2,0.12,0.12,STAR,STAR,STAR,0,0,0,0.532544,,0.472,0.798816,1,1
tr(r:p1udt15275-p1udt15275lv),A,p1udt15275,p1udt15275lv,p1udt15275lv,POINT(-97.7248630880415 30.4134283092153),25,7.2,0.12,0.12,STAR,STAR,STAR,0,0,0,0.532544,,0.472,0.798816,1,1
tr(r:p1udt15276-p1udt15276lv),A,p1udt15276,p1udt15276lv,p1udt15276lv,POINT(-97.7289203786617 30.4168339321695),50,7.2,0.12,0.12,STAR,STAR,STAR,0,0,0,0.532544,,0.37,0.798816,1,1
tr(r:p1udt15277-p1udt15277lv),B,p1udt15277,p1udt15277lv,p1udt15277lv,POINT(-97.7221371189072 30.4125083866456),25,7.2,0.12,0.12,STAR,STAR,STAR,0,0,0,0.532544,,0.472,0.798816,1,1
tr(r:p1udt15278-p1udt15278lv),ABC,p1udt15278,p1udt15278lv,p1udt15278lv,POINT(-97.7228775249157 30.4132103974961),75,7.2,0.12,0.12,STAR,STAR,STAR,0,0,0,0.33284,,0.38,0.49926,1,1
tr(r:p1udt15279-p1udt15279lv),C,p1udt15279,p1udt15279lv,p1udt15279lv,POINT(-97.7214165438567 30.4142788510364),75,7.2,0.12,0.12,STAR,STAR,STAR,0,0,0,0.33284,,0.38,0.49926,1,1
tr(r:p1udt15280-p1udt15280lv),ABC,p1udt15280,p1udt15280lv,p1udt15280lv,POINT(-97.7200366334193 30.4163133645107),50,7.2,0.12,0.12,STAR,STAR,STAR,0,0,0,0.532544,,0.37,0.798816,1,1
tr(r:p1udt15281-p1udt15281lv),B,p1udt15281,p1udt15281lv,p1udt15281lv,POINT(-97.7161819375904 30.4165193067058),75,7.2,0.12,0.12,STAR,STAR,STAR,0,0,0,0.33284,,0.38,0.49926,1,1
tr(r:p1udt15513-p1udt15513lv),A,p1udt15513,p1udt15513lv,p1udt15513lv,POINT(-97.7164152314485 30.429713104534),50,7.2,0.12,0.12,STAR,STAR,STAR,0,0,0,0.532544,,0.37,0.798816,1,1
tr(r:p1udt15518-p1udt15518lv),C,p1udt15518,p1udt15518lv,p1udt15518lv,POINT(-97.7282084385029 30.4275998859332),50,7.2,0.12,0.12,STAR,STAR,STAR,0,0,0,0.532544,,0.37,0.798816,1,1
tr(r:p1udt15521-p1udt15521lv),C,p1udt15521,p1udt15521lv,p1udt15521lv,POINT(-97.7185209058844 30.4287322521152),50,7.2,0.12,0.12,STAR,STAR,STAR,0,0,0,0.532544,,0.37,0.798816,1,1
tr(r:p1udt15523-p1udt15523lv),C,p1udt15523,p1udt15523lv,p1udt15523lv,POINT(-97.7252761172179 30.4152910687165),25,7.2,0.12,0.12,STAR,STAR,STAR,0,0,0,0.532544,,0.472,0.798816,1,1
tr(r:p1udt15528-p1udt15528lv),ABC,p1udt15528,p1udt15528lv,p1udt15528lv,POINT(-97.7190396790569 30.4166980268449),25,7.2,0.12,0.12,STAR,STAR,STAR,0,0,0,0.532544,,0.472,0.798816,1,1
tr(r:p1udt15529-p1udt15529lv),ABC,p1udt15529,p1udt15529lv,p1udt15529lv,POINT(-97.7218998516673 30.4171348308762),50,7.2,0.12,0.12,STAR,STAR,STAR,0,0,0,0.532544,,0.37,0.798816,1,1
tr(r:p1udt15530-p1udt15530lv),ABC,p1udt15530,p1udt15530lv,p1udt15530lv,POINT(-97.7169269759274 30.418457536865),25,7.2,0.12,0.12,STAR,STAR,STAR,0,0,0,0.532544,,0.472,0.798816,1,1
tr(r:p1udt15750-p1udt15750lv),B,p1udt15750,p1udt15750lv,p1udt15750lv,POINT(-97.7174789755449 30.4319702655044),50,7.2,0.12,0.12,STAR,STAR,STAR,0,0,0,0.532544,,0.37,0.798816,1,1
tr(r:p1udt15759-p1udt15759lv),A,p1udt15759,p1udt15759lv,p1udt15759lv,POINT(-97.7244893813023 30.4141464943042),50,7.2,0.12,0.12,STAR,STAR,STAR,0,0,0,0.532544,,0.37,0.798816,1,1
tr(r:p1udt15760-p1udt15760lv),C,p1udt15760,p1udt15760lv,p1udt15760lv,POINT(-97.7242624736405 30.4195851091174),50,7.2,0.12,0.12,STAR,STAR,STAR,0,0,0,0.532544,,0.37,0.798816,1,1
tr(r:p1udt15998-p1udt15998lv),A,p1udt15998,p1udt15998lv,p1udt15998lv,POINT(-97.7177434316961 30.4332450937243),25,7.2,0.12,0.12,STAR,STAR,STAR,0,0,0,0.532544,,0.472,0.798816,1,1
tr(r:p1udt16003-p1udt16003lv),ABC,p1udt16003,p1udt16003lv,p1udt16003lv,POINT(-97.7283679969536 30.4231770175713),25,7.2,0.12,0.12,STAR,STAR,STAR,0,0,0,0.532544,,0.472,0.798816,1,1
tr(r:p1udt16004-p1udt16004lv),A,p1udt16004,p1udt16004lv,p1udt16004lv,POINT(-97.7124602498487 30.426416882129),50,7.2,0.12,0.12,STAR,STAR,STAR,0,0,0,0.532544,,0.37,0.798816,1,1
tr(r:p1udt16005-p1udt16005lv),A,p1udt16005,p1udt16005lv,p1udt16005lv,POINT(-97.7131475668766 30.4270139622075),50,7.2,0.12,0.12,STAR,STAR,STAR,0,0,0,0.532544,,0.37,0.798816,1,1
tr(r:p1udt16006-p1udt16006lv),A,p1udt16006,p1udt16006lv,p1udt16006lv,POINT(-97.7284915536641 30.4178127565908),50,7.2,0.12,0.12,STAR,STAR,STAR,0,0,0,0.532544,,0.37,0.798816,1,1
tr(r:p1udt16007-p1udt16007lv),A,p1udt16007,p1udt16007lv,p1udt16007lv,POINT(-97.7279004321812 30.4192414743318),75,7.2,0.12,0.12,STAR,STAR,STAR,0,0,0,0.33284,,0.38,0.49926,1,1
tr(r:p1udt16009-p1udt16009lv),ABC,p1udt16009,p1udt16009lv,p1udt16009lv,POINT(-97.7146636083109 30.4195719886047),50,7.2,0.12,0.12,STAR,STAR,STAR,0,0,0,0.532544,,0.37,0.798816,1,1
tr(r:p1udt16010-p1udt16010lv),C,p1udt16010,p1udt16010lv,p1udt16010lv,POINT(-97.7103873207278 30.4288684779124),50,7.2,0.12,0.12,STAR,STAR,STAR,0,0,0,0.532544,,0.37,0.798816,1,1
tr(r:p1udt16256-p1udt16256lv),ABC,p1udt16256,p1udt16256lv,p1udt16256lv,POINT(-97.7185357356135 30.4156491616987),25,7.2,0.12,0.12,STAR,STAR,STAR,0,0,0,0.532544,,0.472,0.798816,1,1
tr(r:p1udt16479-p1udt16479lv),B,p1udt16479,p1udt16479lv,p1udt16479lv,POINT(-97.713359886384 30.431129441798),75,7.2,0.12,0.12,STAR,STAR,STAR,0,0,0,0.33284,,0.38,0.49926,1,1
tr(r:p1udt16480-p1udt16480lv),B,p1udt16480,p1udt16480lv,p1udt16480lv,POINT(-97.7178204171244 30.4321360325853),25,7.2,0.12,0.12,STAR,STAR,STAR,0,0,0,0.532544,,0.472,0.798816,1,1
tr(r:p1udt16484-p1udt16484lv),ABC,p1udt16484,p1udt16484lv,p1udt16484lv,POINT(-97.7262002373512 30.4215198762688),50,7.2,0.12,0.12,STAR,STAR,STAR,0,0,0,0.532544,,0.37,0.798816,1,1
tr(r:p1udt16486-p1udt16486lv),A,p1udt16486,p1udt16486lv,p1udt16486lv,POINT(-97.7293474688112 30.4243619105858),50,7.2,0.12,0.12,STAR,STAR,STAR,0,0,0,0.532544,,0.37,0.798816,1,1
tr(r:p1udt16490-p1udt16490lv),C,p1udt16490,p1udt16490lv,p1udt16490lv,POINT(-97.7279269700538 30.4145989013698),25,7.2,0.12,0.12,STAR,STAR,STAR,0,0,0,0.532544,,0.472,0.798816,1,1
tr(r:p1udt16491-p1udt16491lv),ABC,p1udt16491,p1udt16491lv,p1udt16491lv,POINT(-97.7229169894862 30.4115025311587),50,7.2,0.12,0.12,STAR,STAR,STAR,0,0,0,0.532544,,0.37,0.798816,1,1
tr(r:p1udt16524-p1udt16524lv),ABC,p1udt16524,p1udt16524lv,,POINT(-97.7215134960131 30.4106473692412),75,7.19976905311778,0.277136258660508,,STAR,STAR,,0,0,,0.87204,,0.6,1.74408,0,1
tr(r:p1udt16706-p1udt16706lv),C,p1udt16706,p1udt16706lv,p1udt16706lv,POINT(-97.7172003534561 30.4309838589285),75,7.2,0.12,0.12,STAR,STAR,STAR,0,0,0,0.33284,,0.38,0.49926,1,1
tr(r:p1udt16708-p1udt16708lv),ABC,p1udt16708,p1udt16708lv,p1udt16708lv,POINT(-97.7118065351136 30.4295755319988),25,7.2,0.12,0.12,STAR,STAR,STAR,0,0,0,0.532544,,0.472,0.798816,1,1
tr(r:p1udt16714-p1udt16714lv),B,p1udt16714,p1udt16714lv,p1udt16714lv,POINT(-97.7151432043586 30.4274629078867),50,7.2,0.12,0.12,STAR,STAR,STAR,0,0,0,0.532544,,0.37,0.798816,1,1
tr(r:p1udt16715-p1udt16715lv),ABC,p1udt16715,p1udt16715lv,p1udt16715lv,POINT(-97.7128810864334 30.4289300029828),25,7.2,0.12,0.12,STAR,STAR,STAR,0,0,0,0.532544,,0.472,0.798816,1,1
tr(r:p1udt16742-p1udt16742lv),ABC,p1udt16742,p1udt16742lv,,POINT(-97.7287349008769 30.4084892086108),500,7.19976905311778,0.277136258660508,,STAR,STAR,,0,0,,0.73225,,0.266,1.4645,0,1
tr(r:p1udt16934-p1udt16934lv),B,p1udt16934,p1udt16934lv,p1udt16934lv,POINT(-97.7125454976366 30.4286463802692),50,7.2,0.12,0.12,STAR,STAR,STAR,0,0,0,0.532544,,0.37,0.798816,1,1
tr(r:p1udt16936-p1udt16936lv),A,p1udt16936,p1udt16936lv,p1udt16936lv,POINT(-97.7246469364823 30.4130510476965),50,7.2,0.12,0.12,STAR,STAR,STAR,0,0,0,0.532544,,0.37,0.798816,1,1
tr(r:p1udt16937-p1udt16937lv),B,p1udt16937,p1udt16937lv,p1udt16937lv,POINT(-97.7271875187087 30.4149628330907),25,7.2,0.12,0.12,STAR,STAR,STAR,0,0,0,0.532544,,0.472,0.798816,1,1
tr(r:p1udt16938-p1udt16938lv),B,p1udt16938,p1udt16938lv,p1udt16938lv,POINT(-97.7166399133255 30.414935774355),50,7.2,0.12,0.12,STAR,STAR,STAR,0,0,0,0.532544,,0.37,0.798816,1,1
tr(r:p1udt16939-p1udt16939lv),B,p1udt16939,p1udt16939lv,p1udt16939lv,POINT(-97.722595960624 30.4154581681059),50,7.2,0.12,0.12,STAR,STAR,STAR,0,0,0,0.532544,,0.37,0.798816,1,1
tr(r:p1udt16940-p1udt16940lv),A,p1udt16940,p1udt16940lv,p1udt16940lv,POINT(-97.7162967370589 30.4194927905372),50,7.2,0.12,0.12,STAR,STAR,STAR,0,0,0,0.532544,,0.37,0.798816,1,1
tr(r:p1udt16960-p1udt16960lv),ABC,p1udt16960,p1udt16960lv,,POINT(-97.7245561215511 30.4108926192724),100,7.19976905311778,0.277136258660508,,STAR,STAR,,0,0,,0.805475,,0.62,1.61095,0,1
tr(r:p1udt17144-p1udt17144lv),B,p1udt17144,p1udt17144lv,p1udt17144lv,POINT(-97.7167027508173 30.4316107422536),50,7.2,0.12,0.12,STAR,STAR,STAR,0,0,0,0.532544,,0.37,0.798816,1,1
tr(r:p1udt17145-p1udt17145lv),A,p1udt17145,p1udt17145lv,p1udt17145lv,POINT(-97.7164018059926 30.43232944374),50,7.2,0.12,0.12,STAR,STAR,STAR,0,0,0,0.532544,,0.37,0.798816,1,1
tr(r:p1udt17146-p1udt17146lv),A,p1udt17146,p1udt17146lv,p1udt17146lv,POINT(-97.7173542083675 30.4340684599707),25,7.2,0.12,0.12,STAR,STAR,STAR,0,0,0,0.532544,,0.472,0.798816,1,1
tr(r:p1udt17155-p1udt17155lv),ABC,p1udt17155,p1udt17155lv,p1udt17155lv,POINT(-97.7172649874089 30.4179353656672),25,7.2,0.12,0.12,STAR,STAR,STAR,0,0,0,0.532544,,0.472,0.798816,1,1
tr(r:p1udt17157-p1udt17157lv),C,p1udt17157,p1udt17157lv,p1udt17157lv,POINT(-97.7101120290558 30.4252568125686),75,7.2,0.12,0.12,STAR,STAR,STAR,0,0,0,0.33284,,0.38,0.49926,1,1
tr(r:p1udt17377-p1udt17377lv),C,p1udt17377,p1udt17377lv,p1udt17377lv,POINT(-97.7283296435857 30.4246776365277),50,7.2,0.12,0.12,STAR,STAR,STAR,0,0,0,0.532544,,0.37,0.798816,1,1
tr(r:p1udt17381-p1udt17381lv),ABC,p1udt17381,p1udt17381lv,p1udt17381lv,POINT(-97.7197636729236 30.4153213198175),50,7.2,0.12,0.12,STAR,STAR,STAR,0,0,0,0.532544,,0.37,0.798816,1,1
tr(r:p1udt17382-p1udt17382lv),A,p1udt17382,p1udt17382lv,p1udt17382lv,POINT(-97.7205448616985 30.4156598436073),50,7.2,0.12,0.12,STAR,STAR,STAR,0,0,0,0.532544,,0.37,0.798816,1,1
tr(r:p1udt17383-p1udt17383lv),C,p1udt17383,p1udt17383lv,p1udt17383lv,POINT(-97.7230828052525 30.4190321998142),50,7.2,0.12,0.12,STAR,STAR,STAR,0,0,0,0.532544,,0.37,0.798816,1,1
tr(r:p1udt17568-p1udt17568lv),A,p1udt17568,p1udt17568lv,p1udt17568lv,POINT(-97.7176228648846 30.4329100616224),25,7.2,0.12,0.12,STAR,STAR,STAR,0,0,0,0.532544,,0.472,0.798816,1,1
tr(r:p1udt17570-p1udt17570lv),A,p1udt17570,p1udt17570lv,p1udt17570lv,POINT(-97.7112588778726 30.4298969273638),50,7.2,0.12,0.12,STAR,STAR,STAR,0,0,0,0.532544,,0.37,0.798816,1,1
tr(r:p1udt17577-p1udt17577lv),B,p1udt17577,p1udt17577lv,p1udt17577lv,POINT(-97.7146966135882 30.4281713207383),50,7.2,0.12,0.12,STAR,STAR,STAR,0,0,0,0.532544,,0.37,0.798816,1,1
tr(r:p1udt17578-p1udt17578lv),ABC,p1udt17578,p1udt17578lv,p1udt17578lv,POINT(-97.724109325542 30.411628135576),25,7.2,0.12,0.12,STAR,STAR,STAR,0,0,0,0.532544,,0.472,0.798816,1,1
tr(r:p1udt17579-p1udt17579lv),B,p1udt17579,p1udt17579lv,p1udt17579lv,POINT(-97.7233019817004 30.4149920679152),25,7.2,0.12,0.12,STAR,STAR,STAR,0,0,0,0.532544,,0.472,0.798816,1,1
tr(r:p1udt17606-p1udt17606lv),ABC,p1udt17606,p1udt17606lv,,POINT(-97.7240258896649 30.4102862519949),75,7.19976905311778,0.277136258660508,,STAR,STAR,,0,0,,0.87204,,0.6,1.74408,0,1
tr(r:p1udt17774-p1udt17774lv),A,p1udt17774,p1udt17774lv,p1udt17774lv,POINT(-97.7130094168967 30.4348823328668),25,7.2,0.12,0.12,STAR,STAR,STAR,0,0,0,0.532544,,0.472,0.798816,1,1
tr(r:p1udt17781-p1udt17781lv),B,p1udt17781,p1udt17781lv,p1udt17781lv,POINT(-97.7281172837877 30.4161669349153),25,7.2,0.12,0.12,STAR,STAR,STAR,0,0,0,0.532544,,0.472,0.798816,1,1
tr(r:p1udt17784-p1udt17784lv),ABC,p1udt17784,p1udt17784lv,p1udt17784lv,POINT(-97.7182563320003 30.416341480446),25,7.2,0.12,0.12,STAR,STAR,STAR,0,0,0,0.532544,,0.472,0.798816,1,1
tr(r:p1udt17785-p1udt17785lv),C,p1udt17785,p1udt17785lv,p1udt17785lv,POINT(-97.709303474689 30.427360007198),50,7.2,0.12,0.12,STAR,STAR,STAR,0,0,0,0.532544,,0.37,0.798816,1,1
tr(r:p1udt17811-p1udt17811lv),ABC,p1udt17811,p1udt17811lv,,POINT(-97.7254029884462 30.407743913857),1000,7.19976905311778,0.277136258660508,,STAR,STAR,,0,0,,0.798815,,0.2,1.59763,0,1
tr(r:p1udt17975-p1udt17975lv),A,p1udt17975,p1udt17975lv,p1udt17975lv,POINT(-97.7293344950662 30.4170359673654),25,7.2,0.12,0.12,STAR,STAR,STAR,0,0,0,0.532544,,0.472,0.798816,1,1
tr(r:p1udt17977-p1udt17977lv),ABC,p1udt17977,p1udt17977lv,p1udt17977lv,POINT(-97.7264323787783 30.4189192128439),25,7.2,0.12,0.12,STAR,STAR,STAR,0,0,0,0.532544,,0.472,0.798816,1,1
tr(r:p1udt17978-p1udt17978lv),B,p1udt17978,p1udt17978lv,p1udt17978lv,POINT(-97.7228320581056 30.4127046680558),25,7.2,0.12,0.12,STAR,STAR,STAR,0,0,0,0.532544,,0.472,0.798816,1,1
tr(r:p1udt17979-p1udt17979lv),ABC,p1udt17979,p1udt17979lv,p1udt17979lv,POINT(-97.7226538809763 30.4135961961236),50,7.2,0.12,0.12,STAR,STAR,STAR,0,0,0,0.532544,,0.37,0.798816,1,1
tr(r:p1udt18160-p1udt18160lv),C,p1udt18160,p1udt18160lv,p1udt18160lv,POINT(-97.7191170524889 30.4311950917298),25,7.2,0.12,0.12,STAR,STAR,STAR,0,0,0,0.532544,,0.472,0.798816,1,1
tr(r:p1udt18164-p1udt18164lv),B,p1udt18164,p1udt18164lv,p1udt18164lv,POINT(-97.7156534505398 30.4282529226323),50,7.2,0.12,0.12,STAR,STAR,STAR,0,0,0,0.532544,,0.37,0.798816,1,1
tr(r:p1udt18166-p1udt18166lv),A,p1udt18166,p1udt18166lv,p1udt18166lv,POINT(-97.7267494141733 30.4180843400012),25,7.2,0.12,0.12,STAR,STAR,STAR,0,0,0,0.532544,,0.472,0.798816,1,1
tr(r:p1udt18168-p1udt18168lv),ABC,p1udt18168,p1udt18168lv,p1udt18168lv,POINT(-97.722216487274 30.416804081733),75,7.2,0.12,0.12,STAR,STAR,STAR,0,0,0,0.33284,,0.38,0.49926,1,1
tr(r:p1udt18351-p1udt18351lv),C,p1udt18351,p1udt18351lv,p1udt18351lv,POINT(-97.714598534941 30.4307005816348),50,7.2,0.12,0.12,STAR,STAR,STAR,0,0,0,0.532544,,0.37,0.798816,1,1
tr(r:p1udt18354-p1udt18354lv),A,p1udt18354,p1udt18354lv,p1udt18354lv,POINT(-97.7128696805069 30.4267676038346),25,7.2,0.12,0.12,STAR,STAR,STAR,0,0,0,0.532544,,0.472,0.798816,1,1
tr(r:p1udt18355-p1udt18355lv),C,p1udt18355,p1udt18355lv,p1udt18355lv,POINT(-97.7175032835532 30.429348717992),75,7.2,0.12,0.12,STAR,STAR,STAR,0,0,0,0.33284,,0.38,0.49926,1,1
tr(r:p1udt18357-p1udt18357lv),B,p1udt18357,p1udt18357lv,p1udt18357lv,POINT(-97.7272401910956 30.4145741622397),25,7.2,0.12,0.12,STAR,STAR,STAR,0,0,0,0.532544,,0.472,0.798816,1,1
tr(r:p1udt18358-p1udt18358lv),C,p1udt18358,p1udt18358lv,p1udt18358lv,POINT(-97.7253106458916 30.4150385919221),50,7.2,0.12,0.12,STAR,STAR,STAR,0,0,0,0.532544,,0.37,0.798816,1,1
tr(r:p1udt18360-p1udt18360lv),ABC,p1udt18360,p1udt18360lv,p1udt18360lv,POINT(-97.7185032583753 30.4153661983752),25,7.2,0.12,0.12,STAR,STAR,STAR,0,0,0,0.532544,,0.472,0.798816,1,1
tr(r:p1udt18361-p1udt18361lv),ABC,p1udt18361,p1udt18361lv,p1udt18361lv,POINT(-97.7135404796933 30.4189700512161),25,7.2,0.12,0.12,STAR,STAR,STAR,0,0,0,0.532544,,0.472,0.798816,1,1
tr(r:p1udt18560-p1udt18560lv),B,p1udt18560,p1udt18560lv,p1udt18560lv,POINT(-97.725477432605 30.4204411542403),50,7.2,0.12,0.12,STAR,STAR,STAR,0,0,0,0.532544,,0.37,0.798816,1,1
tr(r:p1udt18562-p1udt18562lv),C,p1udt18562,p1udt18562lv,p1udt18562lv,POINT(-97.7285279049498 30.4254465173039),50,7.2,0.12,0.12,STAR,STAR,STAR,0,0,0,0.532544,,0.37,0.798816,1,1
tr(r:p1udt18566-p1udt18566lv),ABC,p1udt18566,p1udt18566lv,,POINT(-97.7284912079509 30.4114154827399),75,7.19976905311778,0.277136258660508,,STAR,STAR,,0,0,,0.87204,,0.6,1.74408,0,1
tr(r:p1udt18567-p1udt18567lv),C,p1udt18567,p1udt18567lv,p1udt18567lv,POINT(-97.7264707446882 30.4138951861458),50,7.2,0.12,0.12,STAR,STAR,STAR,0,0,0,0.532544,,0.37,0.798816,1,1
tr(r:p1udt18751-p1udt18751lv),ABC,p1udt18751,p1udt18751lv,,POINT(-97.7159628671697 30.4223938294655),100,7.19976905311778,0.277136258660508,,STAR,STAR,,0,0,,0.805475,,0.62,1.61095,0,1
tr(r:p1udt18752-p1udt18752lv),A,p1udt18752,p1udt18752lv,p1udt18752lv,POINT(-97.7127383711381 30.4266451978542),25,7.2,0.12,0.12,STAR,STAR,STAR,0,0,0,0.532544,,0.472,0.798816,1,1
tr(r:p1udt18753-p1udt18753lv),C,p1udt18753,p1udt18753lv,p1udt18753lv,POINT(-97.7171320117116 30.4288589971016),25,7.2,0.12,0.12,STAR,STAR,STAR,0,0,0,0.532544,,0.472,0.798816,1,1
tr(r:p1udt18754-p1udt18754lv),A,p1udt18754,p1udt18754lv,p1udt18754lv,POINT(-97.7305957703705 30.4123680809715),75,7.2,0.12,0.12,STAR,STAR,STAR,0,0,0,0.33284,,0.38,0.49926,1,1
tr(r:p1udt18755-p1udt18755lv),B,p1udt18755,p1udt18755lv,p1udt18755lv,POINT(-97.7259089733191 30.4162625294876),25,7.2,0.12,0.12,STAR,STAR,STAR,0,0,0,0.532544,,0.472,0.798816,1,1
tr(r:p1udt18756-p1udt18756lv),ABC,p1udt18756,p1udt18756lv,,POINT(-97.7221200849871 30.4111428394647),75,7.19976905311778,0.277136258660508,,STAR,STAR,,0,0,,0.87204,,0.6,1.74408,0,1
tr(r:p1udt18758-p1udt18758lv),B,p1udt18758,p1udt18758lv,p1udt18758lv,POINT(-97.7172097270761 30.4151487300643),50,7.2,0.12,0.12,STAR,STAR,STAR,0,0,0,0.532544,,0.37,0.798816,1,1
tr(r:p1udt18944-p1udt18944lv),ABC,p1udt18944,p1udt18944lv,p1udt18944lv,POINT(-97.7261691627963 30.4213377196118),50,7.2,0.12,0.12,STAR,STAR,STAR,0,0,0,0.532544,,0.37,0.798816,1,1
tr(r:p1udt18948-p1udt18948lv),C,p1udt18948,p1udt18948lv,p1udt18948lv,POINT(-97.716902846346 30.4290592650019),25,7.2,0.12,0.12,STAR,STAR,STAR,0,0,0,0.532544,,0.472,0.798816,1,1
tr(r:p1udt18952-p1udt18952lv),A,p1udt18952,p1udt18952lv,p1udt18952lv,POINT(-97.7288879158518 30.4177625170821),75,7.2,0.12,0.12,STAR,STAR,STAR,0,0,0,0.33284,,0.38,0.49926,1,1
tr(r:p1udt18954-p1udt18954lv),ABC,p1udt18954,p1udt18954lv,p1udt18954lv,POINT(-97.713757277331 30.4185001576867),50,7.2,0.12,0.12,STAR,STAR,STAR,0,0,0,0.532544,,0.37,0.798816,1,1
tr(r:p1udt19135-p1udt19135lv),A,p1udt19135,p1udt19135lv,p1udt19135lv,POINT(-97.7116432761015 30.4259937673741),25,7.2,0.12,0.12,STAR,STAR,STAR,0,0,0,0.532544,,0.472,0.798816,1,1
tr(r:p1udt19325-p1udt19325lv),ABC,p1udt19325,p1udt19325lv,p1udt19325lv,POINT(-97.7262255196479 30.4196142966345),25,7.2,0.12,0.12,STAR,STAR,STAR,0,0,0,0.532544,,0.472,0.798816,1,1
tr(r:p1udt19326-p1udt19326lv),ABC,p1udt19326,p1udt19326lv,p1udt19326lv,POINT(-97.7225855507529 30.4140466745714),50,7.2,0.12,0.12,STAR,STAR,STAR,0,0,0,0.532544,,0.37,0.798816,1,1
tr(r:p1udt19327-p1udt19327lv),A,p1udt19327,p1udt19327lv,p1udt19327lv,POINT(-97.708080419696 30.4285208403778),50,7.2,0.12,0.12,STAR,STAR,STAR,0,0,0,0.532544,,0.37,0.798816,1,1
tr(r:p1udt19502-p1udt19502lv),ABC,p1udt19502,p1udt19502lv,,POINT(-97.7264450528316 30.4110530785486),75,7.19976905311778,0.277136258660508,,STAR,STAR,,0,0,,0.87204,,0.6,1.74408,0,1
tr(r:p1udt19503-p1udt19503lv),A,p1udt19503,p1udt19503lv,p1udt19503lv,POINT(-97.7310605600706 30.4126523106135),75,7.2,0.12,0.12,STAR,STAR,STAR,0,0,0,0.33284,,0.38,0.49926,1,1
tr(r:p1udt19504-p1udt19504lv),ABC,p1udt19504,p1udt19504lv,p1udt19504lv,POINT(-97.723453809148 30.4169244612512),25,7.2,0.12,0.12,STAR,STAR,STAR,0,0,0,0.532544,,0.472,0.798816,1,1
tr(r:p1udt19506-p1udt19506lv),ABC,p1udt19506,p1udt19506lv,p1udt19506lv,POINT(-97.718500566563 30.4170230576321),25,7.2,0.12,0.12,STAR,STAR,STAR,0,0,0,0.532544,,0.472,0.798816,1,1
tr(r:p1udt19527-p1udt19527lv),ABC,p1udt19527,p1udt19527lv,p1udt19527lv,POINT(-97.7228497700093 30.4108218022472),25,7.2,0.12,0.12,STAR,STAR,STAR,0,0,0,0.532544,,0.472,0.798816,1,1
tr(r:p1udt19680-p1udt19680lv),B,p1udt19680,p1udt19680lv,p1udt19680lv,POINT(-97.7165356112593 30.4332422444663),75,7.2,0.12,0.12,STAR,STAR,STAR,0,0,0,0.33284,,0.38,0.49926,1,1
tr(r:p1udt19681-p1udt19681lv),A,p1udt19681,p1udt19681lv,p1udt19681lv,POINT(-97.7163103938492 30.4348127703362),25,7.2,0.12,0.12,STAR,STAR,STAR,0,0,0,0.532544,,0.472,0.798816,1,1
tr(r:p1udt19682-p1udt19682lv),B,p1udt19682,p1udt19682lv,p1udt19682lv,POINT(-97.7160579080107 30.4267861674606),25,7.2,0.12,0.12,STAR,STAR,STAR,0,0,0,0.532544,,0.472,0.798816,1,1
tr(r:p1udt19683-p1udt19683lv),C,p1udt19683,p1udt19683lv,p1udt19683lv,POINT(-97.723446484795 30.4182868529534),75,7.2,0.12,0.12,STAR,STAR,STAR,0,0,0,0.33284,,0.38,0.49926,1,1
tr(r:p1udt19849-p1udt19849lv),B,p1udt19849,p1udt19849lv,p1udt19849lv,POINT(-97.7160802532374 30.4330300673697),75,7.2,0.12,0.12,STAR,STAR,STAR,0,0,0,0.33284,,0.38,0.49926,1,1
tr(r:p1udt19850-p1udt19850lv),A,p1udt19850,p1udt19850lv,p1udt19850lv,POINT(-97.7154273180583 30.434659714966),25,7.2,0.12,0.12,STAR,STAR,STAR,0,0,0,0.532544,,0.472,0.798816,1,1
tr(r:p1udt19856-p1udt19856lv),A,p1udt19856,p1udt19856lv,p1udt19856lv,POINT(-97.7285907658815 30.4193913905376),50,7.2,0.12,0.12,STAR,STAR,STAR,0,0,0,0.532544,,0.37,0.798816,1,1
tr(r:p1udt20017-p1udt20017lv),C,p1udt20017,p1udt20017lv,p1udt20017lv,POINT(-97.7280816530472 30.4261369356051),50,7.2,0.12,0.12,STAR,STAR,STAR,0,0,0,0.532544,,0.37,0.798816,1,1
tr(r:p1udt20022-p1udt20022lv),C,p1udt20022,p1udt20022lv,p1udt20022lv,POINT(-97.7225865244608 30.4179714464064),25,7.2,0.12,0.12,STAR,STAR,STAR,0,0,0,0.532544,,0.472,0.798816,1,1
tr(r:p1udt20023-p1udt20023lv),ABC,p1udt20023,p1udt20023lv,,POINT(-97.7111535964409 30.4234573101788),150,7.19976905311778,0.277136258660508,,STAR,STAR,,0,0,,1.0784,,0.516667,2.1568,0,1
tr(r:p1udt20024-p1udt20024lv),ABC,p1udt20024,p1udt20024lv,p1udt20024lv,POINT(-97.710637628792 30.4255221094999),50,7.2,0.12,0.12,STAR,STAR,STAR,0,0,0,0.532544,,0.37,0.798816,1,1
tr(r:p1udt20173-p1udt20173lv),B,p1udt20173,p1udt20173lv,p1udt20173lv,POINT(-97.7149832892803 30.4317199735205),25,7.2,0.12,0.12,STAR,STAR,STAR,0,0,0,0.532544,,0.472,0.798816,1,1
tr(r:p1udt20181-p1udt20181lv),A,p1udt20181,p1udt20181lv,p1udt20181lv,POINT(-97.722074028296 30.4163643768743),50,7.2,0.12,0.12,STAR,STAR,STAR,0,0,0,0.532544,,0.37,0.798816,1,1
tr(r:p1udt20182-p1udt20182lv),ABC,p1udt20182,p1udt20182lv,p1udt20182lv,POINT(-97.7214852345903 30.4169954271725),25,7.2,0.12,0.12,STAR,STAR,STAR,0,0,0,0.532544,,0.472,0.798816,1,1
tr(r:p1udt20183-p1udt20183lv),B,p1udt20183,p1udt20183lv,p1udt20183lv,POINT(-97.7121722545046 30.4283397328037),25,7.2,0.12,0.12,STAR,STAR,STAR,0,0,0,0.532544,,0.472,0.798816,1,1
tr(r:p1udt20335-p1udt20335lv),A,p1udt20335,p1udt20335lv,p1udt20335lv,POINT(-97.7154093829976 30.4355949874851),25,7.2,0.12,0.12,STAR,STAR,STAR,0,0,0,0.532544,,0.472,0.798816,1,1
tr(r:p1udt20336-p1udt20336lv),A,p1udt20336,p1udt20336lv,p1udt20336lv,POINT(-97.7148428508303 30.4361434662174),25,7.2,0.12,0.12,STAR,STAR,STAR,0,0,0,0.532544,,0.472,0.798816,1,1
tr(r:p1udt20488-p1udt20488lv),A,p1udt20488,p1udt20488lv,p1udt20488lv,POINT(-97.7149193631854 30.434502562095),25,7.2,0.12,0.12,STAR,STAR,STAR,0,0,0,0.532544,,0.472,0.798816,1,1
tr(r:p1udt20496-p1udt20496lv),B,p1udt20496,p1udt20496lv,p1udt20496lv,POINT(-97.7211325831806 30.4183041116179),50,7.2,0.12,0.12,STAR,STAR,STAR,0,0,0,0.532544,,0.37,0.798816,1,1
tr(r:p1udt20497-p1udt20497lv),ABC,p1udt20497,p1udt20497lv,,POINT(-97.7110451963568 30.4244871444028),500,7.19976905311778,0.277136258660508,,STAR,STAR,,0,0,,0.73225,,0.266,1.4645,0,1
tr(r:p1udt20646-p1udt20646lv),B,p1udt20646,p1udt20646lv,p1udt20646lv,POINT(-97.7168100121688 30.4316613778603),50,7.2,0.12,0.12,STAR,STAR,STAR,0,0,0,0.532544,,0.37,0.798816,1,1
tr(r:p1udt20786-p1udt20786lv),A,p1udt20786,p1udt20786lv,p1udt20786lv,POINT(-97.7130076476578 30.4349246645583),25,7.2,0.12,0.12,STAR,STAR,STAR,0,0,0,0.532544,,0.472,0.798816,1,1
tr(r:p1udt20791-p1udt20791lv),A,p1udt20791,p1udt20791lv,p1udt20791lv,POINT(-97.726925324208 30.4181672619846),25,7.2,0.12,0.12,STAR,STAR,STAR,0,0,0,0.532544,,0.472,0.798816,1,1
tr(r:p1udt20934-p1udt20934lv),ABC,p1udt20934,p1udt20934lv,,POINT(-97.7177349850282 30.4208807027682),75,7.19976905311778,0.277136258660508,,STAR,STAR,,0,0,,0.87204,,0.6,1.74408,0,1
tr(r:p1udt20937-p1udt20937lv),ABC,p1udt20937,p1udt20937lv,p1udt20937lv,POINT(-97.7171817819906 30.4180809065604),25,7.2,0.12,0.12,STAR,STAR,STAR,0,0,0,0.532544,,0.472,0.798816,1,1
tr(r:p1udt21060-p1udt21060lv),ABC,p1udt21060,p1udt21060lv,,POINT(-97.7240570819363 30.410842628804),75,7.19976905311778,0.277136258660508,,STAR,STAR,,0,0,,0.87204,,0.6,1.74408,0,1
tr(r:p1udt21062-p1udt21062lv),ABC,p1udt21062,p1udt21062lv,,POINT(-97.7226304736721 30.411120764835),75,7.19976905311778,0.277136258660508,,STAR,STAR,,0,0,,0.87204,,0.6,1.74408,0,1
tr(r:p1udt21211-p1udt21211lv),ABC,p1udt21211,p1udt21211lv,,POINT(-97.7275156234707 30.4208877337237),75,7.19976905311778,0.277136258660508,,STAR,STAR,,0,0,,0.87204,,0.6,1.74408,0,1
tr(r:p1udt21216-p1udt21216lv),ABC,p1udt21216,p1udt21216lv,,POINT(-97.717378097448 30.4211027697782),75,7.19976905311778,0.277136258660508,,STAR,STAR,,0,0,,0.87204,,0.6,1.74408,0,1
tr(r:p1udt21217-p1udt21217lv),ABC,p1udt21217,p1udt21217lv,,POINT(-97.713476840018 30.4233448841961),150,7.19976905311778,0.277136258660508,,STAR,STAR,,0,0,,1.0784,,0.516667,2.1568,0,1
tr(r:p1udt21218-p1udt21218lv),A,p1udt21218,p1udt21218lv,p1udt21218lv,POINT(-97.72941272849 30.4182368190079),25,7.2,0.12,0.12,STAR,STAR,STAR,0,0,0,0.532544,,0.472,0.798816,1,1
tr(r:p1udt21221-p1udt21221lv),B,p1udt21221,p1udt21221lv,p1udt21221lv,POINT(-97.7120731469778 30.4271657775422),50,7.2,0.12,0.12,STAR,STAR,STAR,0,0,0,0.532544,,0.37,0.798816,1,1
tr(r:p1udt21386-p1udt21386lv),ABC,p1udt21386,p1udt21386lv,,POINT(-97.7254576112318 30.4085346534554),1000,7.19976905311778,0.277136258660508,,STAR,STAR,,0,0,,0.798815,,0.2,1.59763,0,1
tr(r:p1udt21492-p1udt21492lv),A,p1udt21492,p1udt21492lv,p1udt21492lv,POINT(-97.7148705015106 30.4345011404098),25,7.2,0.12,0.12,STAR,STAR,STAR,0,0,0,0.532544,,0.472,0.798816,1,1
tr(r:p1udt21500-p1udt21500lv),A,p1udt21500,p1udt21500lv,p1udt21500lv,POINT(-97.7163208116643 30.4289722974793),25,7.2,0.12,0.12,STAR,STAR,STAR,0,0,0,0.532544,,0.472,0.798816,1,1
tr(r:p1udt21502-p1udt21502lv),B,p1udt21502,p1udt21502lv,p1udt21502lv,POINT(-97.7117130932557 30.4292104230493),50,7.2,0.12,0.12,STAR,STAR,STAR,0,0,0,0.532544,,0.37,0.798816,1,1
tr(r:p1udt21620-p1udt21620lv),C,p1udt21620,p1udt21620lv,p1udt21620lv,POINT(-97.7290087137331 30.4215650695927),25,7.2,0.12,0.12,STAR,STAR,STAR,0,0,0,0.532544,,0.472,0.798816,1,1
tr(r:p1udt21621-p1udt21621lv),C,p1udt21621,p1udt21621lv,p1udt21621lv,POINT(-97.7283379474616 30.424840130252),50,7.2,0.12,0.12,STAR,STAR,STAR,0,0,0,0.532544,,0.37,0.798816,1,1
tr(r:p1udt21622-p1udt21622lv),C,p1udt21622,p1udt21622lv,p1udt21622lv,POINT(-97.7227206971245 30.418857221748),75,7.2,0.12,0.12,STAR,STAR,STAR,0,0,0,0.33284,,0.38,0.49926,1,1
tr(r:p1udt21766-p1udt21766lv),A,p1udt21766,p1udt21766lv,p1udt21766lv,POINT(-97.7274353908823 30.4173693645784),25,7.2,0.12,0.12,STAR,STAR,STAR,0,0,0,0.532544,,0.472,0.798816,1,1
tr(r:p1udt21767-p1udt21767lv),C,p1udt21767,p1udt21767lv,p1udt21767lv,POINT(-97.7224802667788 30.418133034534),25,7.2,0.12,0.12,STAR,STAR,STAR,0,0,0,0.532544,,0.472,0.798816,1,1
tr(r:p1udt21908-p1udt21908lv),ABC,p1udt21908,p1udt21908lv,p1udt21908lv,POINT(-97.713910492099 30.4277755923521),50,7.2,0.12,0.12,STAR,STAR,STAR,0,0,0,0.532544,,0.37,0.798816,1,1
tr(r:p1udt21910-p1udt21910lv),B,p1udt21910,p1udt21910lv,p1udt21910lv,POINT(-97.729517764127 30.4195770119629),25,7.2,0.12,0.12,STAR,STAR,STAR,0,0,0,0.532544,,0.472,0.798816,1,1
tr(r:p1udt21911-p1udt21911lv),ABC,p1udt21911,p1udt21911lv,p1udt21911lv,POINT(-97.7119278167257 30.4249408955643),25,7.2,0.12,0.12,STAR,STAR,STAR,0,0,0,0.532544,,0.472,0.798816,1,1
tr(r:p1udt21912-p1udt21912lv),A,p1udt21912,p1udt21912lv,p1udt21912lv,POINT(-97.7121926952947 30.425385459944),50,7.2,0.12,0.12,STAR,STAR,STAR,0,0,0,0.532544,,0.37,0.798816,1,1
tr(r:p1udt21913-p1udt21913lv),A,p1udt21913,p1udt21913lv,p1udt21913lv,POINT(-97.7125238900158 30.4255423263742),25,7.2,0.12,0.12,STAR,STAR,STAR,0,0,0,0.532544,,0.472,0.798816,1,1
tr(r:p1udt21925-p1udt21925lv),ABC,p1udt21925,p1udt21925lv,,POINT(-97.7265022528236 30.4103826118331),75,7.19976905311778,0.277136258660508,,STAR,STAR,,0,0,,0.87204,,0.6,1.74408,0,1
tr(r:p1udt22030-p1udt22030lv),A,p1udt22030,p1udt22030lv,p1udt22030lv,POINT(-97.7181128850678 30.4305053982146),25,7.2,0.12,0.12,STAR,STAR,STAR,0,0,0,0.532544,,0.472,0.798816,1,1
tr(r:p1udt22031-p1udt22031lv),A,p1udt22031,p1udt22031lv,p1udt22031lv,POINT(-97.7130717223701 30.4351446982934),25,7.2,0.12,0.12,STAR,STAR,STAR,0,0,0,0.532544,,0.472,0.798816,1,1
tr(r:p1udt22035-p1udt22035lv),ABC,p1udt22035,p1udt22035lv,p1udt22035lv,POINT(-97.7153492320302 30.4217956302892),25,7.2,0.12,0.12,STAR,STAR,STAR,0,0,0,0.532544,,0.472,0.798816,1,1
tr(r:p1udt22036-p1udt22036lv),B,p1udt22036,p1udt22036lv,p1udt22036lv,POINT(-97.715281633815 30.4272295032949),25,7.2,0.12,0.12,STAR,STAR,STAR,0,0,0,0.532544,,0.472,0.798816,1,1
tr(r:p1udt22037-p1udt22037lv),B,p1udt22037,p1udt22037lv,p1udt22037lv,POINT(-97.7180229496563 30.4277978307282),50,7.2,0.12,0.12,STAR,STAR,STAR,0,0,0,0.532544,,0.37,0.798816,1,1
tr(r:p1udt22038-p1udt22038lv),A,p1udt22038,p1udt22038lv,p1udt22038lv,POINT(-97.7162103231233 30.4294584478311),25,7.2,0.12,0.12,STAR,STAR,STAR,0,0,0,0.532544,,0.472,0.798816,1,1
tr(r:p1udt22169-p1udt22169lv),A,p1udt22169,p1udt22169lv,p1udt22169lv,POINT(-97.7265631946509 30.4179924658141),25,7.2,0.12,0.12,STAR,STAR,STAR,0,0,0,0.532544,,0.472,0.798816,1,1
tr(r:p1udt22283-p1udt22283lv),C,p1udt22283,p1udt22283lv,p1udt22283lv,POINT(-97.7188515881035 30.4315894942615),25,7.2,0.12,0.12,STAR,STAR,STAR,0,0,0,0.532544,,0.472,0.798816,1,1
tr(r:p1udt22288-p1udt22288lv),A,p1udt22288,p1udt22288lv,p1udt22288lv,POINT(-97.7299760160714 30.411992112914),75,7.2,0.12,0.12,STAR,STAR,STAR,0,0,0,0.33284,,0.38,0.49926,1,1
tr(r:p1udt22289-p1udt22289lv),B,p1udt22289,p1udt22289lv,p1udt22289lv,POINT(-97.7271432445704 30.4158145702594),25,7.2,0.12,0.12,STAR,STAR,STAR,0,0,0,0.532544,,0.472,0.798816,1,1
tr(r:p1udt22290-p1udt22290lv),C,p1udt22290,p1udt22290lv,p1udt22290lv,POINT(-97.7223845990423 30.4182853166663),25,7.2,0.12,0.12,STAR,STAR,STAR,0,0,0,0.532544,,0.472,0.798816,1,1
tr(r:p1udt22414-p1udt22414lv),B,p1udt22414,p1udt22414lv,p1udt22414lv,POINT(-97.7153879448075 30.4270683471762),25,7.2,0.12,0.12,STAR,STAR,STAR,0,0,0,0.532544,,0.472,0.798816,1,1
tr(r:p1udt22526-p1udt22526lv),ABC,p1udt22526,p1udt22526lv,,POINT(-97.7150711331497 30.4239493698005),300,7.19976905311778,0.277136258660508,,STAR,STAR,,0,0,,0.91198,,0.325,1.82396,0,1
tr(r:p1udt22527-p1udt22527lv),ABC,p1udt22527,p1udt22527lv,,POINT(-97.7178942689172 30.4251738261045),300,7.19976905311778,0.277136258660508,,STAR,STAR,,0,0,,0.91198,,0.325,1.82396,0,1
tr(r:p1udt22528-p1udt22528lv),ABC,p1udt22528,p1udt22528lv,p1udt22528lv,POINT(-97.71519609404 30.428988299899),25,7.2,0.12,0.12,STAR,STAR,STAR,0,0,0,0.532544,,0.472,0.798816,1,1
tr(r:p1udt22529-p1udt22529lv),ABC,p1udt22529,p1udt22529lv,p1udt22529lv,POINT(-97.7149209193868 30.4293284613558),25,7.2,0.12,0.12,STAR,STAR,STAR,0,0,0,0.532544,,0.472,0.798816,1,1
tr(r:p1udt22531-p1udt22531lv),C,p1udt22531,p1udt22531lv,p1udt22531lv,POINT(-97.7262746141607 30.4145609324427),25,7.2,0.12,0.12,STAR,STAR,STAR,0,0,0,0.532544,,0.472,0.798816,1,1
tr(r:p1udt22784-p1udt22784lv),A,p1udt22784,p1udt22784lv,p1udt22784lv,POINT(-97.7294478436111 30.4187333843415),25,7.2,0.12,0.12,STAR,STAR,STAR,0,0,0,0.532544,,0.472,0.798816,1,1
tr(r:p1udt22785-p1udt22785lv),ABC,p1udt22785,p1udt22785lv,p1udt22785lv,POINT(-97.7121379211329 30.4246129344177),25,7.2,0.12,0.12,STAR,STAR,STAR,0,0,0,0.532544,,0.472,0.798816,1,1
tr(r:p1udt22908-p1udt22908lv),A,p1udt22908,p1udt22908lv,p1udt22908lv,POINT(-97.7132134705667 30.4338021270122),25,7.2,0.12,0.12,STAR,STAR,STAR,0,0,0,0.532544,,0.472,0.798816,1,1
tr(r:p1udt22910-p1udt22910lv),A,p1udt22910,p1udt22910lv,p1udt22910lv,POINT(-97.7106203704041 30.4307515714067),25,7.2,0.12,0.12,STAR,STAR,STAR,0,0,0,0.532544,,0.472,0.798816,1,1
tr(r:p1udt22914-p1udt22914lv),C,p1udt22914,p1udt22914lv,p1udt22914lv,POINT(-97.7238087096411 30.4184528072102),25,7.2,0.12,0.12,STAR,STAR,STAR,0,0,0,0.532544,,0.472,0.798816,1,1
tr(r:p1udt22915-p1udt22915lv),ABC,p1udt22915,p1udt22915lv,p1udt22915lv,POINT(-97.7232701889752 30.4115601229892),25,7.2,0.12,0.12,STAR,STAR,STAR,0,0,0,0.532544,,0.472,0.798816,1,1
tr(r:p1udt23017-p1udt23017lv),B,p1udt23017,p1udt23017lv,p1udt23017lv,POINT(-97.7179007467086 30.4321767266617),25,7.2,0.12,0.12,STAR,STAR,STAR,0,0,0,0.532544,,0.472,0.798816,1,1
tr(r:p1udt23020-p1udt23020lv),ABC,p1udt23020,p1udt23020lv,,POINT(-97.7236442583535 30.4109028119972),75,7.19976905311778,0.277136258660508,,STAR,STAR,,0,0,,0.87204,,0.6,1.74408,0,1
tr(r:p1udt23021-p1udt23021lv),C,p1udt23021,p1udt23021lv,p1udt23021lv,POINT(-97.7231412183914 30.4108246526933),25,7.2,0.12,0.12,STAR,STAR,STAR,0,0,0,0.532544,,0.472,0.798816,1,1
tr(r:p1udt23023-p1udt23023lv),B,p1udt23023,p1udt23023lv,p1udt23023lv,POINT(-97.7164534908649 30.4148617583161),25,7.2,0.12,0.12,STAR,STAR,STAR,0,0,0,0.532544,,0.472,0.798816,1,1
tr(r:p1udt23136-p1udt23136lv),B,p1udt23136,p1udt23136lv,p1udt23136lv,POINT(-97.7177377184144 30.4320901055938),25,7.2,0.12,0.12,STAR,STAR,STAR,0,0,0,0.532544,,0.472,0.798816,1,1
tr(r:p1udt23137-p1udt23137lv),A,p1udt23137,p1udt23137lv,p1udt23137lv,POINT(-97.7156513770026 30.4352878508678),25,7.2,0.12,0.12,STAR,STAR,STAR,0,0,0,0.532544,,0.472,0.798816,1,1
tr(r:p1udt23138-p1udt23138lv),A,p1udt23138,p1udt23138lv,p1udt23138lv,POINT(-97.7109342674625 30.4300290268802),25,7.2,0.12,0.12,STAR,STAR,STAR,0,0,0,0.532544,,0.472,0.798816,1,1
tr(r:p1udt23141-p1udt23141lv),A,p1udt23141,p1udt23141lv,p1udt23141lv,POINT(-97.7244341670552 30.4143895743125),25,7.2,0.12,0.12,STAR,STAR,STAR,0,0,0,0.532544,,0.472,0.798816,1,1
tr(r:p1udt23143-p1udt23143lv),B,p1udt23143,p1udt23143lv,p1udt23143lv,POINT(-97.7162670686938 30.4147877420182),25,7.2,0.12,0.12,STAR,STAR,STAR,0,0,0,0.532544,,0.472,0.798816,1,1
tr(r:p1udt23252-p1udt23252lv),A,p1udt23252,p1udt23252lv,p1udt23252lv,POINT(-97.7131190538176 30.4351338168823),50,7.2,0.12,0.12,STAR,STAR,STAR,0,0,0,0.532544,,0.37,0.798816,1,1
tr(r:p1udt23254-p1udt23254lv),A,p1udt23254,p1udt23254lv,p1udt23254lv,POINT(-97.7098262038523 30.4303609485839),50,7.2,0.12,0.12,STAR,STAR,STAR,0,0,0,0.532544,,0.37,0.798816,1,1
tr(r:p1udt23259-p1udt23259lv),ABC,p1udt23259,p1udt23259lv,,POINT(-97.7280825136993 30.4110984547226),75,7.19976905311778,0.277136258660508,,STAR,STAR,,0,0,,0.87204,,0.6,1.74408,0,1
tr(r:p1udt23261-p1udt23261lv),C,p1udt23261,p1udt23261lv,p1udt23261lv,POINT(-97.7219358351473 30.4189796747408),25,7.2,0.12,0.12,STAR,STAR,STAR,0,0,0,0.532544,,0.472,0.798816,1,1
tr(r:p1udt23273-p1udt23273lv),ABC,p1udt23273,p1udt23273lv,,POINT(-97.7242842328102 30.4104331434909),75,7.19976905311778,0.277136258660508,,STAR,STAR,,0,0,,0.87204,,0.6,1.74408,0,1
tr(r:p1udt23372-p1udt23372lv),ABC,p1udt23372,p1udt23372lv,,POINT(-97.715043602458 30.4250104517966),150,7.19976905311778,0.277136258660508,,STAR,STAR,,0,0,,1.0784,,0.516667,2.1568,0,1
tr(r:p1udt23473-p1udt23473lv),A,p1udt23473,p1udt23473lv,p1udt23473lv,POINT(-97.7094745079198 30.4301858650901),50,7.2,0.12,0.12,STAR,STAR,STAR,0,0,0,0.532544,,0.37,0.798816,1,1
tr(r:p1udt23476-p1udt23476lv),B,p1udt23476,p1udt23476lv,p1udt23476lv,POINT(-97.725968532972 30.4219064320039),25,7.2,0.12,0.12,STAR,STAR,STAR,0,0,0,0.532544,,0.472,0.798816,1,1
tr(r:p1udt23478-p1udt23478lv),ABC,p1udt23478,p1udt23478lv,,POINT(-97.7167194375037 30.4213128466726),100,7.19976905311778,0.277136258660508,,STAR,STAR,,0,0,,0.805475,,0.62,1.61095,0,1
tr(r:p1udt23479-p1udt23479lv),ABC,p1udt23479,p1udt23479lv,,POINT(-97.7166337657748 30.4254715689765),75,7.19976905311778,0.277136258660508,,STAR,STAR,,0,0,,0.87204,,0.6,1.74408,0,1
tr(r:p1udt23481-p1udt23481lv),ABC,p1udt23481,p1udt23481lv,,POINT(-97.7281262772614 30.4120744172358),75,7.19976905311778,0.277136258660508,,STAR,STAR,,0,0,,0.87204,,0.6,1.74408,0,1
tr(r:p1udt23482-p1udt23482lv),C,p1udt23482,p1udt23482lv,p1udt23482lv,POINT(-97.7246157368212 30.4188396571381),50,7.2,0.12,0.12,STAR,STAR,STAR,0,0,0,0.532544,,0.37,0.798816,1,1
tr(r:p1udt23583-p1udt23583lv),A,p1udt23583,p1udt23583lv,p1udt23583lv,POINT(-97.7130958663045 30.4340355627378),25,7.2,0.12,0.12,STAR,STAR,STAR,0,0,0,0.532544,,0.472,0.798816,1,1
tr(r:p1udt23714-p1udt23714lv),A,p1udt23714,p1udt23714lv,p1udt23714lv,POINT(-97.7143710397423 30.4342162148428),25,7.2,0.12,0.12,STAR,STAR,STAR,0,0,0,0.532544,,0.472,0.798816,1,1
tr(r:p1udt23717-p1udt23717lv),ABC,p1udt23717,p1udt23717lv,p1udt23717lv,POINT(-97.7236026714747 30.4174853388051),50,7.2,0.12,0.12,STAR,STAR,STAR,0,0,0,0.532544,,0.37,0.798816,1,1
tr(r:p1udt23718-p1udt23718lv),ABC,p1udt23718,p1udt23718lv,,POINT(-97.7217833629247 30.4111722846132),75,7.19976905311778,0.277136258660508,,STAR,STAR,,0,0,,0.87204,,0.6,1.74408,0,1
tr(r:p1udt23837-p1udt23837lv),A,p1udt23837,p1udt23837lv,p1udt23837lv,POINT(-97.7296728204403 30.4254757103777),25,7.2,0.12,0.12,STAR,STAR,STAR,0,0,0,0.532544,,0.472,0.798816,1,1
tr(r:p1udt23840-p1udt23840lv),ABC,p1udt23840,p1udt23840lv,,POINT(-97.7273171700917 30.4107120330374),150,7.19976905311778,0.277136258660508,,STAR,STAR,,0,0,,1.0784,,0.516667,2.1568,0,1
tr(r:p1udt24051-p1udt24051lv),A,p1udt24051,p1udt24051lv,p1udt24051lv,POINT(-97.7129328245067 30.4345572829085),25,7.2,0.12,0.12,STAR,STAR,STAR,0,0,0,0.532544,,0.472,0.798816,1,1
tr(r:p1udt24054-p1udt24054lv),C,p1udt24054,p1udt24054lv,p1udt24054lv,POINT(-97.7285551267486 30.4123843169972),50,7.2,0.12,0.12,STAR,STAR,STAR,0,0,0,0.532544,,0.37,0.798816,1,1
tr(r:p1udt24266-p1udt24266lv),ABC,p1udt24266,p1udt24266lv,,POINT(-97.7177168205557 30.4252081747341),300,7.19976905311778,0.277136258660508,,STAR,STAR,,0,0,,0.91198,,0.325,1.82396,0,1
tr(r:p1udt24267-p1udt24267lv),C,p1udt24267,p1udt24267lv,p1udt24267lv,POINT(-97.7256430887708 30.4134898908725),25,7.2,0.12,0.12,STAR,STAR,STAR,0,0,0,0.532544,,0.472,0.798816,1,1
tr(r:p1udt24269-p1udt24269lv),ABC,p1udt24269,p1udt24269lv,p1udt24269lv,POINT(-97.7118225045984 30.4251369424945),25,7.2,0.12,0.12,STAR,STAR,STAR,0,0,0,0.532544,,0.472,0.798816,1,1
tr(r:p1udt24466-p1udt24466lv),ABC,p1udt24466,p1udt24466lv,p1udt24466lv,POINT(-97.7134743017742 30.42848410327),25,7.2,0.12,0.12,STAR,STAR,STAR,0,0,0,0.532544,,0.472,0.798816,1,1
tr(r:p1udt24467-p1udt24467lv),C,p1udt24467,p1udt24467lv,p1udt24467lv,POINT(-97.7268741675564 30.4140883925517),25,7.2,0.12,0.12,STAR,STAR,STAR,0,0,0,0.532544,,0.472,0.798816,1,1
tr(r:p1udt24575-p1udt24575lv),ABC,p1udt24575,p1udt24575lv,p1udt24575lv,POINT(-97.7230767529827 30.4147009596972),25,7.2,0.12,0.12,STAR,STAR,STAR,0,0,0,0.532544,,0.472,0.798816,1,1
tr(r:p1udt24576-p1udt24576lv),ABC,p1udt24576,p1udt24576lv,,POINT(-97.7110656966331 30.4242674464405),150,7.19976905311778,0.277136258660508,,STAR,STAR,,0,0,,1.0784,,0.516667,2.1568,0,1
tr(r:p1udt24584-p1udt24584lv),B,p1udt24584,p1udt24584lv,p1udt24584lv,POINT(-97.7220422273017 30.41048005198),50,7.2,0.12,0.12,STAR,STAR,STAR,0,0,0,0.532544,,0.37,0.798816,1,1
tr(r:p1udt24690-p1udt24690lv),ABC,p1udt24690,p1udt24690lv,p1udt24690lv,POINT(-97.725413443299 30.4183421632734),25,7.2,0.12,0.12,STAR,STAR,STAR,0,0,0,0.532544,,0.472,0.798816,1,1
tr(r:p1udt24781-p1udt24781lv),ABC,p1udt24781,p1udt24781lv,,POINT(-97.7157813188207 30.4251259866761),75,7.19976905311778,0.277136258660508,,STAR,STAR,,0,0,,0.87204,,0.6,1.74408,0,1
tr(r:p1udt24905-p1udt24905lv),ABC,p1udt24905,p1udt24905lv,,POINT(-97.7222028244473 30.4104748897118),75,7.19976905311778,0.277136258660508,,STAR,STAR,,0,0,,0.87204,,0.6,1.74408,0,1
tr(r:p1udt24983-p1udt24983lv),ABC,p1udt24983,p1udt24983lv,,POINT(-97.7289695083464 30.411985669389),100,7.19976905311778,0.277136258660508,,STAR,STAR,,0,0,,0.805475,,0.62,1.61095,0,1
tr(r:p1udt323-p1udt323lv),C,p1udt323,p1udt323lv,p1udt323lv,POINT(-97.7017528756607 30.4115544526999),75,7.2,0.12,0.12,STAR,STAR,STAR,0,0,0,0.33284,,0.38,0.49926,1,1
tr(r:p1udt324-p1udt324lv),B,p1udt324,p1udt324lv,p1udt324lv,POINT(-97.7023012032868 30.4136120405417),50,7.2,0.12,0.12,STAR,STAR,STAR,0,0,0,0.532544,,0.37,0.798816,1,1
tr(r:p1udt325-p1udt325lv),B,p1udt325,p1udt325lv,p1udt325lv,POINT(-97.7126175343021 30.4158396019246),75,7.2,0.12,0.12,STAR,STAR,STAR,0,0,0,0.33284,,0.38,0.49926,1,1
tr(r:p1udt326-p1udt326lv),ABC,p1udt326,p1udt326lv,p1udt326lv,POINT(-97.7085871238282 30.4175321958397),25,7.2,0.12,0.12,STAR,STAR,STAR,0,0,0,0.532544,,0.472,0.798816,1,1
tr(r:p1udt327-p1udt327lv),ABC,p1udt327,p1udt327lv,p1udt327lv,POINT(-97.7122668910928 30.4181499887695),75,7.2,0.12,0.12,STAR,STAR,STAR,0,0,0,0.33284,,0.38,0.49926,1,1
tr(r:p1udt328-p1udt328lv),ABC,p1udt328,p1udt328lv,,POINT(-97.7031690610604 30.4177773056459),500,7.19976905311778,0.277136258660508,,STAR,STAR,,0,0,,0.73225,,0.266,1.4645,0,1
tr(r:p1udt329-p1udt329lv),ABC,p1udt329,p1udt329lv,p1udt329lv,POINT(-97.6993417356352 30.4120455955369),75,7.2,0.12,0.12,STAR,STAR,STAR,0,0,0,0.33284,,0.38,0.49926,1,1
tr(r:p1udt330-p1udt330lv),B,p1udt330,p1udt330lv,p1udt330lv,POINT(-97.7002082849448 30.4134596912931),75,7.2,0.12,0.12,STAR,STAR,STAR,0,0,0,0.33284,,0.38,0.49926,1,1
tr(r:p1udt332-p1udt332lv),ABC,p1udt332,p1udt332lv,p1udt332lv,POINT(-97.7003301090806 30.4156786873953),75,7.2,0.12,0.12,STAR,STAR,STAR,0,0,0,0.33284,,0.38,0.49926,1,1
tr(r:p1udt398-p1udt398lv),ABC,p1udt398,p1udt398lv,,POINT(-97.7175686040074 30.405826525665),500,7.19976905311778,0.277136258660508,,STAR,STAR,,0,0,,0.73225,,0.266,1.4645,0,1
tr(r:p1udt399-p1udt399lv),ABC,p1udt399,p1udt399lv,p1udt399lv,POINT(-97.7167719957119 30.409339938726),25,7.2,0.12,0.12,STAR,STAR,STAR,0,0,0,0.532544,,0.472,0.798816,1,1
tr(r:p1udt925-p1udt925lv),A,p1udt925,p1udt925lv,p1udt925lv,POINT(-97.7155408121363 30.4153939864268),75,7.2,0.12,0.12,STAR,STAR,STAR,0,0,0,0.33284,,0.38,0.49926,1,1
tr(r:p1udt935-p1udt935lv),A,p1udt935,p1udt935lv,p1udt935lv,POINT(-97.7001192180267 30.4127810295785),75,7.2,0.12,0.12,STAR,STAR,STAR,0,0,0,0.33284,,0.38,0.49926,1,1
tr(r:p1udt936-p1udt936lv),A,p1udt936,p1udt936lv,p1udt936lv,POINT(-97.6996199482586 30.4135339815597),75,7.2,0.12,0.12,STAR,STAR,STAR,0,0,0,0.33284,,0.38,0.49926,1,1
tr(r:p1udt1550-p1udt1550lv),C,p1udt1550,p1udt1550lv,p1udt1550lv,POINT(-97.7130690609385 30.4139582629408),50,7.2,0.12,0.12,STAR,STAR,STAR,0,0,0,0.532544,,0.37,0.798816,1,1
tr(r:p1udt1551-p1udt1551lv),C,p1udt1551,p1udt1551lv,p1udt1551lv,POINT(-97.7130494247884 30.4148462938336),50,7.2,0.12,0.12,STAR,STAR,STAR,0,0,0,0.532544,,0.37,0.798816,1,1
tr(r:p1udt1552-p1udt1552lv),C,p1udt1552,p1udt1552lv,p1udt1552lv,POINT(-97.7134439572422 30.4149311734688),50,7.2,0.12,0.12,STAR,STAR,STAR,0,0,0,0.532544,,0.37,0.798816,1,1
tr(r:p1udt1553-p1udt1553lv),A,p1udt1553,p1udt1553lv,p1udt1553lv,POINT(-97.7157169436653 30.4154588796139),50,7.2,0.12,0.12,STAR,STAR,STAR,0,0,0,0.532544,,0.37,0.798816,1,1
tr(r:p1udt1574-p1udt1574lv),A,p1udt1574,p1udt1574lv,p1udt1574lv,POINT(-97.702769878233 30.4143836449312),50,7.2,0.12,0.12,STAR,STAR,STAR,0,0,0,0.532544,,0.37,0.798816,1,1
tr(r:p1udt1575-p1udt1575lv),C,p1udt1575,p1udt1575lv,p1udt1575lv,POINT(-97.7014680642796 30.4175976086441),50,7.2,0.12,0.12,STAR,STAR,STAR,0,0,0,0.532544,,0.37,0.798816,1,1
tr(r:p1udt1576-p1udt1576lv),A,p1udt1576,p1udt1576lv,p1udt1576lv,POINT(-97.698396046426 30.4119528589185),50,7.2,0.12,0.12,STAR,STAR,STAR,0,0,0,0.532544,,0.37,0.798816,1,1
tr(r:p1udt1577-p1udt1577lv),A,p1udt1577,p1udt1577lv,p1udt1577lv,POINT(-97.7002148118091 30.4126376148366),50,7.2,0.12,0.12,STAR,STAR,STAR,0,0,0,0.532544,,0.37,0.798816,1,1
tr(r:p1udt1644-p1udt1644lv),ABC,p1udt1644,p1udt1644lv,,POINT(-97.7118462375956 30.4078928832702),100,7.19976905311778,0.277136258660508,,STAR,STAR,,0,0,,0.805475,,0.62,1.61095,0,1
tr(r:p1udt2117-p1udt2117lv),A,p1udt2117,p1udt2117lv,p1udt2117lv,POINT(-97.71570531708 30.4145694804323),50,7.2,0.12,0.12,STAR,STAR,STAR,0,0,0,0.532544,,0.37,0.798816,1,1
tr(r:p1udt2136-p1udt2136lv),A,p1udt2136,p1udt2136lv,p1udt2136lv,POINT(-97.7024744828015 30.4146784653874),75,7.2,0.12,0.12,STAR,STAR,STAR,0,0,0,0.33284,,0.38,0.49926,1,1
tr(r:p1udt2137-p1udt2137lv),B,p1udt2137,p1udt2137lv,p1udt2137lv,POINT(-97.7015154246619 30.4145915377134),75,7.2,0.12,0.12,STAR,STAR,STAR,0,0,0,0.33284,,0.38,0.49926,1,1
tr(r:p1udt2138-p1udt2138lv),ABC,p1udt2138,p1udt2138lv,p1udt2138lv,POINT(-97.7030161481803 30.4154417713793),50,7.2,0.12,0.12,STAR,STAR,STAR,0,0,0,0.532544,,0.37,0.798816,1,1
tr(r:p1udt2139-p1udt2139lv),A,p1udt2139,p1udt2139lv,p1udt2139lv,POINT(-97.7019748623226 30.4154584915508),50,7.2,0.12,0.12,STAR,STAR,STAR,0,0,0,0.532544,,0.37,0.798816,1,1
tr(r:p1udt2140-p1udt2140lv),C,p1udt2140,p1udt2140lv,p1udt2140lv,POINT(-97.7018077299881 30.4170809901849),50,7.2,0.12,0.12,STAR,STAR,STAR,0,0,0,0.532544,,0.37,0.798816,1,1
tr(r:p1udt2141-p1udt2141lv),ABC,p1udt2141,p1udt2141lv,p1udt2141lv,POINT(-97.7110999356915 30.4183669725344),75,7.2,0.12,0.12,STAR,STAR,STAR,0,0,0,0.33284,,0.38,0.49926,1,1
tr(r:p1udt2142-p1udt2142lv),ABC,p1udt2142,p1udt2142lv,p1udt2142lv,POINT(-97.7125624782759 30.4192394672646),50,7.2,0.12,0.12,STAR,STAR,STAR,0,0,0,0.532544,,0.37,0.798816,1,1
tr(r:p1udt2143-p1udt2143lv),ABC,p1udt2143,p1udt2143lv,p1udt2143lv,POINT(-97.6997553111029 30.4114182985067),75,7.2,0.12,0.12,STAR,STAR,STAR,0,0,0,0.33284,,0.38,0.49926,1,1
tr(r:p1udt2144-p1udt2144lv),ABC,p1udt2144,p1udt2144lv,,POINT(-97.699377970845 30.4120778737927),75,7.19976905311778,0.277136258660508,,STAR,STAR,,0,0,,0.87204,,0.6,1.74408,0,1
tr(r:p1udt2145-p1udt2145lv),A,p1udt2145,p1udt2145lv,p1udt2145lv,POINT(-97.6992267962217 30.4141345994311),75,7.2,0.12,0.12,STAR,STAR,STAR,0,0,0,0.33284,,0.38,0.49926,1,1
tr(r:p1udt2146-p1udt2146lv),B,p1udt2146,p1udt2146lv,p1udt2146lv,POINT(-97.7006758667491 30.414312498117),50,7.2,0.12,0.12,STAR,STAR,STAR,0,0,0,0.532544,,0.37,0.798816,1,1
tr(r:p1udt2147-p1udt2147lv),ABC,p1udt2147,p1udt2147lv,p1udt2147lv,POINT(-97.7009331939862 30.4159730875251),75,7.2,0.12,0.12,STAR,STAR,STAR,0,0,0,0.33284,,0.38,0.49926,1,1
tr(r:p1udt2205-p1udt2205lv),ABC,p1udt2205,p1udt2205lv,p1udt2205lv,POINT(-97.7084630188483 30.4031494962502),50,7.2,0.12,0.12,STAR,STAR,STAR,0,0,0,0.532544,,0.37,0.798816,1,1
tr(r:p1udt2206-p1udt2206lv),C,p1udt2206,p1udt2206lv,p1udt2206lv,POINT(-97.7018843975939 30.4104949946194),50,7.2,0.12,0.12,STAR,STAR,STAR,0,0,0,0.532544,,0.37,0.798816,1,1
tr(r:p1udt2692-p1udt2692lv),ABC,p1udt2692,p1udt2692lv,p1udt2692lv,POINT(-97.7134556049278 30.4172143022374),50,7.2,0.12,0.12,STAR,STAR,STAR,0,0,0,0.532544,,0.37,0.798816,1,1
tr(r:p1udt2708-p1udt2708lv),ABC,p1udt2708,p1udt2708lv,p1udt2708lv,POINT(-97.7017121355332 30.4119684358081),50,7.2,0.12,0.12,STAR,STAR,STAR,0,0,0,0.532544,,0.37,0.798816,1,1
tr(r:p1udt2709-p1udt2709lv),ABC,p1udt2709,p1udt2709lv,p1udt2709lv,POINT(-97.7021648840735 30.4121128832895),25,7.2,0.12,0.12,STAR,STAR,STAR,0,0,0,0.532544,,0.472,0.798816,1,1
tr(r:p1udt2710-p1udt2710lv),B,p1udt2710,p1udt2710lv,p1udt2710lv,POINT(-97.7122342577908 30.4172782573087),75,7.2,0.12,0.12,STAR,STAR,STAR,0,0,0,0.33284,,0.38,0.49926,1,1
tr(r:p1udt2713-p1udt2713lv),B,p1udt2713,p1udt2713lv,p1udt2713lv,POINT(-97.7004845572254 30.4146083497776),75,7.2,0.12,0.12,STAR,STAR,STAR,0,0,0,0.33284,,0.38,0.49926,1,1
tr(r:p1udt2715-p1udt2715lv),C,p1udt2715,p1udt2715lv,p1udt2715lv,POINT(-97.7006761140437 30.4168350989807),25,7.2,0.12,0.12,STAR,STAR,STAR,0,0,0,0.532544,,0.472,0.798816,1,1
tr(r:p1udt2718-p1udt2718lv),ABC,p1udt2718,p1udt2718lv,,POINT(-97.7014171854368 30.4195644708548),75,7.19976905311778,0.277136258660508,,STAR,STAR,,0,0,,0.87204,,0.6,1.74408,0,1
tr(r:p1udt2788-p1udt2788lv),ABC,p1udt2788,p1udt2788lv,,POINT(-97.7202886161762 30.4092447797217),75,7.19976905311778,0.277136258660508,,STAR,STAR,,0,0,,0.87204,,0.6,1.74408,0,1
tr(r:p1udt3293-p1udt3293lv),ABC,p1udt3293,p1udt3293lv,,POINT(-97.7165489900234 30.4110216848495),75,7.19976905311778,0.277136258660508,,STAR,STAR,,0,0,,0.87204,,0.6,1.74408,0,1
tr(r:p1udt3294-p1udt3294lv),A,p1udt3294,p1udt3294lv,p1udt3294lv,POINT(-97.7145914143649 30.4147532094071),75,7.2,0.12,0.12,STAR,STAR,STAR,0,0,0,0.33284,,0.38,0.49926,1,1
tr(r:p1udt3296-p1udt3296lv),ABC,p1udt3296,p1udt3296lv,p1udt3296lv,POINT(-97.7135748076162 30.41688192481),25,7.2,0.12,0.12,STAR,STAR,STAR,0,0,0,0.532544,,0.472,0.798816,1,1
tr(r:p1udt3299-p1udt3299lv),ABC,p1udt3299,p1udt3299lv,,POINT(-97.7118221609481 30.4208224901668),150,7.19976905311778,0.277136258660508,,STAR,STAR,,0,0,,1.0784,,0.516667,2.1568,0,1
tr(r:p1udt3310-p1udt3310lv),A,p1udt3310,p1udt3310lv,p1udt3310lv,POINT(-97.70778984752 30.413952295688),75,7.2,0.12,0.12,STAR,STAR,STAR,0,0,0,0.33284,,0.38,0.49926,1,1
tr(r:p1udt3311-p1udt3311lv),C,p1udt3311,p1udt3311lv,p1udt3311lv,POINT(-97.7009545318281 30.4154662174841),50,7.2,0.12,0.12,STAR,STAR,STAR,0,0,0,0.532544,,0.37,0.798816,1,1
tr(r:p1udt3779-p1udt3779lv),ABC,p1udt3779,p1udt3779lv,,POINT(-97.7126160227025 30.4214168107305),300,7.19976905311778,0.277136258660508,,STAR,STAR,,0,0,,0.91198,,0.325,1.82396,0,1
tr(r:p1udt3798-p1udt3798lv),A,p1udt3798,p1udt3798lv,p1udt3798lv,POINT(-97.7146766788625 30.4154037377727),50,7.2,0.12,0.12,STAR,STAR,STAR,0,0,0,0.532544,,0.37,0.798816,1,1
tr(r:p1udt3809-p1udt3809lv),B,p1udt3809,p1udt3809lv,p1udt3809lv,POINT(-97.7029856973603 30.4138083231964),50,7.2,0.12,0.12,STAR,STAR,STAR,0,0,0,0.532544,,0.37,0.798816,1,1
tr(r:p1udt3810-p1udt3810lv),A,p1udt3810,p1udt3810lv,p1udt3810lv,POINT(-97.7077855753849 30.4164031347931),25,7.2,0.12,0.12,STAR,STAR,STAR,0,0,0,0.532544,,0.472,0.798816,1,1
tr(r:p1udt3811-p1udt3811lv),ABC,p1udt3811,p1udt3811lv,p1udt3811lv,POINT(-97.7026502117001 30.4200098293432),50,7.2,0.12,0.12,STAR,STAR,STAR,0,0,0,0.532544,,0.37,0.798816,1,1
tr(r:p1udt3871-p1udt3871lv),ABC,p1udt3871,p1udt3871lv,p1udt3871lv,POINT(-97.6992594976432 30.4106130665152),50,7.2,0.12,0.12,STAR,STAR,STAR,0,0,0,0.532544,,0.37,0.798816,1,1
tr(r:p1udt4311-p1udt4311lv),ABC,p1udt4311,p1udt4311lv,,POINT(-97.7151881660908 30.4123888094556),75,7.19976905311778,0.277136258660508,,STAR,STAR,,0,0,,0.87204,,0.6,1.74408,0,1
tr(r:p1udt4312-p1udt4312lv),C,p1udt4312,p1udt4312lv,p1udt4312lv,POINT(-97.7135709787007 30.4131820214941),25,7.2,0.12,0.12,STAR,STAR,STAR,0,0,0,0.532544,,0.472,0.798816,1,1
tr(r:p1udt4313-p1udt4313lv),C,p1udt4313,p1udt4313lv,p1udt4313lv,POINT(-97.7139581248115 30.4138264631103),75,7.2,0.12,0.12,STAR,STAR,STAR,0,0,0,0.33284,,0.38,0.49926,1,1
tr(r:p1udt4319-p1udt4319lv),C,p1udt4319,p1udt4319lv,p1udt4319lv,POINT(-97.7072761383252 30.4205429562963),25,7.2,0.12,0.12,STAR,STAR,STAR,0,0,0,0.532544,,0.472,0.798816,1,1
tr(r:p1udt4334-p1udt4334lv),ABC,p1udt4334,p1udt4334lv,p1udt4334lv,POINT(-97.6998100928027 30.4154098822984),50,7.2,0.12,0.12,STAR,STAR,STAR,0,0,0,0.532544,,0.37,0.798816,1,1
tr(r:p1udt4379-p1udt4379lv),B,p1udt4379,p1udt4379lv,p1udt4379lv,POINT(-97.7132369785912 30.4042432847603),25,7.2,0.12,0.12,STAR,STAR,STAR,0,0,0,0.532544,,0.472,0.798816,1,1
tr(r:p1udt4381-p1udt4381lv),ABC,p1udt4381,p1udt4381lv,p1udt4381lv,POINT(-97.6989459843021 30.4108072005097),50,7.2,0.12,0.12,STAR,STAR,STAR,0,0,0,0.532544,,0.37,0.798816,1,1
tr(r:p1udt4785-p1udt4785lv),C,p1udt4785,p1udt4785lv,p1udt4785lv,POINT(-97.7137044944925 30.4157009040514),75,7.2,0.12,0.12,STAR,STAR,STAR,0,0,0,0.33284,,0.38,0.49926,1,1
tr(r:p1udt4794-p1udt4794lv),C,p1udt4794,p1udt4794lv,p1udt4794lv,POINT(-97.7020151748342 30.4108391652304),50,7.2,0.12,0.12,STAR,STAR,STAR,0,0,0,0.532544,,0.37,0.798816,1,1
tr(r:p1udt4795-p1udt4795lv),B,p1udt4795,p1udt4795lv,p1udt4795lv,POINT(-97.7029153565564 30.4136179718583),50,7.2,0.12,0.12,STAR,STAR,STAR,0,0,0,0.532544,,0.37,0.798816,1,1
tr(r:p1udt4796-p1udt4796lv),ABC,p1udt4796,p1udt4796lv,p1udt4796lv,POINT(-97.7027716033362 30.4158273265947),50,7.2,0.12,0.12,STAR,STAR,STAR,0,0,0,0.532544,,0.37,0.798816,1,1
tr(r:p1udt4857-p1udt4857lv),ABC,p1udt4857,p1udt4857lv,,POINT(-97.7187316729114 30.4088956625378),75,7.19976905311778,0.277136258660508,,STAR,STAR,,0,0,,0.87204,,0.6,1.74408,0,1
tr(r:p1udt4859-p1udt4859lv),ABC,p1udt4859,p1udt4859lv,,POINT(-97.7095963083989 30.4037979771258),150,7.19976905311778,0.277136258660508,,STAR,STAR,,0,0,,1.0784,,0.516667,2.1568,0,1
tr(r:p1udt5314-p1udt5314lv),A,p1udt5314,p1udt5314lv,p1udt5314lv,POINT(-97.7158320553861 30.411162353192),50,7.2,0.12,0.12,STAR,STAR,STAR,0,0,0,0.532544,,0.37,0.798816,1,1
tr(r:p1udt5315-p1udt5315lv),ABC,p1udt5315,p1udt5315lv,p1udt5315lv,POINT(-97.7156406225098 30.4120802795526),75,7.2,0.12,0.12,STAR,STAR,STAR,0,0,0,0.33284,,0.38,0.49926,1,1
tr(r:p1udt5316-p1udt5316lv),C,p1udt5316,p1udt5316lv,p1udt5316lv,POINT(-97.7160194694377 30.4125052623167),25,7.2,0.12,0.12,STAR,STAR,STAR,0,0,0,0.532544,,0.472,0.798816,1,1
tr(r:p1udt5329-p1udt5329lv),C,p1udt5329,p1udt5329lv,p1udt5329lv,POINT(-97.7015101981259 30.4175291377565),50,7.2,0.12,0.12,STAR,STAR,STAR,0,0,0,0.532544,,0.37,0.798816,1,1
tr(r:p1udt5330-p1udt5330lv),A,p1udt5330,p1udt5330lv,p1udt5330lv,POINT(-97.6992567288907 30.4122348103295),75,7.2,0.12,0.12,STAR,STAR,STAR,0,0,0,0.33284,,0.38,0.49926,1,1
tr(r:p1udt5333-p1udt5333lv),C,p1udt5333,p1udt5333lv,p1udt5333lv,POINT(-97.6980128138463 30.4140717121328),75,7.2,0.12,0.12,STAR,STAR,STAR,0,0,0,0.33284,,0.38,0.49926,1,1
tr(r:p1udt5334-p1udt5334lv),ABC,p1udt5334,p1udt5334lv,p1udt5334lv,POINT(-97.6992878996327 30.4148723001019),50,7.2,0.12,0.12,STAR,STAR,STAR,0,0,0,0.532544,,0.37,0.798816,1,1
tr(r:p1udt5823-p1udt5823lv),A,p1udt5823,p1udt5823lv,p1udt5823lv,POINT(-97.7147321103341 30.415936382487),75,7.2,0.12,0.12,STAR,STAR,STAR,0,0,0,0.33284,,0.38,0.49926,1,1
tr(r:p1udt5824-p1udt5824lv),A,p1udt5824,p1udt5824lv,p1udt5824lv,POINT(-97.7140034080855 30.4159294217705),25,7.2,0.12,0.12,STAR,STAR,STAR,0,0,0,0.532544,,0.472,0.798816,1,1
tr(r:p1udt5834-p1udt5834lv),ABC,p1udt5834,p1udt5834lv,p1udt5834lv,POINT(-97.7032710753614 30.4150653800689),50,7.2,0.12,0.12,STAR,STAR,STAR,0,0,0,0.532544,,0.37,0.798816,1,1
tr(r:p1udt5835-p1udt5835lv),A,p1udt5835,p1udt5835lv,p1udt5835lv,POINT(-97.7116884779732 30.4170073947306),75,7.2,0.12,0.12,STAR,STAR,STAR,0,0,0,0.33284,,0.38,0.49926,1,1
tr(r:p1udt5836-p1udt5836lv),ABC,p1udt5836,p1udt5836lv,p1udt5836lv,POINT(-97.7067915992672 30.4188808975605),25,7.2,0.12,0.12,STAR,STAR,STAR,0,0,0,0.532544,,0.472,0.798816,1,1
tr(r:p1udt5838-p1udt5838lv),B,p1udt5838,p1udt5838lv,p1udt5838lv,POINT(-97.7008270699474 30.4140846169563),50,7.2,0.12,0.12,STAR,STAR,STAR,0,0,0,0.532544,,0.37,0.798816,1,1
tr(r:p1udt5891-p1udt5891lv),ABC,p1udt5891,p1udt5891lv,,POINT(-97.7170209209382 30.406776519974),1000,7.19976905311778,0.277136258660508,,STAR,STAR,,0,0,,0.798815,,0.2,1.59763,0,1
tr(r:p1udt5892-p1udt5892lv),ABC,p1udt5892,p1udt5892lv,,POINT(-97.7087297078652 30.4039969382146),75,7.19976905311778,0.277136258660508,,STAR,STAR,,0,0,,0.87204,,0.6,1.74408,0,1
tr(r:p1udt6318-p1udt6318lv),B,p1udt6318,p1udt6318lv,p1udt6318lv,POINT(-97.6985588513323 30.4124198592849),25,7.2,0.12,0.12,STAR,STAR,STAR,0,0,0,0.532544,,0.472,0.798816,1,1
tr(r:p1udt6319-p1udt6319lv),B,p1udt6319,p1udt6319lv,p1udt6319lv,POINT(-97.7006615778144 30.4124317790155),25,7.2,0.12,0.12,STAR,STAR,STAR,0,0,0,0.532544,,0.472,0.798816,1,1
tr(r:p1udt6726-p1udt6726lv),ABC,p1udt6726,p1udt6726lv,,POINT(-97.7143535063897 30.4206271605652),150,7.19976905311778,0.277136258660508,,STAR,STAR,,0,0,,1.0784,,0.516667,2.1568,0,1
tr(r:p1udt6739-p1udt6739lv),C,p1udt6739,p1udt6739lv,p1udt6739lv,POINT(-97.7125013003762 30.4137761849737),75,7.2,0.12,0.12,STAR,STAR,STAR,0,0,0,0.33284,,0.38,0.49926,1,1
tr(r:p1udt6742-p1udt6742lv),ABC,p1udt6742,p1udt6742lv,p1udt6742lv,POINT(-97.7137681792591 30.4163174219272),50,7.2,0.12,0.12,STAR,STAR,STAR,0,0,0,0.532544,,0.37,0.798816,1,1
tr(r:p1udt6745-p1udt6745lv),ABC,p1udt6745,p1udt6745lv,,POINT(-97.7093074418846 30.421248796563),300,7.19976905311778,0.277136258660508,,STAR,STAR,,0,0,,0.91198,,0.325,1.82396,0,1
tr(r:p1udt6754-p1udt6754lv),ABC,p1udt6754,p1udt6754lv,p1udt6754lv,POINT(-97.7036216585623 30.4145272774269),50,7.2,0.12,0.12,STAR,STAR,STAR,0,0,0,0.532544,,0.37,0.798816,1,1
tr(r:p1udt6755-p1udt6755lv),A,p1udt6755,p1udt6755lv,p1udt6755lv,POINT(-97.6990433204237 30.41251200015),75,7.2,0.12,0.12,STAR,STAR,STAR,0,0,0,0.33284,,0.38,0.49926,1,1
tr(r:p1udt6804-p1udt6804lv),A,p1udt6804,p1udt6804lv,p1udt6804lv,POINT(-97.7147933205362 30.4107427503696),50,7.2,0.12,0.12,STAR,STAR,STAR,0,0,0,0.532544,,0.37,0.798816,1,1
tr(r:p1udt6805-p1udt6805lv),C,p1udt6805,p1udt6805lv,p1udt6805lv,POINT(-97.7017519495748 30.4102771279757),75,7.2,0.12,0.12,STAR,STAR,STAR,0,0,0,0.33284,,0.38,0.49926,1,1
tr(r:p1udt6807-p1udt6807lv),ABC,p1udt6807,p1udt6807lv,,POINT(-97.699451414938 30.4092136833087),75,7.19976905311778,0.277136258660508,,STAR,STAR,,0,0,,0.87204,,0.6,1.74408,0,1
tr(r:p1udt7181-p1udt7181lv),ABC,p1udt7181,p1udt7181lv,p1udt7181lv,POINT(-97.7143449607227 30.4114791819995),75,7.2,0.12,0.12,STAR,STAR,STAR,0,0,0,0.33284,,0.38,0.49926,1,1
tr(r:p1udt7182-p1udt7182lv),C,p1udt7182,p1udt7182lv,p1udt7182lv,POINT(-97.7140107392038 30.4119203992054),75,7.2,0.12,0.12,STAR,STAR,STAR,0,0,0,0.33284,,0.38,0.49926,1,1
tr(r:p1udt7187-p1udt7187lv),ABC,p1udt7187,p1udt7187lv,,POINT(-97.7107595821443 30.4224541699068),100,7.19976905311778,0.277136258660508,,STAR,STAR,,0,0,,0.805475,,0.62,1.61095,0,1
tr(r:p1udt7201-p1udt7201lv),ABC,p1udt7201,p1udt7201lv,,POINT(-97.7049572120623 30.4122065257906),100,7.19976905311778,0.277136258660508,,STAR,STAR,,0,0,,0.805475,,0.62,1.61095,0,1
tr(r:p1udt7202-p1udt7202lv),B,p1udt7202,p1udt7202lv,p1udt7202lv,POINT(-97.7015303163145 30.41286449805),25,7.2,0.12,0.12,STAR,STAR,STAR,0,0,0,0.532544,,0.472,0.798816,1,1
tr(r:p1udt7203-p1udt7203lv),ABC,p1udt7203,p1udt7203lv,,POINT(-97.7094553482175 30.4131747524553),1000,7.19976905311778,0.277136258660508,,STAR,STAR,,0,0,,0.798815,,0.2,1.59763,0,1
tr(r:p1udt7204-p1udt7204lv),C,p1udt7204,p1udt7204lv,p1udt7204lv,POINT(-97.7125314792595 30.4138575173387),25,7.2,0.12,0.12,STAR,STAR,STAR,0,0,0,0.532544,,0.472,0.798816,1,1
tr(r:p1udt7205-p1udt7205lv),A,p1udt7205,p1udt7205lv,p1udt7205lv,POINT(-97.711920924532 30.4165623557957),75,7.2,0.12,0.12,STAR,STAR,STAR,0,0,0,0.33284,,0.38,0.49926,1,1
tr(r:p1udt7208-p1udt7208lv),B,p1udt7208,p1udt7208lv,p1udt7208lv,POINT(-97.7001004746416 30.4121683430292),50,7.2,0.12,0.12,STAR,STAR,STAR,0,0,0,0.532544,,0.37,0.798816,1,1
tr(r:p1udt7257-p1udt7257lv),ABC,p1udt7257,p1udt7257lv,,POINT(-97.7118329158434 30.4070773375663),75,7.19976905311778,0.277136258660508,,STAR,STAR,,0,0,,0.87204,,0.6,1.74408,0,1
tr(r:p1udt7620-p1udt7620lv),B,p1udt7620,p1udt7620lv,p1udt7620lv,POINT(-97.7013368620967 30.4133227420537),75,7.2,0.12,0.12,STAR,STAR,STAR,0,0,0,0.33284,,0.38,0.49926,1,1
tr(r:p1udt8030-p1udt8030lv),ABC,p1udt8030,p1udt8030lv,,POINT(-97.7101733864931 30.4127576193971),75,7.19976905311778,0.277136258660508,,STAR,STAR,,0,0,,0.87204,,0.6,1.74408,0,1
tr(r:p1udt8031-p1udt8031lv),A,p1udt8031,p1udt8031lv,p1udt8031lv,POINT(-97.7021768172145 30.4151446977053),50,7.2,0.12,0.12,STAR,STAR,STAR,0,0,0,0.532544,,0.37,0.798816,1,1
tr(r:p1udt8032-p1udt8032lv),ABC,p1udt8032,p1udt8032lv,,POINT(-97.7061182167048 30.4184371094343),100,7.19976905311778,0.277136258660508,,STAR,STAR,,0,0,,0.805475,,0.62,1.61095,0,1
tr(r:p1udt8034-p1udt8034lv),C,p1udt8034,p1udt8034lv,p1udt8034lv,POINT(-97.7010820545492 30.4152691540087),50,7.2,0.12,0.12,STAR,STAR,STAR,0,0,0,0.532544,,0.37,0.798816,1,1
tr(r:p1udt8073-p1udt8073lv),ABC,p1udt8073,p1udt8073lv,,POINT(-97.702822189943 30.4091265653824),500,7.19976905311778,0.277136258660508,,STAR,STAR,,0,0,,0.73225,,0.266,1.4645,0,1
tr(r:p1udt8074-p1udt8074lv),ABC,p1udt8074,p1udt8074lv,,POINT(-97.7025277926649 30.4101342062821),150,7.19976905311778,0.277136258660508,,STAR,STAR,,0,0,,1.0784,,0.516667,2.1568,0,1
tr(r:p1udt8077-p1udt8077lv),ABC,p1udt8077,p1udt8077lv,p1udt8077lv,POINT(-97.6995945672371 30.4091666438936),50,7.2,0.12,0.12,STAR,STAR,STAR,0,0,0,0.532544,,0.37,0.798816,1,1
tr(r:p1udt8420-p1udt8420lv),ABC,p1udt8420,p1udt8420lv,p1udt8420lv,POINT(-97.7169943533177 30.4119915156844),50,7.2,0.12,0.12,STAR,STAR,STAR,0,0,0,0.532544,,0.37,0.798816,1,1
tr(r:p1udt8421-p1udt8421lv),C,p1udt8421,p1udt8421lv,p1udt8421lv,POINT(-97.7134799861272 30.4153558209016),50,7.2,0.12,0.12,STAR,STAR,STAR,0,0,0,0.532544,,0.37,0.798816,1,1
tr(r:p1udt8425-p1udt8425lv),B,p1udt8425,p1udt8425lv,p1udt8425lv,POINT(-97.7132560563338 30.4165536625133),75,7.2,0.12,0.12,STAR,STAR,STAR,0,0,0,0.33284,,0.38,0.49926,1,1
tr(r:p1udt8427-p1udt8427lv),ABC,p1udt8427,p1udt8427lv,p1udt8427lv,POINT(-97.7131333168272 30.4200268788342),50,7.2,0.12,0.12,STAR,STAR,STAR,0,0,0,0.532544,,0.37,0.798816,1,1
tr(r:p1udt8436-p1udt8436lv),B,p1udt8436,p1udt8436lv,p1udt8436lv,POINT(-97.702440673819 30.4133066863478),50,7.2,0.12,0.12,STAR,STAR,STAR,0,0,0,0.532544,,0.37,0.798816,1,1
tr(r:p1udt8437-p1udt8437lv),B,p1udt8437,p1udt8437lv,p1udt8437lv,POINT(-97.7018897563537 30.4140230039305),75,7.2,0.12,0.12,STAR,STAR,STAR,0,0,0,0.33284,,0.38,0.49926,1,1
tr(r:p1udt8438-p1udt8438lv),ABC,p1udt8438,p1udt8438lv,p1udt8438lv,POINT(-97.7093672809299 30.4141011287896),50,7.2,0.12,0.12,STAR,STAR,STAR,0,0,0,0.532544,,0.37,0.798816,1,1
tr(r:p1udt8439-p1udt8439lv),ABC,p1udt8439,p1udt8439lv,p1udt8439lv,POINT(-97.7025696488221 30.4161411213429),75,7.2,0.12,0.12,STAR,STAR,STAR,0,0,0,0.33284,,0.38,0.49926,1,1
tr(r:p1udt8440-p1udt8440lv),B,p1udt8440,p1udt8440lv,p1udt8440lv,POINT(-97.7005188506737 30.4129897785131),50,7.2,0.12,0.12,STAR,STAR,STAR,0,0,0,0.532544,,0.37,0.798816,1,1
tr(r:p1udt8489-p1udt8489lv),ABC,p1udt8489,p1udt8489lv,,POINT(-97.7128787159112 30.405367620829),75,7.19976905311778,0.277136258660508,,STAR,STAR,,0,0,,0.87204,,0.6,1.74408,0,1
tr(r:p1udt8490-p1udt8490lv),ABC,p1udt8490,p1udt8490lv,,POINT(-97.7087434561474 30.4046492447991),75,7.19976905311778,0.277136258660508,,STAR,STAR,,0,0,,0.87204,,0.6,1.74408,0,1
tr(r:p1udt8809-p1udt8809lv),ABC,p1udt8809,p1udt8809lv,p1udt8809lv,POINT(-97.7151087611832 30.4115432234052),25,7.2,0.12,0.12,STAR,STAR,STAR,0,0,0,0.532544,,0.472,0.798816,1,1
tr(r:p1udt8818-p1udt8818lv),C,p1udt8818,p1udt8818lv,p1udt8818lv,POINT(-97.7120293964906 30.413127973708),75,7.2,0.12,0.12,STAR,STAR,STAR,0,0,0,0.33284,,0.38,0.49926,1,1
tr(r:p1udt8819-p1udt8819lv),B,p1udt8819,p1udt8819lv,p1udt8819lv,POINT(-97.7009758023996 30.4138603528002),50,7.2,0.12,0.12,STAR,STAR,STAR,0,0,0,0.532544,,0.37,0.798816,1,1
tr(r:p1udt8855-p1udt8855lv),ABC,p1udt8855,p1udt8855lv,,POINT(-97.7205364782107 30.4088445269859),150,7.19976905311778,0.277136258660508,,STAR,STAR,,0,0,,1.0784,,0.516667,2.1568,0,1
tr(r:p1udt8858-p1udt8858lv),ABC,p1udt8858,p1udt8858lv,,POINT(-97.7087523050004 30.4038618177332),75,7.19976905311778,0.277136258660508,,STAR,STAR,,0,0,,0.87204,,0.6,1.74408,0,1
tr(r:p1udt9189-p1udt9189lv),ABC,p1udt9189,p1udt9189lv,,POINT(-97.7177877633382 30.411024832813),1000,7.19976905311778,0.277136258660508,,STAR,STAR,,0,0,,0.798815,,0.2,1.59763,0,1
tr(r:p1udt9192-p1udt9192lv),ABC,p1udt9192,p1udt9192lv,,POINT(-97.7025361985117 30.420845532301),75,7.19976905311778,0.277136258660508,,STAR,STAR,,0,0,,0.87204,,0.6,1.74408,0,1
tr(r:p1udt9198-p1udt9198lv),C,p1udt9198,p1udt9198lv,p1udt9198lv,POINT(-97.7012711089238 30.414960278087),75,7.2,0.12,0.12,STAR,STAR,STAR,0,0,0,0.33284,,0.38,0.49926,1,1
tr(r:p1udt9242-p1udt9242lv),ABC,p1udt9242,p1udt9242lv,,POINT(-97.7144226934188 30.4059940966687),150,7.19976905311778,0.277136258660508,,STAR,STAR,,0,0,,1.0784,,0.516667,2.1568,0,1
tr(r:p1udt9591-p1udt9591lv),ABC,p1udt9591,p1udt9591lv,p1udt9591lv,POINT(-97.7164697610282 30.4116450511133),75,7.2,0.12,0.12,STAR,STAR,STAR,0,0,0,0.33284,,0.38,0.49926,1,1
tr(r:p1udt9592-p1udt9592lv),C,p1udt9592,p1udt9592lv,p1udt9592lv,POINT(-97.7128184286527 30.4132237039703),75,7.2,0.12,0.12,STAR,STAR,STAR,0,0,0,0.33284,,0.38,0.49926,1,1
tr(r:p1udt9601-p1udt9601lv),C,p1udt9601,p1udt9601lv,p1udt9601lv,POINT(-97.7126110399454 30.4141472452927),25,7.2,0.12,0.12,STAR,STAR,STAR,0,0,0,0.532544,,0.472,0.798816,1,1
tr(r:p1udt9602-p1udt9602lv),A,p1udt9602,p1udt9602lv,p1udt9602lv,POINT(-97.711282383125 30.4178062546329),75,7.2,0.12,0.12,STAR,STAR,STAR,0,0,0,0.33284,,0.38,0.49926,1,1
tr(r:p1udt9605-p1udt9605lv),C,p1udt9605,p1udt9605lv,p1udt9605lv,POINT(-97.7002313789542 30.4166141225054),50,7.2,0.12,0.12,STAR,STAR,STAR,0,0,0,0.532544,,0.37,0.798816,1,1
tr(r:p1udt9654-p1udt9654lv),C,p1udt9654,p1udt9654lv,p1udt9654lv,POINT(-97.7109494201193 30.4048433058848),25,7.2,0.12,0.12,STAR,STAR,STAR,0,0,0,0.532544,,0.472,0.798816,1,1
tr(r:p1udt9955-p1udt9955lv),C,p1udt9955,p1udt9955lv,p1udt9955lv,POINT(-97.7019581339213 30.4112173887449),75,7.2,0.12,0.12,STAR,STAR,STAR,0,0,0,0.33284,,0.38,0.49926,1,1
tr(r:p1udt9956-p1udt9956lv),ABC,p1udt9956,p1udt9956lv,p1udt9956lv,POINT(-97.7082385964742 30.4152645292061),50,7.2,0.12,0.12,STAR,STAR,STAR,0,0,0,0.532544,,0.37,0.798816,1,1
tr(r:p1udt9957-p1udt9957lv),B,p1udt9957,p1udt9957lv,p1udt9957lv,POINT(-97.701674704487 30.4159285111144),75,7.2,0.12,0.12,STAR,STAR,STAR,0,0,0,0.33284,,0.38,0.49926,1,1
tr(r:p1udt9958-p1udt9958lv),ABC,p1udt9958,p1udt9958lv,,POINT(-97.7059907546263 30.4167192050987),300,7.19976905311778,0.277136258660508,,STAR,STAR,,0,0,,0.91198,,0.325,1.82396,0,1
tr(r:p1udt9959-p1udt9959lv),A,p1udt9959,p1udt9959lv,p1udt9959lv,POINT(-97.696823345775 30.4120093544281),75,7.2,0.12,0.12,STAR,STAR,STAR,0,0,0,0.33284,,0.38,0.49926,1,1
tr(r:p1udt10322-p1udt10322lv),ABC,p1udt10322,p1udt10322lv,p1udt10322lv,POINT(-97.7039511215859 30.4140164142524),75,7.2,0.12,0.12,STAR,STAR,STAR,0,0,0,0.33284,,0.38,0.49926,1,1
tr(r:p1udt10323-p1udt10323lv),B,p1udt10323,p1udt10323lv,p1udt10323lv,POINT(-97.7017092358052 30.4142917245126),50,7.2,0.12,0.12,STAR,STAR,STAR,0,0,0,0.532544,,0.37,0.798816,1,1
tr(r:p1udt10324-p1udt10324lv),ABC,p1udt10324,p1udt10324lv,p1udt10324lv,POINT(-97.6973284728103 30.4117848378447),75,7.2,0.12,0.12,STAR,STAR,STAR,0,0,0,0.33284,,0.38,0.49926,1,1
tr(r:p1udt10325-p1udt10325lv),B,p1udt10325,p1udt10325lv,p1udt10325lv,POINT(-97.6989309430038 30.4118370791634),25,7.2,0.12,0.12,STAR,STAR,STAR,0,0,0,0.532544,,0.472,0.798816,1,1
tr(r:p1udt10366-p1udt10366lv),ABC,p1udt10366,p1udt10366lv,,POINT(-97.7182499630466 30.4099105267941),100,7.19976905311778,0.277136258660508,,STAR,STAR,,0,0,,0.805475,,0.62,1.61095,0,1
tr(r:p1udt10698-p1udt10698lv),ABC,p1udt10698,p1udt10698lv,,POINT(-97.7154721280518 30.4116189821741),100,7.19976905311778,0.277136258660508,,STAR,STAR,,0,0,,0.805475,,0.62,1.61095,0,1
tr(r:p1udt10699-p1udt10699lv),ABC,p1udt10699,p1udt10699lv,,POINT(-97.7156388551934 30.4121226114684),75,7.19976905311778,0.277136258660508,,STAR,STAR,,0,0,,0.87204,,0.6,1.74408,0,1
tr(r:p1udt10700-p1udt10700lv),ABC,p1udt10700,p1udt10700lv,p1udt10700lv,POINT(-97.7127554437969 30.4178419874526),75,7.2,0.12,0.12,STAR,STAR,STAR,0,0,0,0.33284,,0.38,0.49926,1,1
tr(r:p1udt10705-p1udt10705lv),ABC,p1udt10705,p1udt10705lv,p1udt10705lv,POINT(-97.7117406032692 30.418586919289),50,7.2,0.12,0.12,STAR,STAR,STAR,0,0,0,0.532544,,0.37,0.798816,1,1
tr(r:p1udt10706-p1udt10706lv),ABC,p1udt10706,p1udt10706lv,p1udt10706lv,POINT(-97.6994586541787 30.4119233662426),50,7.2,0.12,0.12,STAR,STAR,STAR,0,0,0,0.532544,,0.37,0.798816,1,1
tr(r:p1udt10707-p1udt10707lv),A,p1udt10707,p1udt10707lv,p1udt10707lv,POINT(-97.698830952455 30.4128256854038),75,7.2,0.12,0.12,STAR,STAR,STAR,0,0,0,0.33284,,0.38,0.49926,1,1
tr(r:p1udt10726-p1udt10726lv),ABC,p1udt10726,p1udt10726lv,,POINT(-97.7146811181046 30.4026210043219),500,7.19976905311778,0.277136258660508,,STAR,STAR,,0,0,,0.73225,,0.266,1.4645,0,1
tr(r:p1udt10727-p1udt10727lv),ABC,p1udt10727,p1udt10727lv,,POINT(-97.7169998508702 30.4099794555455),75,7.19976905311778,0.277136258660508,,STAR,STAR,,0,0,,0.87204,,0.6,1.74408,0,1
tr(r:p1udt10728-p1udt10728lv),ABC,p1udt10728,p1udt10728lv,p1udt10728lv,POINT(-97.7038740846959 30.408544849573),25,7.2,0.12,0.12,STAR,STAR,STAR,0,0,0,0.532544,,0.472,0.798816,1,1
tr(r:p1udt11033-p1udt11033lv),C,p1udt11033,p1udt11033lv,p1udt11033lv,POINT(-97.7139646050308 30.4131460010233),25,7.2,0.12,0.12,STAR,STAR,STAR,0,0,0,0.532544,,0.472,0.798816,1,1
tr(r:p1udt11042-p1udt11042lv),C,p1udt11042,p1udt11042lv,p1udt11042lv,POINT(-97.7006196919773 30.411994816884),75,7.2,0.12,0.12,STAR,STAR,STAR,0,0,0,0.33284,,0.38,0.49926,1,1
tr(r:p1udt11367-p1udt11367lv),ABC,p1udt11367,p1udt11367lv,p1udt11367lv,POINT(-97.7102548857871 30.4149150532096),25,7.2,0.12,0.12,STAR,STAR,STAR,0,0,0,0.532544,,0.472,0.798816,1,1
tr(r:p1udt11368-p1udt11368lv),ABC,p1udt11368,p1udt11368lv,p1udt11368lv,POINT(-97.7017604928561 30.4163863218032),75,7.2,0.12,0.12,STAR,STAR,STAR,0,0,0,0.33284,,0.38,0.49926,1,1
tr(r:p1udt11369-p1udt11369lv),ABC,p1udt11369,p1udt11369lv,p1udt11369lv,POINT(-97.7122794950594 30.4195757720474),50,7.2,0.12,0.12,STAR,STAR,STAR,0,0,0,0.532544,,0.37,0.798816,1,1
tr(r:p1udt11398-p1udt11398lv),ABC,p1udt11398,p1udt11398lv,,POINT(-97.7190358659138 30.4089651583472),75,7.19976905311778,0.277136258660508,,STAR,STAR,,0,0,,0.87204,,0.6,1.74408,0,1
tr(r:p1udt11399-p1udt11399lv),ABC,p1udt11399,p1udt11399lv,,POINT(-97.7059940163714 30.4101595810653),300,7.19976905311778,0.277136258660508,,STAR,STAR,,0,0,,0.91198,,0.325,1.82396,0,1
tr(r:p1udt11703-p1udt11703lv),A,p1udt11703,p1udt11703lv,p1udt11703lv,POINT(-97.715142052259 30.4162422024131),75,7.2,0.12,0.12,STAR,STAR,STAR,0,0,0,0.33284,,0.38,0.49926,1,1
tr(r:p1udt11707-p1udt11707lv),ABC,p1udt11707,p1udt11707lv,p1udt11707lv,POINT(-97.6986680871727 30.414988495917),50,7.2,0.12,0.12,STAR,STAR,STAR,0,0,0,0.532544,,0.37,0.798816,1,1
tr(r:p1udt11708-p1udt11708lv),ABC,p1udt11708,p1udt11708lv,,POINT(-97.6976209424976 30.4154460133162),300,7.19976905311778,0.277136258660508,,STAR,STAR,,0,0,,0.91198,,0.325,1.82396,0,1
tr(r:p1udt11742-p1udt11742lv),ABC,p1udt11742,p1udt11742lv,p1udt11742lv,POINT(-97.7207629978986 30.4090362281927),25,7.2,0.12,0.12,STAR,STAR,STAR,0,0,0,0.532544,,0.472,0.798816,1,1
tr(r:p1udt12048-p1udt12048lv),B,p1udt12048,p1udt12048lv,p1udt12048lv,POINT(-97.7128816783166 30.4173167486524),50,7.2,0.12,0.12,STAR,STAR,STAR,0,0,0,0.532544,,0.37,0.798816,1,1
tr(r:p1udt12049-p1udt12049lv),ABC,p1udt12049,p1udt12049lv,p1udt12049lv,POINT(-97.7137800566396 30.4200725545204),25,7.2,0.12,0.12,STAR,STAR,STAR,0,0,0,0.532544,,0.472,0.798816,1,1
tr(r:p1udt12054-p1udt12054lv),ABC,p1udt12054,p1udt12054lv,p1udt12054lv,POINT(-97.7058976720485 30.4106040997099),50,7.2,0.12,0.12,STAR,STAR,STAR,0,0,0,0.532544,,0.37,0.798816,1,1
tr(r:p1udt12055-p1udt12055lv),B,p1udt12055,p1udt12055lv,p1udt12055lv,POINT(-97.7011244994649 30.4136364311628),50,7.2,0.12,0.12,STAR,STAR,STAR,0,0,0,0.532544,,0.37,0.798816,1,1
tr(r:p1udt12097-p1udt12097lv),ABC,p1udt12097,p1udt12097lv,,POINT(-97.7135963081159 30.4046577550314),75,7.19976905311778,0.277136258660508,,STAR,STAR,,0,0,,0.87204,,0.6,1.74408,0,1
tr(r:p1udt12099-p1udt12099lv),ABC,p1udt12099,p1udt12099lv,p1udt12099lv,POINT(-97.7121943016963 30.4041304033439),25,7.2,0.12,0.12,STAR,STAR,STAR,0,0,0,0.532544,,0.472,0.798816,1,1
tr(r:p1udt12100-p1udt12100lv),ABC,p1udt12100,p1udt12100lv,,POINT(-97.7108254464248 30.4055639164555),150,7.19976905311778,0.277136258660508,,STAR,STAR,,0,0,,1.0784,,0.516667,2.1568,0,1
tr(r:p1udt12387-p1udt12387lv),ABC,p1udt12387,p1udt12387lv,p1udt12387lv,POINT(-97.7051619391583 30.4127261184204),25,7.2,0.12,0.12,STAR,STAR,STAR,0,0,0,0.532544,,0.472,0.798816,1,1
tr(r:p1udt12388-p1udt12388lv),A,p1udt12388,p1udt12388lv,p1udt12388lv,POINT(-97.7111542494853 30.4180487799315),25,7.2,0.12,0.12,STAR,STAR,STAR,0,0,0,0.532544,,0.472,0.798816,1,1
tr(r:p1udt12390-p1udt12390lv),B,p1udt12390,p1udt12390lv,p1udt12390lv,POINT(-97.7012613721562 30.4127353309084),25,7.2,0.12,0.12,STAR,STAR,STAR,0,0,0,0.532544,,0.472,0.798816,1,1
tr(r:p1udt12712-p1udt12712lv),ABC,p1udt12712,p1udt12712lv,p1udt12712lv,POINT(-97.7023539466442 30.4163831988812),50,7.2,0.12,0.12,STAR,STAR,STAR,0,0,0,0.532544,,0.37,0.798816,1,1
tr(r:p1udt12714-p1udt12714lv),A,p1udt12714,p1udt12714lv,p1udt12714lv,POINT(-97.6994286372185 30.4138298316587),50,7.2,0.12,0.12,STAR,STAR,STAR,0,0,0,0.532544,,0.37,0.798816,1,1
tr(r:p1udt12747-p1udt12747lv),ABC,p1udt12747,p1udt12747lv,p1udt12747lv,POINT(-97.7137632016521 30.4107055379561),25,7.2,0.12,0.12,STAR,STAR,STAR,0,0,0,0.532544,,0.472,0.798816,1,1
tr(r:p1udt12751-p1udt12751lv),ABC,p1udt12751,p1udt12751lv,,POINT(-97.7120885139334 30.4053858366751),150,7.19976905311778,0.277136258660508,,STAR,STAR,,0,0,,1.0784,,0.516667,2.1568,0,1
tr(r:p1udt13039-p1udt13039lv),B,p1udt13039,p1udt13039lv,p1udt13039lv,POINT(-97.6990551330189 30.4111074616151),50,7.2,0.12,0.12,STAR,STAR,STAR,0,0,0,0.532544,,0.37,0.798816,1,1
tr(r:p1udt13040-p1udt13040lv),ABC,p1udt13040,p1udt13040lv,p1udt13040lv,POINT(-97.7009125915758 30.4115588835598),50,7.2,0.12,0.12,STAR,STAR,STAR,0,0,0,0.532544,,0.37,0.798816,1,1
tr(r:p1udt13041-p1udt13041lv),ABC,p1udt13041,p1udt13041lv,p1udt13041lv,POINT(-97.6995600013296 30.4117739188141),50,7.2,0.12,0.12,STAR,STAR,STAR,0,0,0,0.532544,,0.37,0.798816,1,1
tr(r:p1udt13089-p1udt13089lv),ABC,p1udt13089,p1udt13089lv,,POINT(-97.7090105016008 30.4049647845794),75,7.19976905311778,0.277136258660508,,STAR,STAR,,0,0,,0.87204,,0.6,1.74408,0,1
tr(r:p1udt13090-p1udt13090lv),ABC,p1udt13090,p1udt13090lv,,POINT(-97.7121724681372 30.4068313954506),75,7.19976905311778,0.277136258660508,,STAR,STAR,,0,0,,0.87204,,0.6,1.74408,0,1
tr(r:p1udt13091-p1udt13091lv),B,p1udt13091,p1udt13091lv,p1udt13091lv,POINT(-97.7010488305225 30.4107032345237),50,7.2,0.12,0.12,STAR,STAR,STAR,0,0,0,0.532544,,0.37,0.798816,1,1
tr(r:p1udt13352-p1udt13352lv),B,p1udt13352,p1udt13352lv,p1udt13352lv,POINT(-97.7142217588714 30.4212341322085),25,7.2,0.12,0.12,STAR,STAR,STAR,0,0,0,0.532544,,0.472,0.798816,1,1
tr(r:p1udt13357-p1udt13357lv),C,p1udt13357,p1udt13357lv,p1udt13357lv,POINT(-97.7137729880456 30.4144473926328),75,7.2,0.12,0.12,STAR,STAR,STAR,0,0,0,0.33284,,0.38,0.49926,1,1
tr(r:p1udt13359-p1udt13359lv),A,p1udt13359,p1udt13359lv,p1udt13359lv,POINT(-97.7147042826628 30.4156744873026),25,7.2,0.12,0.12,STAR,STAR,STAR,0,0,0,0.532544,,0.472,0.798816,1,1
tr(r:p1udt13361-p1udt13361lv),ABC,p1udt13361,p1udt13361lv,,POINT(-97.7109507588448 30.4221673248166),75,7.19976905311778,0.277136258660508,,STAR,STAR,,0,0,,0.87204,,0.6,1.74408,0,1
tr(r:p1udt13367-p1udt13367lv),C,p1udt13367,p1udt13367lv,p1udt13367lv,POINT(-97.7018833444416 30.4113611832397),50,7.2,0.12,0.12,STAR,STAR,STAR,0,0,0,0.532544,,0.37,0.798816,1,1
tr(r:p1udt13368-p1udt13368lv),B,p1udt13368,p1udt13368lv,p1udt13368lv,POINT(-97.7020698156721 30.4137901985691),25,7.2,0.12,0.12,STAR,STAR,STAR,0,0,0,0.532544,,0.472,0.798816,1,1
tr(r:p1udt13369-p1udt13369lv),ABC,p1udt13369,p1udt13369lv,p1udt13369lv,POINT(-97.6996540187812 30.4115636412328),25,7.2,0.12,0.12,STAR,STAR,STAR,0,0,0,0.532544,,0.472,0.798816,1,1
tr(r:p1udt13370-p1udt13370lv),B,p1udt13370,p1udt13370lv,p1udt13370lv,POINT(-97.7001989422536 30.4151340443367),50,7.2,0.12,0.12,STAR,STAR,STAR,0,0,0,0.532544,,0.37,0.798816,1,1
tr(r:p1udt13415-p1udt13415lv),ABC,p1udt13415,p1udt13415lv,,POINT(-97.7000956222137 30.4098483510036),150,7.19976905311778,0.277136258660508,,STAR,STAR,,0,0,,1.0784,,0.516667,2.1568,0,1
tr(r:p1udt13656-p1udt13656lv),A,p1udt13656,p1udt13656lv,p1udt13656lv,POINT(-97.7143675968724 30.4109043226228),25,7.2,0.12,0.12,STAR,STAR,STAR,0,0,0,0.532544,,0.472,0.798816,1,1
tr(r:p1udt13662-p1udt13662lv),A,p1udt13662,p1udt13662lv,p1udt13662lv,POINT(-97.6998217867486 30.4132292130806),75,7.2,0.12,0.12,STAR,STAR,STAR,0,0,0,0.33284,,0.38,0.49926,1,1
tr(r:p1udt13663-p1udt13663lv),B,p1udt13663,p1udt13663lv,p1udt13663lv,POINT(-97.7003061431646 30.4149005161839),50,7.2,0.12,0.12,STAR,STAR,STAR,0,0,0,0.532544,,0.37,0.798816,1,1
tr(r:p1udt13952-p1udt13952lv),A,p1udt13952,p1udt13952lv,p1udt13952lv,POINT(-97.7146190908669 30.414230152257),25,7.2,0.12,0.12,STAR,STAR,STAR,0,0,0,0.532544,,0.472,0.798816,1,1
tr(r:p1udt13954-p1udt13954lv),ABC,p1udt13954,p1udt13954lv,p1udt13954lv,POINT(-97.7099112555794 30.4210077959916),25,7.2,0.12,0.12,STAR,STAR,STAR,0,0,0,0.532544,,0.472,0.798816,1,1
tr(r:p1udt13958-p1udt13958lv),C,p1udt13958,p1udt13958lv,p1udt13958lv,POINT(-97.6984336746564 30.4134950923218),50,7.2,0.12,0.12,STAR,STAR,STAR,0,0,0,0.532544,,0.37,0.798816,1,1
tr(r:p1udt13959-p1udt13959lv),A,p1udt13959,p1udt13959lv,p1udt13959lv,POINT(-97.6987767387177 30.4138604851903),25,7.2,0.12,0.12,STAR,STAR,STAR,0,0,0,0.532544,,0.472,0.798816,1,1
tr(r:p1udt13992-p1udt13992lv),ABC,p1udt13992,p1udt13992lv,,POINT(-97.7166329115561 30.4056481903787),150,7.19976905311778,0.277136258660508,,STAR,STAR,,0,0,,1.0784,,0.516667,2.1568,0,1
tr(r:p1udt13994-p1udt13994lv),ABC,p1udt13994,p1udt13994lv,,POINT(-97.7107562144475 30.4068715576307),75,7.19976905311778,0.277136258660508,,STAR,STAR,,0,0,,0.87204,,0.6,1.74408,0,1
tr(r:p1udt13996-p1udt13996lv),ABC,p1udt13996,p1udt13996lv,p1udt13996lv,POINT(-97.6995009323483 30.4104620821258),50,7.2,0.12,0.12,STAR,STAR,STAR,0,0,0,0.532544,,0.37,0.798816,1,1
tr(r:p1udt14510-p1udt14510lv),ABC,p1udt14510,p1udt14510lv,,POINT(-97.7157064452115 30.411303191358),75,7.19976905311778,0.277136258660508,,STAR,STAR,,0,0,,0.87204,,0.6,1.74408,0,1
tr(r:p1udt14516-p1udt14516lv),B,p1udt14516,p1udt14516lv,p1udt14516lv,POINT(-97.7009797088954 30.4110221618709),75,7.2,0.12,0.12,STAR,STAR,STAR,0,0,0,0.33284,,0.38,0.49926,1,1
tr(r:p1udt14540-p1udt14540lv),B,p1udt14540,p1udt14540lv,p1udt14540lv,POINT(-97.7010716963715 30.410549901065),75,7.2,0.12,0.12,STAR,STAR,STAR,0,0,0,0.33284,,0.38,0.49926,1,1
tr(r:p1udt14747-p1udt14747lv),B,p1udt14747,p1udt14747lv,p1udt14747lv,POINT(-97.7017889638739 30.4129934291349),25,7.2,0.12,0.12,STAR,STAR,STAR,0,0,0,0.532544,,0.472,0.798816,1,1
tr(r:p1udt14748-p1udt14748lv),ABC,p1udt14748,p1udt14748lv,p1udt14748lv,POINT(-97.700113515802 30.4110970406453),75,7.2,0.12,0.12,STAR,STAR,STAR,0,0,0,0.33284,,0.38,0.49926,1,1
tr(r:p1udt15005-p1udt15005lv),ABC,p1udt15005,p1udt15005lv,,POINT(-97.7106146144919 30.4208105687634),75,7.19976905311778,0.277136258660508,,STAR,STAR,,0,0,,0.87204,,0.6,1.74408,0,1
tr(r:p1udt15006-p1udt15006lv),ABC,p1udt15006,p1udt15006lv,,POINT(-97.7117670096137 30.4219384936042),75,7.19976905311778,0.277136258660508,,STAR,STAR,,0,0,,0.87204,,0.6,1.74408,0,1
tr(r:p1udt15282-p1udt15282lv),ABC,p1udt15282,p1udt15282lv,p1udt15282lv,POINT(-97.7133583631042 30.4198659100544),50,7.2,0.12,0.12,STAR,STAR,STAR,0,0,0,0.532544,,0.37,0.798816,1,1
tr(r:p1udt15287-p1udt15287lv),A,p1udt15287,p1udt15287lv,p1udt15287lv,POINT(-97.7023256677141 30.4149114102875),50,7.2,0.12,0.12,STAR,STAR,STAR,0,0,0,0.532544,,0.37,0.798816,1,1
tr(r:p1udt15288-p1udt15288lv),ABC,p1udt15288,p1udt15288lv,p1udt15288lv,POINT(-97.7013027567303 30.4117832995365),75,7.2,0.12,0.12,STAR,STAR,STAR,0,0,0,0.33284,,0.38,0.49926,1,1
tr(r:p1udt15526-p1udt15526lv),B,p1udt15526,p1udt15526lv,p1udt15526lv,POINT(-97.7165595380369 30.411611478481),50,7.2,0.12,0.12,STAR,STAR,STAR,0,0,0,0.532544,,0.37,0.798816,1,1
tr(r:p1udt15527-p1udt15527lv),ABC,p1udt15527,p1udt15527lv,,POINT(-97.714726945267 30.4121700087029),75,7.19976905311778,0.277136258660508,,STAR,STAR,,0,0,,0.87204,,0.6,1.74408,0,1
tr(r:p1udt15534-p1udt15534lv),ABC,p1udt15534,p1udt15534lv,p1udt15534lv,POINT(-97.7093617046548 30.4123798100358),50,7.2,0.12,0.12,STAR,STAR,STAR,0,0,0,0.532544,,0.37,0.798816,1,1
tr(r:p1udt15535-p1udt15535lv),C,p1udt15535,p1udt15535lv,p1udt15535lv,POINT(-97.7096180969661 30.4140121416781),50,7.2,0.12,0.12,STAR,STAR,STAR,0,0,0,0.532544,,0.37,0.798816,1,1
tr(r:p1udt15557-p1udt15557lv),ABC,p1udt15557,p1udt15557lv,,POINT(-97.7130745899279 30.4076490026245),100,7.19976905311778,0.277136258660508,,STAR,STAR,,0,0,,0.805475,,0.62,1.61095,0,1
tr(r:p1udt15757-p1udt15757lv),C,p1udt15757,p1udt15757lv,p1udt15757lv,POINT(-97.7142616296149 30.4205991850997),25,7.2,0.12,0.12,STAR,STAR,STAR,0,0,0,0.532544,,0.472,0.798816,1,1
tr(r:p1udt15765-p1udt15765lv),A,p1udt15765,p1udt15765lv,p1udt15765lv,POINT(-97.711848530929 30.4167112177947),50,7.2,0.12,0.12,STAR,STAR,STAR,0,0,0,0.532544,,0.37,0.798816,1,1
tr(r:p1udt15766-p1udt15766lv),B,p1udt15766,p1udt15766lv,p1udt15766lv,POINT(-97.7010028973437 30.4126066488429),50,7.2,0.12,0.12,STAR,STAR,STAR,0,0,0,0.532544,,0.37,0.798816,1,1
tr(r:p1udt15768-p1udt15768lv),B,p1udt15768,p1udt15768lv,p1udt15768lv,POINT(-97.6999533191016 30.4138463689931),25,7.2,0.12,0.12,STAR,STAR,STAR,0,0,0,0.532544,,0.472,0.798816,1,1
tr(r:p1udt15792-p1udt15792lv),B,p1udt15792,p1udt15792lv,p1udt15792lv,POINT(-97.7011981582777 30.41024836509),50,7.2,0.12,0.12,STAR,STAR,STAR,0,0,0,0.532544,,0.37,0.798816,1,1
tr(r:p1udt16008-p1udt16008lv),ABC,p1udt16008,p1udt16008lv,,POINT(-97.7169511832432 30.4121083895832),75,7.19976905311778,0.277136258660508,,STAR,STAR,,0,0,,0.87204,,0.6,1.74408,0,1
tr(r:p1udt16011-p1udt16011lv),ABC,p1udt16011,p1udt16011lv,,POINT(-97.7027500803792 30.4187566390232),150,7.19976905311778,0.277136258660508,,STAR,STAR,,0,0,,1.0784,,0.516667,2.1568,0,1
tr(r:p1udt16012-p1udt16012lv),A,p1udt16012,p1udt16012lv,p1udt16012lv,POINT(-97.699029008813 30.414388526089),75,7.2,0.12,0.12,STAR,STAR,STAR,0,0,0,0.33284,,0.38,0.49926,1,1
tr(r:p1udt16044-p1udt16044lv),ABC,p1udt16044,p1udt16044lv,,POINT(-97.7122464300372 30.404368864362),75,7.19976905311778,0.277136258660508,,STAR,STAR,,0,0,,0.87204,,0.6,1.74408,0,1
tr(r:p1udt16255-p1udt16255lv),A,p1udt16255,p1udt16255lv,p1udt16255lv,POINT(-97.7147813563329 30.4119009182024),50,7.2,0.12,0.12,STAR,STAR,STAR,0,0,0,0.532544,,0.37,0.798816,1,1
tr(r:p1udt16259-p1udt16259lv),ABC,p1udt16259,p1udt16259lv,p1udt16259lv,POINT(-97.7032361066047 30.4145413726925),25,7.2,0.12,0.12,STAR,STAR,STAR,0,0,0,0.532544,,0.472,0.798816,1,1
tr(r:p1udt16260-p1udt16260lv),ABC,p1udt16260,p1udt16260lv,p1udt16260lv,POINT(-97.7033072674995 30.4154715602837),25,7.2,0.12,0.12,STAR,STAR,STAR,0,0,0,0.532544,,0.472,0.798816,1,1
tr(r:p1udt16261-p1udt16261lv),ABC,p1udt16261,p1udt16261lv,,POINT(-97.6979048024281 30.4164763971479),100,7.19976905311778,0.277136258660508,,STAR,STAR,,0,0,,0.805475,,0.62,1.61095,0,1
tr(r:p1udt16287-p1udt16287lv),ABC,p1udt16287,p1udt16287lv,,POINT(-97.7042097934868 30.4096817179601),500,7.19976905311778,0.277136258660508,,STAR,STAR,,0,0,,0.73225,,0.266,1.4645,0,1
tr(r:p1udt16289-p1udt16289lv),ABC,p1udt16289,p1udt16289lv,p1udt16289lv,POINT(-97.6994413651042 30.4105292871427),50,7.2,0.12,0.12,STAR,STAR,STAR,0,0,0,0.532544,,0.37,0.798816,1,1
tr(r:p1udt16492-p1udt16492lv),ABC,p1udt16492,p1udt16492lv,,POINT(-97.7113859641905 30.4223250110768),75,7.19976905311778,0.277136258660508,,STAR,STAR,,0,0,,0.87204,,0.6,1.74408,0,1
tr(r:p1udt16494-p1udt16494lv),ABC,p1udt16494,p1udt16494lv,,POINT(-97.7045325602081 30.4159829114055),75,7.19976905311778,0.277136258660508,,STAR,STAR,,0,0,,0.87204,,0.6,1.74408,0,1
tr(r:p1udt16495-p1udt16495lv),A,p1udt16495,p1udt16495lv,p1udt16495lv,POINT(-97.6993329214345 30.413982267439),50,7.2,0.12,0.12,STAR,STAR,STAR,0,0,0,0.532544,,0.37,0.798816,1,1
tr(r:p1udt16496-p1udt16496lv),C,p1udt16496,p1udt16496lv,p1udt16496lv,POINT(-97.6981189408351 30.413919381179),25,7.2,0.12,0.12,STAR,STAR,STAR,0,0,0,0.532544,,0.472,0.798816,1,1
tr(r:p1udt16525-p1udt16525lv),ABC,p1udt16525,p1udt16525lv,,POINT(-97.7123683449671 30.4061836760724),75,7.19976905311778,0.277136258660508,,STAR,STAR,,0,0,,0.87204,,0.6,1.74408,0,1
tr(r:p1udt16930-p1udt16930lv),A,p1udt16930,p1udt16930lv,p1udt16930lv,POINT(-97.7134317976947 30.4204300393876),25,7.2,0.12,0.12,STAR,STAR,STAR,0,0,0,0.532544,,0.472,0.798816,1,1
tr(r:p1udt16932-p1udt16932lv),ABC,p1udt16932,p1udt16932lv,,POINT(-97.713959850774 30.4214470404964),75,7.19976905311778,0.277136258660508,,STAR,STAR,,0,0,,0.87204,,0.6,1.74408,0,1
tr(r:p1udt16943-p1udt16943lv),ABC,p1udt16943,p1udt16943lv,p1udt16943lv,POINT(-97.7091908471663 30.4134969627412),25,7.2,0.12,0.12,STAR,STAR,STAR,0,0,0,0.532544,,0.472,0.798816,1,1
tr(r:p1udt17154-p1udt17154lv),ABC,p1udt17154,p1udt17154lv,p1udt17154lv,POINT(-97.7133176770761 30.4174114471553),25,7.2,0.12,0.12,STAR,STAR,STAR,0,0,0,0.532544,,0.472,0.798816,1,1
tr(r:p1udt17160-p1udt17160lv),ABC,p1udt17160,p1udt17160lv,,POINT(-97.7082368258561 30.415306860908),75,7.19976905311778,0.277136258660508,,STAR,STAR,,0,0,,0.87204,,0.6,1.74408,0,1
tr(r:p1udt17162-p1udt17162lv),B,p1udt17162,p1udt17162lv,p1udt17162lv,POINT(-97.6998599782377 30.4140028068922),25,7.2,0.12,0.12,STAR,STAR,STAR,0,0,0,0.532544,,0.472,0.798816,1,1
tr(r:p1udt17380-p1udt17380lv),A,p1udt17380,p1udt17380lv,p1udt17380lv,POINT(-97.7156286252142 30.4145423103898),50,7.2,0.12,0.12,STAR,STAR,STAR,0,0,0,0.532544,,0.37,0.798816,1,1
tr(r:p1udt17384-p1udt17384lv),C,p1udt17384,p1udt17384lv,p1udt17384lv,POINT(-97.7119329689129 30.4130275291163),25,7.2,0.12,0.12,STAR,STAR,STAR,0,0,0,0.532544,,0.472,0.798816,1,1
tr(r:p1udt17401-p1udt17401lv),ABC,p1udt17401,p1udt17401lv,,POINT(-97.7148425672777 30.4056396054713),75,7.19976905311778,0.277136258660508,,STAR,STAR,,0,0,,0.87204,,0.6,1.74408,0,1
tr(r:p1udt17402-p1udt17402lv),ABC,p1udt17402,p1udt17402lv,p1udt17402lv,POINT(-97.7164945962021 30.4106634890934),25,7.2,0.12,0.12,STAR,STAR,STAR,0,0,0,0.532544,,0.472,0.798816,1,1
tr(r:p1udt17582-p1udt17582lv),C,p1udt17582,p1udt17582lv,p1udt17582lv,POINT(-97.7127407168741 30.4145723912926),75,7.2,0.12,0.12,STAR,STAR,STAR,0,0,0,0.33284,,0.38,0.49926,1,1
tr(r:p1udt17783-p1udt17783lv),A,p1udt17783,p1udt17783lv,p1udt17783lv,POINT(-97.7146393222015 30.415069483418),25,7.2,0.12,0.12,STAR,STAR,STAR,0,0,0,0.532544,,0.472,0.798816,1,1
tr(r:p1udt17787-p1udt17787lv),C,p1udt17787,p1udt17787lv,p1udt17787lv,POINT(-97.6995257188301 30.4162590155608),75,7.2,0.12,0.12,STAR,STAR,STAR,0,0,0,0.33284,,0.38,0.49926,1,1
tr(r:p1udt17788-p1udt17788lv),C,p1udt17788,p1udt17788lv,p1udt17788lv,POINT(-97.7008520158255 30.4169178840612),25,7.2,0.12,0.12,STAR,STAR,STAR,0,0,0,0.532544,,0.472,0.798816,1,1
tr(r:p1udt17812-p1udt17812lv),ABC,p1udt17812,p1udt17812lv,,POINT(-97.7148286050848 30.4051161377088),150,7.19976905311778,0.277136258660508,,STAR,STAR,,0,0,,1.0784,,0.516667,2.1568,0,1
tr(r:p1udt17813-p1udt17813lv),ABC,p1udt17813,p1udt17813lv,,POINT(-97.712546578707 30.4068801992109),150,7.19976905311778,0.277136258660508,,STAR,STAR,,0,0,,1.0784,,0.516667,2.1568,0,1
tr(r:p1udt17814-p1udt17814lv),ABC,p1udt17814,p1udt17814lv,,POINT(-97.7221353547635 30.4081259749078),75,7.19976905311778,0.277136258660508,,STAR,STAR,,0,0,,0.87204,,0.6,1.74408,0,1
tr(r:p1udt17815-p1udt17815lv),ABC,p1udt17815,p1udt17815lv,,POINT(-97.7171805301643 30.4091454484375),75,7.19976905311778,0.277136258660508,,STAR,STAR,,0,0,,0.87204,,0.6,1.74408,0,1
tr(r:p1udt17816-p1udt17816lv),ABC,p1udt17816,p1udt17816lv,,POINT(-97.7114605387397 30.4037261560391),75,7.19976905311778,0.277136258660508,,STAR,STAR,,0,0,,0.87204,,0.6,1.74408,0,1
tr(r:p1udt17817-p1udt17817lv),ABC,p1udt17817,p1udt17817lv,,POINT(-97.7092339249186 30.4036500288271),150,7.19976905311778,0.277136258660508,,STAR,STAR,,0,0,,1.0784,,0.516667,2.1568,0,1
tr(r:p1udt17818-p1udt17818lv),ABC,p1udt17818,p1udt17818lv,p1udt17818lv,POINT(-97.7108322843677 30.4071757375549),25,7.2,0.12,0.12,STAR,STAR,STAR,0,0,0,0.532544,,0.472,0.798816,1,1
tr(r:p1udt17981-p1udt17981lv),A,p1udt17981,p1udt17981lv,p1udt17981lv,POINT(-97.7093213678074 30.4241452866708),50,7.2,0.12,0.12,STAR,STAR,STAR,0,0,0,0.532544,,0.37,0.798816,1,1
tr(r:p1udt17997-p1udt17997lv),ABC,p1udt17997,p1udt17997lv,,POINT(-97.7135753652731 30.4039285226657),75,7.19976905311778,0.277136258660508,,STAR,STAR,,0,0,,0.87204,,0.6,1.74408,0,1
tr(r:p1udt18167-p1udt18167lv),ABC,p1udt18167,p1udt18167lv,,POINT(-97.7169002236397 30.4128207003777),75,7.19976905311778,0.277136258660508,,STAR,STAR,,0,0,,0.87204,,0.6,1.74408,0,1
tr(r:p1udt18174-p1udt18174lv),C,p1udt18174,p1udt18174lv,p1udt18174lv,POINT(-97.7016744356928 30.4116685747047),50,7.2,0.12,0.12,STAR,STAR,STAR,0,0,0,0.532544,,0.37,0.798816,1,1
tr(r:p1udt18191-p1udt18191lv),ABC,p1udt18191,p1udt18191lv,,POINT(-97.7173246274124 30.410067203497),75,7.19976905311778,0.277136258660508,,STAR,STAR,,0,0,,0.87204,,0.6,1.74408,0,1
tr(r:p1udt18362-p1udt18362lv),ABC,p1udt18362,p1udt18362lv,,POINT(-97.7063621450688 30.4198601008274),100,7.19976905311778,0.277136258660508,,STAR,STAR,,0,0,,0.805475,,0.62,1.61095,0,1
tr(r:p1udt18385-p1udt18385lv),B,p1udt18385,p1udt18385lv,p1udt18385lv,POINT(-97.7089186409968 30.404936805754),25,7.2,0.12,0.12,STAR,STAR,STAR,0,0,0,0.532544,,0.472,0.798816,1,1
tr(r:p1udt18596-p1udt18596lv),ABC,p1udt18596,p1udt18596lv,,POINT(-97.7087921170579 30.4042445250441),100,7.19976905311778,0.277136258660508,,STAR,STAR,,0,0,,0.805475,,0.62,1.61095,0,1
tr(r:p1udt18598-p1udt18598lv),ABC,p1udt18598,p1udt18598lv,,POINT(-97.6995687706809 30.4090862382262),75,7.19976905311778,0.277136258660508,,STAR,STAR,,0,0,,0.87204,,0.6,1.74408,0,1
tr(r:p1udt18750-p1udt18750lv),ABC,p1udt18750,p1udt18750lv,,POINT(-97.7123662320235 30.4203733615154),75,7.19976905311778,0.277136258660508,,STAR,STAR,,0,0,,0.87204,,0.6,1.74408,0,1
tr(r:p1udt18757-p1udt18757lv),C,p1udt18757,p1udt18757lv,p1udt18757lv,POINT(-97.7131969446283 30.4131243696124),50,7.2,0.12,0.12,STAR,STAR,STAR,0,0,0,0.532544,,0.37,0.798816,1,1
tr(r:p1udt18780-p1udt18780lv),ABC,p1udt18780,p1udt18780lv,,POINT(-97.7218541986983 30.408379216255),75,7.19976905311778,0.277136258660508,,STAR,STAR,,0,0,,0.87204,,0.6,1.74408,0,1
tr(r:p1udt18781-p1udt18781lv),ABC,p1udt18781,p1udt18781lv,,POINT(-97.7192653842732 30.409478366674),100,7.19976905311778,0.277136258660508,,STAR,STAR,,0,0,,0.805475,,0.62,1.61095,0,1
tr(r:p1udt18953-p1udt18953lv),ABC,p1udt18953,p1udt18953lv,p1udt18953lv,POINT(-97.7170873070238 30.4123827040598),50,7.2,0.12,0.12,STAR,STAR,STAR,0,0,0,0.532544,,0.37,0.798816,1,1
tr(r:p1udt18956-p1udt18956lv),ABC,p1udt18956,p1udt18956lv,p1udt18956lv,POINT(-97.6980003713628 30.4113586120735),50,7.2,0.12,0.12,STAR,STAR,STAR,0,0,0,0.532544,,0.37,0.798816,1,1
tr(r:p1udt18958-p1udt18958lv),C,p1udt18958,p1udt18958lv,p1udt18958lv,POINT(-97.7000556325524 30.416521972195),25,7.2,0.12,0.12,STAR,STAR,STAR,0,0,0,0.532544,,0.472,0.798816,1,1
tr(r:p1udt19133-p1udt19133lv),C,p1udt19133,p1udt19133lv,p1udt19133lv,POINT(-97.713878951003 30.413519113712),50,7.2,0.12,0.12,STAR,STAR,STAR,0,0,0,0.532544,,0.37,0.798816,1,1
tr(r:p1udt19134-p1udt19134lv),ABC,p1udt19134,p1udt19134lv,,POINT(-97.7102326531589 30.4205631770137),75,7.19976905311778,0.277136258660508,,STAR,STAR,,0,0,,0.87204,,0.6,1.74408,0,1
tr(r:p1udt19140-p1udt19140lv),B,p1udt19140,p1udt19140lv,p1udt19140lv,POINT(-97.7015895629929 30.4131085341292),25,7.2,0.12,0.12,STAR,STAR,STAR,0,0,0,0.532544,,0.472,0.798816,1,1
tr(r:p1udt19141-p1udt19141lv),ABC,p1udt19141,p1udt19141lv,,POINT(-97.7066047496623 30.4154022724597),150,7.19976905311778,0.277136258660508,,STAR,STAR,,0,0,,1.0784,,0.516667,2.1568,0,1
tr(r:p1udt19142-p1udt19142lv),C,p1udt19142,p1udt19142lv,p1udt19142lv,POINT(-97.6985295110234 30.4133336355118),25,7.2,0.12,0.12,STAR,STAR,STAR,0,0,0,0.532544,,0.472,0.798816,1,1
tr(r:p1udt19157-p1udt19157lv),ABC,p1udt19157,p1udt19157lv,,POINT(-97.7094663835294 30.4045117935381),75,7.19976905311778,0.277136258660508,,STAR,STAR,,0,0,,0.87204,,0.6,1.74408,0,1
tr(r:p1udt19507-p1udt19507lv),ABC,p1udt19507,p1udt19507lv,p1udt19507lv,POINT(-97.7136066594301 30.4199856548924),25,7.2,0.12,0.12,STAR,STAR,STAR,0,0,0,0.532544,,0.472,0.798816,1,1
tr(r:p1udt19525-p1udt19525lv),ABC,p1udt19525,p1udt19525lv,,POINT(-97.7131068690813 30.405433030015),75,7.19976905311778,0.277136258660508,,STAR,STAR,,0,0,,0.87204,,0.6,1.74408,0,1
tr(r:p1udt19526-p1udt19526lv),ABC,p1udt19526,p1udt19526lv,,POINT(-97.7210360935132 30.4088494216308),75,7.19976905311778,0.277136258660508,,STAR,STAR,,0,0,,0.87204,,0.6,1.74408,0,1
tr(r:p1udt19528-p1udt19528lv),ABC,p1udt19528,p1udt19528lv,,POINT(-97.7092630953272 30.4045977247013),75,7.19976905311778,0.277136258660508,,STAR,STAR,,0,0,,0.87204,,0.6,1.74408,0,1
tr(r:p1udt19684-p1udt19684lv),A,p1udt19684,p1udt19684lv,p1udt19684lv,POINT(-97.716087285748 30.4156108737849),50,7.2,0.12,0.12,STAR,STAR,STAR,0,0,0,0.532544,,0.37,0.798816,1,1
tr(r:p1udt19685-p1udt19685lv),ABC,p1udt19685,p1udt19685lv,p1udt19685lv,POINT(-97.7063057918874 30.4159677536701),25,7.2,0.12,0.12,STAR,STAR,STAR,0,0,0,0.532544,,0.472,0.798816,1,1
tr(r:p1udt19688-p1udt19688lv),C,p1udt19688,p1udt19688lv,p1udt19688lv,POINT(-97.7005003668126 30.4167429492485),25,7.2,0.12,0.12,STAR,STAR,STAR,0,0,0,0.532544,,0.472,0.798816,1,1
tr(r:p1udt19708-p1udt19708lv),ABC,p1udt19708,p1udt19708lv,p1udt19708lv,POINT(-97.7174162937114 30.4059954082246),25,7.2,0.12,0.12,STAR,STAR,STAR,0,0,0,0.532544,,0.472,0.798816,1,1
tr(r:p1udt19709-p1udt19709lv),ABC,p1udt19709,p1udt19709lv,,POINT(-97.718947054019 30.4069972859608),500,7.19976905311778,0.277136258660508,,STAR,STAR,,0,0,,0.73225,,0.266,1.4645,0,1
tr(r:p1udt19712-p1udt19712lv),ABC,p1udt19712,p1udt19712lv,,POINT(-97.7114992722668 30.4050732441031),150,7.19976905311778,0.277136258660508,,STAR,STAR,,0,0,,1.0784,,0.516667,2.1568,0,1
tr(r:p1udt19857-p1udt19857lv),ABC,p1udt19857,p1udt19857lv,,POINT(-97.7162109077551 30.410850276118),75,7.19976905311778,0.277136258660508,,STAR,STAR,,0,0,,0.87204,,0.6,1.74408,0,1
tr(r:p1udt19858-p1udt19858lv),A,p1udt19858,p1udt19858lv,p1udt19858lv,POINT(-97.7151160392264 30.415236416992),50,7.2,0.12,0.12,STAR,STAR,STAR,0,0,0,0.532544,,0.37,0.798816,1,1
tr(r:p1udt19862-p1udt19862lv),ABC,p1udt19862,p1udt19862lv,p1udt19862lv,POINT(-97.7000941572 30.4106269866438),25,7.2,0.12,0.12,STAR,STAR,STAR,0,0,0,0.532544,,0.472,0.798816,1,1
tr(r:p1udt19880-p1udt19880lv),ABC,p1udt19880,p1udt19880lv,,POINT(-97.7030168860281 30.4088160481938),100,7.19976905311778,0.277136258660508,,STAR,STAR,,0,0,,0.805475,,0.62,1.61095,0,1
tr(r:p1udt20021-p1udt20021lv),B,p1udt20021,p1udt20021lv,p1udt20021lv,POINT(-97.7126224889815 30.4172331583187),25,7.2,0.12,0.12,STAR,STAR,STAR,0,0,0,0.532544,,0.472,0.798816,1,1
tr(r:p1udt20025-p1udt20025lv),ABC,p1udt20025,p1udt20025lv,p1udt20025lv,POINT(-97.7114643563164 30.4190173312439),50,7.2,0.12,0.12,STAR,STAR,STAR,0,0,0,0.532544,,0.37,0.798816,1,1
tr(r:p1udt20027-p1udt20027lv),ABC,p1udt20027,p1udt20027lv,p1udt20027lv,POINT(-97.6977558179635 30.4117441578504),50,7.2,0.12,0.12,STAR,STAR,STAR,0,0,0,0.532544,,0.37,0.798816,1,1
tr(r:p1udt20029-p1udt20029lv),A,p1udt20029,p1udt20029lv,p1udt20029lv,POINT(-97.6988336392719 30.4147352159247),50,7.2,0.12,0.12,STAR,STAR,STAR,0,0,0,0.532544,,0.37,0.798816,1,1
tr(r:p1udt20185-p1udt20185lv),ABC,p1udt20185,p1udt20185lv,p1udt20185lv,POINT(-97.6978684199163 30.4115658188885),50,7.2,0.12,0.12,STAR,STAR,STAR,0,0,0,0.532544,,0.37,0.798816,1,1
tr(r:p1udt20201-p1udt20201lv),ABC,p1udt20201,p1udt20201lv,,POINT(-97.7088865805019 30.4031503339841),75,7.19976905311778,0.277136258660508,,STAR,STAR,,0,0,,0.87204,,0.6,1.74408,0,1
tr(r:p1udt20202-p1udt20202lv),ABC,p1udt20202,p1udt20202lv,,POINT(-97.7097820745837 30.404164080528),150,7.19976905311778,0.277136258660508,,STAR,STAR,,0,0,,1.0784,,0.516667,2.1568,0,1
tr(r:p1udt20203-p1udt20203lv),ABC,p1udt20203,p1udt20203lv,p1udt20203lv,POINT(-97.7119826143562 30.4078130222144),50,7.2,0.12,0.12,STAR,STAR,STAR,0,0,0,0.532544,,0.37,0.798816,1,1
tr(r:p1udt20341-p1udt20341lv),ABC,p1udt20341,p1udt20341lv,,POINT(-97.7099144605908 30.4207642091449),75,7.19976905311778,0.277136258660508,,STAR,STAR,,0,0,,0.87204,,0.6,1.74408,0,1
tr(r:p1udt20344-p1udt20344lv),B,p1udt20344,p1udt20344lv,p1udt20344lv,POINT(-97.7020371337958 30.4131131558574),25,7.2,0.12,0.12,STAR,STAR,STAR,0,0,0,0.532544,,0.472,0.798816,1,1
tr(r:p1udt20345-p1udt20345lv),ABC,p1udt20345,p1udt20345lv,p1udt20345lv,POINT(-97.7094381719588 30.4137768248583),50,7.2,0.12,0.12,STAR,STAR,STAR,0,0,0,0.532544,,0.37,0.798816,1,1
tr(r:p1udt20347-p1udt20347lv),A,p1udt20347,p1udt20347lv,p1udt20347lv,POINT(-97.6982122514895 30.4118660071363),50,7.2,0.12,0.12,STAR,STAR,STAR,0,0,0,0.532544,,0.37,0.798816,1,1
tr(r:p1udt20498-p1udt20498lv),ABC,p1udt20498,p1udt20498lv,,POINT(-97.7029318039275 30.4123731457147),300,7.19976905311778,0.277136258660508,,STAR,STAR,,0,0,,0.91198,,0.325,1.82396,0,1
tr(r:p1udt20499-p1udt20499lv),C,p1udt20499,p1udt20499lv,p1udt20499lv,POINT(-97.7019667627786 30.4168569605973),50,7.2,0.12,0.12,STAR,STAR,STAR,0,0,0,0.532544,,0.37,0.798816,1,1
tr(r:p1udt20518-p1udt20518lv),ABC,p1udt20518,p1udt20518lv,,POINT(-97.7112797492039 30.4063951596775),75,7.19976905311778,0.277136258660508,,STAR,STAR,,0,0,,0.87204,,0.6,1.74408,0,1
tr(r:p1udt20650-p1udt20650lv),ABC,p1udt20650,p1udt20650lv,,POINT(-97.7009090110257 30.4186300567497),75,7.19976905311778,0.277136258660508,,STAR,STAR,,0,0,,0.87204,,0.6,1.74408,0,1
tr(r:p1udt20668-p1udt20668lv),C,p1udt20668,p1udt20668lv,p1udt20668lv,POINT(-97.7011233412161 30.4097113896574),50,7.2,0.12,0.12,STAR,STAR,STAR,0,0,0,0.532544,,0.37,0.798816,1,1
tr(r:p1udt20792-p1udt20792lv),ABC,p1udt20792,p1udt20792lv,p1udt20792lv,POINT(-97.7155898336316 30.4122584748661),25,7.2,0.12,0.12,STAR,STAR,STAR,0,0,0,0.532544,,0.472,0.798816,1,1
tr(r:p1udt20793-p1udt20793lv),C,p1udt20793,p1udt20793lv,p1udt20793lv,POINT(-97.6998797321818 30.4164391860765),25,7.2,0.12,0.12,STAR,STAR,STAR,0,0,0,0.532544,,0.472,0.798816,1,1
tr(r:p1udt20805-p1udt20805lv),C,p1udt20805,p1udt20805lv,p1udt20805lv,POINT(-97.7086479241705 30.4046666388466),25,7.2,0.12,0.12,STAR,STAR,STAR,0,0,0,0.532544,,0.472,0.798816,1,1
tr(r:p1udt20936-p1udt20936lv),C,p1udt20936,p1udt20936lv,p1udt20936lv,POINT(-97.7167160476808 30.4125752711558),50,7.2,0.12,0.12,STAR,STAR,STAR,0,0,0,0.532544,,0.37,0.798816,1,1
tr(r:p1udt20940-p1udt20940lv),ABC,p1udt20940,p1udt20940lv,p1udt20940lv,POINT(-97.7034928189188 30.4158823611671),50,7.2,0.12,0.12,STAR,STAR,STAR,0,0,0,0.532544,,0.37,0.798816,1,1
tr(r:p1udt20942-p1udt20942lv),C,p1udt20942,p1udt20942lv,p1udt20942lv,POINT(-97.7011209880194 30.4170468809248),25,7.2,0.12,0.12,STAR,STAR,STAR,0,0,0,0.532544,,0.472,0.798816,1,1
tr(r:p1udt20954-p1udt20954lv),B,p1udt20954,p1udt20954lv,p1udt20954lv,POINT(-97.7105530530075 30.4056965709042),25,7.2,0.12,0.12,STAR,STAR,STAR,0,0,0,0.532544,,0.472,0.798816,1,1
tr(r:p1udt21066-p1udt21066lv),ABC,p1udt21066,p1udt21066lv,p1udt21066lv,POINT(-97.7083205008088 30.4155546023592),25,7.2,0.12,0.12,STAR,STAR,STAR,0,0,0,0.532544,,0.472,0.798816,1,1
tr(r:p1udt21067-p1udt21067lv),ABC,p1udt21067,p1udt21067lv,,POINT(-97.7039923841199 30.4166813367674),100,7.19976905311778,0.277136258660508,,STAR,STAR,,0,0,,0.805475,,0.62,1.61095,0,1
tr(r:p1udt21080-p1udt21080lv),ABC,p1udt21080,p1udt21080lv,,POINT(-97.7138381675187 30.4052327074046),75,7.19976905311778,0.277136258660508,,STAR,STAR,,0,0,,0.87204,,0.6,1.74408,0,1
tr(r:p1udt21219-p1udt21219lv),ABC,p1udt21219,p1udt21219lv,,POINT(-97.7154462180569 30.4112126954084),150,7.19976905311778,0.277136258660508,,STAR,STAR,,0,0,,1.0784,,0.516667,2.1568,0,1
tr(r:p1udt21220-p1udt21220lv),B,p1udt21220,p1udt21220lv,p1udt21220lv,POINT(-97.7128251359249 30.4160711999364),75,7.2,0.12,0.12,STAR,STAR,STAR,0,0,0,0.33284,,0.38,0.49926,1,1
tr(r:p1udt21224-p1udt21224lv),ABC,p1udt21224,p1udt21224lv,,POINT(-97.7050258911341 30.4136441386024),75,7.19976905311778,0.277136258660508,,STAR,STAR,,0,0,,0.87204,,0.6,1.74408,0,1
tr(r:p1udt21225-p1udt21225lv),B,p1udt21225,p1udt21225lv,p1udt21225lv,POINT(-97.6997538538037 30.4141551393354),25,7.2,0.12,0.12,STAR,STAR,STAR,0,0,0,0.532544,,0.472,0.798816,1,1
tr(r:p1udt21235-p1udt21235lv),ABC,p1udt21235,p1udt21235lv,p1udt21235lv,POINT(-97.7203859426576 30.4089660223594),25,7.2,0.12,0.12,STAR,STAR,STAR,0,0,0,0.532544,,0.472,0.798816,1,1
tr(r:p1udt21236-p1udt21236lv),ABC,p1udt21236,p1udt21236lv,,POINT(-97.7164929725705 30.4107058247954),75,7.19976905311778,0.277136258660508,,STAR,STAR,,0,0,,0.87204,,0.6,1.74408,0,1
tr(r:p1udt21368-p1udt21368lv),A,p1udt21368,p1udt21368lv,p1udt21368lv,POINT(-97.7114427943271 30.4174830130675),50,7.2,0.12,0.12,STAR,STAR,STAR,0,0,0,0.532544,,0.37,0.798816,1,1
tr(r:p1udt21509-p1udt21509lv),ABC,p1udt21509,p1udt21509lv,,POINT(-97.7153031540385 30.4051986630176),300,7.19976905311778,0.277136258660508,,STAR,STAR,,0,0,,0.91198,,0.325,1.82396,0,1
tr(r:p1udt21512-p1udt21512lv),C,p1udt21512,p1udt21512lv,p1udt21512lv,POINT(-97.7019848015177 30.410775531402),50,7.2,0.12,0.12,STAR,STAR,STAR,0,0,0,0.532544,,0.37,0.798816,1,1
tr(r:p1udt21768-p1udt21768lv),ABC,p1udt21768,p1udt21768lv,,POINT(-97.7051603105714 30.4127684538264),150,7.19976905311778,0.277136258660508,,STAR,STAR,,0,0,,1.0784,,0.516667,2.1568,0,1
tr(r:p1udt21769-p1udt21769lv),ABC,p1udt21769,p1udt21769lv,,POINT(-97.7058215363855 30.41716300081),300,7.19976905311778,0.277136258660508,,STAR,STAR,,0,0,,0.91198,,0.325,1.82396,0,1
tr(r:p1udt21770-p1udt21770lv),ABC,p1udt21770,p1udt21770lv,p1udt21770lv,POINT(-97.6981267141788 30.4112515970863),50,7.2,0.12,0.12,STAR,STAR,STAR,0,0,0,0.532544,,0.37,0.798816,1,1
tr(r:p1udt21773-p1udt21773lv),B,p1udt21773,p1udt21773lv,p1udt21773lv,POINT(-97.6995518934629 30.4144689293128),50,7.2,0.12,0.12,STAR,STAR,STAR,0,0,0,0.532544,,0.37,0.798816,1,1
tr(r:p1udt21926-p1udt21926lv),C,p1udt21926,p1udt21926lv,p1udt21926lv,POINT(-97.7134988051879 30.4046521384497),50,7.2,0.12,0.12,STAR,STAR,STAR,0,0,0,0.532544,,0.37,0.798816,1,1
tr(r:p1udt21928-p1udt21928lv),C,p1udt21928,p1udt21928lv,p1udt21928lv,POINT(-97.7014746163069 30.4099946600435),50,7.2,0.12,0.12,STAR,STAR,STAR,0,0,0,0.532544,,0.37,0.798816,1,1
tr(r:p1udt22054-p1udt22054lv),ABC,p1udt22054,p1udt22054lv,p1udt22054lv,POINT(-97.7098432549947 30.4040169674442),25,7.2,0.12,0.12,STAR,STAR,STAR,0,0,0,0.532544,,0.472,0.798816,1,1
tr(r:p1udt22173-p1udt22173lv),ABC,p1udt22173,p1udt22173lv,,POINT(-97.7043084657808 30.4129731321805),300,7.19976905311778,0.277136258660508,,STAR,STAR,,0,0,,0.91198,,0.325,1.82396,0,1
tr(r:p1udt22174-p1udt22174lv),ABC,p1udt22174,p1udt22174lv,,POINT(-97.7093184295731 30.4140997053161),150,7.19976905311778,0.277136258660508,,STAR,STAR,,0,0,,1.0784,,0.516667,2.1568,0,1
tr(r:p1udt22175-p1udt22175lv),ABC,p1udt22175,p1udt22175lv,p1udt22175lv,POINT(-97.6985043218486 30.411038640471),50,7.2,0.12,0.12,STAR,STAR,STAR,0,0,0,0.532544,,0.37,0.798816,1,1
tr(r:p1udt22187-p1udt22187lv),A,p1udt22187,p1udt22187lv,p1udt22187lv,POINT(-97.7199171390137 30.4042063356425),25,7.2,0.12,0.12,STAR,STAR,STAR,0,0,0,0.532544,,0.472,0.798816,1,1
tr(r:p1udt22418-p1udt22418lv),ABC,p1udt22418,p1udt22418lv,p1udt22418lv,POINT(-97.6982631236856 30.4111715795047),75,7.2,0.12,0.12,STAR,STAR,STAR,0,0,0,0.33284,,0.38,0.49926,1,1
tr(r:p1udt22435-p1udt22435lv),ABC,p1udt22435,p1udt22435lv,,POINT(-97.7136567597784 30.4053268221469),75,7.19976905311778,0.277136258660508,,STAR,STAR,,0,0,,0.87204,,0.6,1.74408,0,1
tr(r:p1udt22532-p1udt22532lv),ABC,p1udt22532,p1udt22532lv,,POINT(-97.7101521941802 30.4125206721885),100,7.19976905311778,0.277136258660508,,STAR,STAR,,0,0,,0.805475,,0.62,1.61095,0,1
tr(r:p1udt22546-p1udt22546lv),ABC,p1udt22546,p1udt22546lv,,POINT(-97.7123857916953 30.4038164889169),75,7.19976905311778,0.277136258660508,,STAR,STAR,,0,0,,0.87204,,0.6,1.74408,0,1
tr(r:p1udt22547-p1udt22547lv),ABC,p1udt22547,p1udt22547lv,,POINT(-97.7157435808092 30.4097234861423),75,7.19976905311778,0.277136258660508,,STAR,STAR,,0,0,,0.87204,,0.6,1.74408,0,1
tr(r:p1udt22648-p1udt22648lv),ABC,p1udt22648,p1udt22648lv,,POINT(-97.7070085008174 30.4148728582234),150,7.19976905311778,0.277136258660508,,STAR,STAR,,0,0,,1.0784,,0.516667,2.1568,0,1
tr(r:p1udt22649-p1udt22649lv),B,p1udt22649,p1udt22649lv,p1udt22649lv,POINT(-97.6992719406884 30.4112447936563),25,7.2,0.12,0.12,STAR,STAR,STAR,0,0,0,0.532544,,0.472,0.798816,1,1
tr(r:p1udt22651-p1udt22651lv),C,p1udt22651,p1udt22651lv,p1udt22651lv,POINT(-97.6980149590215 30.4146943133404),25,7.2,0.12,0.12,STAR,STAR,STAR,0,0,0,0.532544,,0.472,0.798816,1,1
tr(r:p1udt22667-p1udt22667lv),ABC,p1udt22667,p1udt22667lv,,POINT(-97.7108404550672 30.4060941242067),75,7.19976905311778,0.277136258660508,,STAR,STAR,,0,0,,0.87204,,0.6,1.74408,0,1
tr(r:p1udt22786-p1udt22786lv),B,p1udt22786,p1udt22786lv,p1udt22786lv,POINT(-97.7010477552812 30.4107844299806),25,7.2,0.12,0.12,STAR,STAR,STAR,0,0,0,0.532544,,0.472,0.798816,1,1
tr(r:p1udt22787-p1udt22787lv),C,p1udt22787,p1udt22787lv,p1udt22787lv,POINT(-97.698231711611 30.4138088802042),25,7.2,0.12,0.12,STAR,STAR,STAR,0,0,0,0.532544,,0.472,0.798816,1,1
tr(r:p1udt22798-p1udt22798lv),ABC,p1udt22798,p1udt22798lv,,POINT(-97.7155907530666 30.4105982647115),75,7.19976905311778,0.277136258660508,,STAR,STAR,,0,0,,0.87204,,0.6,1.74408,0,1
tr(r:p1udt23022-p1udt23022lv),ABC,p1udt23022,p1udt23022lv,p1udt23022lv,POINT(-97.7155268756071 30.4111348540671),50,7.2,0.12,0.12,STAR,STAR,STAR,0,0,0,0.532544,,0.37,0.798816,1,1
tr(r:p1udt23026-p1udt23026lv),ABC,p1udt23026,p1udt23026lv,p1udt23026lv,POINT(-97.6971162798644 30.4118038387476),50,7.2,0.12,0.12,STAR,STAR,STAR,0,0,0,0.532544,,0.37,0.798816,1,1
tr(r:p1udt23144-p1udt23144lv),ABC,p1udt23144,p1udt23144lv,,POINT(-97.7118013745417 30.4205753157757),75,7.19976905311778,0.277136258660508,,STAR,STAR,,0,0,,0.87204,,0.6,1.74408,0,1
tr(r:p1udt23145-p1udt23145lv),C,p1udt23145,p1udt23145lv,p1udt23145lv,POINT(-97.7011692296724 30.417935589656),50,7.2,0.12,0.12,STAR,STAR,STAR,0,0,0,0.532544,,0.37,0.798816,1,1
tr(r:p1udt23258-p1udt23258lv),ABC,p1udt23258,p1udt23258lv,,POINT(-97.7139886265354 30.4213006684257),75,7.19976905311778,0.277136258660508,,STAR,STAR,,0,0,,0.87204,,0.6,1.74408,0,1
tr(r:p1udt23262-p1udt23262lv),ABC,p1udt23262,p1udt23262lv,p1udt23262lv,POINT(-97.7103074431644 30.4146325113133),25,7.2,0.12,0.12,STAR,STAR,STAR,0,0,0,0.532544,,0.472,0.798816,1,1
tr(r:p1udt23373-p1udt23373lv),ABC,p1udt23373,p1udt23373lv,,POINT(-97.6972539225441 30.4118653829489),75,7.19976905311778,0.277136258660508,,STAR,STAR,,0,0,,0.87204,,0.6,1.74408,0,1
tr(r:p1udt23384-p1udt23384lv),ABC,p1udt23384,p1udt23384lv,p1udt23384lv,POINT(-97.7006080731841 30.4096369576813),25,7.2,0.12,0.12,STAR,STAR,STAR,0,0,0,0.532544,,0.472,0.798816,1,1
tr(r:p1udt23483-p1udt23483lv),ABC,p1udt23483,p1udt23483lv,p1udt23483lv,POINT(-97.7093345855421 30.4224390267709),50,7.2,0.12,0.12,STAR,STAR,STAR,0,0,0,0.532544,,0.37,0.798816,1,1
tr(r:p1udt23484-p1udt23484lv),ABC,p1udt23484,p1udt23484lv,,POINT(-97.7033183572316 30.4112101137359),500,7.19976905311778,0.277136258660508,,STAR,STAR,,0,0,,0.73225,,0.266,1.4645,0,1
tr(r:p1udt23486-p1udt23486lv),C,p1udt23486,p1udt23486lv,p1udt23486lv,POINT(-97.7006179181874 30.4120371484096),25,7.2,0.12,0.12,STAR,STAR,STAR,0,0,0,0.532544,,0.472,0.798816,1,1
tr(r:p1udt23488-p1udt23488lv),ABC,p1udt23488,p1udt23488lv,p1udt23488lv,POINT(-97.6982416687365 30.4149571762235),25,7.2,0.12,0.12,STAR,STAR,STAR,0,0,0,0.532544,,0.472,0.798816,1,1
tr(r:p1udt23497-p1udt23497lv),ABC,p1udt23497,p1udt23497lv,,POINT(-97.7220085696322 30.4086052391236),75,7.19976905311778,0.277136258660508,,STAR,STAR,,0,0,,0.87204,,0.6,1.74408,0,1
tr(r:p1udt23719-p1udt23719lv),ABC,p1udt23719,p1udt23719lv,,POINT(-97.7114655085731 30.421573544127),150,7.19976905311778,0.277136258660508,,STAR,STAR,,0,0,,1.0784,,0.516667,2.1568,0,1
tr(r:p1udt23729-p1udt23729lv),ABC,p1udt23729,p1udt23729lv,,POINT(-97.7140773179521 30.4044590901314),75,7.19976905311778,0.277136258660508,,STAR,STAR,,0,0,,0.87204,,0.6,1.74408,0,1
tr(r:p1udt23732-p1udt23732lv),ABC,p1udt23732,p1udt23732lv,,POINT(-97.7120984700661 30.4058799072051),100,7.19976905311778,0.277136258660508,,STAR,STAR,,0,0,,0.805475,,0.62,1.61095,0,1
tr(r:p1udt23841-p1udt23841lv),ABC,p1udt23841,p1udt23841lv,,POINT(-97.7034420383505 30.4191785664866),75,7.19976905311778,0.277136258660508,,STAR,STAR,,0,0,,0.87204,,0.6,1.74408,0,1
tr(r:p1udt23842-p1udt23842lv),B,p1udt23842,p1udt23842lv,p1udt23842lv,POINT(-97.6984710572005 30.4125761867388),50,7.2,0.12,0.12,STAR,STAR,STAR,0,0,0,0.532544,,0.37,0.798816,1,1
tr(r:p1udt23944-p1udt23944lv),ABC,p1udt23944,p1udt23944lv,p1udt23944lv,POINT(-97.7119516403819 30.4183724516741),25,7.2,0.12,0.12,STAR,STAR,STAR,0,0,0,0.532544,,0.472,0.798816,1,1
tr(r:p1udt24073-p1udt24073lv),ABC,p1udt24073,p1udt24073lv,,POINT(-97.7132599404811 30.4062161830144),75,7.19976905311778,0.277136258660508,,STAR,STAR,,0,0,,0.87204,,0.6,1.74408,0,1
tr(r:p1udt24075-p1udt24075lv),ABC,p1udt24075,p1udt24075lv,,POINT(-97.7116282870097 30.4062575827787),75,7.19976905311778,0.277136258660508,,STAR,STAR,,0,0,,0.87204,,0.6,1.74408,0,1
tr(r:p1udt24166-p1udt24166lv),ABC,p1udt24166,p1udt24166lv,,POINT(-97.7152809994349 30.4108648478311),75,7.19976905311778,0.277136258660508,,STAR,STAR,,0,0,,0.87204,,0.6,1.74408,0,1
tr(r:p1udt24278-p1udt24278lv),ABC,p1udt24278,p1udt24278lv,,POINT(-97.7125876884927 30.4035026767684),75,7.19976905311778,0.277136258660508,,STAR,STAR,,0,0,,0.87204,,0.6,1.74408,0,1
tr(r:p1udt24478-p1udt24478lv),ABC,p1udt24478,p1udt24478lv,,POINT(-97.7190369675896 30.409677981349),75,7.19976905311778,0.277136258660508,,STAR,STAR,,0,0,,0.87204,,0.6,1.74408,0,1
tr(r:p1udt24574-p1udt24574lv),ABC,p1udt24574,p1udt24574lv,,POINT(-97.7134437362832 30.421018939748),75,7.19976905311778,0.277136258660508,,STAR,STAR,,0,0,,0.87204,,0.6,1.74408,0,1
tr(r:p1udt24577-p1udt24577lv),A,p1udt24577,p1udt24577lv,p1udt24577lv,POINT(-97.7100836064017 30.4127911875386),25,7.2,0.12,0.12,STAR,STAR,STAR,0,0,0,0.532544,,0.472,0.798816,1,1
tr(r:p1udt24578-p1udt24578lv),ABC,p1udt24578,p1udt24578lv,p1udt24578lv,POINT(-97.7040998047225 30.4138013787407),25,7.2,0.12,0.12,STAR,STAR,STAR,0,0,0,0.532544,,0.472,0.798816,1,1
tr(r:p1udt24586-p1udt24586lv),ABC,p1udt24586,p1udt24586lv,,POINT(-97.711782801823 30.4040033741845),75,7.19976905311778,0.277136258660508,,STAR,STAR,,0,0,,0.87204,,0.6,1.74408,0,1
tr(r:p1udt24588-p1udt24588lv),C,p1udt24588,p1udt24588lv,p1udt24588lv,POINT(-97.6996191429899 30.4099980533049),50,7.2,0.12,0.12,STAR,STAR,STAR,0,0,0,0.532544,,0.37,0.798816,1,1
tr(r:p1udt24691-p1udt24691lv),ABC,p1udt24691,p1udt24691lv,p1udt24691lv,POINT(-97.706983398854 30.4219713479452),25,7.2,0.12,0.12,STAR,STAR,STAR,0,0,0,0.532544,,0.472,0.798816,1,1
tr(r:p1udt24693-p1udt24693lv),ABC,p1udt24693,p1udt24693lv,,POINT(-97.7022365055409 30.419560244743),75,7.19976905311778,0.277136258660508,,STAR,STAR,,0,0,,0.87204,,0.6,1.74408,0,1
tr(r:p1udt24782-p1udt24782lv),C,p1udt24782,p1udt24782lv,p1udt24782lv,POINT(-97.7158636884825 30.4124766614785),50,7.2,0.12,0.12,STAR,STAR,STAR,0,0,0,0.532544,,0.37,0.798816,1,1
tr(r:p1udt24791-p1udt24791lv),ABC,p1udt24791,p1udt24791lv,,POINT(-97.7180113540105 30.4090510052473),75,7.19976905311778,0.277136258660508,,STAR,STAR,,0,0,,0.87204,,0.6,1.74408,0,1
tr(r:p1udt24792-p1udt24792lv),ABC,p1udt24792,p1udt24792lv,,POINT(-97.7153784484415 30.4097830548518),75,7.19976905311778,0.277136258660508,,STAR,STAR,,0,0,,0.87204,,0.6,1.74408,0,1
tr(r:p1udt24793-p1udt24793lv),ABC,p1udt24793,p1udt24793lv,,POINT(-97.7086555871488 30.4027543917384),75,7.19976905311778,0.277136258660508,,STAR,STAR,,0,0,,0.87204,,0.6,1.74408,0,1
tr(r:p1udt24794-p1udt24794lv),ABC,p1udt24794,p1udt24794lv,,POINT(-97.7120948210984 30.4032304794664),75,7.19976905311778,0.277136258660508,,STAR,STAR,,0,0,,0.87204,,0.6,1.74408,0,1
tr(r:p1udt24894-p1udt24894lv),B,p1udt24894,p1udt24894lv,p1udt24894lv,POINT(-97.6990265375169 30.4116936652952),25,7.2,0.12,0.12,STAR,STAR,STAR,0,0,0,0.532544,,0.472,0.798816,1,1
tr(r:p1udt24904-p1udt24904lv),ABC,p1udt24904,p1udt24904lv,,POINT(-97.7211781098004 30.408336504793),75,7.19976905311778,0.277136258660508,,STAR,STAR,,0,0,,0.87204,,0.6,1.74408,0,1
tr(r:p1udt24906-p1udt24906lv),ABC,p1udt24906,p1udt24906lv,,POINT(-97.7108661073816 30.406430519093),75,7.19976905311778,0.277136258660508,,STAR,STAR,,0,0,,0.87204,,0.6,1.74408,0,1
tr(r:p1udt24987-p1udt24987lv),ABC,p1udt24987,p1udt24987lv,,POINT(-97.7042138428311 30.4164669853063),150,7.19976905311778,0.277136258660508,,STAR,STAR,,0,0,,1.0784,,0.516667,2.1568,0,1
tr(r:p1udt24988-p1udt24988lv),ABC,p1udt24988,p1udt24988lv,,POINT(-97.7035692747181 30.4187614260621),75,7.19976905311778,0.277136258660508,,STAR,STAR,,0,0,,0.87204,,0.6,1.74408,0,1
tr(r:p1udt24989-p1udt24989lv),ABC,p1udt24989,p1udt24989lv,p1udt24989lv,POINT(-97.7062858371367 30.419935341175),50,7.2,0.12,0.12,STAR,STAR,STAR,0,0,0,0.532544,,0.37,0.798816,1,1
tr(r:p1udt24990-p1udt24990lv),A,p1udt24990,p1udt24990lv,p1udt24990lv,POINT(-97.6990273775258 30.4144308613303),25,7.2,0.12,0.12,STAR,STAR,STAR,0,0,0,0.532544,,0.472,0.798816,1,1
tr(r:p1udt24997-p1udt24997lv),ABC,p1udt24997,p1udt24997lv,,POINT(-97.7131660192805 30.4033042001506),500,7.19976905311778,0.277136258660508,,STAR,STAR,,0,0,,0.73225,,0.266,1.4645,0,1
tr(r:p1udt25095-p1udt25095lv),ABC,p1udt25095,p1udt25095lv,,POINT(-97.7117368879498 30.4201810219432),75,7.19976905311778,0.277136258660508,,STAR,STAR,,0,0,,0.87204,,0.6,1.74408,0,1
tr(r:p1udt25104-p1udt25104lv),ABC,p1udt25104,p1udt25104lv,,POINT(-97.7141548216292 30.4062430439623),75,7.19976905311778,0.277136258660508,,STAR,STAR,,0,0,,0.87204,,0.6,1.74408,0,1
tr(r:p1udt25185-p1udt25185lv),A,p1udt25185,p1udt25185lv,p1udt25185lv,POINT(-97.7018679435008 30.4155898316362),25,7.2,0.12,0.12,STAR,STAR,STAR,0,0,0,0.532544,,0.472,0.798816,1,1
tr(r:p1udt25186-p1udt25186lv),ABC,p1udt25186,p1udt25186lv,p1udt25186lv,POINT(-97.7094348528013 30.4163145244192),25,7.2,0.12,0.12,STAR,STAR,STAR,0,0,0,0.532544,,0.472,0.798816,1,1
tr(r:p1udt25187-p1udt25187lv),A,p1udt25187,p1udt25187lv,p1udt25187lv,POINT(-97.6990358912386 30.4131592816471),25,7.2,0.12,0.12,STAR,STAR,STAR,0,0,0,0.532544,,0.472,0.798816,1,1
tr(r:p1udt25188-p1udt25188lv),C,p1udt25188,p1udt25188lv,p1udt25188lv,POINT(-97.7004072625995 30.4166970795231),25,7.2,0.12,0.12,STAR,STAR,STAR,0,0,0,0.532544,,0.472,0.798816,1,1
tr(r:p1udt25192-p1udt25192lv),ABC,p1udt25192,p1udt25192lv,,POINT(-97.7006098468947 30.4095946261395),75,7.19976905311778,0.277136258660508,,STAR,STAR,,0,0,,0.87204,,0.6,1.74408,0,1
tr(r:p1udt25193-p1udt25193lv),ABC,p1udt25193,p1udt25193lv,,POINT(-97.699750992373 30.4093881020665),75,7.19976905311778,0.277136258660508,,STAR,STAR,,0,0,,0.87204,,0.6,1.74408,0,1
tr(r:p1udt25272-p1udt25272lv),ABC,p1udt25272,p1udt25272lv,,POINT(-97.7143959729808 30.41147063105),75,7.19976905311778,0.277136258660508,,STAR,STAR,,0,0,,0.87204,,0.6,1.74408,0,1
tr(r:p1udt25282-p1udt25282lv),ABC,p1udt25282,p1udt25282lv,,POINT(-97.7135514648175 30.4064570023047),75,7.19976905311778,0.277136258660508,,STAR,STAR,,0,0,,0.87204,,0.6,1.74408,0,1
tr(r:p1udt275-p1udt275lv),A,p1udt275,p1udt275lv,p1udt275lv,POINT(-97.7278382514863 30.4310661276946),75,7.2,0.12,0.12,STAR,STAR,STAR,0,0,0,0.33284,,0.38,0.49926,1,1
tr(r:p1udt287-p1udt287lv),B,p1udt287,p1udt287lv,p1udt287lv,POINT(-97.7237107790518 30.4235768751521),50,7.2,0.12,0.12,STAR,STAR,STAR,0,0,0,0.532544,,0.37,0.798816,1,1
tr(r:p1udt288-p1udt288lv),B,p1udt288,p1udt288lv,p1udt288lv,POINT(-97.7253487986444 30.4233222305947),50,7.2,0.12,0.12,STAR,STAR,STAR,0,0,0,0.532544,,0.37,0.798816,1,1
tr(r:p1udt291-p1udt291lv),ABC,p1udt291,p1udt291lv,p1udt291lv,POINT(-97.7240992832726 30.4249250893754),50,7.2,0.12,0.12,STAR,STAR,STAR,0,0,0,0.532544,,0.37,0.798816,1,1
tr(r:p1udt293-p1udt293lv),C,p1udt293,p1udt293lv,p1udt293lv,POINT(-97.7241904296373 30.4291216402791),50,7.2,0.12,0.12,STAR,STAR,STAR,0,0,0,0.532544,,0.37,0.798816,1,1
tr(r:p1udt294-p1udt294lv),B,p1udt294,p1udt294lv,p1udt294lv,POINT(-97.7222303927115 30.4205306889104),50,7.2,0.12,0.12,STAR,STAR,STAR,0,0,0,0.532544,,0.37,0.798816,1,1
tr(r:p1udt295-p1udt295lv),A,p1udt295,p1udt295lv,p1udt295lv,POINT(-97.7209431137112 30.4202472233328),75,7.2,0.12,0.12,STAR,STAR,STAR,0,0,0,0.33284,,0.38,0.49926,1,1
tr(r:p1udt296-p1udt296lv),ABC,p1udt296,p1udt296lv,p1udt296lv,POINT(-97.7195646019807 30.4221647870516),50,7.2,0.12,0.12,STAR,STAR,STAR,0,0,0,0.532544,,0.37,0.798816,1,1
tr(r:p1udt297-p1udt297lv),B,p1udt297,p1udt297lv,p1udt297lv,POINT(-97.7234847557692 30.4224949155091),50,7.2,0.12,0.12,STAR,STAR,STAR,0,0,0,0.532544,,0.37,0.798816,1,1
tr(r:p1udt299-p1udt299lv),A,p1udt299,p1udt299lv,p1udt299lv,POINT(-97.7216541798742 30.4270073209381),50,7.2,0.12,0.12,STAR,STAR,STAR,0,0,0,0.532544,,0.37,0.798816,1,1
tr(r:p1udt903-p1udt903lv),C,p1udt903,p1udt903lv,p1udt903lv,POINT(-97.7255824166904 30.421976078087),50,7.2,0.12,0.12,STAR,STAR,STAR,0,0,0,0.532544,,0.37,0.798816,1,1
tr(r:p1udt904-p1udt904lv),C,p1udt904,p1udt904lv,p1udt904lv,POINT(-97.7262108752725 30.4226809943771),50,7.2,0.12,0.12,STAR,STAR,STAR,0,0,0,0.532544,,0.37,0.798816,1,1
tr(r:p1udt905-p1udt905lv),C,p1udt905,p1udt905lv,p1udt905lv,POINT(-97.7253471399794 30.422555597932),50,7.2,0.12,0.12,STAR,STAR,STAR,0,0,0,0.532544,,0.37,0.798816,1,1
tr(r:p1udt906-p1udt906lv),C,p1udt906,p1udt906lv,p1udt906lv,POINT(-97.7270378746299 30.4261498513535),75,7.2,0.12,0.12,STAR,STAR,STAR,0,0,0,0.33284,,0.38,0.49926,1,1
tr(r:p1udt907-p1udt907lv),A,p1udt907,p1udt907lv,p1udt907lv,POINT(-97.7282482888776 30.4293507609976),75,7.2,0.12,0.12,STAR,STAR,STAR,0,0,0,0.33284,,0.38,0.49926,1,1
tr(r:p1udt908-p1udt908lv),C,p1udt908,p1udt908lv,p1udt908lv,POINT(-97.7194379291703 30.4204282267214),75,7.2,0.12,0.12,STAR,STAR,STAR,0,0,0,0.33284,,0.38,0.49926,1,1
tr(r:p1udt909-p1udt909lv),B,p1udt909,p1udt909lv,p1udt909lv,POINT(-97.7216029167795 30.4215441365672),50,7.2,0.12,0.12,STAR,STAR,STAR,0,0,0,0.532544,,0.37,0.798816,1,1
tr(r:p1udt910-p1udt910lv),ABC,p1udt910,p1udt910lv,p1udt910lv,POINT(-97.7188914030005 30.4226905344765),25,7.2,0.12,0.12,STAR,STAR,STAR,0,0,0,0.532544,,0.472,0.798816,1,1
tr(r:p1udt1531-p1udt1531lv),ABC,p1udt1531,p1udt1531lv,p1udt1531lv,POINT(-97.7234286006241 30.4244583628165),50,7.2,0.12,0.12,STAR,STAR,STAR,0,0,0,0.532544,,0.37,0.798816,1,1
tr(r:p1udt1532-p1udt1532lv),C,p1udt1532,p1udt1532lv,p1udt1532lv,POINT(-97.7249186692168 30.4251675204981),50,7.2,0.12,0.12,STAR,STAR,STAR,0,0,0,0.532544,,0.37,0.798816,1,1
tr(r:p1udt1535-p1udt1535lv),C,p1udt1535,p1udt1535lv,p1udt1535lv,POINT(-97.718089962108 30.4232819927069),25,7.2,0.12,0.12,STAR,STAR,STAR,0,0,0,0.532544,,0.472,0.798816,1,1
tr(r:p1udt2102-p1udt2102lv),C,p1udt2102,p1udt2102lv,p1udt2102lv,POINT(-97.726388394322 30.425037673511),75,7.2,0.12,0.12,STAR,STAR,STAR,0,0,0,0.33284,,0.38,0.49926,1,1
tr(r:p1udt2105-p1udt2105lv),B,p1udt2105,p1udt2105lv,p1udt2105lv,POINT(-97.7223332096864 30.4222280058943),75,7.2,0.12,0.12,STAR,STAR,STAR,0,0,0,0.33284,,0.38,0.49926,1,1
tr(r:p1udt2107-p1udt2107lv),C,p1udt2107,p1udt2107lv,p1udt2107lv,POINT(-97.7210133814797 30.4276288346305),75,7.2,0.12,0.12,STAR,STAR,STAR,0,0,0,0.33284,,0.38,0.49926,1,1
tr(r:p1udt2115-p1udt2115lv),A,p1udt2115,p1udt2115lv,p1udt2115lv,POINT(-97.7234621410738 30.420096637659),75,7.2,0.12,0.12,STAR,STAR,STAR,0,0,0,0.33284,,0.38,0.49926,1,1
tr(r:p1udt2680-p1udt2680lv),A,p1udt2680,p1udt2680lv,p1udt2680lv,POINT(-97.7243764031983 30.4220314373322),75,7.2,0.12,0.12,STAR,STAR,STAR,0,0,0,0.33284,,0.38,0.49926,1,1
tr(r:p1udt2683-p1udt2683lv),ABC,p1udt2683,p1udt2683lv,p1udt2683lv,POINT(-97.7218046075353 30.4228452415261),50,7.2,0.12,0.12,STAR,STAR,STAR,0,0,0,0.532544,,0.37,0.798816,1,1
tr(r:p1udt2684-p1udt2684lv),A,p1udt2684,p1udt2684lv,p1udt2684lv,POINT(-97.7190758640974 30.4235262667076),50,7.2,0.12,0.12,STAR,STAR,STAR,0,0,0,0.532544,,0.37,0.798816,1,1
tr(r:p1udt2685-p1udt2685lv),B,p1udt2685,p1udt2685lv,p1udt2685lv,POINT(-97.7197163694258 30.4264882545847),75,7.2,0.12,0.12,STAR,STAR,STAR,0,0,0,0.33284,,0.38,0.49926,1,1
tr(r:p1udt2686-p1udt2686lv),B,p1udt2686,p1udt2686lv,p1udt2686lv,POINT(-97.7195006045083 30.4268779368607),75,7.2,0.12,0.12,STAR,STAR,STAR,0,0,0,0.33284,,0.38,0.49926,1,1
tr(r:p1udt2688-p1udt2688lv),A,p1udt2688,p1udt2688lv,p1udt2688lv,POINT(-97.7227136000868 30.4284693251303),75,7.2,0.12,0.12,STAR,STAR,STAR,0,0,0,0.33284,,0.38,0.49926,1,1
tr(r:p1udt2693-p1udt2693lv),ABC,p1udt2693,p1udt2693lv,p1udt2693lv,POINT(-97.7187859863015 30.4193320039575),50,7.2,0.12,0.12,STAR,STAR,STAR,0,0,0,0.532544,,0.37,0.798816,1,1
tr(r:p1udt3259-p1udt3259lv),C,p1udt3259,p1udt3259lv,p1udt3259lv,POINT(-97.7265472399564 30.4296409167621),75,7.2,0.12,0.12,STAR,STAR,STAR,0,0,0,0.33284,,0.38,0.49926,1,1
tr(r:p1udt3271-p1udt3271lv),ABC,p1udt3271,p1udt3271lv,p1udt3271lv,POINT(-97.7242975116343 30.4256939756204),50,7.2,0.12,0.12,STAR,STAR,STAR,0,0,0,0.532544,,0.37,0.798816,1,1
tr(r:p1udt3273-p1udt3273lv),C,p1udt3273,p1udt3273lv,p1udt3273lv,POINT(-97.7241689438646 30.4283725276966),75,7.2,0.12,0.12,STAR,STAR,STAR,0,0,0,0.33284,,0.38,0.49926,1,1
tr(r:p1udt3274-p1udt3274lv),C,p1udt3274,p1udt3274lv,p1udt3274lv,POINT(-97.7251566735402 30.4284814308021),75,7.2,0.12,0.12,STAR,STAR,STAR,0,0,0,0.33284,,0.38,0.49926,1,1
tr(r:p1udt3275-p1udt3275lv),C,p1udt3275,p1udt3275lv,p1udt3275lv,POINT(-97.7185249488796 30.4234576991293),50,7.2,0.12,0.12,STAR,STAR,STAR,0,0,0,0.532544,,0.37,0.798816,1,1
tr(r:p1udt3276-p1udt3276lv),B,p1udt3276,p1udt3276lv,p1udt3276lv,POINT(-97.7191326361031 30.4257426485873),75,7.2,0.12,0.12,STAR,STAR,STAR,0,0,0,0.33284,,0.38,0.49926,1,1
tr(r:p1udt3776-p1udt3776lv),C,p1udt3776,p1udt3776lv,p1udt3776lv,POINT(-97.7272228685117 30.4250234439464),75,7.2,0.12,0.12,STAR,STAR,STAR,0,0,0,0.33284,,0.38,0.49926,1,1
tr(r:p1udt3778-p1udt3778lv),ABC,p1udt3778,p1udt3778lv,p1udt3778lv,POINT(-97.7254896550793 30.4278276435277),50,7.2,0.12,0.12,STAR,STAR,STAR,0,0,0,0.532544,,0.37,0.798816,1,1
tr(r:p1udt3780-p1udt3780lv),A,p1udt3780,p1udt3780lv,p1udt3780lv,POINT(-97.7206540265436 30.4224550075046),50,7.2,0.12,0.12,STAR,STAR,STAR,0,0,0,0.532544,,0.37,0.798816,1,1
tr(r:p1udt3781-p1udt3781lv),ABC,p1udt3781,p1udt3781lv,p1udt3781lv,POINT(-97.7215268104548 30.4225900507364),50,7.2,0.12,0.12,STAR,STAR,STAR,0,0,0,0.532544,,0.37,0.798816,1,1
tr(r:p1udt3782-p1udt3782lv),ABC,p1udt3782,p1udt3782lv,p1udt3782lv,POINT(-97.7186600223507 30.4228687219236),25,7.2,0.12,0.12,STAR,STAR,STAR,0,0,0,0.532544,,0.472,0.798816,1,1
tr(r:p1udt3783-p1udt3783lv),A,p1udt3783,p1udt3783lv,p1udt3783lv,POINT(-97.721247596768 30.4238543386691),75,7.2,0.12,0.12,STAR,STAR,STAR,0,0,0,0.33284,,0.38,0.49926,1,1
tr(r:p1udt3784-p1udt3784lv),ABC,p1udt3784,p1udt3784lv,p1udt3784lv,POINT(-97.7227709275996 30.4242634439763),50,7.2,0.12,0.12,STAR,STAR,STAR,0,0,0,0.532544,,0.37,0.798816,1,1
tr(r:p1udt3787-p1udt3787lv),C,p1udt3787,p1udt3787lv,p1udt3787lv,POINT(-97.7205900634027 30.4271683304948),25,7.2,0.12,0.12,STAR,STAR,STAR,0,0,0,0.532544,,0.472,0.798816,1,1
tr(r:p1udt4298-p1udt4298lv),A,p1udt4298,p1udt4298lv,p1udt4298lv,POINT(-97.7276369761193 30.429119230026),75,7.2,0.12,0.12,STAR,STAR,STAR,0,0,0,0.33284,,0.38,0.49926,1,1
tr(r:p1udt4299-p1udt4299lv),ABC,p1udt4299,p1udt4299lv,p1udt4299lv,POINT(-97.7203115824369 30.421576637191),50,7.2,0.12,0.12,STAR,STAR,STAR,0,0,0,0.532544,,0.37,0.798816,1,1
tr(r:p1udt4300-p1udt4300lv),B,p1udt4300,p1udt4300lv,p1udt4300lv,POINT(-97.7209671279219 30.4255890299987),75,7.2,0.12,0.12,STAR,STAR,STAR,0,0,0,0.33284,,0.38,0.49926,1,1
tr(r:p1udt4303-p1udt4303lv),C,p1udt4303,p1udt4303lv,p1udt4303lv,POINT(-97.7190941498617 30.4276161212134),25,7.2,0.12,0.12,STAR,STAR,STAR,0,0,0,0.532544,,0.472,0.798816,1,1
tr(r:p1udt4770-p1udt4770lv),C,p1udt4770,p1udt4770lv,p1udt4770lv,POINT(-97.7252228801939 30.4217961254076),50,7.2,0.12,0.12,STAR,STAR,STAR,0,0,0,0.532544,,0.37,0.798816,1,1
tr(r:p1udt4771-p1udt4771lv),B,p1udt4771,p1udt4771lv,p1udt4771lv,POINT(-97.7229285333075 30.4228834821262),25,7.2,0.12,0.12,STAR,STAR,STAR,0,0,0,0.532544,,0.472,0.798816,1,1
tr(r:p1udt4772-p1udt4772lv),C,p1udt4772,p1udt4772lv,p1udt4772lv,POINT(-97.7264774774975 30.422990165414),50,7.2,0.12,0.12,STAR,STAR,STAR,0,0,0,0.532544,,0.37,0.798816,1,1
tr(r:p1udt4773-p1udt4773lv),C,p1udt4773,p1udt4773lv,p1udt4773lv,POINT(-97.7265865369309 30.4240238286221),50,7.2,0.12,0.12,STAR,STAR,STAR,0,0,0,0.532544,,0.37,0.798816,1,1
tr(r:p1udt4775-p1udt4775lv),ABC,p1udt4775,p1udt4775lv,,POINT(-97.7185842030123 30.4229476239026),75,7.19976905311778,0.277136258660508,,STAR,STAR,,0,0,,0.87204,,0.6,1.74408,0,1
tr(r:p1udt5291-p1udt5291lv),C,p1udt5291,p1udt5291lv,p1udt5291lv,POINT(-97.726260401289 30.4300802411764),50,7.2,0.12,0.12,STAR,STAR,STAR,0,0,0,0.532544,,0.37,0.798816,1,1
tr(r:p1udt5292-p1udt5292lv),A,p1udt5292,p1udt5292lv,p1udt5292lv,POINT(-97.7274900624842 30.4300020062643),50,7.2,0.12,0.12,STAR,STAR,STAR,0,0,0,0.532544,,0.37,0.798816,1,1
tr(r:p1udt5293-p1udt5293lv),A,p1udt5293,p1udt5293lv,p1udt5293lv,POINT(-97.7276025916278 30.4301564930674),25,7.2,0.12,0.12,STAR,STAR,STAR,0,0,0,0.532544,,0.472,0.798816,1,1
tr(r:p1udt5298-p1udt5298lv),A,p1udt5298,p1udt5298lv,p1udt5298lv,POINT(-97.7244946512736 30.4225467283442),75,7.2,0.12,0.12,STAR,STAR,STAR,0,0,0,0.33284,,0.38,0.49926,1,1
tr(r:p1udt5301-p1udt5301lv),C,p1udt5301,p1udt5301lv,p1udt5301lv,POINT(-97.7255394509721 30.4246682989054),75,7.2,0.12,0.12,STAR,STAR,STAR,0,0,0,0.33284,,0.38,0.49926,1,1
tr(r:p1udt5302-p1udt5302lv),ABC,p1udt5302,p1udt5302lv,p1udt5302lv,POINT(-97.7251585830112 30.4275340423104),75,7.2,0.12,0.12,STAR,STAR,STAR,0,0,0,0.33284,,0.38,0.49926,1,1
tr(r:p1udt5303-p1udt5303lv),B,p1udt5303,p1udt5303lv,p1udt5303lv,POINT(-97.7204387460318 30.4253945801165),25,7.2,0.12,0.12,STAR,STAR,STAR,0,0,0,0.532544,,0.472,0.798816,1,1
tr(r:p1udt5304-p1udt5304lv),B,p1udt5304,p1udt5304lv,p1udt5304lv,POINT(-97.7193343411343 30.4254466998698),50,7.2,0.12,0.12,STAR,STAR,STAR,0,0,0,0.532544,,0.37,0.798816,1,1
tr(r:p1udt5305-p1udt5305lv),A,p1udt5305,p1udt5305lv,p1udt5305lv,POINT(-97.7217523620043 30.4268510794862),50,7.2,0.12,0.12,STAR,STAR,STAR,0,0,0,0.532544,,0.37,0.798816,1,1
tr(r:p1udt5809-p1udt5809lv),A,p1udt5809,p1udt5809lv,p1udt5809lv,POINT(-97.7200957965733 30.4229459677385),75,7.2,0.12,0.12,STAR,STAR,STAR,0,0,0,0.33284,,0.38,0.49926,1,1
tr(r:p1udt5825-p1udt5825lv),B,p1udt5825,p1udt5825lv,p1udt5825lv,POINT(-97.7199717900256 30.4199609196212),75,7.2,0.12,0.12,STAR,STAR,STAR,0,0,0,0.33284,,0.38,0.49926,1,1
tr(r:p1udt6285-p1udt6285lv),A,p1udt6285,p1udt6285lv,p1udt6285lv,POINT(-97.7278167439088 30.4303157836633),50,7.2,0.12,0.12,STAR,STAR,STAR,0,0,0,0.532544,,0.37,0.798816,1,1
tr(r:p1udt6294-p1udt6294lv),C,p1udt6294,p1udt6294lv,p1udt6294lv,POINT(-97.7266024548025 30.4235999060457),75,7.2,0.12,0.12,STAR,STAR,STAR,0,0,0,0.33284,,0.38,0.49926,1,1
tr(r:p1udt6295-p1udt6295lv),B,p1udt6295,p1udt6295lv,p1udt6295lv,POINT(-97.7245010767732 30.4242651326993),75,7.2,0.12,0.12,STAR,STAR,STAR,0,0,0,0.33284,,0.38,0.49926,1,1
tr(r:p1udt6297-p1udt6297lv),C,p1udt6297,p1udt6297lv,p1udt6297lv,POINT(-97.7262756161584 30.4257042699495),50,7.2,0.12,0.12,STAR,STAR,STAR,0,0,0,0.532544,,0.37,0.798816,1,1
tr(r:p1udt6717-p1udt6717lv),A,p1udt6717,p1udt6717lv,p1udt6717lv,POINT(-97.7265945453009 30.4305317315189),75,7.2,0.12,0.12,STAR,STAR,STAR,0,0,0,0.33284,,0.38,0.49926,1,1
tr(r:p1udt6744-p1udt6744lv),ABC,p1udt6744,p1udt6744lv,,POINT(-97.7193414508886 30.4191359401439),75,7.19976905311778,0.277136258660508,,STAR,STAR,,0,0,,0.87204,,0.6,1.74408,0,1
tr(r:p1udt7165-p1udt7165lv),A,p1udt7165,p1udt7165lv,p1udt7165lv,POINT(-97.7285091170682 30.4315238112243),75,7.2,0.12,0.12,STAR,STAR,STAR,0,0,0,0.33284,,0.38,0.49926,1,1
tr(r:p1udt7170-p1udt7170lv),B,p1udt7170,p1udt7170lv,p1udt7170lv,POINT(-97.7256264393443 30.4241961492327),50,7.2,0.12,0.12,STAR,STAR,STAR,0,0,0,0.532544,,0.37,0.798816,1,1
tr(r:p1udt7173-p1udt7173lv),C,p1udt7173,p1udt7173lv,p1udt7173lv,POINT(-97.7243735166311 30.4294044169148),50,7.2,0.12,0.12,STAR,STAR,STAR,0,0,0,0.532544,,0.37,0.798816,1,1
tr(r:p1udt7176-p1udt7176lv),A,p1udt7176,p1udt7176lv,p1udt7176lv,POINT(-97.7225584971379 30.4283866009533),50,7.2,0.12,0.12,STAR,STAR,STAR,0,0,0,0.532544,,0.37,0.798816,1,1
tr(r:p1udt7186-p1udt7186lv),C,p1udt7186,p1udt7186lv,p1udt7186lv,POINT(-97.7187279380858 30.4192642459383),50,7.2,0.12,0.12,STAR,STAR,STAR,0,0,0,0.532544,,0.37,0.798816,1,1
tr(r:p1udt7602-p1udt7602lv),C,p1udt7602,p1udt7602lv,p1udt7602lv,POINT(-97.7273606602488 30.4247313536032),50,7.2,0.12,0.12,STAR,STAR,STAR,0,0,0,0.532544,,0.37,0.798816,1,1
tr(r:p1udt7604-p1udt7604lv),ABC,p1udt7604,p1udt7604lv,p1udt7604lv,POINT(-97.7258576797514 30.4282449526483),75,7.2,0.12,0.12,STAR,STAR,STAR,0,0,0,0.33284,,0.38,0.49926,1,1
tr(r:p1udt8011-p1udt8011lv),A,p1udt8011,p1udt8011lv,p1udt8011lv,POINT(-97.7209727521621 30.4233746625262),75,7.2,0.12,0.12,STAR,STAR,STAR,0,0,0,0.33284,,0.38,0.49926,1,1
tr(r:p1udt8012-p1udt8012lv),B,p1udt8012,p1udt8012lv,p1udt8012lv,POINT(-97.7209054057279 30.4263284762058),75,7.2,0.12,0.12,STAR,STAR,STAR,0,0,0,0.33284,,0.38,0.49926,1,1
tr(r:p1udt8409-p1udt8409lv),C,p1udt8409,p1udt8409lv,p1udt8409lv,POINT(-97.727534804026 30.4239621238161),75,7.2,0.12,0.12,STAR,STAR,STAR,0,0,0,0.33284,,0.38,0.49926,1,1
tr(r:p1udt8411-p1udt8411lv),ABC,p1udt8411,p1udt8411lv,p1udt8411lv,POINT(-97.7220176195023 30.4240746165278),50,7.2,0.12,0.12,STAR,STAR,STAR,0,0,0,0.532544,,0.37,0.798816,1,1
tr(r:p1udt8412-p1udt8412lv),A,p1udt8412,p1udt8412lv,p1udt8412lv,POINT(-97.7234826980848 30.428823070766),75,7.2,0.12,0.12,STAR,STAR,STAR,0,0,0,0.33284,,0.38,0.49926,1,1
tr(r:p1udt8803-p1udt8803lv),B,p1udt8803,p1udt8803lv,p1udt8803lv,POINT(-97.7232984359809 30.4214743137635),75,7.2,0.12,0.12,STAR,STAR,STAR,0,0,0,0.33284,,0.38,0.49926,1,1
tr(r:p1udt8804-p1udt8804lv),ABC,p1udt8804,p1udt8804lv,p1udt8804lv,POINT(-97.7191859678556 30.4224586574939),75,7.2,0.12,0.12,STAR,STAR,STAR,0,0,0,0.33284,,0.38,0.49926,1,1
tr(r:p1udt8806-p1udt8806lv),C,p1udt8806,p1udt8806lv,p1udt8806lv,POINT(-97.72168952552 30.4279540162821),75,7.2,0.12,0.12,STAR,STAR,STAR,0,0,0,0.33284,,0.38,0.49926,1,1
tr(r:p1udt9170-p1udt9170lv),B,p1udt9170,p1udt9170lv,p1udt9170lv,POINT(-97.7253656192285 30.4298419548635),75,7.2,0.12,0.12,STAR,STAR,STAR,0,0,0,0.33284,,0.38,0.49926,1,1
tr(r:p1udt9171-p1udt9171lv),A,p1udt9171,p1udt9171lv,p1udt9171lv,POINT(-97.727245985089 30.4308809567759),50,7.2,0.12,0.12,STAR,STAR,STAR,0,0,0,0.532544,,0.37,0.798816,1,1
tr(r:p1udt9183-p1udt9183lv),C,p1udt9183,p1udt9183lv,p1udt9183lv,POINT(-97.7266648069612 30.4294074676965),50,7.2,0.12,0.12,STAR,STAR,STAR,0,0,0,0.532544,,0.37,0.798816,1,1
tr(r:p1udt9184-p1udt9184lv),A,p1udt9184,p1udt9184lv,p1udt9184lv,POINT(-97.7230918563482 30.4237460712889),50,7.2,0.12,0.12,STAR,STAR,STAR,0,0,0,0.532544,,0.37,0.798816,1,1
tr(r:p1udt9185-p1udt9185lv),B,p1udt9185,p1udt9185lv,p1udt9185lv,POINT(-97.721629071002 30.4259293190235),75,7.2,0.12,0.12,STAR,STAR,STAR,0,0,0,0.33284,,0.38,0.49926,1,1
tr(r:p1udt9186-p1udt9186lv),C,p1udt9186,p1udt9186lv,p1udt9186lv,POINT(-97.7212593377287 30.4277433327861),50,7.2,0.12,0.12,STAR,STAR,STAR,0,0,0,0.532544,,0.37,0.798816,1,1
tr(r:p1udt9191-p1udt9191lv),B,p1udt9191,p1udt9191lv,p1udt9191lv,POINT(-97.7221055739552 30.4203347759959),50,7.2,0.12,0.12,STAR,STAR,STAR,0,0,0,0.532544,,0.37,0.798816,1,1
tr(r:p1udt9580-p1udt9580lv),ABC,p1udt9580,p1udt9580lv,p1udt9580lv,POINT(-97.7244856472674 30.4272387345072),75,7.2,0.12,0.12,STAR,STAR,STAR,0,0,0,0.33284,,0.38,0.49926,1,1
tr(r:p1udt9581-p1udt9581lv),C,p1udt9581,p1udt9581lv,p1udt9581lv,POINT(-97.724963383805 30.4287462524272),75,7.2,0.12,0.12,STAR,STAR,STAR,0,0,0,0.33284,,0.38,0.49926,1,1
tr(r:p1udt9582-p1udt9582lv),B,p1udt9582,p1udt9582lv,p1udt9582lv,POINT(-97.7257409383867 30.4291909241998),75,7.2,0.12,0.12,STAR,STAR,STAR,0,0,0,0.33284,,0.38,0.49926,1,1
tr(r:p1udt9583-p1udt9583lv),ABC,p1udt9583,p1udt9583lv,p1udt9583lv,POINT(-97.721228094291 30.4223435058461),50,7.2,0.12,0.12,STAR,STAR,STAR,0,0,0,0.532544,,0.37,0.798816,1,1
tr(r:p1udt9584-p1udt9584lv),B,p1udt9584,p1udt9584lv,p1udt9584lv,POINT(-97.7227240196627 30.4226015553567),50,7.2,0.12,0.12,STAR,STAR,STAR,0,0,0,0.532544,,0.37,0.798816,1,1
tr(r:p1udt9585-p1udt9585lv),A,p1udt9585,p1udt9585lv,p1udt9585lv,POINT(-97.7200359894478 30.4235407226889),50,7.2,0.12,0.12,STAR,STAR,STAR,0,0,0,0.532544,,0.37,0.798816,1,1
tr(r:p1udt9586-p1udt9586lv),ABC,p1udt9586,p1udt9586lv,p1udt9586lv,POINT(-97.7219957971813 30.4233525688504),75,7.2,0.12,0.12,STAR,STAR,STAR,0,0,0,0.33284,,0.38,0.49926,1,1
tr(r:p1udt9587-p1udt9587lv),B,p1udt9587,p1udt9587lv,p1udt9587lv,POINT(-97.7218874049188 30.4260764306164),50,7.2,0.12,0.12,STAR,STAR,STAR,0,0,0,0.532544,,0.37,0.798816,1,1
tr(r:p1udt9928-p1udt9928lv),A,p1udt9928,p1udt9928lv,p1udt9928lv,POINT(-97.7286900067829 30.4306092128234),75,7.2,0.12,0.12,STAR,STAR,STAR,0,0,0,0.33284,,0.38,0.49926,1,1
tr(r:p1udt9936-p1udt9936lv),C,p1udt9936,p1udt9936lv,p1udt9936lv,POINT(-97.7243112168784 30.420641097195),25,7.2,0.12,0.12,STAR,STAR,STAR,0,0,0,0.532544,,0.472,0.798816,1,1
tr(r:p1udt9937-p1udt9937lv),C,p1udt9937,p1udt9937lv,p1udt9937lv,POINT(-97.7251237296466 30.4214071325971),75,7.2,0.12,0.12,STAR,STAR,STAR,0,0,0,0.33284,,0.38,0.49926,1,1
tr(r:p1udt9938-p1udt9938lv),C,p1udt9938,p1udt9938lv,p1udt9938lv,POINT(-97.7274444531026 30.4230898249065),75,7.2,0.12,0.12,STAR,STAR,STAR,0,0,0,0.33284,,0.38,0.49926,1,1
tr(r:p1udt9951-p1udt9951lv),A,p1udt9951,p1udt9951lv,p1udt9951lv,POINT(-97.7217574927505 30.4192717005224),25,7.2,0.12,0.12,STAR,STAR,STAR,0,0,0,0.532544,,0.472,0.798816,1,1
tr(r:p1udt10297-p1udt10297lv),C,p1udt10297,p1udt10297lv,p1udt10297lv,POINT(-97.7260137724302 30.4304425643857),75,7.2,0.12,0.12,STAR,STAR,STAR,0,0,0,0.33284,,0.38,0.49926,1,1
tr(r:p1udt10304-p1udt10304lv),ABC,p1udt10304,p1udt10304lv,p1udt10304lv,POINT(-97.7235219251606 30.4204891864222),25,7.2,0.12,0.12,STAR,STAR,STAR,0,0,0,0.532544,,0.472,0.798816,1,1
tr(r:p1udt10307-p1udt10307lv),C,p1udt10307,p1udt10307lv,p1udt10307lv,POINT(-97.7245512608459 30.4277986254687),50,7.2,0.12,0.12,STAR,STAR,STAR,0,0,0,0.532544,,0.37,0.798816,1,1
tr(r:p1udt10308-p1udt10308lv),A,p1udt10308,p1udt10308lv,p1udt10308lv,POINT(-97.729099866289 30.4293267387978),50,7.2,0.12,0.12,STAR,STAR,STAR,0,0,0,0.532544,,0.37,0.798816,1,1
tr(r:p1udt10688-p1udt10688lv),C,p1udt10688,p1udt10688lv,p1udt10688lv,POINT(-97.7257992918204 30.4255101780059),50,7.2,0.12,0.12,STAR,STAR,STAR,0,0,0,0.532544,,0.37,0.798816,1,1
tr(r:p1udt10689-p1udt10689lv),A,p1udt10689,p1udt10689lv,p1udt10689lv,POINT(-97.7234060691703 30.4277876016528),50,7.2,0.12,0.12,STAR,STAR,STAR,0,0,0,0.532544,,0.37,0.798816,1,1
tr(r:p1udt10690-p1udt10690lv),ABC,p1udt10690,p1udt10690lv,p1udt10690lv,POINT(-97.7229986103201 30.4207006187096),75,7.2,0.12,0.12,STAR,STAR,STAR,0,0,0,0.33284,,0.38,0.49926,1,1
tr(r:p1udt10691-p1udt10691lv),B,p1udt10691,p1udt10691lv,p1udt10691lv,POINT(-97.7219321327947 30.4218541781042),50,7.2,0.12,0.12,STAR,STAR,STAR,0,0,0,0.532544,,0.37,0.798816,1,1
tr(r:p1udt10692-p1udt10692lv),ABC,p1udt10692,p1udt10692lv,p1udt10692lv,POINT(-97.7207955963954 30.4219781798339),50,7.2,0.12,0.12,STAR,STAR,STAR,0,0,0,0.532544,,0.37,0.798816,1,1
tr(r:p1udt10693-p1udt10693lv),ABC,p1udt10693,p1udt10693lv,p1udt10693lv,POINT(-97.720006535806 30.42180820414),25,7.2,0.12,0.12,STAR,STAR,STAR,0,0,0,0.532544,,0.472,0.798816,1,1
tr(r:p1udt10701-p1udt10701lv),A,p1udt10701,p1udt10701lv,p1udt10701lv,POINT(-97.7231024036047 30.419925661858),50,7.2,0.12,0.12,STAR,STAR,STAR,0,0,0,0.532544,,0.37,0.798816,1,1
tr(r:p1udt11017-p1udt11017lv),A,p1udt11017,p1udt11017lv,p1udt11017lv,POINT(-97.7242082365727 30.4213530740426),75,7.2,0.12,0.12,STAR,STAR,STAR,0,0,0,0.33284,,0.38,0.49926,1,1
tr(r:p1udt11019-p1udt11019lv),B,p1udt11019,p1udt11019lv,p1udt11019lv,POINT(-97.7236120501708 30.4224250781715),50,7.2,0.12,0.12,STAR,STAR,STAR,0,0,0,0.532544,,0.37,0.798816,1,1
tr(r:p1udt11020-p1udt11020lv),A,p1udt11020,p1udt11020lv,p1udt11020lv,POINT(-97.7245699060966 30.4229767577762),50,7.2,0.12,0.12,STAR,STAR,STAR,0,0,0,0.532544,,0.37,0.798816,1,1
tr(r:p1udt11021-p1udt11021lv),B,p1udt11021,p1udt11021lv,p1udt11021lv,POINT(-97.724293009538 30.4244397446932),50,7.2,0.12,0.12,STAR,STAR,STAR,0,0,0,0.532544,,0.37,0.798816,1,1
tr(r:p1udt11022-p1udt11022lv),B,p1udt11022,p1udt11022lv,p1udt11022lv,POINT(-97.7224665945475 30.4215796604768),50,7.2,0.12,0.12,STAR,STAR,STAR,0,0,0,0.532544,,0.37,0.798816,1,1
tr(r:p1udt11023-p1udt11023lv),ABC,p1udt11023,p1udt11023lv,,POINT(-97.7197968545144 30.4211294670498),150,7.19976905311778,0.277136258660508,,STAR,STAR,,0,0,,1.0784,,0.516667,2.1568,0,1
tr(r:p1udt11024-p1udt11024lv),B,p1udt11024,p1udt11024lv,p1udt11024lv,POINT(-97.7195883966458 30.4267214236387),50,7.2,0.12,0.12,STAR,STAR,STAR,0,0,0,0.532544,,0.37,0.798816,1,1
tr(r:p1udt11037-p1udt11037lv),A,p1udt11037,p1udt11037lv,p1udt11037lv,POINT(-97.7222023912428 30.4194837548813),75,7.2,0.12,0.12,STAR,STAR,STAR,0,0,0,0.33284,,0.38,0.49926,1,1
tr(r:p1udt11359-p1udt11359lv),ABC,p1udt11359,p1udt11359lv,p1udt11359lv,POINT(-97.7200281345867 30.4209512380419),50,7.2,0.12,0.12,STAR,STAR,STAR,0,0,0,0.532544,,0.37,0.798816,1,1
tr(r:p1udt11363-p1udt11363lv),B,p1udt11363,p1udt11363lv,p1udt11363lv,POINT(-97.7198973711802 30.42618307904),75,7.2,0.12,0.12,STAR,STAR,STAR,0,0,0,0.33284,,0.38,0.49926,1,1
tr(r:p1udt11684-p1udt11684lv),C,p1udt11684,p1udt11684lv,p1udt11684lv,POINT(-97.7245243329138 30.4294059159515),50,7.2,0.12,0.12,STAR,STAR,STAR,0,0,0,0.532544,,0.37,0.798816,1,1
tr(r:p1udt11685-p1udt11685lv),A,p1udt11685,p1udt11685lv,p1udt11685lv,POINT(-97.7288156608832 30.4297530869364),75,7.2,0.12,0.12,STAR,STAR,STAR,0,0,0,0.33284,,0.38,0.49926,1,1
tr(r:p1udt11692-p1udt11692lv),C,p1udt11692,p1udt11692lv,p1udt11692lv,POINT(-97.726522125927 30.4243620868381),75,7.2,0.12,0.12,STAR,STAR,STAR,0,0,0,0.33284,,0.38,0.49926,1,1
tr(r:p1udt12030-p1udt12030lv),A,p1udt12030,p1udt12030lv,p1udt12030lv,POINT(-97.7288107292602 30.4301321734498),50,7.2,0.12,0.12,STAR,STAR,STAR,0,0,0,0.532544,,0.37,0.798816,1,1
tr(r:p1udt12031-p1udt12031lv),A,p1udt12031,p1udt12031lv,p1udt12031lv,POINT(-97.7283487782308 30.4312284706304),50,7.2,0.12,0.12,STAR,STAR,STAR,0,0,0,0.532544,,0.37,0.798816,1,1
tr(r:p1udt12038-p1udt12038lv),A,p1udt12038,p1udt12038lv,p1udt12038lv,POINT(-97.7243172295525 30.4217782169959),50,7.2,0.12,0.12,STAR,STAR,STAR,0,0,0,0.532544,,0.37,0.798816,1,1
tr(r:p1udt12039-p1udt12039lv),B,p1udt12039,p1udt12039lv,p1udt12039lv,POINT(-97.723898650181 30.4235424486268),50,7.2,0.12,0.12,STAR,STAR,STAR,0,0,0,0.532544,,0.37,0.798816,1,1
tr(r:p1udt12040-p1udt12040lv),A,p1udt12040,p1udt12040lv,p1udt12040lv,POINT(-97.7235974555137 30.4274826939565),50,7.2,0.12,0.12,STAR,STAR,STAR,0,0,0,0.532544,,0.37,0.798816,1,1
tr(r:p1udt12694-p1udt12694lv),A,p1udt12694,p1udt12694lv,p1udt12694lv,POINT(-97.7241294177459 30.4210094322941),25,7.2,0.12,0.12,STAR,STAR,STAR,0,0,0,0.532544,,0.472,0.798816,1,1
tr(r:p1udt12695-p1udt12695lv),B,p1udt12695,p1udt12695lv,p1udt12695lv,POINT(-97.725535008649 30.4232195484751),25,7.2,0.12,0.12,STAR,STAR,STAR,0,0,0,0.532544,,0.472,0.798816,1,1
tr(r:p1udt12697-p1udt12697lv),ABC,p1udt12697,p1udt12697lv,p1udt12697lv,POINT(-97.7234697538221 30.4268949551054),50,7.2,0.12,0.12,STAR,STAR,STAR,0,0,0,0.532544,,0.37,0.798816,1,1
tr(r:p1udt13023-p1udt13023lv),B,p1udt13023,p1udt13023lv,p1udt13023lv,POINT(-97.7248481930166 30.4233804635323),75,7.2,0.12,0.12,STAR,STAR,STAR,0,0,0,0.33284,,0.38,0.49926,1,1
tr(r:p1udt13026-p1udt13026lv),A,p1udt13026,p1udt13026lv,p1udt13026lv,POINT(-97.720689931767 30.4236916714979),50,7.2,0.12,0.12,STAR,STAR,STAR,0,0,0,0.532544,,0.37,0.798816,1,1
tr(r:p1udt13027-p1udt13027lv),B,p1udt13027,p1udt13027lv,p1udt13027lv,POINT(-97.7186835949188 30.426454865229),50,7.2,0.12,0.12,STAR,STAR,STAR,0,0,0,0.532544,,0.37,0.798816,1,1
tr(r:p1udt13350-p1udt13350lv),C,p1udt13350,p1udt13350lv,p1udt13350lv,POINT(-97.7262169046174 30.4254149632651),50,7.2,0.12,0.12,STAR,STAR,STAR,0,0,0,0.532544,,0.37,0.798816,1,1
tr(r:p1udt13940-p1udt13940lv),A,p1udt13940,p1udt13940lv,p1udt13940lv,POINT(-97.726766799892 30.4306171898492),50,7.2,0.12,0.12,STAR,STAR,STAR,0,0,0,0.532544,,0.37,0.798816,1,1
tr(r:p1udt13947-p1udt13947lv),C,p1udt13947,p1udt13947lv,p1udt13947lv,POINT(-97.727481509711 30.4234422521589),75,7.2,0.12,0.12,STAR,STAR,STAR,0,0,0,0.33284,,0.38,0.49926,1,1
tr(r:p1udt13948-p1udt13948lv),ABC,p1udt13948,p1udt13948lv,p1udt13948lv,POINT(-97.7226210241799 30.4265076892883),50,7.2,0.12,0.12,STAR,STAR,STAR,0,0,0,0.532544,,0.37,0.798816,1,1
tr(r:p1udt14220-p1udt14220lv),C,p1udt14220,p1udt14220lv,p1udt14220lv,POINT(-97.7270478422283 30.4255764974415),50,7.2,0.12,0.12,STAR,STAR,STAR,0,0,0,0.532544,,0.37,0.798816,1,1
tr(r:p1udt14221-p1udt14221lv),ABC,p1udt14221,p1udt14221lv,p1udt14221lv,POINT(-97.7241002020749 30.4271169532812),50,7.2,0.12,0.12,STAR,STAR,STAR,0,0,0,0.532544,,0.37,0.798816,1,1
tr(r:p1udt14222-p1udt14222lv),B,p1udt14222,p1udt14222lv,p1udt14222lv,POINT(-97.7188348947722 30.4262179411959),25,7.2,0.12,0.12,STAR,STAR,STAR,0,0,0,0.532544,,0.472,0.798816,1,1
tr(r:p1udt14228-p1udt14228lv),ABC,p1udt14228,p1udt14228lv,p1udt14228lv,POINT(-97.718953931657 30.4192234290641),25,7.2,0.12,0.12,STAR,STAR,STAR,0,0,0,0.532544,,0.472,0.798816,1,1
tr(r:p1udt14500-p1udt14500lv),C,p1udt14500,p1udt14500lv,p1udt14500lv,POINT(-97.7265365401882 30.423252406695),50,7.2,0.12,0.12,STAR,STAR,STAR,0,0,0,0.532544,,0.37,0.798816,1,1
tr(r:p1udt14502-p1udt14502lv),A,p1udt14502,p1udt14502lv,p1udt14502lv,POINT(-97.7272914136773 30.4289834649807),25,7.2,0.12,0.12,STAR,STAR,STAR,0,0,0,0.532544,,0.472,0.798816,1,1
tr(r:p1udt14503-p1udt14503lv),ABC,p1udt14503,p1udt14503lv,p1udt14503lv,POINT(-97.722112373287 30.4208714751996),75,7.2,0.12,0.12,STAR,STAR,STAR,0,0,0,0.33284,,0.38,0.49926,1,1
tr(r:p1udt14727-p1udt14727lv),A,p1udt14727,p1udt14727lv,p1udt14727lv,POINT(-97.7274510130143 30.4298029496309),50,7.2,0.12,0.12,STAR,STAR,STAR,0,0,0,0.532544,,0.37,0.798816,1,1
tr(r:p1udt14999-p1udt14999lv),A,p1udt14999,p1udt14999lv,p1udt14999lv,POINT(-97.7233445428307 30.428791300116),25,7.2,0.12,0.12,STAR,STAR,STAR,0,0,0,0.532544,,0.472,0.798816,1,1
tr(r:p1udt15000-p1udt15000lv),ABC,p1udt15000,p1udt15000lv,p1udt15000lv,POINT(-97.7204681185955 30.4205924710556),50,7.2,0.12,0.12,STAR,STAR,STAR,0,0,0,0.532544,,0.37,0.798816,1,1
tr(r:p1udt15001-p1udt15001lv),ABC,p1udt15001,p1udt15001lv,,POINT(-97.718729593687 30.4205453041561),300,7.19976905311778,0.277136258660508,,STAR,STAR,,0,0,,0.91198,,0.325,1.82396,0,1
tr(r:p1udt15004-p1udt15004lv),A,p1udt15004,p1udt15004lv,p1udt15004lv,POINT(-97.7219404263074 30.4193347570953),50,7.2,0.12,0.12,STAR,STAR,STAR,0,0,0,0.532544,,0.37,0.798816,1,1
tr(r:p1udt15265-p1udt15265lv),C,p1udt15265,p1udt15265lv,p1udt15265lv,POINT(-97.7252137129641 30.4208935325566),75,7.2,0.12,0.12,STAR,STAR,STAR,0,0,0,0.33284,,0.38,0.49926,1,1
tr(r:p1udt15267-p1udt15267lv),B,p1udt15267,p1udt15267lv,p1udt15267lv,POINT(-97.7243578566725 30.4234568791486),75,7.2,0.12,0.12,STAR,STAR,STAR,0,0,0,0.33284,,0.38,0.49926,1,1
tr(r:p1udt15268-p1udt15268lv),ABC,p1udt15268,p1udt15268lv,p1udt15268lv,POINT(-97.7243978874292 30.425287507077),50,7.2,0.12,0.12,STAR,STAR,STAR,0,0,0,0.532544,,0.37,0.798816,1,1
tr(r:p1udt15269-p1udt15269lv),C,p1udt15269,p1udt15269lv,p1udt15269lv,POINT(-97.7243921482368 30.4280228152215),50,7.2,0.12,0.12,STAR,STAR,STAR,0,0,0,0.532544,,0.37,0.798816,1,1
tr(r:p1udt15272-p1udt15272lv),B,p1udt15272,p1udt15272lv,p1udt15272lv,POINT(-97.7207117620533 30.4266191252483),75,7.2,0.12,0.12,STAR,STAR,STAR,0,0,0,0.33284,,0.38,0.49926,1,1
tr(r:p1udt15273-p1udt15273lv),C,p1udt15273,p1udt15273lv,p1udt15273lv,POINT(-97.7224256847046 30.4277276852684),75,7.2,0.12,0.12,STAR,STAR,STAR,0,0,0,0.33284,,0.38,0.49926,1,1
tr(r:p1udt15517-p1udt15517lv),C,p1udt15517,p1udt15517lv,p1udt15517lv,POINT(-97.7272404483066 30.4227631818602),50,7.2,0.12,0.12,STAR,STAR,STAR,0,0,0,0.532544,,0.37,0.798816,1,1
tr(r:p1udt15519-p1udt15519lv),A,p1udt15519,p1udt15519lv,p1udt15519lv,POINT(-97.7198423956334 30.4232232319422),25,7.2,0.12,0.12,STAR,STAR,STAR,0,0,0,0.532544,,0.472,0.798816,1,1
tr(r:p1udt15520-p1udt15520lv),B,p1udt15520,p1udt15520lv,p1udt15520lv,POINT(-97.7201001003837 30.4258062759629),50,7.2,0.12,0.12,STAR,STAR,STAR,0,0,0,0.532544,,0.37,0.798816,1,1
tr(r:p1udt15756-p1udt15756lv),C,p1udt15756,p1udt15756lv,p1udt15756lv,POINT(-97.7241048353621 30.4284982219642),50,7.2,0.12,0.12,STAR,STAR,STAR,0,0,0,0.532544,,0.37,0.798816,1,1
tr(r:p1udt16252-p1udt16252lv),B,p1udt16252,p1udt16252lv,p1udt16252lv,POINT(-97.719961321727 30.4252723913436),50,7.2,0.12,0.12,STAR,STAR,STAR,0,0,0,0.532544,,0.37,0.798816,1,1
tr(r:p1udt16487-p1udt16487lv),C,p1udt16487,p1udt16487lv,p1udt16487lv,POINT(-97.7276745826202 30.4244224244375),50,7.2,0.12,0.12,STAR,STAR,STAR,0,0,0,0.532544,,0.37,0.798816,1,1
tr(r:p1udt16488-p1udt16488lv),A,p1udt16488,p1udt16488lv,p1udt16488lv,POINT(-97.721943869085 30.426537152497),75,7.2,0.12,0.12,STAR,STAR,STAR,0,0,0,0.33284,,0.38,0.49926,1,1
tr(r:p1udt16489-p1udt16489lv),ABC,p1udt16489,p1udt16489lv,p1udt16489lv,POINT(-97.7231959615444 30.4268026509757),50,7.2,0.12,0.12,STAR,STAR,STAR,0,0,0,0.532544,,0.37,0.798816,1,1
tr(r:p1udt16712-p1udt16712lv),ABC,p1udt16712,p1udt16712lv,p1udt16712lv,POINT(-97.7238225666381 30.4246597896249),50,7.2,0.12,0.12,STAR,STAR,STAR,0,0,0,0.532544,,0.37,0.798816,1,1
tr(r:p1udt16928-p1udt16928lv),ABC,p1udt16928,p1udt16928lv,p1udt16928lv,POINT(-97.7264871406034 30.428656831454),50,7.2,0.12,0.12,STAR,STAR,STAR,0,0,0,0.532544,,0.37,0.798816,1,1
tr(r:p1udt16929-p1udt16929lv),B,p1udt16929,p1udt16929lv,p1udt16929lv,POINT(-97.7255084981513 30.4294503195416),75,7.2,0.12,0.12,STAR,STAR,STAR,0,0,0,0.33284,,0.38,0.49926,1,1
tr(r:p1udt16931-p1udt16931lv),B,p1udt16931,p1udt16931lv,p1udt16931lv,POINT(-97.7228320026055 30.4215020296167),50,7.2,0.12,0.12,STAR,STAR,STAR,0,0,0,0.532544,,0.37,0.798816,1,1
tr(r:p1udt16933-p1udt16933lv),C,p1udt16933,p1udt16933lv,p1udt16933lv,POINT(-97.7226738649564 30.4272479144873),50,7.2,0.12,0.12,STAR,STAR,STAR,0,0,0,0.532544,,0.37,0.798816,1,1
tr(r:p1udt17151-p1udt17151lv),ABC,p1udt17151,p1udt17151lv,p1udt17151lv,POINT(-97.721079790816 30.4209433278416),25,7.2,0.12,0.12,STAR,STAR,STAR,0,0,0,0.532544,,0.472,0.798816,1,1
tr(r:p1udt17152-p1udt17152lv),B,p1udt17152,p1udt17152lv,p1udt17152lv,POINT(-97.7210966789908 30.4260325940184),50,7.2,0.12,0.12,STAR,STAR,STAR,0,0,0,0.532544,,0.37,0.798816,1,1
tr(r:p1udt17379-p1udt17379lv),A,p1udt17379,p1udt17379lv,p1udt17379lv,POINT(-97.7231627533048 30.4280356608543),25,7.2,0.12,0.12,STAR,STAR,STAR,0,0,0,0.532544,,0.472,0.798816,1,1
tr(r:p1udt17575-p1udt17575lv),B,p1udt17575,p1udt17575lv,p1udt17575lv,POINT(-97.7259530248355 30.4288952380372),50,7.2,0.12,0.12,STAR,STAR,STAR,0,0,0,0.532544,,0.37,0.798816,1,1
tr(r:p1udt17576-p1udt17576lv),B,p1udt17576,p1udt17576lv,p1udt17576lv,POINT(-97.7230251623342 30.4226588542103),25,7.2,0.12,0.12,STAR,STAR,STAR,0,0,0,0.532544,,0.472,0.798816,1,1
tr(r:p1udt17778-p1udt17778lv),C,p1udt17778,p1udt17778lv,p1udt17778lv,POINT(-97.7273385318164 30.4251106028162),25,7.2,0.12,0.12,STAR,STAR,STAR,0,0,0,0.532544,,0.472,0.798816,1,1
tr(r:p1udt17779-p1udt17779lv),ABC,p1udt17779,p1udt17779lv,p1udt17779lv,POINT(-97.7225915656849 30.4207778426857),25,7.2,0.12,0.12,STAR,STAR,STAR,0,0,0,0.532544,,0.472,0.798816,1,1
tr(r:p1udt17780-p1udt17780lv),ABC,p1udt17780,p1udt17780lv,p1udt17780lv,POINT(-97.7223031184314 30.4263031668166),50,7.2,0.12,0.12,STAR,STAR,STAR,0,0,0,0.532544,,0.37,0.798816,1,1
tr(r:p1udt17973-p1udt17973lv),B,p1udt17973,p1udt17973lv,p1udt17973lv,POINT(-97.7208118959534 30.4255154970107),50,7.2,0.12,0.12,STAR,STAR,STAR,0,0,0,0.532544,,0.37,0.798816,1,1
tr(r:p1udt17980-p1udt17980lv),C,p1udt17980,p1udt17980lv,p1udt17980lv,POINT(-97.7203966484663 30.4195624036566),75,7.2,0.12,0.12,STAR,STAR,STAR,0,0,0,0.33284,,0.38,0.49926,1,1
tr(r:p1udt18352-p1udt18352lv),ABC,p1udt18352,p1udt18352lv,p1udt18352lv,POINT(-97.7267662651631 30.4287773111199),50,7.2,0.12,0.12,STAR,STAR,STAR,0,0,0,0.532544,,0.37,0.798816,1,1
tr(r:p1udt18353-p1udt18353lv),ABC,p1udt18353,p1udt18353lv,p1udt18353lv,POINT(-97.7227862997214 30.4266085587427),50,7.2,0.12,0.12,STAR,STAR,STAR,0,0,0,0.532544,,0.37,0.798816,1,1
tr(r:p1udt18564-p1udt18564lv),A,p1udt18564,p1udt18564lv,p1udt18564lv,POINT(-97.7204537448351 30.4226426974447),50,7.2,0.12,0.12,STAR,STAR,STAR,0,0,0,0.532544,,0.37,0.798816,1,1
tr(r:p1udt18565-p1udt18565lv),B,p1udt18565,p1udt18565lv,p1udt18565lv,POINT(-97.7189837068595 30.4259848058712),50,7.2,0.12,0.12,STAR,STAR,STAR,0,0,0,0.532544,,0.37,0.798816,1,1
tr(r:p1udt18568-p1udt18568lv),A,p1udt18568,p1udt18568lv,p1udt18568lv,POINT(-97.7213540222912 30.4198724571929),50,7.2,0.12,0.12,STAR,STAR,STAR,0,0,0,0.532544,,0.37,0.798816,1,1
tr(r:p1udt18945-p1udt18945lv),B,p1udt18945,p1udt18945lv,p1udt18945lv,POINT(-97.7256247372406 30.4237128724092),75,7.2,0.12,0.12,STAR,STAR,STAR,0,0,0,0.33284,,0.38,0.49926,1,1
tr(r:p1udt18946-p1udt18946lv),A,p1udt18946,p1udt18946lv,p1udt18946lv,POINT(-97.7192763979349 30.423506203642),50,7.2,0.12,0.12,STAR,STAR,STAR,0,0,0,0.532544,,0.37,0.798816,1,1
tr(r:p1udt18947-p1udt18947lv),C,p1udt18947,p1udt18947lv,p1udt18947lv,POINT(-97.7228237276396 30.4269335786536),50,7.2,0.12,0.12,STAR,STAR,STAR,0,0,0,0.532544,,0.37,0.798816,1,1
tr(r:p1udt19131-p1udt19131lv),C,p1udt19131,p1udt19131lv,p1udt19131lv,POINT(-97.7268250714074 30.4290932286628),50,7.2,0.12,0.12,STAR,STAR,STAR,0,0,0,0.532544,,0.37,0.798816,1,1
tr(r:p1udt19322-p1udt19322lv),C,p1udt19322,p1udt19322lv,p1udt19322lv,POINT(-97.7264437279536 30.4247855713076),50,7.2,0.12,0.12,STAR,STAR,STAR,0,0,0,0.532544,,0.37,0.798816,1,1
tr(r:p1udt19323-p1udt19323lv),C,p1udt19323,p1udt19323lv,p1udt19323lv,POINT(-97.7269910093724 30.4259368220472),25,7.2,0.12,0.12,STAR,STAR,STAR,0,0,0,0.532544,,0.472,0.798816,1,1
tr(r:p1udt19501-p1udt19501lv),ABC,p1udt19501,p1udt19501lv,p1udt19501lv,POINT(-97.7209348282422 30.4221090192871),25,7.2,0.12,0.12,STAR,STAR,STAR,0,0,0,0.532544,,0.472,0.798816,1,1
tr(r:p1udt19854-p1udt19854lv),ABC,p1udt19854,p1udt19854lv,p1udt19854lv,POINT(-97.7218661101644 30.4229181986664),50,7.2,0.12,0.12,STAR,STAR,STAR,0,0,0,0.532544,,0.37,0.798816,1,1
tr(r:p1udt19855-p1udt19855lv),C,p1udt19855,p1udt19855lv,p1udt19855lv,POINT(-97.7205793310481 30.4273807904842),50,7.2,0.12,0.12,STAR,STAR,STAR,0,0,0,0.532544,,0.37,0.798816,1,1
tr(r:p1udt20018-p1udt20018lv),ABC,p1udt20018,p1udt20018lv,p1udt20018lv,POINT(-97.7215180369652 30.4209734430969),50,7.2,0.12,0.12,STAR,STAR,STAR,0,0,0,0.532544,,0.37,0.798816,1,1
tr(r:p1udt20019-p1udt20019lv),B,p1udt20019,p1udt20019lv,p1udt20019lv,POINT(-97.7230598701138 30.4231915464929),75,7.2,0.12,0.12,STAR,STAR,STAR,0,0,0,0.33284,,0.38,0.49926,1,1
tr(r:p1udt20178-p1udt20178lv),C,p1udt20178,p1udt20178lv,p1udt20178lv,POINT(-97.7253365214391 30.4250632828254),50,7.2,0.12,0.12,STAR,STAR,STAR,0,0,0,0.532544,,0.37,0.798816,1,1
tr(r:p1udt20179-p1udt20179lv),ABC,p1udt20179,p1udt20179lv,p1udt20179lv,POINT(-97.7218800869506 30.4238628089933),25,7.2,0.12,0.12,STAR,STAR,STAR,0,0,0,0.532544,,0.472,0.798816,1,1
tr(r:p1udt20180-p1udt20180lv),B,p1udt20180,p1udt20180lv,p1udt20180lv,POINT(-97.7201481025599 30.425319508964),50,7.2,0.12,0.12,STAR,STAR,STAR,0,0,0,0.532544,,0.37,0.798816,1,1
tr(r:p1udt20338-p1udt20338lv),A,p1udt20338,p1udt20338lv,p1udt20338lv,POINT(-97.7203162234635 30.4236068021748),25,7.2,0.12,0.12,STAR,STAR,STAR,0,0,0,0.532544,,0.472,0.798816,1,1
tr(r:p1udt20340-p1udt20340lv),A,p1udt20340,p1udt20340lv,p1udt20340lv,POINT(-97.7214104589488 30.4197971360505),50,7.2,0.12,0.12,STAR,STAR,STAR,0,0,0,0.532544,,0.37,0.798816,1,1
tr(r:p1udt20493-p1udt20493lv),ABC,p1udt20493,p1udt20493lv,p1udt20493lv,POINT(-97.7209247009875 30.4208606020088),25,7.2,0.12,0.12,STAR,STAR,STAR,0,0,0,0.532544,,0.472,0.798816,1,1
tr(r:p1udt20644-p1udt20644lv),A,p1udt20644,p1udt20644lv,p1udt20644lv,POINT(-97.7284576164292 30.4308683988633),25,7.2,0.12,0.12,STAR,STAR,STAR,0,0,0,0.532544,,0.472,0.798816,1,1
tr(r:p1udt20790-p1udt20790lv),C,p1udt20790,p1udt20790lv,p1udt20790lv,POINT(-97.7192803626013 30.4277081776079),25,7.2,0.12,0.12,STAR,STAR,STAR,0,0,0,0.532544,,0.472,0.798816,1,1
tr(r:p1udt21213-p1udt21213lv),C,p1udt21213,p1udt21213lv,p1udt21213lv,POINT(-97.7256471088508 30.4227927517221),25,7.2,0.12,0.12,STAR,STAR,STAR,0,0,0,0.532544,,0.472,0.798816,1,1
tr(r:p1udt21214-p1udt21214lv),C,p1udt21214,p1udt21214lv,p1udt21214lv,POINT(-97.7256023409883 30.4244473245064),25,7.2,0.12,0.12,STAR,STAR,STAR,0,0,0,0.532544,,0.472,0.798816,1,1
tr(r:p1udt21215-p1udt21215lv),ABC,p1udt21215,p1udt21215lv,p1udt21215lv,POINT(-97.7248804480388 30.4273770059677),50,7.2,0.12,0.12,STAR,STAR,STAR,0,0,0,0.532544,,0.37,0.798816,1,1
tr(r:p1udt21363-p1udt21363lv),C,p1udt21363,p1udt21363lv,p1udt21363lv,POINT(-97.7266070694123 30.4226306837872),50,7.2,0.12,0.12,STAR,STAR,STAR,0,0,0,0.532544,,0.37,0.798816,1,1
tr(r:p1udt21366-p1udt21366lv),A,p1udt21366,p1udt21366lv,p1udt21366lv,POINT(-97.7275700833626 30.4294523878512),50,7.2,0.12,0.12,STAR,STAR,STAR,0,0,0,0.532544,,0.37,0.798816,1,1
tr(r:p1udt21499-p1udt21499lv),A,p1udt21499,p1udt21499lv,p1udt21499lv,POINT(-97.7229435464297 30.4241287929625),25,7.2,0.12,0.12,STAR,STAR,STAR,0,0,0,0.532544,,0.472,0.798816,1,1
tr(r:p1udt21501-p1udt21501lv),ABC,p1udt21501,p1udt21501lv,,POINT(-97.718563797181 30.4193214238661),100,7.19976905311778,0.277136258660508,,STAR,STAR,,0,0,,0.805475,,0.62,1.61095,0,1
tr(r:p1udt22034-p1udt22034lv),C,p1udt22034,p1udt22034lv,p1udt22034lv,POINT(-97.7254969738576 30.4225827702996),50,7.2,0.12,0.12,STAR,STAR,STAR,0,0,0,0.532544,,0.37,0.798816,1,1
tr(r:p1udt22170-p1udt22170lv),ABC,p1udt22170,p1udt22170lv,p1udt22170lv,POINT(-97.7182993824293 30.418323734815),50,7.2,0.12,0.12,STAR,STAR,STAR,0,0,0,0.532544,,0.37,0.798816,1,1
tr(r:p1udt22287-p1udt22287lv),ABC,p1udt22287,p1udt22287lv,p1udt22287lv,POINT(-97.7205896149848 30.4218048971576),25,7.2,0.12,0.12,STAR,STAR,STAR,0,0,0,0.532544,,0.472,0.798816,1,1
tr(r:p1udt22520-p1udt22520lv),A,p1udt22520,p1udt22520lv,p1udt22520lv,POINT(-97.727087237903 30.4308309433692),50,7.2,0.12,0.12,STAR,STAR,STAR,0,0,0,0.532544,,0.37,0.798816,1,1
tr(r:p1udt22643-p1udt22643lv),A,p1udt22643,p1udt22643lv,p1udt22643lv,POINT(-97.7195681019438 30.4234911909649),25,7.2,0.12,0.12,STAR,STAR,STAR,0,0,0,0.532544,,0.472,0.798816,1,1
tr(r:p1udt22781-p1udt22781lv),ABC,p1udt22781,p1udt22781lv,p1udt22781lv,POINT(-97.7239488200425 30.420465483318),50,7.2,0.12,0.12,STAR,STAR,STAR,0,0,0,0.532544,,0.37,0.798816,1,1
tr(r:p1udt23255-p1udt23255lv),C,p1udt23255,p1udt23255lv,p1udt23255lv,POINT(-97.7245087533031 30.420661244781),50,7.2,0.12,0.12,STAR,STAR,STAR,0,0,0,0.532544,,0.37,0.798816,1,1
tr(r:p1udt23371-p1udt23371lv),B,p1udt23371,p1udt23371lv,p1udt23371lv,POINT(-97.7195877086757 30.4251786693974),50,7.2,0.12,0.12,STAR,STAR,STAR,0,0,0,0.532544,,0.37,0.798816,1,1
tr(r:p1udt23838-p1udt23838lv),ABC,p1udt23838,p1udt23838lv,p1udt23838lv,POINT(-97.7200849412585 30.4213848954349),25,7.2,0.12,0.12,STAR,STAR,STAR,0,0,0,0.532544,,0.472,0.798816,1,1
tr(r:p1udt23839-p1udt23839lv),A,p1udt23839,p1udt23839lv,p1udt23839lv,POINT(-97.7232349926455 30.4281503588506),50,7.2,0.12,0.12,STAR,STAR,STAR,0,0,0,0.532544,,0.37,0.798816,1,1
tr(r:p1udt23938-p1udt23938lv),C,p1udt23938,p1udt23938lv,p1udt23938lv,POINT(-97.7253681908247 30.4282306831005),50,7.2,0.12,0.12,STAR,STAR,STAR,0,0,0,0.532544,,0.37,0.798816,1,1
tr(r:p1udt23939-p1udt23939lv),ABC,p1udt23939,p1udt23939lv,p1udt23939lv,POINT(-97.7207906493532 30.4207602078283),25,7.2,0.12,0.12,STAR,STAR,STAR,0,0,0,0.532544,,0.472,0.798816,1,1
tr(r:p1udt23940-p1udt23940lv),C,p1udt23940,p1udt23940lv,p1udt23940lv,POINT(-97.7222988647495 30.4277828746967),25,7.2,0.12,0.12,STAR,STAR,STAR,0,0,0,0.532544,,0.472,0.798816,1,1
tr(r:p1udt24055-p1udt24055lv),A,p1udt24055,p1udt24055lv,p1udt24055lv,POINT(-97.7226576012954 30.4197047600479),50,7.2,0.12,0.12,STAR,STAR,STAR,0,0,0,0.532544,,0.37,0.798816,1,1
tr(r:p1udt24164-p1udt24164lv),C,p1udt24164,p1udt24164lv,p1udt24164lv,POINT(-97.7269918931529 30.42266150592),50,7.2,0.12,0.12,STAR,STAR,STAR,0,0,0,0.532544,,0.37,0.798816,1,1
tr(r:p1udt24263-p1udt24263lv),A,p1udt24263,p1udt24263lv,p1udt24263lv,POINT(-97.7277056470515 30.430238704016),25,7.2,0.12,0.12,STAR,STAR,STAR,0,0,0,0.532544,,0.472,0.798816,1,1
tr(r:p1udt24268-p1udt24268lv),ABC,p1udt24268,p1udt24268lv,p1udt24268lv,POINT(-97.7195836460456 30.4199092426691),50,7.2,0.12,0.12,STAR,STAR,STAR,0,0,0,0.532544,,0.37,0.798816,1,1
tr(r:p1udt24362-p1udt24362lv),C,p1udt24362,p1udt24362lv,p1udt24362lv,POINT(-97.7203129110075 30.4193507048383),25,7.2,0.12,0.12,STAR,STAR,STAR,0,0,0,0.532544,,0.472,0.798816,1,1
tr(r:p1udt24465-p1udt24465lv),C,p1udt24465,p1udt24465lv,p1udt24465lv,POINT(-97.7271221438864 30.4254598855005),25,7.2,0.12,0.12,STAR,STAR,STAR,0,0,0,0.532544,,0.472,0.798816,1,1
tr(r:p1udt24689-p1udt24689lv),A,p1udt24689,p1udt24689lv,p1udt24689lv,POINT(-97.7235121731514 30.4276352496572),25,7.2,0.12,0.12,STAR,STAR,STAR,0,0,0,0.532544,,0.472,0.798816,1,1
tr(r:p1udt24780-p1udt24780lv),C,p1udt24780,p1udt24780lv,p1udt24780lv,POINT(-97.7182683369271 30.4233701985376),50,7.2,0.12,0.12,STAR,STAR,STAR,0,0,0,0.532544,,0.37,0.798816,1,1
tr(r:p1udt24891-p1udt24891lv),A,p1udt24891,p1udt24891lv,p1udt24891lv,POINT(-97.7240900085233 30.4208376114013),25,7.2,0.12,0.12,STAR,STAR,STAR,0,0,0,0.532544,,0.472,0.798816,1,1
tr(r:p1udt24892-p1udt24892lv),B,p1udt24892,p1udt24892lv,p1udt24892lv,POINT(-97.7214598825686 30.4213352084268),25,7.2,0.12,0.12,STAR,STAR,STAR,0,0,0,0.532544,,0.472,0.798816,1,1
tr(r:p1udt24982-p1udt24982lv),B,p1udt24982,p1udt24982lv,p1udt24982lv,POINT(-97.7256445023076 30.4237942717499),25,7.2,0.12,0.12,STAR,STAR,STAR,0,0,0,0.532544,,0.472,0.798816,1,1
tr(r:p1udt25179-p1udt25179lv),ABC,p1udt25179,p1udt25179lv,p1udt25179lv,POINT(-97.7219285139548 30.4237218500537),25,7.2,0.12,0.12,STAR,STAR,STAR,0,0,0,0.532544,,0.472,0.798816,1,1
tr(r:p1udt25271-p1udt25271lv),A,p1udt25271,p1udt25271lv,p1udt25271lv,POINT(-97.7237149091966 30.4272582693744),25,7.2,0.12,0.12,STAR,STAR,STAR,0,0,0,0.532544,,0.472,0.798816,1,1
